{
"type": "FeatureCollection",
"name": "federal_NL",
"crs": { "type": "name", "properties": { "name": "urn:ogc:def:crs:OGC:1.3:CRS84" } },
"features": [
{ "type": "Feature", "properties": { "FED_NUM": 10001, "ED_NAMEE": "Avalon", "ED_NAMEF": "Avalon", "REP_ORDER": "2023", "SHAPE_AREA": 8020017126.4399996, "SHAPE_LEN": 422619.23586700001, "NUM_CF": null, "CF_NOMFR": null, "CF_NOMAN": null, "DEC_REP": null, "PROV_CODE": "10", "PROV_NAME": "NL" }, "geometry": { "type": "Polygon", "coordinates": [ [ [ -53.377225326142565, 47.735231481854072 ], [ -53.373624663894425, 47.77079618267728 ], [ -53.373024334970665, 47.776720287238106 ], [ -53.314520214494465, 47.78390050528202 ], [ -53.272396669823785, 47.789046505840865 ], [ -53.272101965624643, 47.788962192687123 ], [ -53.271984578534251, 47.788991579483564 ], [ -53.271037969131918, 47.789061750075 ], [ -53.265905924162702, 47.788184742421905 ], [ -53.265898726057429, 47.788183927316318 ], [ -53.261780709002615, 47.789503330383774 ], [ -53.257434308906362, 47.790669625979049 ], [ -53.253747233947976, 47.791611011831939 ], [ -53.249962409636453, 47.790878014520189 ], [ -53.246379565647914, 47.789888473351702 ], [ -53.243012042855781, 47.78850829374182 ], [ -53.238891653157275, 47.785944378774964 ], [ -53.23871515002466, 47.785886971991957 ], [ -53.236259362989202, 47.785986105586424 ], [ -53.233678780309162, 47.786630318902716 ], [ -53.229766281997733, 47.787717504498019 ], [ -53.225877676446515, 47.787973444244564 ], [ -53.223503979455764, 47.787358518271986 ], [ -53.22239268590355, 47.787070618231844 ], [ -53.198841653752517, 47.778723593568664 ], [ -53.198774977688721, 47.778724875765135 ], [ -53.19820861380618, 47.778935254099068 ], [ -53.197881209073387, 47.779056929172008 ], [ -53.197877199720786, 47.779056917843853 ], [ -53.19766060558247, 47.779912919596896 ], [ -53.197017146603798, 47.780938915584294 ], [ -53.183818773245079, 47.785772309039331 ], [ -53.175658978432871, 47.788855476136604 ], [ -53.168464263967572, 47.78861348715116 ], [ -53.167870381873236, 47.788593500627357 ], [ -53.161490501157402, 47.789361289153476 ], [ -53.159054772347076, 47.789566406084319 ], [ -53.157965095657246, 47.789659960015335 ], [ -53.157409680871467, 47.789708125039695 ], [ -53.157102770442641, 47.789734997140819 ], [ -53.150062506831986, 47.789768201714665 ], [ -53.150058043663293, 47.789768536741875 ], [ -53.148611764926727, 47.789874950433607 ], [ -53.148123621059931, 47.789910869050118 ], [ -53.147718627273896, 47.789940675384322 ], [ -53.147713035769051, 47.789941072573257 ], [ -53.147705417848968, 47.789941640086376 ], [ -53.031129335147511, 47.799096039572753 ], [ -53.018067450584432, 47.800112576473389 ], [ -52.961965663469179, 47.804457532186902 ], [ -52.962939573760032, 47.803243796510628 ], [ -52.972251927729765, 47.791634437415311 ], [ -53.009720044310221, 47.74485679129446 ], [ -53.018102430153803, 47.734376856206083 ], [ -53.040154773878562, 47.70678035024126 ], [ -53.070060234916667, 47.669296215140086 ], [ -53.073702267031273, 47.664726440076031 ], [ -53.073712772498602, 47.664686653577107 ], [ -53.073738514793547, 47.664681000124482 ], [ -53.083806566434063, 47.631170502337582 ], [ -53.086920263042551, 47.626251401061985 ], [ -53.106226994774218, 47.599387752491147 ], [ -53.042735724515929, 47.541535219554035 ], [ -53.035800306935499, 47.535204510212075 ], [ -53.03173529289306, 47.53400381818674 ], [ -52.9999999960041, 47.524621999358438 ], [ -52.9808659838979, 47.518958463597514 ], [ -52.979548724948202, 47.519718273930827 ], [ -52.970452544365983, 47.524963831706138 ], [ -52.968426330009905, 47.526132991079123 ], [ -52.96521783168334, 47.528556422732727 ], [ -52.963353602569875, 47.531144755801428 ], [ -52.96283400894302, 47.53177867941541 ], [ -52.961583571928465, 47.533304197502609 ], [ -52.959297861447169, 47.53506082568996 ], [ -52.958178937476035, 47.535559869720579 ], [ -52.955397159591847, 47.536800441362907 ], [ -52.95137673636939, 47.5374171233384 ], [ -52.947863475054952, 47.537502733808601 ], [ -52.946959606850584, 47.537524723166825 ], [ -52.946950430590498, 47.537524950359 ], [ -52.946580912525391, 47.537751984626532 ], [ -52.94470365101251, 47.538905304611092 ], [ -52.943664759870217, 47.539461539026988 ], [ -52.940249452531866, 47.541289925548234 ], [ -52.938269770594843, 47.541849543423552 ], [ -52.93426678486054, 47.541210467253443 ], [ -52.933217438175539, 47.541334855848341 ], [ -52.930678045024386, 47.541631053798163 ], [ -52.927636603027963, 47.542310323387916 ], [ -52.923705858226207, 47.544182283034914 ], [ -52.920418874309377, 47.546557886109007 ], [ -52.918554275144615, 47.549137282270372 ], [ -52.918151154836664, 47.552331677042055 ], [ -52.91782010898784, 47.554221766553574 ], [ -52.916949178717019, 47.555349188204666 ], [ -52.91547453394697, 47.55570476138854 ], [ -52.91574948245129, 47.553514559114866 ], [ -52.915094320135815, 47.553395383712051 ], [ -52.914922628245847, 47.553364126143201 ], [ -52.914299458954133, 47.553351764173186 ], [ -52.913666634893168, 47.548706952029882 ], [ -52.911534612043091, 47.537916303894534 ], [ -52.910489313973358, 47.532912558065576 ], [ -52.910373939070134, 47.532389562850881 ], [ -52.90992441307688, 47.531201066538046 ], [ -52.910096556029373, 47.531279576426734 ], [ -52.910722202623163, 47.531500789814096 ], [ -52.911061871517724, 47.5315777424426 ], [ -52.911377327086768, 47.531615822935464 ], [ -52.911587531694494, 47.531677596393578 ], [ -52.911959029670953, 47.531786079772608 ], [ -52.912385145630807, 47.531904126172584 ], [ -52.912934755848767, 47.532151983883217 ], [ -52.913171255000407, 47.532297287820349 ], [ -52.913444977168886, 47.532375600555532 ], [ -52.913802469115666, 47.532466481187896 ], [ -52.91440725111066, 47.532505613124464 ], [ -52.91496106585172, 47.53248499635167 ], [ -52.915364216566012, 47.532376308682188 ], [ -52.915983959021091, 47.532152127991587 ], [ -52.916703336849096, 47.531754098547999 ], [ -52.916961925051005, 47.531489224441785 ], [ -52.917364108839621, 47.53110145053612 ], [ -52.917370865151803, 47.53109573621704 ], [ -52.917630447159731, 47.530875761283014 ], [ -52.917885118204005, 47.530770207022215 ], [ -52.918416404030111, 47.530662379764387 ], [ -52.918422915678441, 47.530662012245983 ], [ -52.918524602252198, 47.530656097777538 ], [ -52.918672228944011, 47.530647531322217 ], [ -52.918742256394758, 47.530643476197795 ], [ -52.919240378550995, 47.530614553307622 ], [ -52.920009156678447, 47.530573273724166 ], [ -52.920794691400346, 47.530422488967872 ], [ -52.921470453945219, 47.530268651833644 ], [ -52.92205905436041, 47.53004329091354 ], [ -52.922499443254452, 47.529711938512996 ], [ -52.922753437199766, 47.529420320820883 ], [ -52.922886304988495, 47.529136612993824 ], [ -52.922912200580399, 47.528924953533995 ], [ -52.922926056488372, 47.528538219505002 ], [ -52.922933222616244, 47.52787790977527 ], [ -52.922971416068151, 47.527374362600803 ], [ -52.923084380782527, 47.527032059186752 ], [ -52.923217816217537, 47.526732239831546 ], [ -52.923468086446512, 47.526288621636198 ], [ -52.92386273175827, 47.525954667329671 ], [ -52.924230331727777, 47.525506774669189 ], [ -52.92463430159075, 47.525117139309138 ], [ -52.924822322565042, 47.524912184254646 ], [ -52.924402438375999, 47.524794710416508 ], [ -52.924029346247444, 47.524660597380546 ], [ -52.923660653285573, 47.524485216179784 ], [ -52.923264595321477, 47.524262134332496 ], [ -52.922852329797216, 47.524005305184026 ], [ -52.922589281445156, 47.523802131810136 ], [ -52.922273161019156, 47.523539028611268 ], [ -52.921770964153538, 47.523095907214341 ], [ -52.921584334043942, 47.52275005777242 ], [ -52.921259265248338, 47.521968998047157 ], [ -52.92070965363461, 47.520796414677434 ], [ -52.920406532322751, 47.519669860893877 ], [ -52.920213853335547, 47.518923338120871 ], [ -52.920028974250229, 47.517392106063419 ], [ -52.919526798690598, 47.515099723589422 ], [ -52.919372283851921, 47.51439429964833 ], [ -52.919371635898521, 47.514391369205207 ], [ -52.919081467093307, 47.513066565892117 ], [ -52.918771878853626, 47.511653012960721 ], [ -52.920095262314767, 47.511318598080699 ], [ -52.920720936094725, 47.51116312182242 ], [ -52.920689511664492, 47.511139303315765 ], [ -52.920695396583447, 47.511017806382242 ], [ -52.920999897698429, 47.510781885503974 ], [ -52.920968803778244, 47.510663394227088 ], [ -52.920708591759528, 47.510424200441747 ], [ -52.92064850900509, 47.510301809043376 ], [ -52.920659010625464, 47.510103505075278 ], [ -52.920701896171188, 47.510080711740933 ], [ -52.920563098553082, 47.509939591149063 ], [ -52.920277207071344, 47.509970011802316 ], [ -52.920131515854223, 47.5098930957802 ], [ -52.920067916513702, 47.509802897783224 ], [ -52.919864288449467, 47.509616189886685 ], [ -52.919580910643063, 47.509455394641684 ], [ -52.91948840731601, 47.509361304352012 ], [ -52.919586892712346, 47.509231901787395 ], [ -52.91974777481812, 47.509135502232674 ], [ -52.919587116345888, 47.508926101957925 ], [ -52.919241295167254, 47.508732309253467 ], [ -52.919168478156969, 47.508591899020239 ], [ -52.919181003419197, 47.508537552459288 ], [ -52.919189406830029, 47.508501003403097 ], [ -52.919284319202973, 47.508403801119798 ], [ -52.918959309268139, 47.508221001885872 ], [ -52.918643495052372, 47.508088306903787 ], [ -52.918249100350785, 47.507834898225099 ], [ -52.918162297194144, 47.507823084744579 ], [ -52.918043100004375, 47.507839586545565 ], [ -52.917628988911623, 47.507530496620134 ], [ -52.917306198009648, 47.50746208543876 ], [ -52.917086511686144, 47.507289507907515 ], [ -52.916989506341885, 47.507068406141187 ], [ -52.916844566577936, 47.506961713055844 ], [ -52.916663292625685, 47.506828298730994 ], [ -52.916595179511077, 47.506713002000026 ], [ -52.916108319920767, 47.50636549363908 ], [ -52.916062892365012, 47.506259245333887 ], [ -52.913542317280125, 47.505606053136205 ], [ -52.909508641313316, 47.504553879611727 ], [ -52.901600213623503, 47.502490400610007 ], [ -52.900770889218379, 47.502324189959467 ], [ -52.899916320194912, 47.502194400564257 ], [ -52.898490909630787, 47.502065090019684 ], [ -52.896977206599288, 47.502072100128331 ], [ -52.895759213965135, 47.502173204249758 ], [ -52.893990923497256, 47.502481498549074 ], [ -52.893108902974674, 47.502693913460959 ], [ -52.886599113953466, 47.504426188256581 ], [ -52.886123245237748, 47.50455277426807 ], [ -52.869453098878047, 47.508986049246765 ], [ -52.868627507347021, 47.509205489901383 ], [ -52.867283910081596, 47.509515394489938 ], [ -52.865910704048019, 47.509744708797776 ], [ -52.864669801667979, 47.509851213758729 ], [ -52.864229325646889, 47.509888897088068 ], [ -52.86312790236417, 47.509915895054178 ], [ -52.862199194901002, 47.509905883201839 ], [ -52.857256188815732, 47.509852438361577 ], [ -52.855142987976521, 47.509829500946715 ], [ -52.854864489335327, 47.50982500394133 ], [ -52.854863893251206, 47.509825000795388 ], [ -52.854651185725025, 47.509819393100251 ], [ -52.854359194675581, 47.509824109728008 ], [ -52.853840899914104, 47.509814513598073 ], [ -52.851449513326166, 47.509790200745279 ], [ -52.850041291150099, 47.509776892370432 ], [ -52.84864819278522, 47.509817386095648 ], [ -52.847277604735062, 47.509965223954978 ], [ -52.846981103750586, 47.509997195264162 ], [ -52.846571812173892, 47.510066799792455 ], [ -52.846145038042089, 47.51013481102553 ], [ -52.843745502347986, 47.510517212035147 ], [ -52.841352692947446, 47.510834611478266 ], [ -52.84014802017662, 47.510944001138647 ], [ -52.832941094239736, 47.511464393159422 ], [ -52.832723600527231, 47.511467858529109 ], [ -52.831706611110228, 47.51148410183972 ], [ -52.830495310442707, 47.511404498716111 ], [ -52.829894516031267, 47.511315092693913 ], [ -52.828717605335498, 47.51108189604912 ], [ -52.827871983753326, 47.510825396833432 ], [ -52.82706470642659, 47.510523288937023 ], [ -52.827019839894007, 47.510502215471178 ], [ -52.82692218618471, 47.510456287454119 ], [ -52.826798245271043, 47.510398029570197 ], [ -52.82656511246865, 47.51028839727573 ], [ -52.825847195020046, 47.509885908613136 ], [ -52.824990412356954, 47.509305592408175 ], [ -52.824918264657761, 47.509241526493334 ], [ -52.824264216021099, 47.508660298986008 ], [ -52.823740780153628, 47.508119700870012 ], [ -52.821739601065765, 47.505937898092 ], [ -52.819907965835817, 47.503977556533052 ], [ -52.819436600654122, 47.503473006477407 ], [ -52.818573478364449, 47.502703804171944 ], [ -52.818014376882111, 47.502280800821616 ], [ -52.817153212434256, 47.501704403053147 ], [ -52.816845405006134, 47.501498396889225 ], [ -52.815993184611422, 47.5010439959634 ], [ -52.814906590481272, 47.500543602951062 ], [ -52.814670914081994, 47.500435096907957 ], [ -52.81448290630189, 47.500375108638558 ], [ -52.814193083312624, 47.500055704951627 ], [ -52.813774913837285, 47.499864400529724 ], [ -52.813647601800497, 47.499792213087488 ], [ -52.813394392633832, 47.499648606747215 ], [ -52.813002982984301, 47.499426702349048 ], [ -52.812594622982466, 47.499136196388555 ], [ -52.811622996681173, 47.498296698411487 ], [ -52.811282802355926, 47.498059086649405 ], [ -52.811052906402644, 47.49793679141132 ], [ -52.810353211400987, 47.497668903460799 ], [ -52.81013941165881, 47.497627202978286 ], [ -52.807374780271005, 47.497544903089107 ], [ -52.806990997516102, 47.497508609376005 ], [ -52.806722020858864, 47.497483195608872 ], [ -52.805626110307188, 47.497275495709466 ], [ -52.805619607055917, 47.497473594078073 ], [ -52.804575900289748, 47.497238005479304 ], [ -52.803774701300867, 47.497106687195007 ], [ -52.803179190400755, 47.497044240007803 ], [ -52.802655406771088, 47.496989311020769 ], [ -52.801498703473541, 47.496944491196167 ], [ -52.801349517361004, 47.496950426460259 ], [ -52.800371606344441, 47.496989190945719 ], [ -52.799259993486231, 47.497096599866545 ], [ -52.798506946087599, 47.497237907531016 ], [ -52.79763720435723, 47.49740110866221 ], [ -52.796834793830875, 47.497620584500076 ], [ -52.796443303839581, 47.497752624550635 ], [ -52.795771485951335, 47.49797919186436 ], [ -52.794208919122809, 47.498558446643393 ], [ -52.792375402046417, 47.499238111486115 ], [ -52.791755294515468, 47.499463009110016 ], [ -52.790171786913021, 47.500037399197197 ], [ -52.790065927000384, 47.50007391171134 ], [ -52.78883310432326, 47.500499194773404 ], [ -52.788832510278993, 47.50049941093269 ], [ -52.7887935983155, 47.500508785742419 ], [ -52.788543058248592, 47.500412738903698 ], [ -52.787611962163311, 47.50005582463686 ], [ -52.767391998877407, 47.492301389950029 ], [ -52.76720562454333, 47.494265897555159 ], [ -52.767081101669028, 47.494510691296249 ], [ -52.764842566806749, 47.493896903024357 ], [ -52.764830329523356, 47.493893548833874 ], [ -52.75449939548605, 47.491059957325945 ], [ -52.731655207671132, 47.484788951544012 ], [ -52.721153978107608, 47.481903820296218 ], [ -52.721439426468137, 47.479915881504589 ], [ -52.721546047076863, 47.479123402902083 ], [ -52.721552901693229, 47.479078517751766 ], [ -52.721947974980978, 47.476488709344615 ], [ -52.721067989689203, 47.465886906426306 ], [ -52.715168275284185, 47.461510591926775 ], [ -52.715021027216579, 47.461491459668387 ], [ -52.696884213901065, 47.459411492783588 ], [ -52.621816710101626, 47.437402491206164 ], [ -52.697671045853276, 47.31517415224635 ], [ -52.715781428743817, 47.285889338138205 ], [ -52.725160367583143, 47.277780490930887 ], [ -52.732657284407367, 47.270960440749178 ], [ -52.733298295947861, 47.270377165676067 ], [ -52.73638112963885, 47.26713056626604 ], [ -52.741519141516513, 47.2617184309374 ], [ -52.752530736060883, 47.25011423842772 ], [ -52.75253245682589, 47.250006913702045 ], [ -52.752532524922813, 47.250003353872231 ], [ -52.752561994674188, 47.248156515625311 ], [ -52.752702576198409, 47.239341451907244 ], [ -52.752721716267978, 47.239343473859236 ], [ -52.752879986301167, 47.22278634492411 ], [ -52.753022028677648, 47.207918476308315 ], [ -52.753461976631037, 47.161805869148324 ], [ -52.753622710474147, 47.144937086427397 ], [ -52.753523124530965, 47.140313782715999 ], [ -52.75357329107343, 47.126967202612107 ], [ -52.753506860478289, 47.101002532651108 ], [ -52.753498503902563, 47.097733435866232 ], [ -52.753753093892627, 47.077167633049534 ], [ -52.753832777089173, 47.070725976934519 ], [ -52.75277096428497, 47.041162094836281 ], [ -52.751491530295603, 47.005491628691949 ], [ -52.751294810380863, 47.000001730908608 ], [ -52.751294720240651, 46.99999903466248 ], [ -52.750120867657714, 46.962242821804473 ], [ -52.749505650866332, 46.942431063485685 ], [ -52.785162356939651, 46.898376934538554 ], [ -52.822843020371231, 46.851998641944057 ], [ -52.830393819965096, 46.84242039483027 ], [ -52.870239072488459, 46.819159853845619 ], [ -52.92432410738148, 46.787214064004864 ], [ -52.979093283372706, 46.755608679939407 ], [ -52.994254425269943, 46.751722351556019 ], [ -52.994257863844453, 46.751727676293307 ], [ -53.000000005441535, 46.750000002665296 ], [ -53.005948576069343, 46.71740195152411 ], [ -53.005954529474742, 46.717347594218374 ], [ -53.012175676973037, 46.709460903659796 ], [ -53.091518006901786, 46.608613541324303 ], [ -53.109440586088802, 46.600116330226705 ], [ -53.183268170099225, 46.599225200986183 ], [ -53.324471836263228, 46.600593543478965 ], [ -53.379703584175282, 46.606658595758446 ], [ -53.463949015132748, 46.615843079621044 ], [ -53.499999997806768, 46.611542917322431 ], [ -53.632459260420191, 46.595615600856298 ], [ -53.684634839596676, 46.622118303417203 ], [ -53.751505823061294, 46.656000027055349 ], [ -53.751491805905999, 46.656006350370632 ], [ -53.756484964976828, 46.658875464202993 ], [ -53.771590207971656, 46.678051872840925 ], [ -53.791828943931137, 46.703345876770754 ], [ -53.802193561251435, 46.716434841025809 ], [ -53.812567335782731, 46.729325720782732 ], [ -53.818536888772364, 46.736833179545606 ], [ -53.825899090297, 46.746053150156989 ], [ -53.829316397268364, 46.750073137880612 ], [ -53.829552712331427, 46.750351124530098 ], [ -53.832001293278061, 46.752359897486279 ], [ -53.833600864156978, 46.753411341550681 ], [ -53.8343967736539, 46.753994644054508 ], [ -53.834356725014487, 46.753972722827577 ], [ -53.834326747272534, 46.75406883521422 ], [ -53.826407150175513, 46.779474151802134 ], [ -53.813156597599686, 46.821216767683929 ], [ -53.792362117792827, 46.886575014405352 ], [ -53.864932388822275, 46.946675005407265 ], [ -53.865144042665577, 46.946981292516377 ], [ -53.865497948279767, 46.947207288423073 ], [ -53.866237552723199, 46.947481586592751 ], [ -53.866804429637057, 46.947868265433101 ], [ -53.86760507983545, 46.948444395651471 ], [ -53.867842278239991, 46.948630393774991 ], [ -53.868127029561954, 46.949161025253161 ], [ -53.868309475156394, 46.949821507354073 ], [ -53.868544110108701, 46.950599914244698 ], [ -53.868851983989238, 46.951790094332225 ], [ -53.868952792318566, 46.951965191538619 ], [ -53.869271988244961, 46.952253088401548 ], [ -53.869305286498168, 46.952370904940722 ], [ -53.869298296130466, 46.952428279408856 ], [ -53.869280912802189, 46.952570602904714 ], [ -53.869365805954942, 46.952804494789412 ], [ -53.869495146534021, 46.952989798906579 ], [ -53.869516276810479, 46.953020047528767 ], [ -53.869536698299285, 46.953049287833871 ], [ -53.869832677435468, 46.953269400925109 ], [ -53.869970992086607, 46.953217902059095 ], [ -53.870775888551272, 46.953242891955171 ], [ -53.871361905592146, 46.953288690856617 ], [ -53.871887699060217, 46.953403989728599 ], [ -53.872502593725642, 46.953408889558318 ], [ -53.872585549519513, 46.953428017561798 ], [ -53.872736806828698, 46.95346289983388 ], [ -53.873382977658821, 46.953439301484529 ], [ -53.873828817802838, 46.953390295850184 ], [ -53.87538420894186, 46.952808403891524 ], [ -53.876307313728283, 46.952637296616203 ], [ -53.876466608700561, 46.952552012749116 ], [ -53.876549686893441, 46.952594895950902 ], [ -53.876824431298772, 46.952626624895856 ], [ -53.876911701209856, 46.952636693008472 ], [ -53.877616395369529, 46.952944995976814 ], [ -53.877879308230249, 46.953136011865304 ], [ -53.878948700130991, 46.953912912349217 ], [ -53.879214193518067, 46.953983008798595 ], [ -53.879605196383125, 46.953939199052577 ], [ -53.880101079602952, 46.95372620093616 ], [ -53.880440879340703, 46.953477105903637 ], [ -53.880801279330292, 46.953283403233478 ], [ -53.88117519863308, 46.952973701509862 ], [ -53.88138561303164, 46.952889409625293 ], [ -53.881467493366621, 46.95285658881749 ], [ -53.881769976662106, 46.9527894022469 ], [ -53.882452682756181, 46.952762203152147 ], [ -53.882522998272847, 46.952787300695398 ], [ -53.882609080534529, 46.952753600502035 ], [ -53.883384989757957, 46.952864007465557 ], [ -53.883595701052748, 46.952939310505649 ], [ -53.883863896076299, 46.952977304082729 ], [ -53.885387709909608, 46.953060690079482 ], [ -53.886046492855279, 46.953143997355703 ], [ -53.886357776138922, 46.953304853163928 ], [ -53.886543737069907, 46.953314382990101 ], [ -53.887051708212944, 46.953472561570727 ], [ -53.887080587251454, 46.953502493975968 ], [ -53.88724080797023, 46.953526388248584 ], [ -53.887652791474252, 46.953448710170392 ], [ -53.887858404474642, 46.953499005071912 ], [ -53.88787639638916, 46.95354189717213 ], [ -53.887654581669068, 46.953639598922386 ], [ -53.887570809098577, 46.953730405594342 ], [ -53.887723891404399, 46.953887684571356 ], [ -53.8880259931274, 46.953909703995613 ], [ -53.888673912743037, 46.95412149199641 ], [ -53.889014292115768, 46.954330792987122 ], [ -53.889182897619222, 46.95451849848628 ], [ -53.88935879922311, 46.954832808728334 ], [ -53.889361659533783, 46.954850689324111 ], [ -53.889424788075985, 46.955246806689807 ], [ -53.889657612743399, 46.955657599446276 ], [ -53.889863922319392, 46.956166498680467 ], [ -53.889970092683058, 46.956321901015393 ], [ -53.890221693943737, 46.956597109964903 ], [ -53.89046081660625, 46.956765303658642 ], [ -53.890752003537571, 46.956915694778409 ], [ -53.891327466598199, 46.957088937846649 ], [ -53.89142602217737, 46.957118600578681 ], [ -53.892720213913883, 46.957306599040436 ], [ -53.893251378485971, 46.957402103416563 ], [ -53.893423106315801, 46.9574684997228 ], [ -53.893920905498007, 46.957446189906584 ], [ -53.894530308464617, 46.957515201133091 ], [ -53.894930996967553, 46.957655084354471 ], [ -53.895102506004839, 46.957765996010998 ], [ -53.895201096215409, 46.957883895764766 ], [ -53.895205985995844, 46.957953504765179 ], [ -53.894897795552644, 46.958129611786447 ], [ -53.894769185739435, 46.95836479448856 ], [ -53.894583722566487, 46.958503596559758 ], [ -53.894546783095969, 46.958596297002835 ], [ -53.894546178292948, 46.958743071903989 ], [ -53.894545687009938, 46.958863890573078 ], [ -53.894657054854925, 46.959286688632332 ], [ -53.894712601545507, 46.959497592216835 ], [ -53.894813850850042, 46.959564125544588 ], [ -53.895110200328773, 46.959758801930761 ], [ -53.896000204941551, 46.960062004244044 ], [ -53.896267892155308, 46.960233689913494 ], [ -53.896407895422769, 46.96041778975939 ], [ -53.896411702749596, 46.960754995124653 ], [ -53.896258898933439, 46.961190015211521 ], [ -53.896263320617265, 46.961393395521327 ], [ -53.896324983946734, 46.961603998129391 ], [ -53.896558599042706, 46.961836402647734 ], [ -53.897257396592082, 46.96238720224337 ], [ -53.897682700545587, 46.962919606633783 ], [ -53.897972453888755, 46.963216581414471 ], [ -53.89801228433091, 46.96325739413075 ], [ -53.898008164631051, 46.963366599624408 ], [ -53.898006514217208, 46.963410792204563 ], [ -53.898094051298592, 46.963515588635296 ], [ -53.898154311270481, 46.96358769363092 ], [ -53.898505102227254, 46.963847086909475 ], [ -53.899178604561953, 46.964228304674393 ], [ -53.899321735844445, 46.964280322572051 ], [ -53.899982700263891, 46.964520600381071 ], [ -53.900469095511802, 46.964760482644827 ], [ -53.900734097785424, 46.964964384230427 ], [ -53.901364005350693, 46.965859408285702 ], [ -53.901485978305359, 46.966637504798626 ], [ -53.901900349044027, 46.967323529602211 ], [ -53.902035102356017, 46.967546608877981 ], [ -53.902603586624849, 46.968141704602722 ], [ -53.902855591280584, 46.9683277096699 ], [ -53.90362351434392, 46.968578793049126 ], [ -53.903711891229882, 46.968646803343638 ], [ -53.903777184790002, 46.968602295068443 ], [ -53.904209587600256, 46.968669106158309 ], [ -53.904555692065472, 46.968814193960576 ], [ -53.904771292278497, 46.969003685587957 ], [ -53.904859781991853, 46.969027096032384 ], [ -53.904971919021932, 46.969028996263226 ], [ -53.90520928457142, 46.968961695651622 ], [ -53.905655279674534, 46.968775271887019 ], [ -53.905723598459737, 46.968746714418657 ], [ -53.906114707199606, 46.968702790397998 ], [ -53.906778577618269, 46.968900201876586 ], [ -53.906968209400162, 46.969028242196956 ], [ -53.907199695782893, 46.969184591591201 ], [ -53.907585079693497, 46.969294099099287 ], [ -53.908342284776147, 46.96962909731262 ], [ -53.908521702468718, 46.96973278368381 ], [ -53.909135546705983, 46.969871805205059 ], [ -53.909331588059295, 46.969916201259473 ], [ -53.91044300880916, 46.970344504901519 ], [ -53.910867115227724, 46.970552203232145 ], [ -53.911068101059193, 46.971169912483404 ], [ -53.911021409909281, 46.971849590359014 ], [ -53.911186739503748, 46.972209824242746 ], [ -53.911189392573306, 46.972215587411199 ], [ -53.911192603727599, 46.972219699700723 ], [ -53.911365896636042, 46.972440695152791 ], [ -53.912262886417615, 46.973048794966417 ], [ -53.912678607087344, 46.973442006625788 ], [ -53.912673090492419, 46.973506304548259 ], [ -53.913274597852613, 46.9743976089309 ], [ -53.913395682558338, 46.974806308361629 ], [ -53.913590203877021, 46.975074290965878 ], [ -53.914120501221028, 46.975481993996318 ], [ -53.914206078217319, 46.97562660442123 ], [ -53.914205833349236, 46.975696434291578 ], [ -53.915701595451132, 46.976153935614775 ], [ -53.91571380119823, 46.976160688480377 ], [ -53.915964004178207, 46.97607559116048 ], [ -53.91611789009734, 46.976054388971299 ], [ -53.916597404486765, 46.97607839135955 ], [ -53.91692038743021, 46.976155702728157 ], [ -53.917224600143264, 46.976368514330815 ], [ -53.91722429175632, 46.976457692965639 ], [ -53.917354211478603, 46.976591697221309 ], [ -53.918079608289752, 46.977133493316565 ], [ -53.918485891468201, 46.977253707229842 ], [ -53.919017283261219, 46.977349100029258 ], [ -53.919308904204371, 46.97745489238676 ], [ -53.919449417014889, 46.977549692925578 ], [ -53.919547993584132, 46.977667611135963 ], [ -53.91954739619419, 46.977846004821352 ], [ -53.919457206757706, 46.977960847617148 ], [ -53.919385102642671, 46.978052700902929 ], [ -53.919439421243318, 46.978181196559433 ], [ -53.919579802413075, 46.978275996397223 ], [ -53.919933910899275, 46.978414002495583 ], [ -53.920454334146278, 46.978523044789377 ], [ -53.920809203282232, 46.978597405786743 ], [ -53.920910709228188, 46.978638608287653 ], [ -53.921009313144005, 46.978756504395399 ], [ -53.921217508710306, 46.97886390157894 ], [ -53.921469992355348, 46.978976662047202 ], [ -53.921679982938173, 46.979198396330638 ], [ -53.921680496706969, 46.979169704340798 ], [ -53.921600298987009, 46.979005399484187 ], [ -53.921814216327313, 46.978959400228099 ], [ -53.92218170704075, 46.978981388679109 ], [ -53.922477790275963, 46.97929048762537 ], [ -53.922802199627441, 46.979737097614624 ], [ -53.922902036757094, 46.979829619935664 ], [ -53.923101099526043, 46.980014102292181 ], [ -53.923595192629961, 46.980380586471583 ], [ -53.923934915378844, 46.980902206597762 ], [ -53.924048087531176, 46.981362690170911 ], [ -53.924304908705842, 46.981751994488327 ], [ -53.924366909313278, 46.981918002535011 ], [ -53.924488919519227, 46.982103794590877 ], [ -53.9248477917643, 46.98235590733254 ], [ -53.924922895645352, 46.98249519097601 ], [ -53.924925105236788, 46.982641515690815 ], [ -53.924899434418748, 46.982664801850426 ], [ -53.924878015039198, 46.982684302261717 ], [ -53.924906405601405, 46.982777107308017 ], [ -53.924971192127764, 46.982866398623955 ], [ -53.925265217438792, 46.983073799548762 ], [ -53.925214585102303, 46.983371707292164 ], [ -53.925603403955947, 46.984086005680609 ], [ -53.925875886109971, 46.984461099100358 ], [ -53.926013198746261, 46.984547856697738 ], [ -53.926164687730207, 46.984643604209317 ], [ -53.927565509062738, 46.985209490369371 ], [ -53.928127595671732, 46.98554400804835 ], [ -53.928207881816817, 46.985708304960681 ], [ -53.929193114370598, 46.986651906642244 ], [ -53.929354394709733, 46.986757398811072 ], [ -53.929815390025652, 46.986916886720444 ], [ -53.930138018100713, 46.98712789753116 ], [ -53.931400995997677, 46.988471588709373 ], [ -53.931838209495325, 46.9887416076158 ], [ -53.932600985474082, 46.989101392114463 ], [ -53.932614328310187, 46.989111133050308 ], [ -53.932809187443141, 46.989253405988713 ], [ -53.93294169549641, 46.989399895124052 ], [ -53.932980497145493, 46.989498111694296 ], [ -53.932953815145332, 46.989634334507663 ], [ -53.932878187677623, 46.990020440759615 ], [ -53.93282150618861, 46.990309708205309 ], [ -53.93304950325907, 46.990784600478769 ], [ -53.93306671941329, 46.990971653192254 ], [ -53.93311000430635, 46.99144130896503 ], [ -53.932764668672782, 46.992311435089611 ], [ -53.932760383104714, 46.992322199092918 ], [ -53.932760084391091, 46.992411496673114 ], [ -53.932793882772053, 46.992440104320664 ], [ -53.932754699679776, 46.992475695400053 ], [ -53.932783195040159, 46.992523898552705 ], [ -53.93274099486149, 46.992680890086987 ], [ -53.932910954672508, 46.992869018505573 ], [ -53.933006671190526, 46.993233821368158 ], [ -53.933006325544333, 46.99324179420703 ], [ -53.932960878803982, 46.993252202020216 ], [ -53.93283950003098, 46.993703391593677 ], [ -53.932758206084578, 46.993851407115116 ], [ -53.931882291476882, 46.994572711559478 ], [ -53.931788016211549, 46.994702899623391 ], [ -53.931510804789184, 46.994939809822355 ], [ -53.931175281017488, 46.995061490434807 ], [ -53.930913003393421, 46.995156591527639 ], [ -53.930602100870736, 46.995320209421926 ], [ -53.929954481916383, 46.995567304189805 ], [ -53.929588580646346, 46.995825501805562 ], [ -53.929317097888571, 46.99590890139752 ], [ -53.929312768916972, 46.995911357957297 ], [ -53.929142112638395, 46.996008595375947 ], [ -53.929091985832905, 46.996172696640699 ], [ -53.92911480484522, 46.996374287230076 ], [ -53.929252490299611, 46.996545801102435 ], [ -53.929328070927149, 46.996573329678114 ], [ -53.929695317688825, 46.996707099468203 ], [ -53.930194606022617, 46.997143192448156 ], [ -53.930652190900723, 46.997602487438741 ], [ -53.931229597382277, 46.998101192936296 ], [ -53.931601990740312, 46.998281888091697 ], [ -53.882836127195588, 47.055412742161316 ], [ -53.791949438953282, 47.1614581868212 ], [ -53.776148572815316, 47.179837368675756 ], [ -53.743782567454616, 47.217432135259813 ], [ -53.697594208542682, 47.236953026389948 ], [ -53.556778490864666, 47.296235295445015 ], [ -53.556209607554344, 47.2961827619188 ], [ -53.556120083577618, 47.296174492852487 ], [ -53.555498303997354, 47.296346196813204 ], [ -53.555198711065572, 47.296583892570126 ], [ -53.554951110577562, 47.2970846121652 ], [ -53.554645019957299, 47.297431298823462 ], [ -53.554176803831041, 47.297716400332348 ], [ -53.553885816970542, 47.297798306962683 ], [ -53.553633588400622, 47.29781772041818 ], [ -53.553252529947649, 47.297871214905108 ], [ -53.553160284591698, 47.297842344178946 ], [ -53.553239596531938, 47.297904191082928 ], [ -53.552858099414713, 47.29796460319541 ], [ -53.552688007250055, 47.297910003117259 ], [ -53.552356697597787, 47.297940399105244 ], [ -53.552143360539205, 47.297912771986439 ], [ -53.551866407654003, 47.297876912158813 ], [ -53.551731496300462, 47.297952997100076 ], [ -53.551748907204448, 47.298040588800475 ], [ -53.55186319047295, 47.2981449074693 ], [ -53.551953095010852, 47.298315100686075 ], [ -53.551879844899894, 47.298361893229945 ], [ -53.551649715521791, 47.298374884260994 ], [ -53.551559808086736, 47.298430858247322 ], [ -53.551560041236137, 47.298435582383568 ], [ -53.551276495650697, 47.298447094285372 ], [ -53.551173494189349, 47.298494805745392 ], [ -53.551187902622459, 47.298614600192501 ], [ -53.551505488305189, 47.298846792075658 ], [ -53.551502022847011, 47.298923596430626 ], [ -53.551303384039308, 47.299056505900488 ], [ -53.551461902818922, 47.299194990984148 ], [ -53.551296315928049, 47.299299255558317 ], [ -53.55123700019319, 47.299336584657873 ], [ -53.551202806843627, 47.299338430482344 ], [ -53.550903197574257, 47.29935438568814 ], [ -53.550710204073596, 47.299467697360008 ], [ -53.550745879410307, 47.299553705882069 ], [ -53.550985492702736, 47.299722910078813 ], [ -53.550994304154763, 47.299862295393503 ], [ -53.550795794737368, 47.299995205617954 ], [ -53.550216717799664, 47.30009920016942 ], [ -53.55007088212993, 47.300214501982687 ], [ -53.550212400848537, 47.300456513828905 ], [ -53.550221810673357, 47.300551298799668 ], [ -53.550151832254848, 47.300597145576027 ], [ -53.550097398912847, 47.300632794655819 ], [ -53.549729800722744, 47.300621808843132 ], [ -53.548977006243511, 47.300321004596469 ], [ -53.548927802325856, 47.300321031648622 ], [ -53.548696008273268, 47.300321192835291 ], [ -53.548203507710127, 47.300436409944766 ], [ -53.54779179618879, 47.300818203860629 ], [ -53.547680808960784, 47.300872990786949 ], [ -53.547508101949916, 47.301041792575667 ], [ -53.547661705706489, 47.301155190317004 ], [ -53.547674093194686, 47.301217794161261 ], [ -53.547347207850919, 47.3013178134726 ], [ -53.546577213733066, 47.301356394282884 ], [ -53.546411011429619, 47.301416201179777 ], [ -53.546089857614476, 47.301660025750778 ], [ -53.545970789306892, 47.301596916888002 ], [ -53.545678341965036, 47.30156742720466 ], [ -53.545669434444832, 47.301572273820199 ], [ -53.545442901731263, 47.301542986256216 ], [ -53.545249803038629, 47.30165618775915 ], [ -53.545119616800626, 47.301993199424857 ], [ -53.545165814927849, 47.302084602981409 ], [ -53.545114200129788, 47.30243979019049 ], [ -53.544953808642987, 47.302671199458644 ], [ -53.544757696998715, 47.302816603267296 ], [ -53.544028417010743, 47.30296610230895 ], [ -53.542955796138131, 47.303038687161873 ], [ -53.542583095912192, 47.303238511024695 ], [ -53.54234599924321, 47.303508690493338 ], [ -53.542025417888141, 47.303735596504282 ], [ -53.54157460140307, 47.303872416897725 ], [ -53.540958409386938, 47.303788491107994 ], [ -53.540272402537717, 47.303825791716555 ], [ -53.540007420526429, 47.303942130186307 ], [ -53.538677415384043, 47.30452599180024 ], [ -53.537593310167075, 47.304552860105332 ], [ -53.536612590887877, 47.304564899827653 ], [ -53.535676088776619, 47.304207928605756 ], [ -53.53491047785856, 47.304134673716334 ], [ -53.534157575998137, 47.303967262413849 ], [ -53.533386567474075, 47.304017710975856 ], [ -53.533156896311013, 47.304042505610624 ], [ -53.532921221550993, 47.30398759612013 ], [ -53.531851696712167, 47.304027909192428 ], [ -53.531429698342926, 47.304168395572233 ], [ -53.530914196479479, 47.304642406643126 ], [ -53.530165817981207, 47.304838198393931 ], [ -53.529763291984992, 47.304887696302728 ], [ -53.529278711636536, 47.3049956963863 ], [ -53.528939582566345, 47.305224200379214 ], [ -53.528770781597167, 47.305698497511322 ], [ -53.528656802755087, 47.305785402538334 ], [ -53.528042715987688, 47.305949803290709 ], [ -53.526613502228322, 47.305971885704423 ], [ -53.525824599348077, 47.306247808940327 ], [ -53.524966100368822, 47.306217813387697 ], [ -53.523871702474302, 47.306280843819067 ], [ -53.523461644945769, 47.306537924024681 ], [ -53.522729207754857, 47.307149402089919 ], [ -53.521409449990998, 47.307658966966606 ], [ -53.521090837275743, 47.307871207038559 ], [ -53.52094478623119, 47.30803159111958 ], [ -53.520930703094898, 47.308134499029336 ], [ -53.520892777725884, 47.308227205022902 ], [ -53.521137494388498, 47.309230895249634 ], [ -53.521588496104499, 47.309712383790128 ], [ -53.521627395609805, 47.309957405928536 ], [ -53.521553190427916, 47.310008804969648 ], [ -53.521261101241045, 47.310048211662 ], [ -53.521094313692117, 47.310152600446408 ], [ -53.52108947535698, 47.310318802604229 ], [ -53.521299109337399, 47.31057369936493 ], [ -53.521294904431144, 47.310695207314488 ], [ -53.521104983121454, 47.310967398253013 ], [ -53.521140877491341, 47.311244603962699 ], [ -53.521317786539576, 47.311381400626388 ], [ -53.521802201840721, 47.311509302563515 ], [ -53.521971688114576, 47.311608600002067 ], [ -53.522093489170921, 47.311941604505883 ], [ -53.522046103989695, 47.312366601261552 ], [ -53.521433091084035, 47.313059793816606 ], [ -53.521394738306888, 47.313292513213497 ], [ -53.521356322874972, 47.313525699448832 ], [ -53.521158497171569, 47.313996195299701 ], [ -53.521107280673469, 47.314306804367078 ], [ -53.521361521209201, 47.314360099420533 ], [ -53.521565706287355, 47.314207610878888 ], [ -53.521839391573984, 47.314169892601868 ], [ -53.522217197620463, 47.314422290604497 ], [ -53.523298220392377, 47.3145339962267 ], [ -53.523735889896273, 47.314615201467163 ], [ -53.523894419974532, 47.314753700017157 ], [ -53.523847915205458, 47.314898104662312 ], [ -53.523928318425227, 47.315400700577605 ], [ -53.523851816761642, 47.315510862937771 ], [ -53.523767715351127, 47.315632000260649 ], [ -53.523724643894383, 47.315660331442274 ], [ -53.5232616979578, 47.31596499578967 ], [ -53.504800818625661, 47.40407401431424 ], [ -53.497943496279312, 47.414355801055812 ], [ -53.487989940137062, 47.429271166109338 ], [ -53.476214733816981, 47.446902784366799 ], [ -53.476115344456261, 47.447051561147944 ], [ -53.474625779572833, 47.449280930208062 ], [ -53.465894438018218, 47.462343889160969 ], [ -53.463492009582083, 47.465936796760872 ], [ -53.445581659495716, 47.49271221642104 ], [ -53.439486787629612, 47.501816107753378 ], [ -53.437427645805386, 47.504882091416398 ], [ -53.436178715043802, 47.506741527222765 ], [ -53.434694076254253, 47.508957280209721 ], [ -53.434482242200232, 47.509273410079651 ], [ -53.401741229201093, 47.558077882399573 ], [ -53.39385973977182, 47.565673332288547 ], [ -53.392766072575228, 47.566937167586886 ], [ -53.392186229007159, 47.56755815301598 ], [ -53.389731491115725, 47.570263904318018 ], [ -53.386914887131169, 47.573483900192173 ], [ -53.385352944537431, 47.578691962060063 ], [ -53.384296958241265, 47.580286742917011 ], [ -53.384512193872247, 47.580600309845352 ], [ -53.38475351246457, 47.580688896229574 ], [ -53.392361239137088, 47.597320458608429 ], [ -53.407969489017695, 47.60429022715261 ], [ -53.407540825939414, 47.609607850209798 ], [ -53.399783143083297, 47.619521338297531 ], [ -53.40051389782942, 47.623954698500157 ], [ -53.400410045718765, 47.624914337289702 ], [ -53.399786634472122, 47.625855516676374 ], [ -53.39824314836796, 47.626788865802475 ], [ -53.395416795948087, 47.627735590455686 ], [ -53.390066939978716, 47.628680502106171 ], [ -53.387050324360722, 47.629227867697992 ], [ -53.386014671868054, 47.629811433400327 ], [ -53.385390107650878, 47.630765103022448 ], [ -53.385029105875844, 47.633080150985258 ], [ -53.384463203135461, 47.637568361271214 ], [ -53.384324311716362, 47.638015053794497 ], [ -53.38433702143243, 47.638073941539176 ], [ -53.384481277430318, 47.638740906798475 ], [ -53.385367753765834, 47.639718738086806 ], [ -53.387038311603369, 47.6418711112835 ], [ -53.387032970591868, 47.641890396925312 ], [ -53.387555139242565, 47.643160058493422 ], [ -53.38749229229586, 47.64459807281618 ], [ -53.387350000651139, 47.645999007230131 ], [ -53.386771906119478, 47.646992019921896 ], [ -53.386679876527474, 47.649042649588594 ], [ -53.38529261916824, 47.650178688785367 ], [ -53.384752198375381, 47.655898879402315 ], [ -53.384122365555008, 47.662563552451843 ], [ -53.38254823470124, 47.679217078439116 ], [ -53.381667161578598, 47.688843620617227 ], [ -53.381634079162268, 47.688870347520762 ], [ -53.381583053869129, 47.689213354806192 ], [ -53.381573931646358, 47.689230260412529 ], [ -53.381437287086428, 47.690733221846763 ], [ -53.381180985054186, 47.693552055370034 ], [ -53.381156031472337, 47.693826375214172 ], [ -53.380899581029681, 47.696646744780352 ], [ -53.380851769044739, 47.697151678657399 ], [ -53.379658375947784, 47.70975946882551 ], [ -53.378467320392446, 47.722335475831258 ], [ -53.377541714862815, 47.732104102219715 ], [ -53.377225326142565, 47.735231481854072 ] ] ] } },
{ "type": "Feature", "properties": { "FED_NUM": 10002, "ED_NAMEE": "Cape Spear", "ED_NAMEF": "Cape Spear", "REP_ORDER": "2023", "SHAPE_AREA": 195273845.26499999, "SHAPE_LEN": 82278.091626199996, "NUM_CF": null, "CF_NOMFR": null, "CF_NOMAN": null, "DEC_REP": null, "PROV_CODE": "10", "PROV_NAME": "NL" }, "geometry": { "type": "Polygon", "coordinates": [ [ [ -52.896704189903716, 47.584079404257501 ], [ -52.89619549621132, 47.583770362945181 ], [ -52.895680317586383, 47.583556520355259 ], [ -52.894930912068951, 47.583129766744094 ], [ -52.894660230946172, 47.582972824526891 ], [ -52.894629347208436, 47.582919375845648 ], [ -52.894521358569648, 47.582731183628617 ], [ -52.893811602985231, 47.58224709142219 ], [ -52.893486582925213, 47.581726198052607 ], [ -52.893282548127161, 47.581526580106093 ], [ -52.893014350655562, 47.580930170578988 ], [ -52.893000308482605, 47.580776945504006 ], [ -52.890349971152922, 47.577992379957109 ], [ -52.887061047828013, 47.574405578458439 ], [ -52.884455956347935, 47.570411207781632 ], [ -52.884151053000977, 47.568999754940982 ], [ -52.883688108506405, 47.566856313048888 ], [ -52.8833994141239, 47.565519535416612 ], [ -52.883215474870106, 47.56475548025751 ], [ -52.882720915692779, 47.562701082365024 ], [ -52.882772910005436, 47.559801780010446 ], [ -52.88281417145889, 47.559495931833183 ], [ -52.881628485009209, 47.55800163611373 ], [ -52.878562843765948, 47.554137462147736 ], [ -52.878387532836321, 47.553916463601446 ], [ -52.878046683751059, 47.553938862913434 ], [ -52.878044562077335, 47.553935353899455 ], [ -52.875179887366059, 47.554109574838058 ], [ -52.87485657775089, 47.553985947822461 ], [ -52.874936992938451, 47.553411079357936 ], [ -52.875052689570239, 47.553182989455813 ], [ -52.875241585776656, 47.55281055825094 ], [ -52.875398677532679, 47.552736901745313 ], [ -52.875151433633221, 47.552517741925747 ], [ -52.874629665260251, 47.551977841057123 ], [ -52.875198665429053, 47.55174278745762 ], [ -52.875414548839785, 47.551653619058861 ], [ -52.875945275513942, 47.551434385739334 ], [ -52.875048801138881, 47.550539318109948 ], [ -52.87486614869762, 47.550356941165717 ], [ -52.874756726077905, 47.550261944571105 ], [ -52.874717476902624, 47.550212642056621 ], [ -52.874623334525744, 47.550134511304471 ], [ -52.874577973083866, 47.550069022625408 ], [ -52.874573918606977, 47.549979319685242 ], [ -52.874602426347387, 47.549905124063926 ], [ -52.874695934910307, 47.549861884174106 ], [ -52.874847727547923, 47.549934172817942 ], [ -52.875390309704009, 47.550182163088941 ], [ -52.875443946058851, 47.550218107153356 ], [ -52.875881467653691, 47.548627257536381 ], [ -52.875714446710354, 47.54856967562457 ], [ -52.875627718733135, 47.548528373082156 ], [ -52.875520509338287, 47.548444394665914 ], [ -52.875475117448474, 47.548378892167086 ], [ -52.875478712284561, 47.548281870059029 ], [ -52.875693104268414, 47.547498553457118 ], [ -52.875481723851998, 47.54743949013919 ], [ -52.875495096688965, 47.547304770570932 ], [ -52.875522555488445, 47.547028206249287 ], [ -52.87663052542861, 47.546862267071468 ], [ -52.877222223470262, 47.546773672080228 ], [ -52.876747150119144, 47.547054989049364 ], [ -52.876494130350416, 47.54720479744396 ], [ -52.876737474089829, 47.547232603121572 ], [ -52.877013863419116, 47.547264213494707 ], [ -52.878636682298961, 47.547450309774575 ], [ -52.878664792466076, 47.54742840137839 ], [ -52.879125019102489, 47.546931898575302 ], [ -52.879240596439026, 47.546807092208923 ], [ -52.87954798871926, 47.546599593041158 ], [ -52.88001921145603, 47.546281489918535 ], [ -52.880084481688378, 47.546171802249468 ], [ -52.88025738787762, 47.545881619079246 ], [ -52.879832310084602, 47.545802074341886 ], [ -52.879238784507599, 47.545693378982492 ], [ -52.878414498821762, 47.545518264855197 ], [ -52.877815847448595, 47.545351488477216 ], [ -52.877534515614357, 47.545273137867369 ], [ -52.877127475783695, 47.545112149403948 ], [ -52.877074891885947, 47.545105972276907 ], [ -52.876274919855213, 47.544890091936061 ], [ -52.875929239503151, 47.544659429151082 ], [ -52.875852528076294, 47.544499611836166 ], [ -52.875719834916246, 47.544423389755934 ], [ -52.874938480118793, 47.543877303253581 ], [ -52.874345958846312, 47.543479115469992 ], [ -52.874303229762845, 47.54344342733669 ], [ -52.873887430450715, 47.543096046192055 ], [ -52.873291378898223, 47.543446961681759 ], [ -52.872817463636366, 47.543075732003693 ], [ -52.87201645485122, 47.54348235230556 ], [ -52.870869228318142, 47.542824549325097 ], [ -52.871792629537318, 47.542257155568656 ], [ -52.871766165609735, 47.541815622579087 ], [ -52.871649273390567, 47.541324110639799 ], [ -52.87157423037948, 47.540885206159246 ], [ -52.871452950674353, 47.540413374625537 ], [ -52.871363615385803, 47.540065709470881 ], [ -52.871232791127525, 47.539850864719838 ], [ -52.871129913108355, 47.539671103654094 ], [ -52.871033346623435, 47.539446152550198 ], [ -52.8679124432986, 47.541151641778981 ], [ -52.867515334442089, 47.540956888618396 ], [ -52.867211519214898, 47.540736859823042 ], [ -52.867205320142581, 47.540740028804855 ], [ -52.867171903411581, 47.540757094096044 ], [ -52.866096675242652, 47.539796798422465 ], [ -52.865398092596536, 47.539132827742698 ], [ -52.864660971400653, 47.538181805576684 ], [ -52.864174826750613, 47.537603760395932 ], [ -52.864078822677087, 47.537435967491611 ], [ -52.86295157602423, 47.537711490871068 ], [ -52.862005461743721, 47.538029623222812 ], [ -52.861083159317225, 47.538352696851121 ], [ -52.860313081315752, 47.538732444023452 ], [ -52.858879231034038, 47.539637947555171 ], [ -52.857389041403849, 47.540055846688155 ], [ -52.856217330680344, 47.540212401274431 ], [ -52.854554874477785, 47.54036244239856 ], [ -52.854495489408855, 47.540382998396709 ], [ -52.853792022459722, 47.54074122288155 ], [ -52.853778204044175, 47.540748257674295 ], [ -52.852727730646087, 47.541283147240989 ], [ -52.851585941635108, 47.541818937616647 ], [ -52.84977892199985, 47.542405379829923 ], [ -52.848144833386854, 47.542769468192212 ], [ -52.846024408262053, 47.543420810396974 ], [ -52.845019311134749, 47.543481221003624 ], [ -52.843026818696572, 47.544077202989136 ], [ -52.842840782828709, 47.543927198047122 ], [ -52.84150051075158, 47.544046490100868 ], [ -52.840234151387634, 47.544514384658711 ], [ -52.839418867641712, 47.544726130590185 ], [ -52.838731856650774, 47.544840585305401 ], [ -52.838134997680072, 47.544950530536674 ], [ -52.837525959433925, 47.545010418678665 ], [ -52.837192685394712, 47.544982886382591 ], [ -52.836583774075677, 47.544996770077248 ], [ -52.836006805296257, 47.544977635853854 ], [ -52.835485444574871, 47.544935832419 ], [ -52.834280316016191, 47.544787446853505 ], [ -52.830471839180447, 47.544332916143283 ], [ -52.82794752906532, 47.543690580714639 ], [ -52.826569173341966, 47.543326862544014 ], [ -52.826122435175542, 47.543132771597008 ], [ -52.825455366850846, 47.542335003851278 ], [ -52.82534572641682, 47.541582065744109 ], [ -52.824261745954054, 47.539741783909932 ], [ -52.821891605378553, 47.535707312789349 ], [ -52.821889675135509, 47.535707704253461 ], [ -52.820522804151999, 47.536020703348584 ], [ -52.819968981331826, 47.536146499393666 ], [ -52.818172591503227, 47.536453891231744 ], [ -52.815402097914578, 47.536944544639915 ], [ -52.811916901644665, 47.537561636180328 ], [ -52.811676492399044, 47.537604187453688 ], [ -52.811646246600993, 47.537609565795499 ], [ -52.810717111181262, 47.537774121539819 ], [ -52.810576002709801, 47.537799092082437 ], [ -52.80924449865487, 47.538034894787678 ], [ -52.807796608633346, 47.538435704869308 ], [ -52.806825299121172, 47.538783903613194 ], [ -52.804624110728668, 47.539721597901405 ], [ -52.804127305267031, 47.539933211237162 ], [ -52.803731692732555, 47.540107396329155 ], [ -52.799846517444394, 47.541818103315613 ], [ -52.799165718719742, 47.542107195504499 ], [ -52.793995590769732, 47.544302601066349 ], [ -52.791634703384425, 47.545348092328155 ], [ -52.790362477856846, 47.545844900412447 ], [ -52.787932016294342, 47.54667469412238 ], [ -52.785671509141814, 47.54742078946262 ], [ -52.784847110097893, 47.547747301837234 ], [ -52.781808303912918, 47.548950689257822 ], [ -52.781522697724697, 47.549077209225047 ], [ -52.77914790528235, 47.550128603603426 ], [ -52.777350603011008, 47.550924391370039 ], [ -52.775630806425397, 47.551685790073748 ], [ -52.775495516168313, 47.551749106121747 ], [ -52.775354000920103, 47.551808290890953 ], [ -52.774823184247921, 47.552043295146007 ], [ -52.774405678288566, 47.552230435820803 ], [ -52.773906869037049, 47.552453997231773 ], [ -52.773464201480785, 47.552652412056865 ], [ -52.773137355391214, 47.552798878248971 ], [ -52.772599171414008, 47.553039274520366 ], [ -52.770745402250505, 47.553854799729642 ], [ -52.769989888716268, 47.554187201041564 ], [ -52.769006783072541, 47.554571802670601 ], [ -52.766703997006843, 47.555264090495754 ], [ -52.759424192280974, 47.557382691750853 ], [ -52.757673403490259, 47.557895414300454 ], [ -52.756579077822195, 47.55816420085673 ], [ -52.752327195908933, 47.559087804597993 ], [ -52.752078804967198, 47.559141803312585 ], [ -52.751697701072302, 47.559273608043654 ], [ -52.750787000609456, 47.559564812827013 ], [ -52.750252390044395, 47.559838395096044 ], [ -52.749587600330109, 47.560178703098579 ], [ -52.74883039911667, 47.560595193446204 ], [ -52.748422417951623, 47.560718399578022 ], [ -52.748349817762666, 47.560742399822324 ], [ -52.748251482545605, 47.560774896557824 ], [ -52.748181383801516, 47.560667994266815 ], [ -52.748111399670492, 47.56056111532488 ], [ -52.747833400079436, 47.560196397402002 ], [ -52.747730729165923, 47.560082803037659 ], [ -52.747471143805889, 47.559795517041195 ], [ -52.747296537052158, 47.559602291530403 ], [ -52.7469250923061, 47.559265485574549 ], [ -52.746129602540158, 47.558530704075274 ], [ -52.745810290278754, 47.558121688287621 ], [ -52.745501610784984, 47.557631511492836 ], [ -52.745342284832127, 47.55723800055361 ], [ -52.745330621898397, 47.557169829160877 ], [ -52.745226894563295, 47.556564887172449 ], [ -52.74527238588049, 47.555934304837912 ], [ -52.745327782269342, 47.555600501818745 ], [ -52.744558382562346, 47.555648202116458 ], [ -52.743603292845897, 47.555707689163924 ], [ -52.742715215549005, 47.555784203348686 ], [ -52.741476801717425, 47.556117991811682 ], [ -52.740439394606277, 47.5565025890592 ], [ -52.73857698624257, 47.557664692627519 ], [ -52.737879190301491, 47.557063401300923 ], [ -52.737266204374905, 47.556613787793758 ], [ -52.736707409550498, 47.557000099349288 ], [ -52.736301716041908, 47.557195298773067 ], [ -52.735603202978993, 47.557376809437976 ], [ -52.734002679830326, 47.557617004261687 ], [ -52.732096299948267, 47.558257696772863 ], [ -52.731122290222793, 47.558551293108252 ], [ -52.73093165472774, 47.558618112504242 ], [ -52.730409882960913, 47.558715001468649 ], [ -52.729708697704041, 47.558815589358531 ], [ -52.7285709981427, 47.558985705945545 ], [ -52.728174510806141, 47.559054709418447 ], [ -52.72768849064127, 47.559232991762094 ], [ -52.727218812102741, 47.559501004697779 ], [ -52.726141097456981, 47.560282083884879 ], [ -52.725723321349072, 47.560513297781391 ], [ -52.725491554956839, 47.560593536571439 ], [ -52.725315803854627, 47.560654397352792 ], [ -52.724840997893978, 47.560769586576804 ], [ -52.72378217867638, 47.560911500291084 ], [ -52.722904321300419, 47.561088815365196 ], [ -52.722688034440715, 47.561137534834494 ], [ -52.72249615953681, 47.561114111378579 ], [ -52.722132480480347, 47.561120141967656 ], [ -52.72012199827433, 47.561182410049938 ], [ -52.718965985184255, 47.561199694172636 ], [ -52.718315493338487, 47.561227490120885 ], [ -52.717227100856697, 47.561279809951657 ], [ -52.717362675553723, 47.561125034691166 ], [ -52.718329212256172, 47.560021494721177 ], [ -52.719711813950944, 47.55839909146939 ], [ -52.720012879418185, 47.558041699905139 ], [ -52.720057303251522, 47.557988992248113 ], [ -52.71916521254078, 47.557912210524123 ], [ -52.7175644857221, 47.557774398974509 ], [ -52.716777682259675, 47.557696201226968 ], [ -52.715682879188876, 47.557550601422392 ], [ -52.71506911069212, 47.557478803226999 ], [ -52.714402701821676, 47.557425796724004 ], [ -52.714602106330318, 47.557017892444641 ], [ -52.714648202440976, 47.556801202234475 ], [ -52.714601008314382, 47.556576995626138 ], [ -52.71432150031324, 47.556158305575721 ], [ -52.714265987499978, 47.556087107423942 ], [ -52.713896098613141, 47.555750688460165 ], [ -52.713868290192231, 47.555715095425882 ], [ -52.713607699126456, 47.555467110003242 ], [ -52.713429203696954, 47.555289656005051 ], [ -52.713099377492796, 47.554961800909986 ], [ -52.712820496420264, 47.554560983506761 ], [ -52.712728511267457, 47.554392494181485 ], [ -52.712537794606646, 47.554043303658702 ], [ -52.712397749779541, 47.553625747558719 ], [ -52.712353604126932, 47.553484386202534 ], [ -52.712316505788692, 47.553371808287757 ], [ -52.712254939779235, 47.552706847816061 ], [ -52.712120287864749, 47.55261968974979 ], [ -52.710509318250985, 47.551576741037678 ], [ -52.704761606856458, 47.554900941438426 ], [ -52.691835473855058, 47.562373801444565 ], [ -52.680606903750856, 47.560936572594358 ], [ -52.656733711551723, 47.557501322693774 ], [ -52.655318194898534, 47.563101427982211 ], [ -52.643741969967081, 47.560810191035849 ], [ -52.635186875259571, 47.557105418771563 ], [ -52.627586109387522, 47.553055660628601 ], [ -52.616314219220278, 47.544033951746542 ], [ -52.605034628519277, 47.532198611854831 ], [ -52.596236607793323, 47.521953996394068 ], [ -52.589233173289443, 47.510565540796911 ], [ -52.582295821691339, 47.50081110136999 ], [ -52.582756082994379, 47.500073736878733 ], [ -52.582763942949441, 47.500061165642016 ], [ -52.621816710101626, 47.437402491206164 ], [ -52.696884213901065, 47.459411492783588 ], [ -52.715021027216579, 47.461491459668387 ], [ -52.715168275284185, 47.461510591926775 ], [ -52.721067989689203, 47.465886906426306 ], [ -52.721947974980978, 47.476488709344615 ], [ -52.721552901693229, 47.479078517751766 ], [ -52.721546047076863, 47.479123402902083 ], [ -52.721439426468137, 47.479915881504589 ], [ -52.721153978107608, 47.481903820296218 ], [ -52.731655207671132, 47.484788951544012 ], [ -52.75449939548605, 47.491059957325945 ], [ -52.764830329523356, 47.493893548833874 ], [ -52.764842566806749, 47.493896903024357 ], [ -52.767081101669028, 47.494510691296249 ], [ -52.76720562454333, 47.494265897555159 ], [ -52.767391998877407, 47.492301389950029 ], [ -52.787611962163311, 47.50005582463686 ], [ -52.788543058248592, 47.500412738903698 ], [ -52.7887935983155, 47.500508785742419 ], [ -52.788832510278993, 47.50049941093269 ], [ -52.78883310432326, 47.500499194773404 ], [ -52.790065927000384, 47.50007391171134 ], [ -52.790171786913021, 47.500037399197197 ], [ -52.791755294515468, 47.499463009110016 ], [ -52.792375402046417, 47.499238111486115 ], [ -52.794208919122809, 47.498558446643393 ], [ -52.795771485951335, 47.49797919186436 ], [ -52.796443303839581, 47.497752624550635 ], [ -52.796834793830875, 47.497620584500076 ], [ -52.79763720435723, 47.49740110866221 ], [ -52.798506946087599, 47.497237907531016 ], [ -52.799259993486231, 47.497096599866545 ], [ -52.800371606344441, 47.496989190945719 ], [ -52.801349517361004, 47.496950426460259 ], [ -52.801498703473541, 47.496944491196167 ], [ -52.802655406771088, 47.496989311020769 ], [ -52.803179190400755, 47.497044240007803 ], [ -52.803774701300867, 47.497106687195007 ], [ -52.804575900289748, 47.497238005479304 ], [ -52.805619607055917, 47.497473594078073 ], [ -52.805626110307188, 47.497275495709466 ], [ -52.806722020858864, 47.497483195608872 ], [ -52.806990997516102, 47.497508609376005 ], [ -52.807374780271005, 47.497544903089107 ], [ -52.81013941165881, 47.497627202978286 ], [ -52.810353211400987, 47.497668903460799 ], [ -52.811052906402644, 47.49793679141132 ], [ -52.811282802355926, 47.498059086649405 ], [ -52.811622996681173, 47.498296698411487 ], [ -52.812594622982466, 47.499136196388555 ], [ -52.813002982984301, 47.499426702349048 ], [ -52.813394392633832, 47.499648606747215 ], [ -52.813647601800497, 47.499792213087488 ], [ -52.813774913837285, 47.499864400529724 ], [ -52.814193083312624, 47.500055704951627 ], [ -52.81448290630189, 47.500375108638558 ], [ -52.814670914081994, 47.500435096907957 ], [ -52.814906590481272, 47.500543602951062 ], [ -52.815993184611422, 47.5010439959634 ], [ -52.816845405006134, 47.501498396889225 ], [ -52.817153212434256, 47.501704403053147 ], [ -52.818014376882111, 47.502280800821616 ], [ -52.818573478364449, 47.502703804171944 ], [ -52.819436600654122, 47.503473006477407 ], [ -52.819907965835817, 47.503977556533052 ], [ -52.821739601065765, 47.505937898092 ], [ -52.823740780153628, 47.508119700870012 ], [ -52.824264216021099, 47.508660298986008 ], [ -52.824918264657761, 47.509241526493334 ], [ -52.824990412356954, 47.509305592408175 ], [ -52.825847195020046, 47.509885908613136 ], [ -52.82656511246865, 47.51028839727573 ], [ -52.826798245271043, 47.510398029570197 ], [ -52.82692218618471, 47.510456287454119 ], [ -52.827019839894007, 47.510502215471178 ], [ -52.82706470642659, 47.510523288937023 ], [ -52.827871983753326, 47.510825396833432 ], [ -52.828717605335498, 47.51108189604912 ], [ -52.829894516031267, 47.511315092693913 ], [ -52.830495310442707, 47.511404498716111 ], [ -52.831706611110228, 47.51148410183972 ], [ -52.832723600527231, 47.511467858529109 ], [ -52.832941094239736, 47.511464393159422 ], [ -52.84014802017662, 47.510944001138647 ], [ -52.841352692947446, 47.510834611478266 ], [ -52.843745502347986, 47.510517212035147 ], [ -52.846145038042089, 47.51013481102553 ], [ -52.846571812173892, 47.510066799792455 ], [ -52.846981103750586, 47.509997195264162 ], [ -52.847277604735062, 47.509965223954978 ], [ -52.84864819278522, 47.509817386095648 ], [ -52.850041291150099, 47.509776892370432 ], [ -52.851449513326166, 47.509790200745279 ], [ -52.853840899914104, 47.509814513598073 ], [ -52.854359194675581, 47.509824109728008 ], [ -52.854651185725025, 47.509819393100251 ], [ -52.854863893251206, 47.509825000795388 ], [ -52.854864489335327, 47.50982500394133 ], [ -52.855142987976521, 47.509829500946715 ], [ -52.857256188815732, 47.509852438361577 ], [ -52.862199194901002, 47.509905883201839 ], [ -52.86312790236417, 47.509915895054178 ], [ -52.864229325646889, 47.509888897088068 ], [ -52.864669801667979, 47.509851213758729 ], [ -52.865910704048019, 47.509744708797776 ], [ -52.867283910081596, 47.509515394489938 ], [ -52.868627507347021, 47.509205489901383 ], [ -52.869453098878047, 47.508986049246765 ], [ -52.886123245237748, 47.50455277426807 ], [ -52.886599113953466, 47.504426188256581 ], [ -52.893108902974674, 47.502693913460959 ], [ -52.893990923497256, 47.502481498549074 ], [ -52.895759213965135, 47.502173204249758 ], [ -52.896977206599288, 47.502072100128331 ], [ -52.898490909630787, 47.502065090019684 ], [ -52.899916320194912, 47.502194400564257 ], [ -52.900770889218379, 47.502324189959467 ], [ -52.901600213623503, 47.502490400610007 ], [ -52.909508641313316, 47.504553879611727 ], [ -52.913542317280125, 47.505606053136205 ], [ -52.916062892365012, 47.506259245333887 ], [ -52.916108319920767, 47.50636549363908 ], [ -52.916595179511077, 47.506713002000026 ], [ -52.916663292625685, 47.506828298730994 ], [ -52.916844566577936, 47.506961713055844 ], [ -52.916989506341885, 47.507068406141187 ], [ -52.917086511686144, 47.507289507907515 ], [ -52.917306198009648, 47.50746208543876 ], [ -52.917628988911623, 47.507530496620134 ], [ -52.918043100004375, 47.507839586545565 ], [ -52.918162297194144, 47.507823084744579 ], [ -52.918249100350785, 47.507834898225099 ], [ -52.918643495052372, 47.508088306903787 ], [ -52.918959309268139, 47.508221001885872 ], [ -52.919284319202973, 47.508403801119798 ], [ -52.919189406830029, 47.508501003403097 ], [ -52.919181003419197, 47.508537552459288 ], [ -52.919168478156969, 47.508591899020239 ], [ -52.919241295167254, 47.508732309253467 ], [ -52.919587116345888, 47.508926101957925 ], [ -52.91974777481812, 47.509135502232674 ], [ -52.919586892712346, 47.509231901787395 ], [ -52.91948840731601, 47.509361304352012 ], [ -52.919580910643063, 47.509455394641684 ], [ -52.919864288449467, 47.509616189886685 ], [ -52.920067916513702, 47.509802897783224 ], [ -52.920131515854223, 47.5098930957802 ], [ -52.920277207071344, 47.509970011802316 ], [ -52.920563098553082, 47.509939591149063 ], [ -52.920701896171188, 47.510080711740933 ], [ -52.920659010625464, 47.510103505075278 ], [ -52.92064850900509, 47.510301809043376 ], [ -52.920708591759528, 47.510424200441747 ], [ -52.920968803778244, 47.510663394227088 ], [ -52.920999897698429, 47.510781885503974 ], [ -52.920695396583447, 47.511017806382242 ], [ -52.920689511664492, 47.511139303315765 ], [ -52.920720936094725, 47.51116312182242 ], [ -52.920095262314767, 47.511318598080699 ], [ -52.918771878853626, 47.511653012960721 ], [ -52.919081467093307, 47.513066565892117 ], [ -52.919371635898521, 47.514391369205207 ], [ -52.919372283851921, 47.51439429964833 ], [ -52.919526798690598, 47.515099723589422 ], [ -52.920028974250229, 47.517392106063419 ], [ -52.920213853335547, 47.518923338120871 ], [ -52.920406532322751, 47.519669860893877 ], [ -52.92070965363461, 47.520796414677434 ], [ -52.921259265248338, 47.521968998047157 ], [ -52.921584334043942, 47.52275005777242 ], [ -52.921770964153538, 47.523095907214341 ], [ -52.922273161019156, 47.523539028611268 ], [ -52.922589281445156, 47.523802131810136 ], [ -52.922852329797216, 47.524005305184026 ], [ -52.923264595321477, 47.524262134332496 ], [ -52.923660653285573, 47.524485216179784 ], [ -52.924029346247444, 47.524660597380546 ], [ -52.924402438375999, 47.524794710416508 ], [ -52.924822322565042, 47.524912184254646 ], [ -52.92463430159075, 47.525117139309138 ], [ -52.924230331727777, 47.525506774669189 ], [ -52.92386273175827, 47.525954667329671 ], [ -52.923468086446512, 47.526288621636198 ], [ -52.923217816217537, 47.526732239831546 ], [ -52.923084380782527, 47.527032059186752 ], [ -52.922971416068151, 47.527374362600803 ], [ -52.922933222616244, 47.52787790977527 ], [ -52.922926056488372, 47.528538219505002 ], [ -52.922912200580399, 47.528924953533995 ], [ -52.922886304988495, 47.529136612993824 ], [ -52.922753437199766, 47.529420320820883 ], [ -52.922499443254452, 47.529711938512996 ], [ -52.92205905436041, 47.53004329091354 ], [ -52.921470453945219, 47.530268651833644 ], [ -52.920794691400346, 47.530422488967872 ], [ -52.920009156678447, 47.530573273724166 ], [ -52.919240378550995, 47.530614553307622 ], [ -52.918742256394758, 47.530643476197795 ], [ -52.918672228944011, 47.530647531322217 ], [ -52.918524602252198, 47.530656097777538 ], [ -52.918422915678441, 47.530662012245983 ], [ -52.918416404030111, 47.530662379764387 ], [ -52.917885118204005, 47.530770207022215 ], [ -52.917630447159731, 47.530875761283014 ], [ -52.917370865151803, 47.53109573621704 ], [ -52.917364108839621, 47.53110145053612 ], [ -52.916961925051005, 47.531489224441785 ], [ -52.916703336849096, 47.531754098547999 ], [ -52.915983959021091, 47.532152127991587 ], [ -52.915364216566012, 47.532376308682188 ], [ -52.91496106585172, 47.53248499635167 ], [ -52.91440725111066, 47.532505613124464 ], [ -52.913802469115666, 47.532466481187896 ], [ -52.913444977168886, 47.532375600555532 ], [ -52.913171255000407, 47.532297287820349 ], [ -52.912934755848767, 47.532151983883217 ], [ -52.912385145630807, 47.531904126172584 ], [ -52.911959029670953, 47.531786079772608 ], [ -52.911587531694494, 47.531677596393578 ], [ -52.911377327086768, 47.531615822935464 ], [ -52.911061871517724, 47.5315777424426 ], [ -52.910722202623163, 47.531500789814096 ], [ -52.910096556029373, 47.531279576426734 ], [ -52.90992441307688, 47.531201066538046 ], [ -52.910373939070134, 47.532389562850881 ], [ -52.910489313973358, 47.532912558065576 ], [ -52.911534612043091, 47.537916303894534 ], [ -52.913666634893168, 47.548706952029882 ], [ -52.914299458954133, 47.553351764173186 ], [ -52.914922628245847, 47.553364126143201 ], [ -52.915094320135815, 47.553395383712051 ], [ -52.915048909872738, 47.553504702533502 ], [ -52.914789889925395, 47.554297394729765 ], [ -52.91465651538158, 47.554442501300535 ], [ -52.914416401417753, 47.554875891844382 ], [ -52.914345499129681, 47.555003906254711 ], [ -52.914296709072204, 47.555148212665891 ], [ -52.914201620626585, 47.555245398840796 ], [ -52.914118005778562, 47.555507308198521 ], [ -52.913127998481684, 47.557342786985878 ], [ -52.913007100131004, 47.557811811352465 ], [ -52.913010424246515, 47.557983496853254 ], [ -52.912670480932796, 47.558438998596678 ], [ -52.912595215671182, 47.55849000743364 ], [ -52.912459394665454, 47.558724383208563 ], [ -52.912402397821275, 47.558977697843318 ], [ -52.912192285046977, 47.559320406038239 ], [ -52.912023809720942, 47.559888900702653 ], [ -52.911845106222053, 47.560146008156316 ], [ -52.911807706693082, 47.560455013681896 ], [ -52.911670496805463, 47.560938090817331 ], [ -52.91143171787882, 47.561072897820289 ], [ -52.911372222145623, 47.561517497065815 ], [ -52.911225592107478, 47.562052397592353 ], [ -52.911145710474294, 47.562078202091634 ], [ -52.910962408615354, 47.562310305056037 ], [ -52.910909895438415, 47.562588711170164 ], [ -52.910407492197436, 47.563287195792469 ], [ -52.910334402215362, 47.563452715008964 ], [ -52.910402600853523, 47.563567986139624 ], [ -52.910347915817709, 47.563833903421809 ], [ -52.910149591820456, 47.56393340604339 ], [ -52.91017971909438, 47.563994601649917 ], [ -52.910157485433089, 47.564130193268397 ], [ -52.910021910045586, 47.564160802107168 ], [ -52.909963999050234, 47.564152903593218 ], [ -52.909812198303527, 47.564197497897219 ], [ -52.90983631564405, 47.564380299605567 ], [ -52.909555481390797, 47.564799001692059 ], [ -52.909586608026494, 47.564917409588666 ], [ -52.909682706126659, 47.564979407819052 ], [ -52.909675603379242, 47.565145708899642 ], [ -52.909588593966802, 47.565235791536679 ], [ -52.909442625568708, 47.565260897177176 ], [ -52.909268707921349, 47.565339190790844 ], [ -52.909247674741216, 47.565430203315607 ], [ -52.909007784318014, 47.565507693991421 ], [ -52.909088488395611, 47.56584499568558 ], [ -52.909011979938001, 47.56594060376986 ], [ -52.908558498522616, 47.566290983953365 ], [ -52.908272103091306, 47.56642339520188 ], [ -52.908166596059736, 47.566515112598438 ], [ -52.908086617498952, 47.566540998580976 ], [ -52.907680698822276, 47.566791687015858 ], [ -52.907571709237914, 47.566915598113702 ], [ -52.907448615053028, 47.567168105925226 ], [ -52.907644194808192, 47.567361913254175 ], [ -52.907637105496484, 47.567528194868828 ], [ -52.907564015352101, 47.567591706407377 ], [ -52.90746548338597, 47.567619105983013 ], [ -52.907351699205563, 47.567819804015379 ], [ -52.907182399099547, 47.567923186272736 ], [ -52.907132499674461, 47.56801031094588 ], [ -52.907058300617329, 47.568016494319245 ], [ -52.906740512356805, 47.568234405815069 ], [ -52.906417906845704, 47.568631112100782 ], [ -52.906444523171274, 47.568724397698126 ], [ -52.906155803229638, 47.568844311265195 ], [ -52.905784582179152, 47.569181396871301 ], [ -52.904523789388399, 47.570058301574051 ], [ -52.904227983093939, 47.570344507814049 ], [ -52.904083996551009, 47.570585999804017 ], [ -52.904202908742576, 47.570977409389634 ], [ -52.904052892029618, 47.571442407800724 ], [ -52.904058616531294, 47.57152479315144 ], [ -52.903997001797904, 47.571651007250871 ], [ -52.903993002968846, 47.572091015737023 ], [ -52.904198888272006, 47.572494307643659 ], [ -52.904167282986776, 47.572681698831637 ], [ -52.904082497243728, 47.57288639535534 ], [ -52.904158813120262, 47.573096598124494 ], [ -52.90417259938252, 47.573171887702415 ], [ -52.903942809125631, 47.573458804367945 ], [ -52.904068797900884, 47.573684010486396 ], [ -52.903640778207617, 47.573968503826677 ], [ -52.903462320741284, 47.574021699198163 ], [ -52.90325809916741, 47.574140807616068 ], [ -52.903132791174919, 47.574278800710211 ], [ -52.903128015425118, 47.574457594189241 ], [ -52.903332813231742, 47.574701699658675 ], [ -52.90321090169067, 47.57490938789654 ], [ -52.903056702164058, 47.574941486516842 ], [ -52.902930298345581, 47.575022185823315 ], [ -52.902546092012692, 47.575443193987276 ], [ -52.902202701146464, 47.575727000073762 ], [ -52.902118014159157, 47.575829694086075 ], [ -52.902091202900273, 47.575940205956684 ], [ -52.901883483042077, 47.576091507520154 ], [ -52.901864804269806, 47.576194988216507 ], [ -52.901707001876169, 47.576361191339693 ], [ -52.901452805489427, 47.576669306050405 ], [ -52.901188391220998, 47.576768007781013 ], [ -52.900831999869396, 47.577237607554444 ], [ -52.900749406497724, 47.577454789437084 ], [ -52.9008384026085, 47.57768308771773 ], [ -52.900798895125256, 47.577775603186012 ], [ -52.900646814032903, 47.577922201610249 ], [ -52.900049700629154, 47.578979201029533 ], [ -52.899913896863033, 47.579111588078483 ], [ -52.899571698894285, 47.579350693749262 ], [ -52.899329100652608, 47.57961961530998 ], [ -52.899409987206646, 47.579752899109558 ], [ -52.899150087345966, 47.579978709218217 ], [ -52.899096515248473, 47.580199799974714 ], [ -52.899142593825907, 47.580450886084328 ], [ -52.89894298892591, 47.580595096277904 ], [ -52.898908102929497, 47.580712705437278 ], [ -52.898666724193276, 47.58093689590401 ], [ -52.898694383083637, 47.580985496986237 ], [ -52.898640904674956, 47.581104695977068 ], [ -52.898531891920378, 47.581126589825637 ], [ -52.898119503579416, 47.581804792218101 ], [ -52.897564813189952, 47.582272003592891 ], [ -52.897538007941336, 47.582382496121376 ], [ -52.89768138910042, 47.582650910775442 ], [ -52.897389017735399, 47.582904794824067 ], [ -52.897420089735199, 47.583023292771728 ], [ -52.897118280778372, 47.583329001368085 ], [ -52.897209692175089, 47.58346788769714 ], [ -52.897109905963724, 47.583539988553049 ], [ -52.896984602842934, 47.583575999363177 ], [ -52.896911294490828, 47.583843400419056 ], [ -52.896768411678188, 47.584040204720992 ], [ -52.896704189903716, 47.584079404257501 ] ] ] } },
{ "type": "Feature", "properties": { "FED_NUM": 10003, "ED_NAMEE": "Central Newfoundland", "ED_NAMEF": "Central Newfoundland", "REP_ORDER": "2023", "SHAPE_AREA": 57535533683.0, "SHAPE_LEN": 1116157.5658499999, "NUM_CF": null, "CF_NOMFR": null, "CF_NOMAN": null, "DEC_REP": null, "PROV_CODE": "10", "PROV_NAME": "NL" }, "geometry": { "type": "Polygon", "coordinates": [ [ [ -56.438048404125645, 50.115980412848202 ], [ -56.437967875978195, 50.116051846846943 ], [ -56.41894762513062, 50.133491598681914 ], [ -56.293491367075447, 50.248086504578332 ], [ -56.293230648074264, 50.248323872681908 ], [ -56.290666493848313, 50.250042906240388 ], [ -56.200001302672391, 50.31069664391039 ], [ -56.183342287325452, 50.321814077357004 ], [ -56.073989681921141, 50.395824139655929 ], [ -56.001892446791373, 50.414173627364107 ], [ -56.000004170810385, 50.414653297314587 ], [ -56.000000007022429, 50.414654364364495 ], [ -55.950042019118015, 50.427328286302846 ], [ -55.79325903588655, 50.46724983631681 ], [ -55.695123439583647, 50.491849331176731 ], [ -55.660811999832646, 50.500071910819052 ], [ -55.59139055798191, 50.51666287635976 ], [ -55.500000002487681, 50.53765191640354 ], [ -55.50000001342385, 50.500000008363841 ], [ -55.500000010227318, 50.297949871691443 ], [ -55.499999994087126, 50.250000007440612 ], [ -55.500000019962577, 50.197563702319066 ], [ -55.500000005429335, 50.121448823184934 ], [ -55.499999992119669, 50.086343254959544 ], [ -55.499999985439267, 50.047681451201655 ], [ -55.499999994119307, 50.038626532430435 ], [ -55.499999996456587, 50.000002275290441 ], [ -55.333054497103419, 50.000070254399404 ], [ -55.333057562054329, 50.000061459345865 ], [ -55.369705354612613, 49.893964376190176 ], [ -55.357804740739532, 49.895780667818336 ], [ -55.309529232162745, 49.904115158004785 ], [ -55.240630809111934, 49.915500311343344 ], [ -55.178341362766595, 49.925768247451529 ], [ -55.130372143452277, 49.933641429722577 ], [ -55.088936780416006, 49.941187134529955 ], [ -55.034044686308526, 49.946921684557402 ], [ -55.000000019759653, 49.947807012775613 ], [ -54.967082664257902, 49.948651795186635 ], [ -54.901609845336651, 49.950538384716694 ], [ -54.901612283047832, 49.950574918031528 ], [ -54.858174564048511, 49.952452280588993 ], [ -54.807808286132769, 49.954239741411392 ], [ -54.762250736358453, 49.956066332815681 ], [ -54.762046713147967, 49.956071879086743 ], [ -54.761984751674049, 49.956073573750807 ], [ -54.75635883978476, 49.9562264440804 ], [ -54.708046564703942, 49.958020221265492 ], [ -54.673134607075525, 49.959145256495923 ], [ -54.59530171488116, 49.962113650350261 ], [ -54.531161015276616, 49.964521454665395 ], [ -54.502084104641021, 49.96569282757595 ], [ -54.499999991471071, 49.965595292624691 ], [ -54.472857819466974, 49.964320905340017 ], [ -54.472858591069325, 49.964294685282979 ], [ -54.29238502872284, 49.957304773216876 ], [ -54.114533706473807, 49.950649658914209 ], [ -54.001415728075983, 49.946401393886674 ], [ -54.00000233771209, 49.946272426890708 ], [ -54.000000002210889, 49.946272215646751 ], [ -53.963900081908683, 49.942971131947253 ], [ -53.693459569516051, 49.919587826152956 ], [ -53.593506269673817, 49.910815673219346 ], [ -53.533098440077254, 49.905592891803835 ], [ -53.533204438795686, 49.905498670969635 ], [ -53.572976768931618, 49.870102741443077 ], [ -53.623298836290282, 49.824689340050675 ], [ -53.673993747961681, 49.779083618811626 ], [ -53.705561628717874, 49.750046519342419 ], [ -53.706041884861072, 49.749604402251954 ], [ -53.718139316654096, 49.744386690864147 ], [ -53.789518780137939, 49.711577111660063 ], [ -53.825335227743935, 49.695277584342662 ], [ -53.84982069725541, 49.683928081940351 ], [ -53.853318980531519, 49.681800433345416 ], [ -53.872447996918936, 49.670160520938985 ], [ -53.887025836283023, 49.661283361090291 ], [ -53.94023748002018, 49.629931961739686 ], [ -53.973016407855212, 49.611254883223637 ], [ -53.982684663060184, 49.605805103387283 ], [ -53.999990032572136, 49.596044706205078 ], [ -54.000000005595865, 49.59603908361531 ], [ -54.000009270943472, 49.596033864700942 ], [ -54.005982199467475, 49.592663376299441 ], [ -54.033902900432544, 49.576063366277417 ], [ -54.074551649831001, 49.552762568408781 ], [ -54.122489154642089, 49.524566251739834 ], [ -54.130861541910036, 49.5196356425133 ], [ -54.159686159746016, 49.503237089200034 ], [ -54.166162668480453, 49.50007500255925 ], [ -54.166170247091934, 49.500071313755441 ], [ -54.167387397127904, 49.499476936157137 ], [ -54.399994828678899, 49.479852180464945 ], [ -54.435232500844535, 49.476829386336171 ], [ -54.439633231413545, 49.443978239655756 ], [ -54.443590730069502, 49.414394427773203 ], [ -54.452203836489787, 49.349872635620081 ], [ -54.454630371551325, 49.331661504174519 ], [ -54.454931728068878, 49.330057126969223 ], [ -54.417568109259754, 49.328372215932554 ], [ -54.414234786666817, 49.3282212012586 ], [ -54.341353456581487, 49.327164247827405 ], [ -54.325103182806856, 49.326921147301583 ], [ -54.315883864372296, 49.326782014981397 ], [ -54.269588089394794, 49.149741351955676 ], [ -54.259093044443958, 49.109410051608634 ], [ -54.223968882871084, 48.973898081894312 ], [ -54.219862794491128, 48.958002576400318 ], [ -54.215167537739305, 48.939812408538685 ], [ -54.215160914009005, 48.939807896080524 ], [ -54.215158045995821, 48.939775766511914 ], [ -54.25682584391641, 48.905675371945321 ], [ -54.318991106943812, 48.854671407945474 ], [ -54.321369098227748, 48.814226501579647 ], [ -54.361019823884831, 48.750237662650669 ], [ -54.38701942383684, 48.708172703539041 ], [ -54.498341561630106, 48.527104459546017 ], [ -54.629313923940224, 48.312064406202261 ], [ -54.666824260005185, 48.250072835262642 ], [ -54.749730884576032, 48.11241273381512 ], [ -54.752684552526432, 48.107492006087114 ], [ -54.760526129042709, 48.094422570607009 ], [ -54.94086492531337, 47.791591448051086 ], [ -54.945149160154969, 47.782955957541986 ], [ -54.952170031612305, 47.776984774250593 ], [ -54.963965830161392, 47.759664626610238 ], [ -54.978558947380726, 47.750009197716473 ], [ -54.98166251214689, 47.747955131996292 ], [ -54.992757941614592, 47.730471038850048 ], [ -55.022181797805985, 47.710350588199802 ], [ -55.022368513127404, 47.701445633337251 ], [ -55.030089152078844, 47.680180987571077 ], [ -55.033787997047817, 47.676374261473413 ], [ -55.067372621176517, 47.652470759526082 ], [ -55.068130775971689, 47.641253960607386 ], [ -55.072118399327593, 47.637310252858072 ], [ -55.080581350620484, 47.635786480492293 ], [ -55.099093431831719, 47.614669995815198 ], [ -55.097124260051956, 47.59865244029875 ], [ -55.100663243671633, 47.587289837195875 ], [ -55.109780330005705, 47.567210981860178 ], [ -55.109652398897659, 47.567186544732834 ], [ -55.188612464957544, 47.500061688045548 ], [ -55.188618999476915, 47.500056097456252 ], [ -55.228635233825294, 47.465777135201975 ], [ -55.370193034862311, 47.402822966980722 ], [ -55.467518615756532, 47.359318219274819 ], [ -55.467579296225495, 47.359360842923429 ], [ -55.500000009086044, 47.345698027372308 ], [ -55.500005424104216, 47.345695751248215 ], [ -55.557585951549179, 47.32138284527278 ], [ -55.592792766270087, 47.306487313654536 ], [ -55.725752974517597, 47.250029309122382 ], [ -55.725754525124607, 47.250028651145023 ], [ -55.743667960410797, 47.242397433021615 ], [ -55.743667352877416, 47.242389874610083 ], [ -55.792257386617273, 47.221332686784635 ], [ -55.812429889745346, 47.220791097053656 ], [ -55.919440267709248, 47.217871522426123 ], [ -55.997907611503365, 47.216566170268152 ], [ -55.997922676903727, 47.216565930094809 ], [ -55.997578055931463, 47.242515770392437 ], [ -55.997529247693002, 47.250000795279014 ], [ -55.997529200442948, 47.250003280840069 ], [ -55.997192446890679, 47.301559519556612 ], [ -55.99714949706005, 47.308128884643438 ], [ -55.997176449674477, 47.308132989187897 ], [ -55.99714623771014, 47.310036758303895 ], [ -55.99704608952711, 47.31634260284789 ], [ -55.998501874666097, 47.316909484078785 ], [ -55.998909370076895, 47.317048251477239 ], [ -55.999999993427906, 47.317419638549268 ], [ -56.000004767200984, 47.317421238471411 ], [ -56.046714284629992, 47.333308985671714 ], [ -56.07208758560877, 47.341174740653223 ], [ -56.149362119830627, 47.362775152408631 ], [ -56.43873607066903, 47.439279424774014 ], [ -56.704284219753291, 47.579279379469781 ], [ -56.70495073689446, 47.579500856721012 ], [ -56.729119930808345, 47.587527274081332 ], [ -56.746892074716911, 47.599697886776404 ], [ -56.750151269417877, 47.606952771651187 ], [ -56.743151997236822, 47.615717704565625 ], [ -56.744504148049089, 47.619752403870898 ], [ -56.74941376630688, 47.622886940612183 ], [ -56.766383570799746, 47.625528884046311 ], [ -56.770106003176593, 47.632212088213642 ], [ -56.772277966645156, 47.636110712832902 ], [ -56.773132273412301, 47.643380729046122 ], [ -56.775642439298664, 47.649046988504331 ], [ -56.774080521103407, 47.651515656159354 ], [ -56.774227724490828, 47.651573572511175 ], [ -56.863915473750886, 47.675188673985545 ], [ -56.985893126664713, 47.707269126779146 ], [ -57.100688818047367, 47.736106614825644 ], [ -57.100689875203152, 47.736106869153659 ], [ -57.520139337875769, 47.843415130039666 ], [ -57.412279657008611, 48.130964220226083 ], [ -57.380592524675308, 48.214746409129724 ], [ -57.380589215270504, 48.214755094527575 ], [ -57.367192765423013, 48.250081690265333 ], [ -57.290362046007921, 48.45161333521861 ], [ -57.280425424514078, 48.477545033920308 ], [ -57.263322612364931, 48.522107446963453 ], [ -57.251566332494669, 48.552687510923683 ], [ -57.240750696276052, 48.58078349618188 ], [ -57.066875008244821, 48.850369516453114 ], [ -56.993163009136239, 48.963607416798624 ], [ -56.943649533570294, 49.149367444662161 ], [ -56.924820294475623, 49.219607455934529 ], [ -56.917909077348234, 49.244466756064817 ], [ -56.905135004963725, 49.293408099722889 ], [ -56.884211103092952, 49.370331464930764 ], [ -56.881719484115266, 49.379548746662607 ], [ -56.868647660308142, 49.427704960508329 ], [ -56.84771688250629, 49.504918461759267 ], [ -56.84642699247663, 49.519253537306646 ], [ -56.834420175570621, 49.539347617471918 ], [ -56.790934099448954, 49.611960806660278 ], [ -56.804479862136311, 49.619615905998764 ], [ -56.794603532623441, 49.632382548440383 ], [ -56.792388293167257, 49.634932649316418 ], [ -56.792494095488024, 49.634996742661194 ], [ -56.774088615850587, 49.671989688424773 ], [ -56.761682937907167, 49.696887182994871 ], [ -56.754099860538005, 49.71209145813323 ], [ -56.738138365076516, 49.744058961676444 ], [ -56.732578663320176, 49.750017499612305 ], [ -56.73257571396109, 49.750020649139202 ], [ -56.730345609561375, 49.752410197161453 ], [ -56.700959030860858, 49.783868954657429 ], [ -56.668789698763689, 49.818245622940694 ], [ -56.665699104838552, 49.821544924007775 ], [ -56.662729876746766, 49.824714075475505 ], [ -56.660498622472836, 49.827095235815577 ], [ -56.648329613858593, 49.843009544949489 ], [ -56.539715578290554, 49.984481104089234 ], [ -56.527728970943308, 50.000031232491935 ], [ -56.527554042231742, 50.000258071378695 ], [ -56.505573249198342, 50.028741004404459 ], [ -56.499999982208706, 50.035956273851987 ], [ -56.438048404125645, 50.115980412848202 ] ] ] } },
{ "type": "Feature", "properties": { "FED_NUM": 10004, "ED_NAMEE": "Labrador", "ED_NAMEF": "Labrador", "REP_ORDER": "2023", "SHAPE_AREA": 334056287749.0, "SHAPE_LEN": 5831256.3387500001, "NUM_CF": null, "CF_NOMFR": null, "CF_NOMAN": null, "DEC_REP": null, "PROV_CODE": "10", "PROV_NAME": "NL" }, "geometry": { "type": "Polygon", "coordinates": [ [ [ -64.533984585575396, 60.3410616447661 ], [ -64.500000006760487, 60.366245855336672 ], [ -64.491407591208983, 60.372605559736357 ], [ -64.433100090290438, 60.377744012655548 ], [ -64.4290141828549, 60.377698483391889 ], [ -64.1848695670636, 60.374676014377201 ], [ -64.15582031885701, 60.250057341742675 ], [ -64.138627840662764, 60.17216979975985 ], [ -64.0725214672823, 60.059356432790828 ], [ -64.067746097861644, 60.055519281671252 ], [ -64.000117318607607, 60.001060136813784 ], [ -63.999999971472043, 60.00102668982705 ], [ -63.999979631591742, 60.000005808664284 ], [ -63.995898807308954, 60.000003957109747 ], [ -63.859280956674539, 59.96568663821153 ], [ -63.768783272223665, 59.922439095346149 ], [ -63.657718034031397, 59.820119008890252 ], [ -63.582651131594943, 59.750054880875773 ], [ -63.500000019582899, 59.672511020036367 ], [ -63.42760882334634, 59.604245551788836 ], [ -63.313736318075819, 59.500047444066865 ], [ -63.277461347524294, 59.466693607447489 ], [ -63.210152408813578, 59.396315805466408 ], [ -63.071040753760279, 59.250051194818404 ], [ -63.000000026423642, 59.174797546103889 ], [ -62.993930159102305, 59.168350048382251 ], [ -62.92579749596991, 59.096959382503861 ], [ -62.833274472071253, 59.000056317094568 ], [ -62.830330866397937, 58.996963013728859 ], [ -62.715636831400261, 58.907118587606554 ], [ -62.543083569125663, 58.752166400638025 ], [ -62.540908859849047, 58.750034959406371 ], [ -62.500000013542575, 58.709882531813413 ], [ -62.312794188408702, 58.524739714744108 ], [ -62.287476829584371, 58.500032761832117 ], [ -62.215657488405824, 58.429720948556799 ], [ -62.14511908342179, 58.343047459501705 ], [ -62.094692605750581, 58.250060944762382 ], [ -62.092303868757817, 58.24564309496575 ], [ -62.039941602354276, 58.105265555714993 ], [ -62.013929117350152, 58.000013713256187 ], [ -62.000000004083589, 57.99999999871369 ], [ -61.749999981421951, 57.999999996649393 ], [ -61.499999999284071, 57.999999988114055 ], [ -61.500000005811273, 57.990652493099816 ], [ -61.493393251115577, 57.990611586661053 ], [ -61.354192721057714, 57.79173830574473 ], [ -61.323975489726742, 57.750054718239554 ], [ -61.183510151364196, 57.554873257822521 ], [ -61.147483655842137, 57.500063978771244 ], [ -61.01542731571115, 57.297597027007271 ], [ -60.999999983810952, 57.272888784265177 ], [ -60.985737902293607, 57.25001431806399 ], [ -60.849217844317742, 57.029467398280353 ], [ -60.832429313580548, 57.000059261509541 ], [ -60.70045745164402, 56.767109466942216 ], [ -60.690610502374959, 56.75004888198302 ], [ -60.560060904587623, 56.522249122491729 ], [ -60.547425926719917, 56.500041774589739 ], [ -60.535355951465867, 56.478800771570228 ], [ -60.534807301768893, 56.477856163775932 ], [ -60.500000009230682, 56.417822988761166 ], [ -60.478280581525162, 56.380257214508411 ], [ -60.440169262985485, 56.281635928029111 ], [ -60.428009770686067, 56.250056076753211 ], [ -60.421762325907828, 56.233808974650501 ], [ -60.36964226611218, 56.093096606599268 ], [ -60.329201935497146, 56.000777012329515 ], [ -60.329065768796141, 56.00070569495135 ], [ -60.327831043771184, 56.000059030967755 ], [ -60.115815888712085, 55.888484751393925 ], [ -60.000387322394801, 55.834085745487037 ], [ -59.999999979821119, 55.834006803220184 ], [ -59.858981876909063, 55.805155268686654 ], [ -59.608026346753256, 55.756162711562666 ], [ -59.582601181817111, 55.750061310269196 ], [ -59.500000010749474, 55.749999999448512 ], [ -59.499999998957023, 55.730185712802822 ], [ -59.240369257166066, 55.66717959750369 ], [ -59.128889801256754, 55.639876787111902 ], [ -58.999999989429931, 55.603871648607821 ], [ -58.880372562390207, 55.570259343343828 ], [ -58.679607348229304, 55.50654243946537 ], [ -58.675009050837708, 55.505076319904376 ], [ -58.66461483969794, 55.500062705963856 ], [ -58.598943075943502, 55.468332885485943 ], [ -58.500000000200785, 55.420549968872457 ], [ -58.465117165159853, 55.403654049188489 ], [ -58.177389441149359, 55.250057848441493 ], [ -58.009490529889135, 55.159504672173433 ], [ -57.999999994676877, 55.156629052149512 ], [ -57.796627018896757, 55.094706866000415 ], [ -57.628428308496893, 55.038691015455356 ], [ -57.523410460583086, 55.00350305816675 ], [ -57.513024001286674, 55.000013949423241 ], [ -57.500000020973836, 54.995636545586059 ], [ -57.483155107270001, 54.989971169850705 ], [ -57.179699746065722, 54.891905635789712 ], [ -57.065539769926652, 54.853434393757809 ], [ -56.999999998807652, 54.826580597108496 ], [ -56.996492222989431, 54.825141182538204 ], [ -56.961373910573059, 54.810718316472972 ], [ -56.8919176876243, 54.767107296862811 ], [ -56.870099927594246, 54.750070932168327 ], [ -56.869119446900186, 54.749304889661261 ], [ -56.795494637241056, 54.688907191048706 ], [ -56.795653520900686, 54.6889077290869 ], [ -56.575908406229793, 54.51356627054551 ], [ -56.560707587427629, 54.50005257764726 ], [ -56.500000000567461, 54.44596779043092 ], [ -56.420739081231673, 54.375075212360251 ], [ -56.298255080284328, 54.25004480817163 ], [ -56.226205342754, 54.177707771392598 ], [ -56.226022483103925, 54.177706951772336 ], [ -56.088535715936786, 54.038253738808265 ], [ -56.05377802609479, 54.00004887961564 ], [ -56.000000003977874, 53.94076859501827 ], [ -55.984321147084508, 53.923446900983016 ], [ -55.909385103158975, 53.843549984507057 ], [ -55.820464158652356, 53.763856347341161 ], [ -55.805014439952878, 53.750049985952934 ], [ -55.783052557285075, 53.730403718399934 ], [ -55.714034725265265, 53.668506788703958 ], [ -55.672615656856372, 53.621902604695279 ], [ -55.616034807017051, 53.509894280546014 ], [ -55.613134230905111, 53.500072564094154 ], [ -55.593389320476881, 53.433083165893983 ], [ -55.574434539521931, 53.335358105490286 ], [ -55.573231951711996, 53.332828969820476 ], [ -55.533950782843498, 53.250034589993717 ], [ -55.507793615884331, 53.194704351000702 ], [ -55.505246581113362, 53.18930817917586 ], [ -55.505707925206089, 53.059309809317504 ], [ -55.505701773944622, 53.000006600624722 ], [ -55.505691164951656, 52.897812346230594 ], [ -55.505988030714626, 52.811588156849986 ], [ -55.506199314825437, 52.750007205945771 ], [ -55.5062452196672, 52.736611002299092 ], [ -55.506209351699574, 52.724310299625763 ], [ -55.50581991084556, 52.590250088752121 ], [ -55.505744837191052, 52.564302272224801 ], [ -55.506040529558049, 52.500007068963448 ], [ -55.506084865769786, 52.490363736691478 ], [ -55.506815529622621, 52.33054593170101 ], [ -55.506825252485712, 52.310874804227375 ], [ -55.506842739716269, 52.275456052100949 ], [ -55.506855284213678, 52.250008056976277 ], [ -55.506969730408358, 52.016530282531654 ], [ -55.499995269210565, 52.016568200107763 ], [ -55.177891783286164, 52.019524139110516 ], [ -55.182434838512783, 52.000059809887048 ], [ -55.238440298598476, 51.75859155395041 ], [ -55.499999998733976, 51.750635523937987 ], [ -55.519304774799252, 51.750021731776258 ], [ -55.553320946069974, 51.748931310911665 ], [ -55.58278857010562, 51.747977531940322 ], [ -55.767885205048337, 51.741791212497006 ], [ -55.7679728027328, 51.741788639013258 ], [ -55.975808832414764, 51.735487661506355 ], [ -56.393366739506916, 51.572939576516589 ], [ -56.595495200809239, 51.493186178780945 ], [ -56.832282065790707, 51.398861793724258 ], [ -57.109571464582515, 51.28716326420011 ], [ -57.108832296345142, 51.378885650092947 ], [ -57.108986596993248, 51.378782368426251 ], [ -57.108969543539594, 51.392162373687484 ], [ -57.108783982325711, 51.401195739849335 ], [ -57.10856639581111, 51.411784739339907 ], [ -57.108492603849072, 51.415374180024159 ], [ -57.108537140367552, 51.415401124759143 ], [ -57.108542975085371, 51.415634902907144 ], [ -57.108484917757657, 51.420514776735288 ], [ -57.108331597562, 51.435511912485019 ], [ -57.10820180538947, 51.44820098725139 ], [ -57.108063194384577, 51.461742358501638 ], [ -57.107987942042307, 51.469088101488886 ], [ -57.107971399583128, 51.470705260327726 ], [ -57.10795087764658, 51.472709668834845 ], [ -57.107917162019056, 51.475999565380057 ], [ -57.107898211536039, 51.477848574684238 ], [ -57.107881622288907, 51.479466915410818 ], [ -57.107830212249318, 51.484484012381181 ], [ -57.107799729698925, 51.487458219317297 ], [ -57.10775021534095, 51.492288043634865 ], [ -57.107733929313362, 51.493874671889948 ], [ -57.107680930473677, 51.499043172153087 ], [ -57.107670352554656, 51.500075192748625 ], [ -57.107658853193072, 51.501197763368893 ], [ -57.107598865148013, 51.507042240892915 ], [ -57.107562921240465, 51.510546586258386 ], [ -57.1075497662722, 51.511826708909453 ], [ -57.107531241154653, 51.513632970521392 ], [ -57.107482922650142, 51.518339131178884 ], [ -57.107462274544481, 51.520098583898694 ], [ -57.107457230333424, 51.520529401693047 ], [ -57.108084872889421, 51.520530020127104 ], [ -57.108073381931789, 51.521380443798634 ], [ -57.107859393487587, 51.537227391624349 ], [ -57.107833547503688, 51.539139943563868 ], [ -57.107775610555827, 51.543427873230357 ], [ -57.107813016949905, 51.56046785287667 ], [ -57.107834542354468, 51.570263916377769 ], [ -57.107836775644344, 51.571273999295805 ], [ -57.107870403018126, 51.586576230999491 ], [ -57.107879987784251, 51.590928202802068 ], [ -57.105859111292126, 51.590975537109308 ], [ -57.105735059766772, 51.606015353825121 ], [ -57.105684326164841, 51.616311459857258 ], [ -57.105670086553204, 51.619208550171912 ], [ -57.105591313140522, 51.635182496676741 ], [ -57.105486400085645, 51.65645137315606 ], [ -57.105493278714071, 51.657210796243497 ], [ -57.105772354630162, 51.688081029467689 ], [ -57.106045038605124, 51.718196062342187 ], [ -57.106078906657309, 51.721932250817844 ], [ -57.106184990604461, 51.733635749730531 ], [ -57.106279578815865, 51.744067545218094 ], [ -57.106313011569682, 51.747751279300651 ], [ -57.10631206504501, 51.750074521418043 ], [ -57.106310980658904, 51.752764030111365 ], [ -57.106306779201304, 51.763132622055053 ], [ -57.106303491315217, 51.771352724375276 ], [ -57.106302622289498, 51.773544362725808 ], [ -57.106296010993518, 51.789803179260893 ], [ -57.106858714672057, 51.839675068757948 ], [ -57.107549489763947, 51.923450173775763 ], [ -57.107608286890162, 51.944502725059607 ], [ -57.107662114389775, 51.963760144265535 ], [ -57.107723154323303, 51.985576088427315 ], [ -57.107740558536761, 51.991781199803974 ], [ -57.107759373027399, 51.998494772030483 ], [ -57.134302492410903, 51.998440977589347 ], [ -57.168993651503037, 51.998360370608829 ], [ -57.217192299874554, 51.998228964381816 ], [ -57.253736638507128, 51.998114298838743 ], [ -57.253972312579421, 51.998258776571504 ], [ -57.255153417445044, 51.998481010451705 ], [ -57.255329085812441, 51.998109010773113 ], [ -57.26684826241307, 51.998069998292884 ], [ -57.279572967402622, 51.998025428718307 ], [ -57.3193816849763, 51.997875792367701 ], [ -57.442802955711393, 51.997915562407186 ], [ -57.449208566958816, 51.997913576276268 ], [ -57.490149753144422, 51.997891591200165 ], [ -57.500000020292049, 51.997883857356896 ], [ -57.541210234070924, 51.997841329946169 ], [ -57.588165387349882, 51.99777281374039 ], [ -57.631385761078526, 51.997690813707116 ], [ -57.681869871336275, 51.997572085518023 ], [ -57.705455889447194, 51.997508138788113 ], [ -57.785983072202967, 51.997249119176232 ], [ -57.80888663728016, 51.997163958124929 ], [ -57.810372848353637, 51.997158264940254 ], [ -57.881965461110987, 51.996858184286872 ], [ -57.893568815824764, 51.996804880390769 ], [ -57.964734987785221, 51.996449284307907 ], [ -57.972199207618758, 51.996474898607865 ], [ -57.999999996756792, 51.996565620828612 ], [ -58.1650672437409, 51.996949790101731 ], [ -58.322926446693067, 51.997069812552894 ], [ -58.499999992737315, 51.997530042375359 ], [ -58.52318314469602, 51.997567755865532 ], [ -58.631756946092736, 51.997675039276658 ], [ -58.679962394977608, 51.997685997891097 ], [ -58.786629895838061, 51.997602095037202 ], [ -58.980797490399006, 51.997165984258757 ], [ -58.999999992909657, 51.997102983513578 ], [ -59.034409549861067, 51.996981121618184 ], [ -60.201707304928377, 51.997232279764795 ], [ -60.213533761055373, 51.9972098711809 ], [ -60.441692060585396, 51.996511876060787 ], [ -60.499999992296445, 51.996724657040851 ], [ -60.786813890253647, 51.997291092381836 ], [ -60.883378849557253, 51.997113392000671 ], [ -60.999999990772395, 51.996778139266389 ], [ -61.11523980694674, 51.996317184784395 ], [ -61.129886092204799, 51.996249370415931 ], [ -61.181150170280844, 51.996371554590333 ], [ -61.210771388006378, 51.996430530776351 ], [ -61.213564975316714, 51.996435651536252 ], [ -61.221211570228711, 51.996449275933458 ], [ -61.240944201703194, 51.996481844723043 ], [ -61.368600475358384, 51.996601182527755 ], [ -61.383956651477284, 51.996604867095222 ], [ -61.46820578291527, 51.99658446070363 ], [ -61.50000002046994, 51.996558830086691 ], [ -61.643426114157961, 51.996321355607456 ], [ -61.653999900769897, 51.996295947282199 ], [ -61.729754897618925, 51.996082168170759 ], [ -61.746913111072686, 51.996026010396335 ], [ -61.806521658581971, 51.995808709022072 ], [ -61.999999994317328, 51.996696048987872 ], [ -62.001550522938693, 51.996701715918768 ], [ -62.021738572977775, 51.996773056501368 ], [ -62.142622113475447, 51.997117540844897 ], [ -62.147280155442189, 51.997127977779002 ], [ -62.160497880800172, 51.997156470464546 ], [ -62.332893348239431, 51.997372497211657 ], [ -62.346367182009764, 51.997377242526667 ], [ -62.500000011528705, 51.99730664451792 ], [ -62.514189788443097, 51.997288557247686 ], [ -62.551633950542694, 51.997304119213567 ], [ -62.698768506437183, 51.997233439935513 ], [ -62.844182289211801, 51.996957123586569 ], [ -62.870287281415301, 51.997032352829571 ], [ -62.894310825624679, 51.997095725330006 ], [ -62.919734096161676, 51.997156691812201 ], [ -62.946052512839927, 51.997213179724056 ], [ -62.959567666174792, 51.99723959153863 ], [ -62.999999992688437, 51.997307995026546 ], [ -63.000196882279063, 51.997308287812132 ], [ -63.116550550515683, 51.997416408894878 ], [ -63.203805281466515, 51.997411261643002 ], [ -63.225528437493232, 51.997398489074662 ], [ -63.341654135231082, 51.997463309424681 ], [ -63.385392838383183, 51.997453809113203 ], [ -63.499999994086885, 51.997340828313718 ], [ -63.520128576182842, 51.99730782425182 ], [ -63.533004311974032, 51.997284636867505 ], [ -63.540938631000849, 51.997311194084887 ], [ -63.564758764623726, 51.997387234794019 ], [ -63.677366633759746, 51.99767220719491 ], [ -63.728925484529519, 51.997761595367642 ], [ -63.757125225135091, 51.997799573478993 ], [ -63.801462640078213, 51.997843676942914 ], [ -63.806392277240079, 52.000142566438647 ], [ -63.806402298551426, 52.000596616450217 ], [ -63.806449652230171, 52.000946863582477 ], [ -63.806428412550737, 52.001058198453038 ], [ -63.80624250526418, 52.001321320154887 ], [ -63.806175153667787, 52.001659461875192 ], [ -63.806105363546251, 52.001826961947479 ], [ -63.805878193263773, 52.002282402581194 ], [ -63.805735215402358, 52.002466973708934 ], [ -63.805687030328237, 52.002869826056475 ], [ -63.805078167974166, 52.003043319162863 ], [ -63.804942543066481, 52.003132453951665 ], [ -63.803630473779627, 52.004311573642298 ], [ -63.803294250268941, 52.004700167990897 ], [ -63.8030751428306, 52.004818469851102 ], [ -63.802521590908924, 52.005207552873607 ], [ -63.802017397992245, 52.005597447674695 ], [ -63.801559373404558, 52.006136413097629 ], [ -63.801068818557695, 52.006741871651862 ], [ -63.800895795360333, 52.007086456492409 ], [ -63.800628315808815, 52.007482324939261 ], [ -63.80055879790379, 52.007716816641462 ], [ -63.800486311627516, 52.007945219827072 ], [ -63.80049652344686, 52.008164864217996 ], [ -63.800384374609898, 52.008699405617698 ], [ -63.800394589414765, 52.008953866584548 ], [ -63.800360149595861, 52.009180502360117 ], [ -63.800375819739656, 52.009576962417931 ], [ -63.800389918303807, 52.009782414079652 ], [ -63.80043211441842, 52.0100228625451 ], [ -63.800506008780943, 52.01013991903671 ], [ -63.800642296615685, 52.010435488076141 ], [ -63.800879813832196, 52.010932425702478 ], [ -63.800907323360683, 52.011209206152763 ], [ -63.801011318797521, 52.011542174783422 ], [ -63.801075567832278, 52.011805352314397 ], [ -63.801232961177696, 52.012047714888688 ], [ -63.801363411572623, 52.012379064373185 ], [ -63.801366893060944, 52.013358464970601 ], [ -63.801362049588313, 52.013470109919488 ], [ -63.80118006864712, 52.013641868738617 ], [ -63.801312593449389, 52.014076805354982 ], [ -63.801343685223557, 52.014195162978005 ], [ -63.8015098580196, 52.014311698634295 ], [ -63.801588882462624, 52.014538568403722 ], [ -63.801957647774088, 52.015144065698905 ], [ -63.802067915899784, 52.015334862336985 ], [ -63.802073310875436, 52.015588895891291 ], [ -63.802384855362845, 52.015846064808663 ], [ -63.802558924235093, 52.016013374628727 ], [ -63.802694661504582, 52.016143797484993 ], [ -63.803101016861646, 52.016416706602485 ], [ -63.803366705935026, 52.016591767280019 ], [ -63.803865747256324, 52.016854021256989 ], [ -63.804759500584389, 52.017354405020306 ], [ -63.80547807857279, 52.017642609046916 ], [ -63.806046855803466, 52.017891754404587 ], [ -63.806460108858779, 52.018112719775615 ], [ -63.806605335897537, 52.018152962893041 ], [ -63.806776724725275, 52.018224850268965 ], [ -63.80711131358926, 52.018407165719331 ], [ -63.807652319654018, 52.018765621702713 ], [ -63.807889117666683, 52.018848754085653 ], [ -63.808179570281062, 52.018985659183294 ], [ -63.808605175860301, 52.019120661788605 ], [ -63.809480110007861, 52.019450005642923 ], [ -63.809705679605216, 52.019565507084039 ], [ -63.809730306847541, 52.019604509611817 ], [ -63.810077909834092, 52.019791058790261 ], [ -63.810466620494182, 52.020016902430555 ], [ -63.810750121087828, 52.020239019923004 ], [ -63.811158654925428, 52.020615569456297 ], [ -63.811846370628331, 52.021315715880569 ], [ -63.812015178596148, 52.021448570959471 ], [ -63.812228526395167, 52.021693872401208 ], [ -63.812429690625606, 52.02199181946596 ], [ -63.812579373764073, 52.022339720970855 ], [ -63.812711437685628, 52.022408920365827 ], [ -63.812802742213719, 52.022505912695522 ], [ -63.813128040337453, 52.023133007637028 ], [ -63.813266391086337, 52.02359045506654 ], [ -63.813402977430819, 52.024088515533805 ], [ -63.813433925963309, 52.024438515076412 ], [ -63.813410708131656, 52.024899366558685 ], [ -63.813563239491842, 52.025562217651029 ], [ -63.813670196226951, 52.026287307685799 ], [ -63.813265108830706, 52.028800321532685 ], [ -63.813138007381674, 52.029149708362716 ], [ -63.812893057554071, 52.029558172786089 ], [ -63.812603383236521, 52.030163017039001 ], [ -63.812552566853505, 52.030347117306583 ], [ -63.812447414853686, 52.03087367018675 ], [ -63.812442730667186, 52.031515667769909 ], [ -63.812433716491839, 52.032027624139317 ], [ -63.812516409223626, 52.032096016433357 ], [ -63.812601526978639, 52.032489608872474 ], [ -63.812672855796436, 52.032667573269478 ], [ -63.812875485641484, 52.032935056343817 ], [ -63.813058568940093, 52.033196101069834 ], [ -63.81333480655713, 52.033436365214712 ], [ -63.813436160358577, 52.033531513790045 ], [ -63.813603276383866, 52.033704961455726 ], [ -63.813876540196304, 52.033861870233331 ], [ -63.814101729140454, 52.033987474565087 ], [ -63.81420043667385, 52.034066323986146 ], [ -63.814473276851473, 52.03415611886966 ], [ -63.814823741043888, 52.034311332959007 ], [ -63.814835375910327, 52.034316499662999 ], [ -63.814851462233314, 52.034318829407034 ], [ -63.815310131482988, 52.034385257987637 ], [ -63.815437381135254, 52.034432836399148 ], [ -63.816129230750654, 52.034567373485409 ], [ -63.816173775736189, 52.034566507449014 ], [ -63.816528162105897, 52.034559664089457 ], [ -63.817080902614812, 52.034576866797387 ], [ -63.817561338189613, 52.034513666774046 ], [ -63.818195620209572, 52.034398098434018 ], [ -63.818987195411921, 52.034148967006544 ], [ -63.819276606068115, 52.034084601012069 ], [ -63.819819906097877, 52.033861868666023 ], [ -63.820371440780569, 52.033677865844787 ], [ -63.820575122773413, 52.033538952357503 ], [ -63.820781379451134, 52.033416314728896 ], [ -63.820959428457293, 52.03325871907348 ], [ -63.821040500167733, 52.033058863063182 ], [ -63.821248969428055, 52.032885526847423 ], [ -63.82126852922471, 52.032660305789236 ], [ -63.821434047262755, 52.032411072197263 ], [ -63.821283795110688, 52.031234123795848 ], [ -63.821277141617806, 52.031076551860323 ], [ -63.821226646514774, 52.029881920727291 ], [ -63.821377977143847, 52.029504411243238 ], [ -63.821433921591854, 52.029275721705389 ], [ -63.821781407292868, 52.028854722113074 ], [ -63.822017224461995, 52.028427823003049 ], [ -63.822033315866598, 52.028283818929253 ], [ -63.822277259783377, 52.027972847771544 ], [ -63.822405071302228, 52.027911959627261 ], [ -63.822730004700205, 52.027632800397249 ], [ -63.82301976618659, 52.02763552520188 ], [ -63.823582523420235, 52.027264707632504 ], [ -63.823961444222185, 52.027337950564771 ], [ -63.826590202663816, 52.028640671901179 ], [ -63.82686739161764, 52.02893780789379 ], [ -63.827058616490049, 52.029778111610433 ], [ -63.827210551443841, 52.03007521125101 ], [ -63.827265925199441, 52.030397157592851 ], [ -63.827333434768086, 52.030975319625924 ], [ -63.827521565371548, 52.031532105223611 ], [ -63.82757022777038, 52.031676152139738 ], [ -63.827580531315448, 52.032127467991792 ], [ -63.827655817418588, 52.032842802292642 ], [ -63.827704604728865, 52.033305977560957 ], [ -63.827712486950958, 52.034888956752724 ], [ -63.827592652997346, 52.036146853374433 ], [ -63.827534325307013, 52.036694462287819 ], [ -63.827482429522817, 52.0371814103516 ], [ -63.827486669181866, 52.037543152293019 ], [ -63.82736523461049, 52.038069475904862 ], [ -63.827361300679954, 52.038392508734816 ], [ -63.827521370651503, 52.039577779161249 ], [ -63.827465408938103, 52.039806468018391 ], [ -63.827546384436076, 52.040069918383026 ], [ -63.82767549819841, 52.040210166140859 ], [ -63.827856445319291, 52.040753669948153 ], [ -63.828132701945648, 52.041379973454013 ], [ -63.828558967057624, 52.042045265771826 ], [ -63.828809336140644, 52.042817426519832 ], [ -63.828979063234819, 52.043161563626285 ], [ -63.829372754655985, 52.043633442161251 ], [ -63.829405307010866, 52.04367247093387 ], [ -63.829543053353014, 52.044073021892586 ], [ -63.82962932479893, 52.04421460451217 ], [ -63.829631868660016, 52.044384292375703 ], [ -63.829633567097908, 52.044499178572387 ], [ -63.829682986678556, 52.044577178631151 ], [ -63.829705049758843, 52.044596338606766 ], [ -63.829845040236812, 52.04471801811782 ], [ -63.830073793037045, 52.04491682926264 ], [ -63.83022234082167, 52.045140723827572 ], [ -63.830394328122907, 52.045356856976397 ], [ -63.830766550401123, 52.045669773302997 ], [ -63.831052013266032, 52.046391772431484 ], [ -63.83122446271976, 52.046597762502728 ], [ -63.83138648652546, 52.046970269228488 ], [ -63.831584058602409, 52.047205117118281 ], [ -63.83219370380484, 52.047822572395745 ], [ -63.832255218648058, 52.048002378448246 ], [ -63.832392125420817, 52.048191569610367 ], [ -63.832584081695146, 52.048481229024212 ], [ -63.832816808304692, 52.048897508459071 ], [ -63.832987920376297, 52.049288406421219 ], [ -63.833122695515684, 52.049373919981555 ], [ -63.833203712636539, 52.049482915285495 ], [ -63.833363224000948, 52.04968467474491 ], [ -63.83367178485549, 52.050022960719033 ], [ -63.833767065052761, 52.050414675192705 ], [ -63.833910487173604, 52.050605956681906 ], [ -63.834050473986345, 52.050878516136358 ], [ -63.834084296168875, 52.051167612625242 ], [ -63.834205164545651, 52.051500761108066 ], [ -63.834381111408732, 52.051625563376405 ], [ -63.834492937771444, 52.051785930621413 ], [ -63.834557062095421, 52.052059214872067 ], [ -63.834695723024836, 52.052207812365097 ], [ -63.834835285298425, 52.052336066317196 ], [ -63.834932795695281, 52.052522574732201 ], [ -63.835129121751748, 52.053173968346421 ], [ -63.835142561013903, 52.053322514284005 ], [ -63.835236634650897, 52.053435818207369 ], [ -63.83532634564019, 52.053496168246099 ], [ -63.835468016056574, 52.053805313947201 ], [ -63.835700774621849, 52.054607716992301 ], [ -63.835862045314478, 52.054768824420755 ], [ -63.836158480424103, 52.054928076448164 ], [ -63.836434153678454, 52.055111366198062 ], [ -63.8365697731235, 52.055331018795094 ], [ -63.837112036396846, 52.055447518809125 ], [ -63.837331781242703, 52.055627860024259 ], [ -63.837619141374965, 52.055768682579277 ], [ -63.838215118926485, 52.055938871715036 ], [ -63.838795960813258, 52.056001115311091 ], [ -63.83928318372535, 52.056171563516664 ], [ -63.840072941944932, 52.056359126770204 ], [ -63.840249811812754, 52.056540825785255 ], [ -63.840303991511043, 52.0566615781621 ], [ -63.841138362287843, 52.056498275482696 ], [ -63.83994195863167, 52.06400186076133 ], [ -63.839726508452308, 52.064106064026049 ], [ -63.839677643453165, 52.06415155381503 ], [ -63.839554881201025, 52.064265878892627 ], [ -63.839456479361949, 52.064331322906753 ], [ -63.839424373049077, 52.064387710150164 ], [ -63.839388053004093, 52.064777263504254 ], [ -63.839416227012059, 52.064966709561098 ], [ -63.839343842230008, 52.065117975691209 ], [ -63.839393271473412, 52.065350419279987 ], [ -63.839275788439132, 52.065476582764603 ], [ -63.839176990485051, 52.065706612049617 ], [ -63.839493074414996, 52.066026713760657 ], [ -63.839402061652841, 52.066614578188215 ], [ -63.839192724730069, 52.067806883487812 ], [ -63.838309046719274, 52.072839719920324 ], [ -63.838037174871552, 52.072796730991534 ], [ -63.83801375659268, 52.07288167673078 ], [ -63.837948251566417, 52.072947676384644 ], [ -63.837901007373382, 52.072973322333418 ], [ -63.83736593418228, 52.073070322593587 ], [ -63.836902818459016, 52.073412375235385 ], [ -63.836621006994761, 52.073465249572351 ], [ -63.836204686641629, 52.073543319559271 ], [ -63.835384228805594, 52.074220970703443 ], [ -63.835183875465226, 52.074355921531541 ], [ -63.834998275547257, 52.074686215669757 ], [ -63.834814359642365, 52.074821409594854 ], [ -63.83429534925687, 52.075314915248391 ], [ -63.834160473051462, 52.07546106171435 ], [ -63.83409496813622, 52.075604323580521 ], [ -63.834106682795195, 52.07579353347095 ], [ -63.834127036367562, 52.07601131397135 ], [ -63.834334736295773, 52.076321512547224 ], [ -63.83469034049962, 52.076567068063454 ], [ -63.834783136440777, 52.076865281461394 ], [ -63.834841528199725, 52.07702193470584 ], [ -63.834883736307653, 52.077135168151131 ], [ -63.835221592974889, 52.077410920246464 ], [ -63.835349476047163, 52.077504479466903 ], [ -63.835773163728916, 52.077932025003172 ], [ -63.836262375851248, 52.078602467313878 ], [ -63.836547338148875, 52.079267566843548 ], [ -63.836732974632071, 52.079477866056081 ], [ -63.836929478724109, 52.079897675121174 ], [ -63.837146791810895, 52.080061728411053 ], [ -63.837281228008351, 52.080234618666559 ], [ -63.835871890422858, 52.081670588720691 ], [ -63.835762617059324, 52.081758201918618 ], [ -63.835373190848586, 52.081918589024745 ], [ -63.834982779143616, 52.081944801096178 ], [ -63.834788499920421, 52.081860306808636 ], [ -63.834669687963327, 52.081862404076638 ], [ -63.833835983751911, 52.08207249198643 ], [ -63.83367290152875, 52.082183587583302 ], [ -63.833576579437334, 52.082430006302381 ], [ -63.833443908130533, 52.082448194613555 ], [ -63.833312889980171, 52.082425705996201 ], [ -63.833110005966368, 52.082235498743941 ], [ -63.832781179697868, 52.082055301793318 ], [ -63.832539198246998, 52.082006707173832 ], [ -63.832280700082812, 52.082034995361255 ], [ -63.832213020295015, 52.082074594775648 ], [ -63.832064616737952, 52.082612695436517 ], [ -63.831796605903619, 52.082864414364678 ], [ -63.831365419864184, 52.083072903244997 ], [ -63.831151117246947, 52.083455496674695 ], [ -63.830959396365138, 52.083619002042944 ], [ -63.830778893270853, 52.083672999006716 ], [ -63.830462294011767, 52.083671887152377 ], [ -63.830331295766619, 52.08364948725049 ], [ -63.830268887710254, 52.08356720164528 ], [ -63.830230710530643, 52.083379590850917 ], [ -63.829965276503074, 52.083261404759988 ], [ -63.829740605749194, 52.083270015453678 ], [ -63.829071691615958, 52.083482597628795 ], [ -63.828651895815462, 52.083581506966716 ], [ -63.82825631165769, 52.083574997274788 ], [ -63.827417497722038, 52.083443504693655 ], [ -63.82717107110922, 52.083470843881486 ], [ -63.827066084437888, 52.083482491993784 ], [ -63.826985055464789, 52.083548634854672 ], [ -63.82672428977326, 52.083761385293094 ], [ -63.826734612368234, 52.083981089556261 ], [ -63.827095419853244, 52.084645401979003 ], [ -63.82713169937184, 52.085182608995446 ], [ -63.827250492204364, 52.085334902555879 ], [ -63.827252200675673, 52.085448687953416 ], [ -63.827149802229641, 52.085528311381253 ], [ -63.826718589545429, 52.085582284099182 ], [ -63.826449715803683, 52.085545409012767 ], [ -63.825802595456224, 52.085250312077804 ], [ -63.825490403639272, 52.084993205924427 ], [ -63.825212813221675, 52.084850490703779 ], [ -63.824834694167059, 52.08443790683905 ], [ -63.824769705642723, 52.084416547282373 ], [ -63.824613492756171, 52.084365196990071 ], [ -63.824117278969602, 52.084397706377565 ], [ -63.822914798740236, 52.084743885696795 ], [ -63.822862489859467, 52.084782067597253 ], [ -63.822642311058175, 52.084942693533989 ], [ -63.82271518116027, 52.085090201152141 ], [ -63.823013474292701, 52.085208805038967 ], [ -63.823292778482475, 52.085465404378333 ], [ -63.823219895061783, 52.08562679976162 ], [ -63.822641102386342, 52.08604409757838 ], [ -63.821936597393623, 52.086317097413847 ], [ -63.821588599540149, 52.08658379980438 ], [ -63.821041121163113, 52.086733295097233 ], [ -63.820227307972033, 52.08678509467584 ], [ -63.818880024343713, 52.086815896780529 ], [ -63.818301297813981, 52.086769803097773 ], [ -63.817881190395973, 52.08733200517095 ], [ -63.817696302172386, 52.087487506740999 ], [ -63.817543588974381, 52.087509298741807 ], [ -63.817267691378781, 52.087480405364616 ], [ -63.817012823601345, 52.087272995981451 ], [ -63.816984292609156, 52.087016489513744 ], [ -63.817050279297447, 52.086863102330753 ], [ -63.81725510580732, 52.086703898265135 ], [ -63.817240412617458, 52.086585811741095 ], [ -63.81681718107366, 52.086302406948498 ], [ -63.816419914482687, 52.086182100549031 ], [ -63.816274203548652, 52.086041503607412 ], [ -63.815866482589129, 52.086010497995446 ], [ -63.815455986667033, 52.086194804283956 ], [ -63.815443810459705, 52.086324598867591 ], [ -63.816005105331449, 52.086468004733007 ], [ -63.816023202434032, 52.086659304068625 ], [ -63.815948512671987, 52.086706794099534 ], [ -63.815724709973949, 52.086694994472118 ], [ -63.815271093603613, 52.086504705852015 ], [ -63.814681207879453, 52.086413693062745 ], [ -63.814496522813755, 52.086260294613844 ], [ -63.814216300091111, 52.086178491310051 ], [ -63.813852786023965, 52.086192798815468 ], [ -63.813696496971119, 52.086450393281275 ], [ -63.813374704702625, 52.086416694546791 ], [ -63.812869909101593, 52.086188916576923 ], [ -63.812354704512309, 52.086050310278885 ], [ -63.812084292850329, 52.085590685417401 ], [ -63.811840589045708, 52.085428094394715 ], [ -63.811541298482702, 52.085329712106315 ], [ -63.811365405392195, 52.085127706641579 ], [ -63.811165000615937, 52.085030897663046 ], [ -63.809920218500238, 52.084981893728305 ], [ -63.809303491514335, 52.084748199900346 ], [ -63.809065912623964, 52.084598000731354 ], [ -63.808988995497224, 52.084243093857438 ], [ -63.808583115037692, 52.084016896471176 ], [ -63.80822752256487, 52.084002996819706 ], [ -63.808172804695779, 52.084046789755952 ], [ -63.808178610930916, 52.084368010488951 ], [ -63.808117901116695, 52.084399496671793 ], [ -63.807765701078239, 52.084304195298841 ], [ -63.80744771567084, 52.083880393933612 ], [ -63.807130983124487, 52.083879200755909 ], [ -63.807022595033949, 52.083946508110898 ], [ -63.806847996616774, 52.084167197370043 ], [ -63.806690501060757, 52.084280274158473 ], [ -63.806316807031706, 52.084548602182281 ], [ -63.806279315386682, 52.084804096019326 ], [ -63.80647010265659, 52.084969801692552 ], [ -63.806469901231992, 52.08512430112107 ], [ -63.806207094561202, 52.085099609849514 ], [ -63.806021606947887, 52.084966506145896 ], [ -63.805368301922094, 52.084967902976537 ], [ -63.805279920560025, 52.084876997925285 ], [ -63.805275992745877, 52.084360705810454 ], [ -63.804675989921847, 52.083895607630744 ], [ -63.804701793026439, 52.083668203539496 ], [ -63.804718793128465, 52.083518302890511 ], [ -63.804376392673127, 52.083199709783095 ], [ -63.804284005183597, 52.082746988496631 ], [ -63.803994184842317, 52.08273409186976 ], [ -63.80366700593131, 52.082976614197285 ], [ -63.803360703810355, 52.083040593490942 ], [ -63.802973119431584, 52.082851291938454 ], [ -63.802356794709489, 52.082308702496213 ], [ -63.801774905801842, 52.082189314430394 ], [ -63.801528016650877, 52.081799108009214 ], [ -63.801221908464868, 52.081708687798077 ], [ -63.800769184395442, 52.081497891038538 ], [ -63.800159816859228, 52.08110170089833 ], [ -63.799497119481742, 52.081017600800273 ], [ -63.799512875833251, 52.080806502478296 ], [ -63.799088696773374, 52.080852296555214 ], [ -63.798886394802771, 52.081104993889966 ], [ -63.798623407629123, 52.08123481578145 ], [ -63.798681188895344, 52.081573106057704 ], [ -63.798650687201707, 52.081800757305537 ], [ -63.79863230356019, 52.081938087770446 ], [ -63.798514214604012, 52.082074307606341 ], [ -63.797486976022853, 52.08217920656012 ], [ -63.796497401591139, 52.082028698280773 ], [ -63.796323898940642, 52.082074606997104 ], [ -63.795991387590703, 52.08228450176054 ], [ -63.795858679255105, 52.082302607202614 ], [ -63.795235223785269, 52.082076798302957 ], [ -63.795043480303441, 52.082085902503991 ], [ -63.794626996858234, 52.082257803965554 ], [ -63.794510588670441, 52.082353401259184 ], [ -63.79435849465294, 52.082663807597967 ], [ -63.794229096907308, 52.082755193909719 ], [ -63.793875998591702, 52.08283469738312 ], [ -63.79336761943658, 52.082842504359661 ], [ -63.792928427046995, 52.083078993907499 ], [ -63.79212409575026, 52.083216090405578 ], [ -63.791888900183494, 52.083313802314152 ], [ -63.791724086584544, 52.083310988731888 ], [ -63.791637685369544, 52.083025095346748 ], [ -63.791682090804692, 52.082916090225964 ], [ -63.791926891636379, 52.082749400837606 ], [ -63.792400714020452, 52.082627211415897 ], [ -63.79317878126313, 52.082636096815094 ], [ -63.793416611028775, 52.082477511768872 ], [ -63.793341896899939, 52.0817731112923 ], [ -63.793473894612575, 52.081620787000304 ], [ -63.793690006140736, 52.081506496888558 ], [ -63.794234682102804, 52.08157250456447 ], [ -63.794538309878561, 52.081569411789822 ], [ -63.794672805979786, 52.081510688798915 ], [ -63.793954176895973, 52.081047501887952 ], [ -63.793809707430405, 52.080732196176832 ], [ -63.793705714492702, 52.080697907063623 ], [ -63.793468907701936, 52.080681802925419 ], [ -63.793106776210763, 52.080964400484902 ], [ -63.79276490512985, 52.081088706378381 ], [ -63.792681413960352, 52.081339411811697 ], [ -63.792383807689276, 52.081354701727825 ], [ -63.792246794862386, 52.081319900440469 ], [ -63.792182920119842, 52.081123795499259 ], [ -63.792444890640823, 52.081014301588475 ], [ -63.792627412090098, 52.080765407367878 ], [ -63.792722704473434, 52.080096310129008 ], [ -63.792718015985912, 52.079968738766496 ], [ -63.792680497158848, 52.078949400616665 ], [ -63.792599125475427, 52.078850494799028 ], [ -63.792259192583124, 52.078779789027045 ], [ -63.792092791919657, 52.078663192389143 ], [ -63.791668591395307, 52.078709002624528 ], [ -63.791389925730108, 52.078895394655085 ], [ -63.791149600536549, 52.078960510724606 ], [ -63.790793091992796, 52.078966710721211 ], [ -63.790446005851749, 52.079058509142953 ], [ -63.790177190947411, 52.079021505767621 ], [ -63.79002648610799, 52.078848292967791 ], [ -63.790040882433011, 52.078368895286218 ], [ -63.789761209630981, 52.077978094500139 ], [ -63.789716518360976, 52.077644106772283 ], [ -63.789616902768394, 52.077508303563022 ], [ -63.789280502889923, 52.077356386728148 ], [ -63.789268102843572, 52.076888795776746 ], [ -63.788894998749655, 52.076972004005469 ], [ -63.788638807611605, 52.077248104486479 ], [ -63.78835518752647, 52.077247492703705 ], [ -63.787875289113614, 52.077511801528189 ], [ -63.787151795457653, 52.077613509797231 ], [ -63.787044091714364, 52.077660499878355 ], [ -63.786902483508563, 52.077881709219668 ], [ -63.78687728153804, 52.078604794967987 ], [ -63.786679415935865, 52.078755907893125 ], [ -63.786671316817412, 52.078938704317608 ], [ -63.786966199620075, 52.078984312941756 ], [ -63.787075404457042, 52.079051107899339 ], [ -63.787046295902471, 52.079412395699308 ], [ -63.787154594400313, 52.079499511845917 ], [ -63.787779998081668, 52.079530298926208 ], [ -63.787981999159648, 52.079586499484193 ], [ -63.787979876371331, 52.079936004765464 ], [ -63.787790602507911, 52.080038489274358 ], [ -63.787467995674042, 52.080025008207045 ], [ -63.786914813562404, 52.079853206718923 ], [ -63.786669490120609, 52.079731189115073 ], [ -63.786573750127729, 52.079614941297983 ], [ -63.786425192575294, 52.07943450616191 ], [ -63.785975889645584, 52.079451397834973 ], [ -63.785861287461699, 52.079506400240561 ], [ -63.785836901911594, 52.07961170265866 ], [ -63.786094297520208, 52.079758197144187 ], [ -63.786264092580389, 52.079948003633547 ], [ -63.786270753926964, 52.080068662316485 ], [ -63.786275095481976, 52.080147388163638 ], [ -63.78616571760702, 52.080235006469294 ], [ -63.785888983960696, 52.080226293075988 ], [ -63.785563026014252, 52.080139593799714 ], [ -63.785056515715731, 52.080106693893406 ], [ -63.784734490933062, 52.080227311062998 ], [ -63.785207707871265, 52.080568492684215 ], [ -63.785629192621158, 52.080583695930017 ], [ -63.785766196996676, 52.080618505922814 ], [ -63.785749932691196, 52.080857870809545 ], [ -63.785747695390029, 52.080890495392453 ], [ -63.785661272017826, 52.080979228011174 ], [ -63.785595693237681, 52.081046496150272 ], [ -63.784698791085617, 52.081039605776752 ], [ -63.784610217042129, 52.081103192713421 ], [ -63.784614103742342, 52.081464995167742 ], [ -63.78496089757553, 52.082127134344979 ], [ -63.784979192763288, 52.082162091371053 ], [ -63.784928823860845, 52.082258796412241 ], [ -63.784845781731882, 52.082321669590002 ], [ -63.784587500924815, 52.082517299471974 ], [ -63.784564001159154, 52.082602304653825 ], [ -63.784646307490007, 52.082680907648161 ], [ -63.785320381153149, 52.082655495697402 ], [ -63.785565680607043, 52.082777506485975 ], [ -63.786059593906288, 52.083249106823835 ], [ -63.786071487013189, 52.083428195400273 ], [ -63.785850910583271, 52.08364399456876 ], [ -63.785861890239872, 52.083843288761798 ], [ -63.786409105644061, 52.084002894897786 ], [ -63.786698384647885, 52.084324699359911 ], [ -63.786869299041818, 52.084339804221777 ], [ -63.786911624726628, 52.083828294420179 ], [ -63.787025404022494, 52.083639196892811 ], [ -63.787180820161147, 52.083556393378814 ], [ -63.787675294968096, 52.083564692100239 ], [ -63.788135711713238, 52.083747108897128 ], [ -63.788885098429027, 52.083808393813051 ], [ -63.788993491449986, 52.083895589390238 ], [ -63.788982811781707, 52.084139305041454 ], [ -63.788824493326267, 52.084437399580885 ], [ -63.788793514105087, 52.084993693982859 ], [ -63.788712795324933, 52.085028995682116 ], [ -63.788533312591504, 52.084908099391619 ], [ -63.788416503824564, 52.084715095000433 ], [ -63.788192722905499, 52.084703293798469 ], [ -63.787867112321408, 52.084905114621449 ], [ -63.787632803550473, 52.084982495799323 ], [ -63.78745900105536, 52.085182889435842 ], [ -63.787435301456469, 52.085422301593738 ], [ -63.78751278524097, 52.085911297676361 ], [ -63.787433992822415, 52.086503408492575 ], [ -63.787508090376726, 52.086919297448006 ], [ -63.787416782391148, 52.087043794831665 ], [ -63.786894006097008, 52.086779002396732 ], [ -63.78662280831665, 52.086493990684211 ], [ -63.786366196435758, 52.086327092745037 ], [ -63.785995987841794, 52.086194909599605 ], [ -63.785719405367097, 52.086031813071976 ], [ -63.785218915406524, 52.086011196758577 ], [ -63.784839191622581, 52.085793490492975 ], [ -63.784605013072692, 52.085716495007297 ], [ -63.783840785789693, 52.085691493545077 ], [ -63.783486910068682, 52.085636808798377 ], [ -63.783406020942031, 52.085826499861895 ], [ -63.783323395623384, 52.085902302278392 ], [ -63.783184591204808, 52.085908084639819 ], [ -63.783016389527603, 52.085832206549014 ], [ -63.783011912588947, 52.085803597906491 ], [ -63.783006111829579, 52.085766995133099 ], [ -63.782727107459884, 52.085510297723729 ], [ -63.782592112487436, 52.085280399963779 ], [ -63.782562005917313, 52.085064505058206 ], [ -63.782835321158373, 52.08440240186944 ], [ -63.783207111361435, 52.084051011811653 ], [ -63.78324651620526, 52.083754896493538 ], [ -63.783228977983818, 52.083682747759326 ], [ -63.783140396729671, 52.083318184543131 ], [ -63.78286750852476, 52.083073888880307 ], [ -63.782021217492975, 52.082815796028065 ], [ -63.781912010780076, 52.082748994969833 ], [ -63.781524190900619, 52.082713984170724 ], [ -63.7807631771188, 52.082916704727637 ], [ -63.780312515752989, 52.083262806142734 ], [ -63.779751184934483, 52.083273704871594 ], [ -63.77919200662464, 52.083089493925343 ], [ -63.777948977617825, 52.082402099309348 ], [ -63.777733988554466, 52.082341607749889 ], [ -63.777391275729251, 52.082331805015393 ], [ -63.777083206124566, 52.082436405531659 ], [ -63.776888579535367, 52.082660703401991 ], [ -63.776554808957741, 52.082789861663038 ], [ -63.776385209560573, 52.082855516470524 ], [ -63.776064695238468, 52.083089892987573 ], [ -63.775583009920602, 52.083240399641284 ], [ -63.774980687424502, 52.083295697385587 ], [ -63.774947079526839, 52.083298800380952 ], [ -63.773898305318973, 52.08329330481169 ], [ -63.773550483569721, 52.083250906215348 ], [ -63.773087505556958, 52.083129305731013 ], [ -63.772173297784086, 52.08246770960362 ], [ -63.771777084842483, 52.082326900525111 ], [ -63.77139511953223, 52.082015600528166 ], [ -63.771457301685764, 52.081654890968906 ], [ -63.771291812624185, 52.081518009029161 ], [ -63.771031688370094, 52.081432289729406 ], [ -63.770746778130729, 52.081163301415152 ], [ -63.770562518527548, 52.080855296115402 ], [ -63.770556481037296, 52.080653915948389 ], [ -63.770551922429689, 52.0805014937268 ], [ -63.770750091116739, 52.080195996573941 ], [ -63.770745202255526, 52.080008906776179 ], [ -63.770366785031399, 52.079616392598609 ], [ -63.770276992231231, 52.079411685882626 ], [ -63.77013059157651, 52.079291300807412 ], [ -63.769591986521363, 52.079237509801096 ], [ -63.769161114504939, 52.079136802499768 ], [ -63.768162917029002, 52.07903459796043 ], [ -63.767778897309128, 52.078918390224132 ], [ -63.767672697519608, 52.078900222043565 ], [ -63.766672399528836, 52.078728989387493 ], [ -63.765601580071575, 52.078036201522927 ], [ -63.764628209787865, 52.0776741935695 ], [ -63.763444614638892, 52.076995792542363 ], [ -63.763291886730173, 52.07657450349226 ], [ -63.762604879264551, 52.076152406276172 ], [ -63.761932104147832, 52.076002796746785 ], [ -63.761393916590748, 52.0757944919132 ], [ -63.760307494274493, 52.075601308130558 ], [ -63.759726090639589, 52.075327296893853 ], [ -63.759010998808712, 52.074648606633424 ], [ -63.758875609044324, 52.074284500560466 ], [ -63.758382211987332, 52.073812805108169 ], [ -63.757801692889828, 52.073518383702137 ], [ -63.757564605351995, 52.073213614385296 ], [ -63.75688050611646, 52.072730498320958 ], [ -63.756587500117078, 52.072644292039222 ], [ -63.755904597090037, 52.072429409906363 ], [ -63.755184491371011, 52.072161086396477 ], [ -63.754837101408633, 52.071964192213152 ], [ -63.753940690793371, 52.071802589828621 ], [ -63.752434594302187, 52.071264887043775 ], [ -63.752178283811396, 52.071097899429766 ], [ -63.751747191832578, 52.070708495222981 ], [ -63.750885399423794, 52.0702182853301 ], [ -63.750343699960027, 52.070091195306794 ], [ -63.74971760562223, 52.070080490241892 ], [ -63.749250592417532, 52.069905909152688 ], [ -63.749010012526469, 52.069682298290545 ], [ -63.74873608970077, 52.069612595226943 ], [ -63.748433001142232, 52.06946109569504 ], [ -63.748043390811659, 52.069178100277995 ], [ -63.747911006677931, 52.069041699682387 ], [ -63.747537700648422, 52.068836199258271 ], [ -63.747165705659732, 52.068455898207318 ], [ -63.746026687107609, 52.068265697680914 ], [ -63.745615910174315, 52.068161112853289 ], [ -63.745482996550017, 52.067890608742402 ], [ -63.744863723865976, 52.067583295515135 ], [ -63.74483807912609, 52.067420302900317 ], [ -63.744949316034095, 52.0672921039831 ], [ -63.744950598979827, 52.067117410261147 ], [ -63.74462221375714, 52.06664840778371 ], [ -63.744650195813271, 52.066173296606301 ], [ -63.74442960004918, 52.065945987879765 ], [ -63.74396260356334, 52.065771397386513 ], [ -63.743862323003555, 52.065655897072887 ], [ -63.743839414967269, 52.065431899638405 ], [ -63.744051420866938, 52.065264897762475 ], [ -63.744167582938047, 52.064880706061814 ], [ -63.744087294546091, 52.06476150433285 ], [ -63.744016204064522, 52.064727695370465 ], [ -63.743963284837371, 52.064730893402043 ], [ -63.743461502016281, 52.065039302801239 ], [ -63.742891589097219, 52.065098686305213 ], [ -63.742913100789231, 52.065208810061996 ], [ -63.742825405030956, 52.065252003622177 ], [ -63.742521023242283, 52.065275193705084 ], [ -63.742348693853131, 52.06514630687483 ], [ -63.74196309931709, 52.065070611965716 ], [ -63.741255309226737, 52.064826803381735 ], [ -63.740773300271862, 52.064399906466107 ], [ -63.740408488048246, 52.06430019838681 ], [ -63.740176287841308, 52.063893809568512 ], [ -63.740119566522566, 52.063837538335044 ], [ -63.739942809372941, 52.063662205074181 ], [ -63.739736688036068, 52.063553000723864 ], [ -63.739274903568891, 52.063410913825514 ], [ -63.739161607407368, 52.063291088597438 ], [ -63.738428874755023, 52.063307002615531 ], [ -63.738285413905956, 52.06312570043174 ], [ -63.737915490440649, 52.062993297359412 ], [ -63.737645007527071, 52.062996809588334 ], [ -63.737371305760831, 52.063215698994426 ], [ -63.737366404978012, 52.063471598010857 ], [ -63.73730378639403, 52.06354370356263 ], [ -63.737233392241222, 52.063932703596564 ], [ -63.737045588940866, 52.064149007891366 ], [ -63.736701306646651, 52.064179604052292 ], [ -63.736321698260973, 52.064116198447223 ], [ -63.735678886359068, 52.063893800775809 ], [ -63.735380394917357, 52.063640703743651 ], [ -63.735173408246766, 52.063551797689605 ], [ -63.734771013564576, 52.063264492303176 ], [ -63.734742608233503, 52.063162400436333 ], [ -63.734805192858197, 52.063090285411718 ], [ -63.735499323053197, 52.062907093883197 ], [ -63.735515500942483, 52.062792397563499 ], [ -63.735528487595907, 52.062700291623329 ], [ -63.734058990950594, 52.06165889163038 ], [ -63.733812098175278, 52.061577486968304 ], [ -63.733070122345246, 52.061507797121124 ], [ -63.732656202975747, 52.061330011062459 ], [ -63.732371723317364, 52.061349495959547 ], [ -63.731870219609341, 52.061503394609197 ], [ -63.731244232180579, 52.061813524155049 ], [ -63.730784102703467, 52.062041508414602 ], [ -63.730229705041907, 52.062198601744555 ], [ -63.729992978088312, 52.062182307234202 ], [ -63.729576308314122, 52.062065396924389 ], [ -63.729100197826021, 52.06180518613855 ], [ -63.728948909666414, 52.061652189333458 ], [ -63.728410585516428, 52.061598209798838 ], [ -63.728156404515531, 52.061679206210165 ], [ -63.727697985558045, 52.061898805816291 ], [ -63.72741079680064, 52.061979211138173 ], [ -63.727120291212607, 52.061986383320423 ], [ -63.726898497506745, 52.061933799811122 ], [ -63.726726306283268, 52.061804794361016 ], [ -63.726704479043136, 52.061560603335728 ], [ -63.727207899624453, 52.061654606848897 ], [ -63.727438509428545, 52.061658610694025 ], [ -63.727798586452543, 52.061571398450383 ], [ -63.728329567762941, 52.061150538190198 ], [ -63.728496310187602, 52.061018392876697 ], [ -63.729114698902706, 52.06061449588816 ], [ -63.72961200091698, 52.06040768627566 ], [ -63.729764221852101, 52.060251799888078 ], [ -63.729790623854406, 52.060105993941974 ], [ -63.728880708661201, 52.060248795522611 ], [ -63.728806003794155, 52.060296287851962 ], [ -63.728671102228425, 52.060509302838121 ], [ -63.728319798738944, 52.060548009353184 ], [ -63.728149986552737, 52.060512500268381 ], [ -63.727913803512827, 52.060341805929824 ], [ -63.72790168589087, 52.060028706885667 ], [ -63.727656194450425, 52.060060996987438 ], [ -63.727447523056505, 52.060301298239466 ], [ -63.726999792563845, 52.060431699523484 ], [ -63.726867587983477, 52.060583894488303 ], [ -63.72640271845448, 52.060657102470188 ], [ -63.726341871093332, 52.060695773226655 ], [ -63.726253282951568, 52.060752107067628 ], [ -63.726239808445648, 52.060902294432609 ], [ -63.72652658557724, 52.060976297865295 ], [ -63.72663521749935, 52.061197697965575 ], [ -63.72644779131609, 52.061259494270146 ], [ -63.726157288885965, 52.061266605698215 ], [ -63.725917408141463, 52.061177114122259 ], [ -63.725664021775358, 52.060949201037914 ], [ -63.725423184840352, 52.060879993330182 ], [ -63.724266010298358, 52.060807206629931 ], [ -63.72400381266236, 52.060627810221106 ], [ -63.723882206419475, 52.060402211827622 ], [ -63.723537406439888, 52.060298701662333 ], [ -63.723526690089074, 52.060099311309784 ], [ -63.723712782544055, 52.05992370644406 ], [ -63.723699682396074, 52.05963090448131 ], [ -63.723965576403756, 52.059550497917144 ], [ -63.724221197929523, 52.059473208878003 ], [ -63.724538500359962, 52.059165801624005 ], [ -63.725122606129375, 52.058936109804591 ], [ -63.725217709422679, 52.05873040181843 ], [ -63.725195893289573, 52.058486212729612 ], [ -63.724961501972977, 52.058274898680345 ], [ -63.724627902901503, 52.058216191422602 ], [ -63.724336599113506, 52.058243708358482 ], [ -63.724131506180832, 52.058402703229056 ], [ -63.724078706224823, 52.058694495984263 ], [ -63.72382769011594, 52.058848610296678 ], [ -63.723966892487638, 52.059265612183488 ], [ -63.723810611351674, 52.059368609174513 ], [ -63.72368525127898, 52.059391970581864 ], [ -63.723491409263005, 52.059428104128685 ], [ -63.723115098093871, 52.059437802496006 ], [ -63.722702613604177, 52.059373802596767 ], [ -63.72235739769301, 52.059136086464456 ], [ -63.722270079701012, 52.059024904295988 ], [ -63.722191008397125, 52.058563703710327 ], [ -63.722176408069473, 52.058478613924045 ], [ -63.722072924453869, 52.058289897840844 ], [ -63.721732797144284, 52.058084798133045 ], [ -63.721519283072098, 52.057849495515534 ], [ -63.720709287981528, 52.057727452504395 ], [ -63.720543586439959, 52.05770248998104 ], [ -63.720070816862297, 52.057515508318438 ], [ -63.719946000973067, 52.057505187215085 ], [ -63.719612892708469, 52.05758071123963 ], [ -63.719052913461333, 52.057571005573358 ], [ -63.718838601596971, 52.05764449267874 ], [ -63.718633509524054, 52.057803510905828 ], [ -63.718400092914422, 52.057860387153866 ], [ -63.717740374963377, 52.057869306847309 ], [ -63.717237911017698, 52.057754893295197 ], [ -63.717210108305373, 52.057498311933919 ], [ -63.717273214758315, 52.057271792881423 ], [ -63.717454100027609, 52.057063596479814 ], [ -63.717834582411101, 52.056818204132028 ], [ -63.717906892066885, 52.056388600909713 ], [ -63.718100172334758, 52.056284099106328 ], [ -63.718474819690186, 52.056081495999713 ], [ -63.718645512245878, 52.055808109768059 ], [ -63.71901850573559, 52.055725115081792 ], [ -63.719191604995174, 52.055545208169384 ], [ -63.719182309604406, 52.055459713045764 ], [ -63.719098306917189, 52.055421702548607 ], [ -63.718617194313836, 52.055417388678272 ], [ -63.718521200513898, 52.055354791743902 ], [ -63.718510511021456, 52.055155403833176 ], [ -63.718446497631255, 52.055113695974619 ], [ -63.718082294115156, 52.0551479840667 ], [ -63.717839179860377, 52.055273800582192 ], [ -63.717647603707739, 52.055282689945116 ], [ -63.716984592689663, 52.054929806162612 ], [ -63.716338893708134, 52.054922605574077 ], [ -63.715784505576295, 52.054790992628966 ], [ -63.715714387630982, 52.054736985658046 ], [ -63.715712078050757, 52.054643504655601 ], [ -63.71587630166885, 52.054512193131124 ], [ -63.715932494848715, 52.054005094885667 ], [ -63.716017920868431, 52.053868397952229 ], [ -63.715782700607463, 52.053677396078236 ], [ -63.715831898020717, 52.053178308357893 ], [ -63.714989386332306, 52.053147393265967 ], [ -63.714622476278699, 52.053242601076853 ], [ -63.714268101356325, 52.053207991065939 ], [ -63.714199385810005, 52.052979204824211 ], [ -63.714308489914721, 52.052757597351537 ], [ -63.714260684813404, 52.052504703951314 ], [ -63.71405148129854, 52.052322301585633 ], [ -63.713741588296784, 52.05217869489902 ], [ -63.713510683397303, 52.051752000110994 ], [ -63.713178993580271, 52.051652689696226 ], [ -63.712488783264362, 52.051177308699181 ], [ -63.711968796296901, 52.051160209252139 ], [ -63.711800391597563, 52.050949909201861 ], [ -63.711235889615395, 52.050753108688923 ], [ -63.710873698246196, 52.050458308144862 ], [ -63.710249801924675, 52.050406692282266 ], [ -63.710103695844587, 52.050286290653773 ], [ -63.709750206582214, 52.050231405965533 ], [ -63.709406098913313, 52.049973392376636 ], [ -63.708909807561106, 52.049871192956338 ], [ -63.708808705300356, 52.049776006243434 ], [ -63.708734090789427, 52.049534884034763 ], [ -63.708625101647691, 52.049468012183624 ], [ -63.707816106545032, 52.0492831072781 ], [ -63.707433114396991, 52.049012308078893 ], [ -63.706811610358585, 52.048765716355788 ], [ -63.706493398558813, 52.048516288734895 ], [ -63.705830188926811, 52.048317703947532 ], [ -63.705568201105173, 52.048138394610504 ], [ -63.70522418574091, 52.047591807662897 ], [ -63.70452198110118, 52.047380400977467 ], [ -63.704339788631664, 52.047186094175153 ], [ -63.704060113285266, 52.047104012781112 ], [ -63.703884887385769, 52.04690180201537 ], [ -63.703864998631822, 52.04661700491075 ], [ -63.703192594091085, 52.046332886692731 ], [ -63.70293749464399, 52.046145495634832 ], [ -63.702773006265446, 52.045854095702474 ], [ -63.702767098339727, 52.045553190419177 ], [ -63.702606700713439, 52.045314691943155 ], [ -63.702415706727685, 52.045169107988592 ], [ -63.701981121447801, 52.04501509242516 ], [ -63.701402389342185, 52.044700200646609 ], [ -63.700878384560404, 52.044629993856368 ], [ -63.700006826159608, 52.044805795216845 ], [ -63.699401882883052, 52.045059299539474 ], [ -63.698793712387548, 52.045239698104538 ], [ -63.697974509618632, 52.045566705891801 ], [ -63.697533811496989, 52.045689012634639 ], [ -63.696754801960985, 52.046142708069489 ], [ -63.696827917788625, 52.046558598939441 ], [ -63.696646781315984, 52.046766696981841 ], [ -63.696687879529996, 52.0471617056767 ], [ -63.696488311043176, 52.047487395478839 ], [ -63.696551395909999, 52.048260708957251 ], [ -63.696383410016402, 52.0484732019139 ], [ -63.696188996079727, 52.04854289063617 ], [ -63.695713098855684, 52.048571110381936 ], [ -63.695458394550883, 52.048517908799006 ], [ -63.694857895153312, 52.04824720007899 ], [ -63.693942401554857, 52.048088813818943 ], [ -63.693343586225588, 52.048066103674095 ], [ -63.692597603375681, 52.047520500607561 ], [ -63.692220101821626, 52.047416288095476 ], [ -63.691969614771459, 52.04741598996133 ], [ -63.691437110202777, 52.047528493858991 ], [ -63.691033414971443, 52.047704299918657 ], [ -63.690071015515365, 52.048272601234423 ], [ -63.689240719533124, 52.048977396796779 ], [ -63.688801901538632, 52.04948169999755 ], [ -63.688474814853919, 52.050280699392665 ], [ -63.688127685527618, 52.050372100105115 ], [ -63.687794001982489, 52.050602001500877 ], [ -63.687448811819124, 52.051363996028314 ], [ -63.68685638214383, 52.051910395388312 ], [ -63.686172779848469, 52.052292596134244 ], [ -63.685553421944299, 52.052427896354551 ], [ -63.685138192859313, 52.05242470350349 ], [ -63.684386408103308, 52.052289404131379 ], [ -63.683806523412152, 52.052283197560186 ], [ -63.682880885805048, 52.052482297002314 ], [ -63.682557906904499, 52.052622902729354 ], [ -63.682149690855411, 52.053034294487631 ], [ -63.681477488695826, 52.054018084150925 ], [ -63.681395209578099, 52.054227995742934 ], [ -63.681393711886081, 52.054825507457679 ], [ -63.68163990106963, 52.055484195442105 ], [ -63.681390416681118, 52.05546349362637 ], [ -63.681103404126475, 52.055255200849615 ], [ -63.680734714255358, 52.055102393307919 ], [ -63.680556702022642, 52.054961012766647 ], [ -63.679681298341542, 52.054929296212684 ], [ -63.679310045666725, 52.054749556953652 ], [ -63.679210605210308, 52.054701411241489 ], [ -63.67908549300828, 52.054556887051952 ], [ -63.679076323334904, 52.054471399715993 ], [ -63.679526997482093, 52.054280299603882 ], [ -63.679607379144514, 52.054111003347238 ], [ -63.679583900138525, 52.053907294737009 ], [ -63.679284903900211, 52.053674396366446 ], [ -63.678084585994725, 52.053401108843637 ], [ -63.677709905494311, 52.053236013968181 ], [ -63.676911203363566, 52.05311608998192 ], [ -63.676390897538916, 52.052964599977486 ], [ -63.675723906036694, 52.052847093227243 ], [ -63.675466094864412, 52.05272058501982 ], [ -63.674517597651587, 52.052561394790445 ], [ -63.674238050776815, 52.052648438029095 ], [ -63.67403591627523, 52.052711390280265 ], [ -63.673568814548574, 52.052690900577481 ], [ -63.673238186004731, 52.052571201004739 ], [ -63.673295500232577, 52.052332400051256 ], [ -63.673443474470488, 52.052237076200754 ], [ -63.67386650336838, 52.051964613693684 ], [ -63.674478712631945, 52.051280507326901 ], [ -63.67477257792541, 52.051058105520511 ], [ -63.675109202679721, 52.05076739559177 ], [ -63.675480992899935, 52.049725410621107 ], [ -63.675485401227675, 52.049489691761224 ], [ -63.674842912382104, 52.047864702617211 ], [ -63.67324250701472, 52.047129005135773 ], [ -63.672426895657502, 52.046951909313727 ], [ -63.670331895988419, 52.046784498031876 ], [ -63.669144505529736, 52.04680401417302 ], [ -63.668064087177768, 52.046931009124947 ], [ -63.667310786311241, 52.046970397904353 ], [ -63.666861393508619, 52.046929095956706 ], [ -63.666706899443675, 52.04691489162466 ], [ -63.666420412271542, 52.046840689358497 ], [ -63.666215499585171, 52.046711096010249 ], [ -63.666207307491405, 52.046605198860732 ], [ -63.6663478531324, 52.046489696983492 ], [ -63.666618693046537, 52.046267098982575 ], [ -63.66672490184952, 52.045972303305092 ], [ -63.666830611905532, 52.045966104018753 ], [ -63.667081420487996, 52.046100601199164 ], [ -63.667242482095595, 52.046318896571506 ], [ -63.667404316376171, 52.046382803556298 ], [ -63.668085721731259, 52.046329895143067 ], [ -63.668566975271027, 52.046468502368924 ], [ -63.669104006889469, 52.046543214618538 ], [ -63.669484876739801, 52.046432101986973 ], [ -63.670243420329996, 52.045579894632013 ], [ -63.670252912337979, 52.045376890572825 ], [ -63.669801408455555, 52.045165599850542 ], [ -63.667373993051235, 52.044362196386942 ], [ -63.666576691571677, 52.04435609760602 ], [ -63.66627118737474, 52.044265287680126 ], [ -63.665614897642804, 52.043924409050767 ], [ -63.664973595262722, 52.043124411004605 ], [ -63.664528885913519, 52.042771002124276 ], [ -63.663807709250094, 52.042408598993539 ], [ -63.663403808479956, 52.042027393430459 ], [ -63.663207318032725, 52.041580904799233 ], [ -63.662836379465034, 52.041200296731311 ], [ -63.662437183055552, 52.041140297399544 ], [ -63.661468412416212, 52.041139201478174 ], [ -63.661191693857226, 52.040996111489797 ], [ -63.660523387449793, 52.041053188286291 ], [ -63.660076977468158, 52.040914380116824 ], [ -63.660010177820176, 52.040893606059534 ], [ -63.660002415992324, 52.040859523422398 ], [ -63.659971997962636, 52.040726308107125 ], [ -63.660100289869632, 52.040521283612776 ], [ -63.660804415555148, 52.040403903125217 ], [ -63.660859180835125, 52.040360206447787 ], [ -63.660815897665579, 52.040160209797712 ], [ -63.660451300215229, 52.039926089670885 ], [ -63.660124906415788, 52.039859300390248 ], [ -63.659567999592817, 52.039788286201116 ], [ -63.658525522881149, 52.039814295380381 ], [ -63.658074390277697, 52.039737104642114 ], [ -63.656947985171584, 52.039725004857885 ], [ -63.656592111667436, 52.039864992283384 ], [ -63.656521400500679, 52.039965308066741 ], [ -63.656523109290248, 52.040347410947824 ], [ -63.656664877136805, 52.040415007182332 ], [ -63.656988112017487, 52.040474474535735 ], [ -63.657716901944468, 52.04060861357744 ], [ -63.658008240161223, 52.040595286115924 ], [ -63.658483089302472, 52.040573592099797 ], [ -63.658717104685486, 52.040362413265143 ], [ -63.659070207863863, 52.040283415721461 ], [ -63.659326302552714, 52.040162006368881 ], [ -63.659929100445694, 52.04023781433235 ], [ -63.659933185447535, 52.0402907041125 ], [ -63.659777672449863, 52.040373305175422 ], [ -63.659135298596389, 52.040439001270336 ], [ -63.658890196198008, 52.040605296259017 ], [ -63.658812996221293, 52.040702792170677 ], [ -63.658722001079653, 52.04081771182355 ], [ -63.658145419098638, 52.040884603401324 ], [ -63.657355692790475, 52.041138585550875 ], [ -63.656469676484988, 52.04161860484303 ], [ -63.656410226663553, 52.041632624676076 ], [ -63.655796514527758, 52.041777192686133 ], [ -63.655155985331184, 52.041802206618598 ], [ -63.654689922782374, 52.041761292161588 ], [ -63.653676384329444, 52.041312295440058 ], [ -63.653182304103439, 52.041169311432036 ], [ -63.652842891894849, 52.041098109084579 ], [ -63.652243306578725, 52.041095500750245 ], [ -63.651835387869944, 52.041218190580047 ], [ -63.650789885443778, 52.041861800041424 ], [ -63.65049409010723, 52.042124703496761 ], [ -63.650298614879134, 52.042771499708351 ], [ -63.650303442477458, 52.042980881678048 ], [ -63.650311596543261, 52.04333259438355 ], [ -63.65059368890504, 52.043776703487346 ], [ -63.651256393316935, 52.043841397315653 ], [ -63.651683200491171, 52.043735298229322 ], [ -63.65210720519034, 52.04369010266327 ], [ -63.652697007752884, 52.043761703248862 ], [ -63.65289581360696, 52.043879090684406 ], [ -63.653101778655291, 52.044122600332138 ], [ -63.653183787752965, 52.045314898826234 ], [ -63.652936694882463, 52.045521794443474 ], [ -63.652344197776955, 52.045645309803653 ], [ -63.651019994356957, 52.045629611674705 ], [ -63.650783313457381, 52.045478996106858 ], [ -63.650285002822024, 52.045283014037246 ], [ -63.649257696123193, 52.044984092406828 ], [ -63.648818404893383, 52.044797289874857 ], [ -63.647736300342466, 52.044542091242711 ], [ -63.647621380165369, 52.044462807990001 ], [ -63.647412280154811, 52.044145998189059 ], [ -63.647412098394611, 52.044101488153053 ], [ -63.647005444304035, 52.044056659723147 ], [ -63.646794200502782, 52.0440278583565 ], [ -63.646621509652995, 52.043993600917283 ], [ -63.64660790515299, 52.044013609811493 ], [ -63.646282886401217, 52.044194699289811 ], [ -63.645894020199357, 52.04433400060887 ], [ -63.64551179042585, 52.044331183493711 ], [ -63.645074393036168, 52.044103789102124 ], [ -63.644844913638764, 52.044079294836159 ], [ -63.644434092494066, 52.044262908539622 ], [ -63.644182109679349, 52.044571300942003 ], [ -63.644208500642421, 52.044848197304319 ], [ -63.644590326764465, 52.045273694360588 ], [ -63.644876091724527, 52.045502400229367 ], [ -63.64503029389585, 52.045862906639925 ], [ -63.645314197184703, 52.046132188216824 ], [ -63.645335512836986, 52.046376500986213 ], [ -63.645187408252298, 52.046719308161947 ], [ -63.644909998622282, 52.046730488803703 ], [ -63.644767191441893, 52.04668320531146 ], [ -63.644751107365508, 52.0466056977383 ], [ -63.644990296795783, 52.0464270962702 ], [ -63.644903121530362, 52.046181701350726 ], [ -63.644778399597534, 52.046171300825058 ], [ -63.644465411133133, 52.046377013048996 ], [ -63.643329881617639, 52.04641329930655 ], [ -63.642935900550334, 52.046520005687128 ], [ -63.642732506315703, 52.04663831336557 ], [ -63.642376876496158, 52.04704640546985 ], [ -63.642958796597249, 52.047146406703078 ], [ -63.643373892110617, 52.047149804998334 ], [ -63.643879697269206, 52.047049198947327 ], [ -63.644189022956184, 52.047058898101824 ], [ -63.644495514737955, 52.047129409393122 ], [ -63.64512901973346, 52.04766929334636 ], [ -63.645275295367746, 52.048057995634132 ], [ -63.645610905245817, 52.048210402531552 ], [ -63.645893316080858, 52.048231805868546 ], [ -63.64619140783487, 52.048062413688712 ], [ -63.646448891446198, 52.048054900080167 ], [ -63.647349307239836, 52.048250010023345 ], [ -63.647871300629959, 52.0482437017601 ], [ -63.648160606303868, 52.048240191646457 ], [ -63.648493985857797, 52.048299109729925 ], [ -63.648740579706079, 52.048380704047695 ], [ -63.650379683092368, 52.049263795452894 ], [ -63.650492905512095, 52.049517899300241 ], [ -63.650756605928066, 52.049656712937292 ], [ -63.651152091623167, 52.049797983487224 ], [ -63.651862705623877, 52.050383888076446 ], [ -63.652788416711637, 52.050742006093778 ], [ -63.653754601793217, 52.051360913047588 ], [ -63.653767787223053, 52.052056094229165 ], [ -63.653825102160162, 52.052240102189586 ], [ -63.654002009653503, 52.052401811417724 ], [ -63.655376192346331, 52.05289800468632 ], [ -63.656514097755078, 52.05351181190543 ], [ -63.65703270168693, 52.053838214986058 ], [ -63.657516683569604, 52.054338700843722 ], [ -63.657751904975854, 52.054664000788065 ], [ -63.657872418409198, 52.055044098668894 ], [ -63.657928479950598, 52.055671101758492 ], [ -63.658089212652456, 52.056178008108247 ], [ -63.657832895427639, 52.056299386823227 ], [ -63.657117681157295, 52.056506007705423 ], [ -63.656994102078919, 52.056609504500699 ], [ -63.657043413985463, 52.056821709909634 ], [ -63.657360088197102, 52.056957495831739 ], [ -63.658286002794846, 52.057315513566188 ], [ -63.659053083451766, 52.057548702176952 ], [ -63.659490713792692, 52.057776104506743 ], [ -63.659508481110493, 52.057795272810324 ], [ -63.659697804061864, 52.057999303579727 ], [ -63.659899092172608, 52.058344309875665 ], [ -63.660885103394662, 52.059247992581369 ], [ -63.661028700650192, 52.059697711698924 ], [ -63.660954515029395, 52.060013407436045 ], [ -63.660716485331541, 52.060305902724515 ], [ -63.660548484425235, 52.060652408578214 ], [ -63.660558880634298, 52.060851805704736 ], [ -63.660765290063729, 52.061229398571257 ], [ -63.660929786556487, 52.061655093530256 ], [ -63.661229490164132, 52.06173358614808 ], [ -63.661830403862162, 52.061715892605633 ], [ -63.662313695812436, 52.061813991261445 ], [ -63.66268388870256, 52.062214896903861 ], [ -63.663237694340872, 52.063057999231539 ], [ -63.663242106101016, 52.063245095469682 ], [ -63.663087999559515, 52.063575586788374 ], [ -63.663085997235598, 52.064038910484783 ], [ -63.663321398378748, 52.064921099664716 ], [ -63.662707013104828, 52.065223094089397 ], [ -63.662428222064641, 52.065543298220874 ], [ -63.662142416111159, 52.066428298996257 ], [ -63.662221181551267, 52.066856507360932 ], [ -63.662753314282021, 52.067321303126555 ], [ -63.663603789647155, 52.067747002219456 ], [ -63.664109704439653, 52.06806899369532 ], [ -63.665644526781939, 52.068669593950354 ], [ -63.667290984463392, 52.06914199742269 ], [ -63.667908703898611, 52.069470096814058 ], [ -63.668083883106412, 52.069672393508178 ], [ -63.668695894729396, 52.070122288654069 ], [ -63.669374081197454, 52.071130206995697 ], [ -63.669529825736447, 52.071493301727642 ], [ -63.669683307115989, 52.071851107224447 ], [ -63.669883689821745, 52.072639207161444 ], [ -63.669966789494616, 52.07269760165893 ], [ -63.670165109422875, 52.072969388838231 ], [ -63.670401096970956, 52.073140187177856 ], [ -63.671200799873048, 52.073528386518667 ], [ -63.671499484300661, 52.073763011012765 ], [ -63.672085101651057, 52.074223012317908 ], [ -63.673061709027849, 52.074638689651898 ], [ -63.673111785392187, 52.074696498593674 ], [ -63.67381460810445, 52.075042298390862 ], [ -63.674338975165341, 52.075535303474432 ], [ -63.67457671802169, 52.075954200817115 ], [ -63.674800999467024, 52.076234596219606 ], [ -63.675092596253997, 52.077052702664737 ], [ -63.67530330141993, 52.078328705092957 ], [ -63.675238707773715, 52.07844141519486 ], [ -63.675057102951811, 52.078515388675839 ], [ -63.674601702454964, 52.078519505931219 ], [ -63.674553557508908, 52.078508814040219 ], [ -63.673844321302106, 52.078351498266521 ], [ -63.673383790771645, 52.078322989243055 ], [ -63.673216202903298, 52.078381003634561 ], [ -63.672947400707812, 52.07876641284377 ], [ -63.672858696894671, 52.079252608193819 ], [ -63.672986719035919, 52.079758896867702 ], [ -63.672922979929709, 52.080274005447777 ], [ -63.672986987871198, 52.080315802724407 ], [ -63.673171687144311, 52.08031500258479 ], [ -63.673521608864171, 52.080028602023042 ], [ -63.673730513647314, 52.0800770068373 ], [ -63.673708019288185, 52.080275795325953 ], [ -63.673362207898364, 52.080615208450951 ], [ -63.67335841336741, 52.080696395556636 ], [ -63.673821406988516, 52.080952594248103 ], [ -63.675219991471664, 52.081518093273516 ], [ -63.675444117822181, 52.08166430264297 ], [ -63.675714115192548, 52.082238193762052 ], [ -63.676370189284533, 52.082599402307956 ], [ -63.676816404347598, 52.08293250545843 ], [ -63.677265455293558, 52.083040380824187 ], [ -63.677462074600619, 52.083045124054188 ], [ -63.677906418878322, 52.083045302716741 ], [ -63.678090188532416, 52.083064906799891 ], [ -63.678254687599384, 52.083356389771502 ], [ -63.678356788372199, 52.083431388189943 ], [ -63.678619498907906, 52.083456288651632 ], [ -63.678965887369792, 52.083385290520461 ], [ -63.679222723378118, 52.083397897497363 ], [ -63.680113288930642, 52.083681984526017 ], [ -63.680493392997576, 52.08387978836187 ], [ -63.681009082420758, 52.083998707474827 ], [ -63.681839807877751, 52.084293894389297 ], [ -63.682508005160081, 52.084679588206107 ], [ -63.683095037423115, 52.085182223168907 ], [ -63.683370883240848, 52.085418401612557 ], [ -63.6834727925091, 52.085781989286474 ], [ -63.683656002440593, 52.085956000230588 ], [ -63.683907993857026, 52.086070211216999 ], [ -63.684065285336786, 52.086235609187824 ], [ -63.684523308390659, 52.086459096040535 ], [ -63.684771610249697, 52.086654516314631 ], [ -63.685313681426344, 52.086916100005489 ], [ -63.685774300770419, 52.087367297478984 ], [ -63.686232388753695, 52.087590904702992 ], [ -63.686560904656318, 52.087905587394303 ], [ -63.687144920167405, 52.088119104172833 ], [ -63.687974610237696, 52.088723209507926 ], [ -63.689215389561205, 52.089143401413381 ], [ -63.689448816080066, 52.089375195153714 ], [ -63.689627811947233, 52.089784793330757 ], [ -63.689939205815001, 52.090042301081965 ], [ -63.691003192353541, 52.090435009804125 ], [ -63.691109000467357, 52.090428808261407 ], [ -63.692414200383681, 52.089890797882248 ], [ -63.693022313031541, 52.089442205581243 ], [ -63.693263821912439, 52.089356995045478 ], [ -63.693404698257339, 52.089022094713279 ], [ -63.693675590488127, 52.088730100304531 ], [ -63.693729711793885, 52.088418090810478 ], [ -63.693449013329534, 52.088067601457759 ], [ -63.693345302633702, 52.087456089514617 ], [ -63.693133804488333, 52.087180006577235 ], [ -63.69280851161222, 52.086938502918017 ], [ -63.692325680167727, 52.086820301612988 ], [ -63.691756190601765, 52.086436288668089 ], [ -63.691291099857978, 52.086220807669228 ], [ -63.690640184777308, 52.085603704549087 ], [ -63.690141790489605, 52.085253497321609 ], [ -63.689830004123259, 52.08486180570408 ], [ -63.689048582070818, 52.084356200920702 ], [ -63.688914211140045, 52.084202514366623 ], [ -63.688503501774321, 52.083732795753427 ], [ -63.687556476809661, 52.082956001986723 ], [ -63.687321909930574, 52.082610397273193 ], [ -63.687158503712794, 52.082009994652132 ], [ -63.687230292755807, 52.081600688573829 ], [ -63.687738907599908, 52.081304801710296 ], [ -63.687924802325341, 52.080995110515559 ], [ -63.688191899973141, 52.080784406666496 ], [ -63.688379499839648, 52.080722710818044 ], [ -63.688883705358727, 52.080662514695035 ], [ -63.689402801794408, 52.080565899329031 ], [ -63.690183818786736, 52.080226091936709 ], [ -63.690526589636391, 52.079947607348629 ], [ -63.690607108676708, 52.079778299402356 ], [ -63.690622119518309, 52.079453398825684 ], [ -63.690080190451454, 52.078480484787342 ], [ -63.689976316409251, 52.077734799340412 ], [ -63.690080814676783, 52.077614709382232 ], [ -63.69029211568801, 52.077468004897867 ], [ -63.690700609171756, 52.077479301388131 ], [ -63.69094139257723, 52.077548594777141 ], [ -63.691120893895906, 52.077803704863896 ], [ -63.691937888574522, 52.077826289691892 ], [ -63.692363494062747, 52.077894697691093 ], [ -63.692621507327381, 52.078021196684219 ], [ -63.692719793335939, 52.078177402673077 ], [ -63.692977809611818, 52.078303900882979 ], [ -63.693886725707038, 52.07833609588296 ], [ -63.694539280520395, 52.07848990037256 ], [ -63.695319191114606, 52.078458893689174 ], [ -63.695504309738844, 52.078592204594855 ], [ -63.695510785683467, 52.078738609489761 ], [ -63.69512300416217, 52.078991989770181 ], [ -63.695023004887794, 52.079299108920061 ], [ -63.695504213883936, 52.079592099387838 ], [ -63.696495717101705, 52.079837096251332 ], [ -63.697414809262227, 52.079934595212528 ], [ -63.697648691470064, 52.080011904312009 ], [ -63.697727510159368, 52.080305915455071 ], [ -63.698076921867347, 52.080596600293639 ], [ -63.698200713505116, 52.080915789528746 ], [ -63.698597488928485, 52.081036584459497 ], [ -63.698654099235689, 52.081240787914432 ], [ -63.698831302597583, 52.08140239973276 ], [ -63.699562889666666, 52.081561606135452 ], [ -63.699600805920056, 52.081883393884361 ], [ -63.699734405264216, 52.082133705844697 ], [ -63.699720893983056, 52.082283805555832 ], [ -63.699405100077151, 52.082550598116825 ], [ -63.699326501875071, 52.082679296601675 ], [ -63.699438817094304, 52.082819504238365 ], [ -63.69943408506925, 52.082921002315139 ], [ -63.699241652463918, 52.082971680178659 ], [ -63.699173578608423, 52.082989598457033 ], [ -63.699014499823598, 52.082864887352123 ], [ -63.698836717491226, 52.0828577027238 ], [ -63.698753974946129, 52.082933505877982 ], [ -63.698696102454598, 52.083615304666829 ], [ -63.698624504544732, 52.083735994253736 ], [ -63.698413218987568, 52.083882695096754 ], [ -63.697989215858122, 52.084062310018417 ], [ -63.697955195461653, 52.08437061213548 ], [ -63.698260587994945, 52.084615789782781 ], [ -63.698415586027274, 52.084687595065283 ], [ -63.699076202702699, 52.084813009732549 ], [ -63.70002009363391, 52.084805191124232 ], [ -63.700505447495843, 52.084707012786268 ], [ -63.700852590369308, 52.084636801775517 ], [ -63.701448795516185, 52.084586289497352 ], [ -63.701915897537894, 52.084472489203726 ], [ -63.702285394096918, 52.084470888791884 ], [ -63.70297310714961, 52.084295901027069 ], [ -63.703528497866337, 52.083984492074961 ], [ -63.70421010985001, 52.083797289673441 ], [ -63.70456679923079, 52.083502702628138 ], [ -63.704890302169019, 52.083496192562812 ], [ -63.705128503176461, 52.083626390321974 ], [ -63.705378197451758, 52.083647013027942 ], [ -63.706110602213101, 52.083074398035436 ], [ -63.706406295619551, 52.083099894387011 ], [ -63.706435908883044, 52.083315903894878 ], [ -63.706602110384004, 52.08343259321515 ], [ -63.706653495551365, 52.083892801996051 ], [ -63.706834994918069, 52.084107411087317 ], [ -63.707613982402663, 52.08409660949939 ], [ -63.707881500437594, 52.084019900941286 ], [ -63.70880161130431, 52.084096991327243 ], [ -63.708878680795131, 52.08414299949866 ], [ -63.708746307783329, 52.084295205527596 ], [ -63.708337298074085, 52.084438407368701 ], [ -63.708055505009312, 52.084396898811711 ], [ -63.707800485502482, 52.084632303745799 ], [ -63.707611113647658, 52.084734710549768 ], [ -63.707103624378789, 52.084721795449745 ], [ -63.706657896984325, 52.084945711420289 ], [ -63.706135522796082, 52.084969095245306 ], [ -63.706062486196288, 52.085553097909134 ], [ -63.705911994563373, 52.085668412097036 ], [ -63.705643196329234, 52.085631211349941 ], [ -63.705411614773084, 52.085358791749456 ], [ -63.705226476930441, 52.084936902509391 ], [ -63.704871892751925, 52.084613698388928 ], [ -63.704841404000724, 52.084129392185766 ], [ -63.704783392843709, 52.08410000720599 ], [ -63.70429401140742, 52.084123909185067 ], [ -63.704210784394121, 52.084354191005659 ], [ -63.704463284712894, 52.084602504646462 ], [ -63.704412621519772, 52.084987695072499 ], [ -63.704449700447967, 52.085041188202688 ], [ -63.704932492375711, 52.085159402546736 ], [ -63.705010409580787, 52.085473814966491 ], [ -63.705128802621324, 52.085626213097392 ], [ -63.705132408507588, 52.08583359531405 ], [ -63.70502789638028, 52.085953692344816 ], [ -63.704599787186162, 52.08608039335423 ], [ -63.704244407845792, 52.086488793821005 ], [ -63.703605004692847, 52.086762088453952 ], [ -63.703336421646, 52.087436192867941 ], [ -63.70333807748149, 52.087684207013673 ], [ -63.70367699199231, 52.08806408842225 ], [ -63.703638198772751, 52.088762597471018 ], [ -63.703832608057063, 52.08898141499607 ], [ -63.703883492318354, 52.089596085787264 ], [ -63.704151805374899, 52.089787791534825 ], [ -63.704818596467526, 52.089925401671593 ], [ -63.705160720281086, 52.090089993782513 ], [ -63.70534819623294, 52.090316806360555 ], [ -63.705370406940972, 52.090695189904089 ], [ -63.705614104570877, 52.090992086786343 ], [ -63.705986997194692, 52.09106370018138 ], [ -63.706169416001117, 52.091257890149365 ], [ -63.706629098474281, 52.091306610982656 ], [ -63.706885292692206, 52.091762286269372 ], [ -63.707122315198106, 52.092778605353146 ], [ -63.707288502750352, 52.092895309214413 ], [ -63.708000422707627, 52.093058097169006 ], [ -63.708108488849454, 52.093145300955229 ], [ -63.708103894259956, 52.093246893965386 ], [ -63.707994190815278, 52.093334399459678 ], [ -63.707352394090272, 52.093514312317147 ], [ -63.706991476432862, 52.093755905358314 ], [ -63.706971993758984, 52.093893803215053 ], [ -63.707166503265299, 52.094112605492384 ], [ -63.706921309077828, 52.094279110546942 ], [ -63.706441990367331, 52.094368197136077 ], [ -63.706072290322986, 52.094369895175333 ], [ -63.705839203769209, 52.094272408877963 ], [ -63.705344723837143, 52.094263693270932 ], [ -63.705086508350142, 52.094137290289389 ], [ -63.705003874405818, 52.09392440601939 ], [ -63.704595319579219, 52.093913198939838 ], [ -63.704730781108118, 52.094122895454134 ], [ -63.705344584021226, 52.09455229594932 ], [ -63.70560309238023, 52.095101505984573 ], [ -63.705913202843213, 52.095245214866658 ], [ -63.70649599888835, 52.09534481402401 ], [ -63.706795101748739, 52.095443503640603 ], [ -63.707011414674298, 52.095617993953212 ], [ -63.707066188755434, 52.095862786612798 ], [ -63.706835911536814, 52.096070798248725 ], [ -63.706000709106618, 52.09635639145958 ], [ -63.705698586224386, 52.096895790164872 ], [ -63.705333603227679, 52.097177690292924 ], [ -63.705137512436671, 52.097329091580001 ], [ -63.704849997602167, 52.097409408072174 ], [ -63.704028804237566, 52.09746830285571 ], [ -63.703053198839974, 52.098300790709033 ], [ -63.702473891827367, 52.098697108378509 ], [ -63.702502579282708, 52.098933403809845 ], [ -63.703008681178574, 52.09940970449108 ], [ -63.703159877927064, 52.09985139848267 ], [ -63.703155510646404, 52.100375714928774 ], [ -63.703115998569295, 52.100517309182621 ], [ -63.702796307232504, 52.100865308673143 ], [ -63.702401382818579, 52.101126695657172 ], [ -63.701665109574307, 52.101491898449758 ], [ -63.700436299303426, 52.101941900986141 ], [ -63.700221181396323, 52.102169806852274 ], [ -63.699945390428447, 52.102851989814312 ], [ -63.699758090046352, 52.10304788391484 ], [ -63.699450584095082, 52.103131902759003 ], [ -63.69913067822764, 52.103114067021721 ], [ -63.698811887468544, 52.103096297298336 ], [ -63.698625211099788, 52.103137798150442 ], [ -63.698278093396652, 52.103363385005217 ], [ -63.69804110968014, 52.103635704776195 ], [ -63.69767641708377, 52.103669891238404 ], [ -63.697259205000499, 52.10384150462496 ], [ -63.695949597355607, 52.104038008811074 ], [ -63.695620184974551, 52.1041663063572 ], [ -63.695284193330004, 52.104436889397455 ], [ -63.695288797029079, 52.104623902513943 ], [ -63.695599918863671, 52.104747301110308 ], [ -63.69573218529203, 52.104883795697006 ], [ -63.695741497375252, 52.104969293274252 ], [ -63.69560390329913, 52.105088799151225 ], [ -63.695294518673713, 52.10521349569634 ], [ -63.695312014773592, 52.105404792009544 ], [ -63.695392296113525, 52.10552409188913 ], [ -63.695659423913796, 52.105601998821093 ], [ -63.696606590018284, 52.105533304325505 ], [ -63.697473301315434, 52.105633810278228 ], [ -63.698067384577911, 52.105778407598194 ], [ -63.698577207602796, 52.106173499826397 ], [ -63.698694286203839, 52.106212201867407 ], [ -63.699307000962314, 52.106239200554519 ], [ -63.699515981193571, 52.106287500156121 ], [ -63.699511306614866, 52.106389109114183 ], [ -63.69924321752309, 52.106620202710609 ], [ -63.698839900372207, 52.106775690403694 ], [ -63.698526711663646, 52.106981604021826 ], [ -63.698356583487296, 52.107263487216628 ], [ -63.698262106052958, 52.107420011055176 ], [ -63.697236894073953, 52.108174390999586 ], [ -63.697125382916632, 52.108302496126498 ], [ -63.697135002945664, 52.108522205591022 ], [ -63.696992699219017, 52.108743289574534 ], [ -63.697015921790417, 52.108812794164272 ], [ -63.697176114733864, 52.108917299617723 ], [ -63.697653198595312, 52.109023207774364 ], [ -63.697871493263229, 52.10915709107379 ], [ -63.697882908392053, 52.10962479457033 ], [ -63.697925942084971, 52.10965034831689 ], [ -63.6983134163399, 52.109880294322764 ], [ -63.698319297784188, 52.110181199903799 ], [ -63.698202609712396, 52.110276707610716 ], [ -63.697890883963751, 52.110307905745493 ], [ -63.697807131969547, 52.110279052596127 ], [ -63.69716948441738, 52.110059400175579 ], [ -63.697057497296619, 52.11005338917451 ], [ -63.696829888725446, 52.110122595305306 ], [ -63.696746687652947, 52.110064192436248 ], [ -63.696626885781995, 52.110086498940483 ], [ -63.696511093117891, 52.110161694800503 ], [ -63.696446918173571, 52.110408500082087 ], [ -63.696503091243891, 52.110478605736212 ], [ -63.69727720590835, 52.111012594447665 ], [ -63.697585235993699, 52.111479083417322 ], [ -63.697616583433998, 52.111526595107868 ], [ -63.6977330009626, 52.112008414372006 ], [ -63.697867206914658, 52.112104206416824 ], [ -63.697855894268038, 52.112347887280407 ], [ -63.697661604106699, 52.112551814805258 ], [ -63.697445798101555, 52.112934210533894 ], [ -63.697267913140237, 52.113113564760511 ], [ -63.696621610805252, 52.113765301111904 ], [ -63.696460692836006, 52.114103993060098 ], [ -63.696454096347836, 52.114246191188563 ], [ -63.69655439761172, 52.114361707454286 ], [ -63.696810790113041, 52.114528807890714 ], [ -63.696848117686486, 52.115005094331082 ], [ -63.697188210460162, 52.115076098451141 ], [ -63.697262898789113, 52.115317310992225 ], [ -63.697194106026764, 52.115377101393577 ], [ -63.69688829610854, 52.115420495241132 ], [ -63.696894223606193, 52.115721393560605 ], [ -63.696715713991203, 52.115868705454339 ], [ -63.69634149638393, 52.11610598479475 ], [ -63.69627219678447, 52.116320298061773 ], [ -63.69636650357706, 52.116423489672862 ], [ -63.69687659809675, 52.116530109384598 ], [ -63.697212917511756, 52.116682299338486 ], [ -63.697354492148015, 52.116904309551721 ], [ -63.697277322806471, 52.117146896914285 ], [ -63.697195476128577, 52.117202302436581 ], [ -63.696843689057332, 52.11724089601951 ], [ -63.696761901660686, 52.117296404959042 ], [ -63.696498614629739, 52.117848699654381 ], [ -63.696264301846071, 52.118060002160895 ], [ -63.695980686123185, 52.118193293462852 ], [ -63.695116703873246, 52.118454513013532 ], [ -63.694848506232901, 52.118685603546808 ], [ -63.694714084919291, 52.118878405916313 ], [ -63.694570383575503, 52.118985601981755 ], [ -63.694406405712371, 52.118962402596772 ], [ -63.694293086158936, 52.118842508178382 ], [ -63.694199755732562, 52.118832179465919 ], [ -63.69368209378154, 52.118774891295757 ], [ -63.69350221496547, 52.11880830759808 ], [ -63.693355809244039, 52.118976491235493 ], [ -63.69351068714257, 52.119336900759443 ], [ -63.693325192258705, 52.119492205338389 ], [ -63.693242704238891, 52.119990791019973 ], [ -63.692710079531665, 52.120083004371885 ], [ -63.692558994960969, 52.120064085252295 ], [ -63.692455891850869, 52.120009495745286 ], [ -63.692314513945469, 52.120210211158451 ], [ -63.692279981392311, 52.120384400379429 ], [ -63.692524417780689, 52.120526897171608 ], [ -63.693065789700597, 52.120705671953402 ], [ -63.693122792755858, 52.120724500986384 ], [ -63.693301685254148, 52.120711396875379 ], [ -63.693490385567479, 52.120629292349918 ], [ -63.693615393767175, 52.120639589374875 ], [ -63.693662707889452, 52.120758399452917 ], [ -63.693305707449234, 52.121052898988488 ], [ -63.692849814092732, 52.121057097279603 ], [ -63.6928319734835, 52.121070737399485 ], [ -63.692548513363619, 52.121287606519132 ], [ -63.691967984175392, 52.12141560163623 ], [ -63.691859200056832, 52.121482796734355 ], [ -63.691769781815204, 52.121700699113198 ], [ -63.691107306455891, 52.122172797095573 ], [ -63.690762607302482, 52.122626087693398 ], [ -63.690770708642617, 52.123020598488701 ], [ -63.691179791289287, 52.12345470349549 ], [ -63.691669901804723, 52.123853587547302 ], [ -63.692219489309032, 52.124107109136268 ], [ -63.692281709768203, 52.124189499120916 ], [ -63.692048295778065, 52.125092004038713 ], [ -63.69199342675067, 52.125135693797567 ], [ -63.691387961412723, 52.12524823373586 ], [ -63.69133379182648, 52.125258306607698 ], [ -63.691143183688567, 52.125381007643689 ], [ -63.691003511390377, 52.125829811657752 ], [ -63.690974813539263, 52.126304900420244 ], [ -63.690579889552666, 52.126700410177179 ], [ -63.690331010122975, 52.127082215835074 ], [ -63.690309494005199, 52.127260701567103 ], [ -63.690499001818765, 52.127447012496894 ], [ -63.69054892051976, 52.127793395441074 ], [ -63.690334881085192, 52.128135205229789 ], [ -63.690253006560013, 52.128902099293612 ], [ -63.690713103494907, 52.129088278311542 ], [ -63.691082893487895, 52.129237885859787 ], [ -63.69124452537266, 52.129456196948126 ], [ -63.691268108440383, 52.129659890990446 ], [ -63.691160596898683, 52.129840912974508 ], [ -63.691135115949464, 52.130389302886627 ], [ -63.691100742664254, 52.130413117447588 ], [ -63.690923512377083, 52.130535997760809 ], [ -63.69060689691581, 52.130668699127597 ], [ -63.690244612257224, 52.130930595059276 ], [ -63.68997259798472, 52.131665689683871 ], [ -63.689996213879724, 52.131869396489584 ], [ -63.690202479903611, 52.131978700270253 ], [ -63.690335816802914, 52.13209490049978 ], [ -63.690388777225671, 52.132091799697314 ], [ -63.690664202360708, 52.131852700897149 ], [ -63.691198212675246, 52.131874299248729 ], [ -63.691344601319003, 52.131994710185836 ], [ -63.691722880162146, 52.132098999237904 ], [ -63.692002613927428, 52.132335607675536 ], [ -63.692049015178156, 52.132474699284664 ], [ -63.692512685479713, 52.132730808131349 ], [ -63.692624216171666, 52.132891297401457 ], [ -63.693077793018603, 52.133082185574629 ], [ -63.693151109589571, 52.133209506650182 ], [ -63.693417406135481, 52.133307703733131 ], [ -63.69377057330491, 52.133311318066454 ], [ -63.693965487023135, 52.133313303254759 ], [ -63.694280585071745, 52.133355399654569 ], [ -63.694405985249709, 52.133499904955571 ], [ -63.694350190031052, 52.133563989871249 ], [ -63.69407499268128, 52.13365379800959 ], [ -63.693203190261571, 52.133938207473207 ], [ -63.692751089292848, 52.134283898858087 ], [ -63.691964083665383, 52.134302599436616 ], [ -63.691630607445134, 52.134512201691741 ], [ -63.691281894000348, 52.134623993158989 ], [ -63.691179090488959, 52.134703493253461 ], [ -63.691218888749219, 52.134984711328421 ], [ -63.691069100175866, 52.135079604606716 ], [ -63.690805993185208, 52.135054604770438 ], [ -63.690536496093266, 52.134883196643685 ], [ -63.690583085819824, 52.134733606660582 ], [ -63.690553879115853, 52.134651803265328 ], [ -63.690652509274067, 52.134519389167778 ], [ -63.690713110912448, 52.134353803860385 ], [ -63.690637805785244, 52.134267105658211 ], [ -63.690206192776735, 52.134031785090691 ], [ -63.690075106572394, 52.134009203880368 ], [ -63.689960209983681, 52.134064108729042 ], [ -63.689803892171177, 52.134301204952131 ], [ -63.689936588255847, 52.13457178877168 ], [ -63.689731601999767, 52.134576311208704 ], [ -63.689513914436596, 52.134710690752264 ], [ -63.688775783203219, 52.134673292727328 ], [ -63.688660882842505, 52.134728196240587 ], [ -63.688658775882431, 52.135057503438702 ], [ -63.688702896691787, 52.135103000915201 ], [ -63.68887399286114, 52.13511821226092 ], [ -63.689044718286667, 52.134999202682245 ], [ -63.689294808066713, 52.135019889720169 ], [ -63.689309117208147, 52.135138092830218 ], [ -63.689412199578406, 52.135192700273116 ], [ -63.690448806632354, 52.135349211972816 ], [ -63.690697390102912, 52.135544600874653 ], [ -63.690968400545131, 52.135541303587665 ], [ -63.691964095675345, 52.135725507623299 ], [ -63.692152292464733, 52.135797888458626 ], [ -63.692668524167395, 52.136205394095825 ], [ -63.692818500825616, 52.136533311244328 ], [ -63.692712893649293, 52.136673690928426 ], [ -63.692405992282836, 52.136737409215215 ], [ -63.692406392786957, 52.136871607084785 ], [ -63.692497501741059, 52.136901593251814 ], [ -63.693350599023759, 52.136884090571215 ], [ -63.693512907113423, 52.136659313614565 ], [ -63.693916221988005, 52.136369599324006 ], [ -63.693900113703734, 52.136003406522597 ], [ -63.694030806637265, 52.135891901574681 ], [ -63.69477750801574, 52.135746500039851 ], [ -63.694955606093529, 52.135753715049759 ], [ -63.694989392617352, 52.13602259507558 ], [ -63.695123989691432, 52.136252596376913 ], [ -63.695130688344648, 52.136821898032693 ], [ -63.695192878942052, 52.136904301725423 ], [ -63.695550393590274, 52.137032500372555 ], [ -63.695657693176969, 52.137140109366221 ], [ -63.695652084535645, 52.137262004484747 ], [ -63.695786428195724, 52.137357794133834 ], [ -63.696221898258642, 52.137511787011647 ], [ -63.696193315310339, 52.137986997556126 ], [ -63.696298704904272, 52.138135196016385 ], [ -63.697086200131388, 52.138250602581266 ], [ -63.69725669850591, 52.138420300365311 ], [ -63.697283203481703, 52.13856300311388 ], [ -63.697014804585152, 52.138794090906487 ], [ -63.696491222428158, 52.138971998086099 ], [ -63.696497597685557, 52.139118396001585 ], [ -63.696592901929641, 52.139201409976145 ], [ -63.696544415671873, 52.139391594647634 ], [ -63.696603915655167, 52.139534991233973 ], [ -63.696887783095946, 52.139824497010153 ], [ -63.69719129320945, 52.139976202062563 ], [ -63.697530108523338, 52.140221999630718 ], [ -63.697647089240043, 52.14054929113216 ], [ -63.697658613179691, 52.140728396973898 ], [ -63.698257491250715, 52.140637189612811 ], [ -63.698633690571505, 52.140647891336187 ], [ -63.69861350747766, 52.140940297175298 ], [ -63.698234015242996, 52.141145008723342 ], [ -63.697685902276383, 52.141139511999363 ], [ -63.697633612670593, 52.141410913361177 ], [ -63.697758588705732, 52.141709906224449 ], [ -63.698014609862867, 52.142031506840716 ], [ -63.699030714187941, 52.142634692977666 ], [ -63.699190114228983, 52.14275950665629 ], [ -63.699268116104037, 52.143073896096688 ], [ -63.699258401238218, 52.143854287031161 ], [ -63.699298801375313, 52.143981100691072 ], [ -63.69967539849371, 52.144125895727321 ], [ -63.701054584410414, 52.144024002029404 ], [ -63.701412425725138, 52.1445749951991 ], [ -63.701800286355436, 52.145476194534524 ], [ -63.70184049045897, 52.145891585633798 ], [ -63.702089199748322, 52.146087011328746 ], [ -63.702013706388421, 52.146577610864419 ], [ -63.702259617142737, 52.146833997757881 ], [ -63.702228307323338, 52.147081491748843 ], [ -63.702001694778083, 52.147553208225958 ], [ -63.702000317029345, 52.14758329372183 ], [ -63.70198848868317, 52.147837506464462 ], [ -63.702073086888376, 52.148009709124452 ], [ -63.702078899033197, 52.148599401851079 ], [ -63.702351401136625, 52.1487098129938 ], [ -63.702119114154222, 52.149303409634264 ], [ -63.701803802971959, 52.14926131287816 ], [ -63.7017418789722, 52.149313103025349 ], [ -63.701918096220567, 52.149649499712737 ], [ -63.702077495913777, 52.14977430042773 ], [ -63.702545288025377, 52.149949089782751 ], [ -63.702569407742914, 52.149998394267193 ], [ -63.70227727660118, 52.150314402306527 ], [ -63.70220157806903, 52.151093706554853 ], [ -63.70227728135599, 52.151314605511509 ], [ -63.702470794075708, 52.151419585209517 ], [ -63.702538207137877, 52.151534591232831 ], [ -63.702666501527688, 52.151618190292773 ], [ -63.702947799921553, 52.151680012140872 ], [ -63.703340689910029, 52.151902308923283 ], [ -63.703572723286754, 52.152174693551807 ], [ -63.703573813479387, 52.152957802183913 ], [ -63.703574207191984, 52.153288711413019 ], [ -63.703666680678943, 52.153432604534508 ], [ -63.703823792336131, 52.153463802402868 ], [ -63.703932096391554, 52.153839804933504 ], [ -63.703784191939349, 52.153894106635207 ], [ -63.703466990481914, 52.153892593913078 ], [ -63.703400387242432, 52.154045893288213 ], [ -63.703764993231559, 52.154166200060217 ], [ -63.70416251057587, 52.154575606403895 ], [ -63.70466429149176, 52.154730685340873 ], [ -63.704752596727836, 52.154821695417347 ], [ -63.704745093533695, 52.155272796421251 ], [ -63.704638510156649, 52.155433602706132 ], [ -63.704405886880991, 52.155604402215396 ], [ -63.704436514484847, 52.155800110597795 ], [ -63.704621075893705, 52.155953703040694 ], [ -63.705125698296456, 52.156047910039092 ], [ -63.705209009678775, 52.156106314182125 ], [ -63.705260898665969, 52.15670079486096 ], [ -63.705742611169754, 52.157148301945348 ], [ -63.705684306406063, 52.157696107816975 ], [ -63.705456681986753, 52.158188102872025 ], [ -63.704775879068514, 52.159046296692587 ], [ -63.704676707251956, 52.159333289522372 ], [ -63.704674691708981, 52.159662494003463 ], [ -63.704801186999752, 52.159786707293392 ], [ -63.704901226200285, 52.159768093293593 ], [ -63.70520042173802, 52.159443999857054 ], [ -63.705684779364269, 52.159119104189351 ], [ -63.706020122138654, 52.159157495968891 ], [ -63.70620479998373, 52.159311085908826 ], [ -63.70637591651797, 52.159614997357963 ], [ -63.706742817721818, 52.159828702498992 ], [ -63.706959420942781, 52.160580601150514 ], [ -63.706765381772449, 52.16062999668452 ], [ -63.706675607687018, 52.160713902937047 ], [ -63.706267781898994, 52.161528007818241 ], [ -63.705943480062601, 52.161823207888794 ], [ -63.705505716413818, 52.161998602264568 ], [ -63.705519202786057, 52.162136986228624 ], [ -63.705738680292939, 52.162250607917692 ], [ -63.705740994420708, 52.162344211886712 ], [ -63.705328790096736, 52.162393901602123 ], [ -63.705130091268138, 52.162544897141046 ], [ -63.704672783183291, 52.162569508205138 ], [ -63.703999222170935, 52.162553701625406 ], [ -63.703683208680332, 52.162954710410979 ], [ -63.703444509775728, 52.163113208206575 ], [ -63.70313928683175, 52.163136301227034 ], [ -63.702555509256598, 52.163036697525605 ], [ -63.702521587209617, 52.162767694545558 ], [ -63.702370012506691, 52.162614612546349 ], [ -63.701918389026453, 52.162517305514029 ], [ -63.701595505865804, 52.162637715159505 ], [ -63.701505075584997, 52.162876001679962 ], [ -63.701354309175606, 52.162991288961734 ], [ -63.700854187432633, 52.162994376447898 ], [ -63.700494584110686, 52.162996602421018 ], [ -63.700304793639411, 52.163098985229681 ], [ -63.700310187685545, 52.163554391050475 ], [ -63.700399495562692, 52.163625092845088 ], [ -63.70065470239858, 52.163740498043332 ], [ -63.700820396942838, 52.163815400891025 ], [ -63.700876109879474, 52.164040015017548 ], [ -63.700781221781696, 52.164091195240594 ], [ -63.700525460201924, 52.164149627744912 ], [ -63.700153088850783, 52.164234686184514 ], [ -63.699611392288489, 52.164509794666252 ], [ -63.698871397965881, 52.165070186892613 ], [ -63.698845307036024, 52.16535020416201 ], [ -63.699358689893735, 52.165684503247448 ], [ -63.699376311192388, 52.165875913726083 ], [ -63.699540875827736, 52.16603330686246 ], [ -63.700054893923522, 52.166213008599414 ], [ -63.700371722802217, 52.166368996786538 ], [ -63.700753084169165, 52.166700904389316 ], [ -63.701016312724249, 52.16701451063556 ], [ -63.701206380724933, 52.1673350006851 ], [ -63.701240293752697, 52.167603891664577 ], [ -63.700898685715522, 52.167841903639506 ], [ -63.700668214454438, 52.168106202983978 ], [ -63.700703004771228, 52.168354804744133 ], [ -63.701236097642209, 52.168551203386578 ], [ -63.701529196087989, 52.168792104517344 ], [ -63.702204213730305, 52.168921801162845 ], [ -63.702397700878421, 52.169026811179926 ], [ -63.702675876111506, 52.169304103140433 ], [ -63.702686116123751, 52.169369302989331 ], [ -63.702361196764357, 52.169530405074276 ], [ -63.702363499301043, 52.169623895055366 ], [ -63.702598919578499, 52.169680898888693 ], [ -63.703247915571438, 52.170090703864325 ], [ -63.703743807756553, 52.170233503109358 ], [ -63.704127182613725, 52.170231797606306 ], [ -63.704484588164867, 52.170230191991713 ], [ -63.705450890192488, 52.170641389735522 ], [ -63.705537421205655, 52.17077299619212 ], [ -63.705413591122266, 52.170876609820681 ], [ -63.704764632065462, 52.171008655933655 ], [ -63.704659201220039, 52.171030103574452 ], [ -63.704347396065536, 52.171195411195995 ], [ -63.704182204386697, 52.17148119406599 ], [ -63.7040526094098, 52.171995291210266 ], [ -63.703943190775163, 52.172216989161669 ], [ -63.703955687859477, 52.172375808594467 ], [ -63.704096222900567, 52.172483993815526 ], [ -63.704681996537857, 52.172543009808621 ], [ -63.705241685603134, 52.172882094583485 ], [ -63.705609309480728, 52.1729413886315 ], [ -63.705977380828855, 52.172846097269321 ], [ -63.706228601130498, 52.172846513383703 ], [ -63.706322330218626, 52.172875215336049 ], [ -63.70667858188407, 52.172984408735616 ], [ -63.707247211833945, 52.17298619689911 ], [ -63.707402576664727, 52.173058007651882 ], [ -63.707470992792985, 52.173152691715465 ], [ -63.70738860255706, 52.173362698862753 ], [ -63.707133516913814, 52.173443602596713 ], [ -63.706940820396618, 52.173607002782546 ], [ -63.706938761231783, 52.173635856724395 ], [ -63.706902499588068, 52.174151094560429 ], [ -63.706738603339275, 52.174550795362649 ], [ -63.706752997771311, 52.174668986528118 ], [ -63.70756020545236, 52.175378299483747 ], [ -63.707979301675081, 52.175897898154723 ], [ -63.708028582442367, 52.176264705896543 ], [ -63.708377993541802, 52.176575684095901 ], [ -63.708738101164784, 52.177086099483539 ], [ -63.70916660956113, 52.177402595861494 ], [ -63.709405320600823, 52.177532798044275 ], [ -63.709501090981412, 52.177749990414057 ], [ -63.709806409504814, 52.178015492985885 ], [ -63.710027014978692, 52.17810880671081 ], [ -63.710386706047423, 52.178196388411436 ], [ -63.710618406750918, 52.178334599934161 ], [ -63.710755719199518, 52.178658204742462 ], [ -63.71083698477198, 52.17933449654506 ], [ -63.710958889632842, 52.179560306662943 ], [ -63.71116360303575, 52.179710190399263 ], [ -63.71156060446306, 52.179851307662339 ], [ -63.711758396812627, 52.18000920108318 ], [ -63.711874702719101, 52.180356795008066 ], [ -63.71216131020244, 52.180739903025888 ], [ -63.712470631711149, 52.18093503245705 ], [ -63.713221893846288, 52.181408897731842 ], [ -63.713380618777599, 52.18184269504092 ], [ -63.713616485962476, 52.182033800311324 ], [ -63.714216891084362, 52.182210886461348 ], [ -63.714475683626418, 52.182337404832325 ], [ -63.714863793703294, 52.182815784690355 ], [ -63.715311593169112, 52.183148796416923 ], [ -63.715915685552901, 52.184110708562429 ], [ -63.716112515726216, 52.18428899296611 ], [ -63.716624994616701, 52.184509287092354 ], [ -63.71727941351044, 52.184951606795877 ], [ -63.717399085963244, 52.185083790680579 ], [ -63.717622988178128, 52.185538996343091 ], [ -63.717527484203572, 52.186033398819752 ], [ -63.717376693835512, 52.186148693940922 ], [ -63.717134711901693, 52.186233891659654 ], [ -63.716690091730918, 52.186262791738883 ], [ -63.715333201387352, 52.185991314379002 ], [ -63.71469230121253, 52.185976100659907 ], [ -63.714070907746709, 52.186111707756027 ], [ -63.7137049855275, 52.186300503803267 ], [ -63.713410820531585, 52.186368596408094 ], [ -63.712543580824104, 52.186381999164183 ], [ -63.712315496997746, 52.186451209476758 ], [ -63.712204706809167, 52.186559104183921 ], [ -63.712027686440003, 52.187243195632874 ], [ -63.71178740361713, 52.187865209061904 ], [ -63.711533220127016, 52.188214493346521 ], [ -63.711419904916944, 52.188806202321295 ], [ -63.711127149963623, 52.189001978999933 ], [ -63.710655521999811, 52.189317398849148 ], [ -63.710516708444722, 52.189457305318314 ], [ -63.710521320674026, 52.189644401011279 ], [ -63.710964005596693, 52.189944901000871 ], [ -63.710976615838561, 52.189993173607434 ], [ -63.711025921717763, 52.190181795274384 ], [ -63.710961594504411, 52.190428693181218 ], [ -63.710879065082707, 52.190523388115487 ], [ -63.71077998303852, 52.190636997027653 ], [ -63.710764576722205, 52.190827801352668 ], [ -63.710821338300192, 52.190947530470467 ], [ -63.710892258594562, 52.191097218433157 ], [ -63.711054098046375, 52.191438685528524 ], [ -63.71108101855539, 52.192004302545811 ], [ -63.711333213824759, 52.192273007788728 ], [ -63.711605974149798, 52.192383502758524 ], [ -63.711823013908074, 52.192557996463563 ], [ -63.712099414436324, 52.193164590352403 ], [ -63.712109624391829, 52.193518492976871 ], [ -63.71201879469892, 52.193622612301475 ], [ -63.711835796895748, 52.193717096030582 ], [ -63.711234308027691, 52.193848899472592 ], [ -63.710554095283193, 52.19382080780332 ], [ -63.710192821533639, 52.19390809808511 ], [ -63.710367326193065, 52.193996493804512 ], [ -63.710592598136344, 52.194276897914769 ], [ -63.710995310480556, 52.19458479442558 ], [ -63.711229905675154, 52.19466209922092 ], [ -63.71187621862029, 52.19470990585134 ], [ -63.712226307365377, 52.19486639761196 ], [ -63.712460407367836, 52.195098213693072 ], [ -63.712647094294425, 52.195499901186729 ], [ -63.712626110991366, 52.19581259126614 ], [ -63.712310812115774, 52.196193408906566 ], [ -63.712043114035218, 52.196404293500557 ], [ -63.71162961083143, 52.196474399033491 ], [ -63.711211523991686, 52.196357298448014 ], [ -63.711218003921488, 52.19650378965904 ], [ -63.711518711874298, 52.196870905540052 ], [ -63.711878617134197, 52.196958498065314 ], [ -63.713041306524985, 52.196856714542371 ], [ -63.713128813749655, 52.196968009603964 ], [ -63.712980203307296, 52.1971768006945 ], [ -63.712222191009879, 52.197257201737905 ], [ -63.711923211404795, 52.197426907218173 ], [ -63.711870090270573, 52.19771868775738 ], [ -63.7119157084148, 52.197878101775608 ], [ -63.712260709351249, 52.198290700770293 ], [ -63.712742599941706, 52.198603995789796 ], [ -63.713470797592471, 52.198884997457903 ], [ -63.71415531375424, 52.19896599421925 ], [ -63.71434942006492, 52.199205202847381 ], [ -63.714720990728232, 52.199471897950978 ], [ -63.715889679209525, 52.199959807050007 ], [ -63.716192388603119, 52.200286210431194 ], [ -63.716283201457294, 52.200470790428483 ], [ -63.716442886657894, 52.201172905068383 ], [ -63.716508511741416, 52.202194704866606 ], [ -63.716881497601854, 52.202575186844648 ], [ -63.717506907759329, 52.202935716272748 ], [ -63.717713203488756, 52.203199493687215 ], [ -63.717893902591264, 52.203300298071106 ], [ -63.718017306772019, 52.203351200802146 ], [ -63.71839210604459, 52.203402397367086 ], [ -63.718558910345983, 52.203519096922577 ], [ -63.718516999901624, 52.20385589145355 ], [ -63.718615685888345, 52.20401209687671 ], [ -63.718813084836675, 52.204035891943924 ], [ -63.719950399954747, 52.205214401321662 ], [ -63.719943909780504, 52.205356592638566 ], [ -63.719854984751372, 52.205420100633553 ], [ -63.719035289863243, 52.205397809738585 ], [ -63.718987288251505, 52.205433605087649 ], [ -63.719042311418605, 52.205678506190139 ], [ -63.719136916115573, 52.205781797136737 ], [ -63.719509017373653, 52.205894008126052 ], [ -63.719760013886784, 52.206048805506107 ], [ -63.719739081836998, 52.206361506828472 ], [ -63.719839690408634, 52.206477090254396 ], [ -63.720457708578834, 52.206711404582805 ], [ -63.720715680104959, 52.206858199174292 ], [ -63.720697096486184, 52.206975806710858 ], [ -63.720396710994621, 52.207031608243717 ], [ -63.720293812428849, 52.207111107508801 ], [ -63.720307294348657, 52.20724960198492 ], [ -63.720410708769649, 52.207304305110704 ], [ -63.720400472650816, 52.207527705775071 ], [ -63.720667786187619, 52.207760092800605 ], [ -63.721010601635648, 52.207790404825467 ], [ -63.721216504745115, 52.207919998568592 ], [ -63.72152428676835, 52.207990397500758 ], [ -63.721709720056822, 52.208278197233646 ], [ -63.722296582011253, 52.208760000226107 ], [ -63.722340890409768, 52.209382894991279 ], [ -63.722141190435075, 52.209842984675717 ], [ -63.722303280200919, 52.210350106971745 ], [ -63.722526413076643, 52.210536892804313 ], [ -63.723006714852495, 52.210602093379116 ], [ -63.723140399540746, 52.210718301947487 ], [ -63.723137583567265, 52.210779206158911 ], [ -63.723005779122296, 52.210911101362186 ], [ -63.722994090346099, 52.211020687371089 ], [ -63.723209390257011, 52.211524585529567 ], [ -63.723417585239126, 52.211747794895636 ], [ -63.723418111147012, 52.211881999141994 ], [ -63.723306311435763, 52.212010091850985 ], [ -63.723160574523114, 52.212158106169468 ], [ -63.723149410799998, 52.212401897056523 ], [ -63.723380489962693, 52.212560386920714 ], [ -63.724026601727864, 52.212762596684257 ], [ -63.724313097402693, 52.213011606953408 ], [ -63.724258593391824, 52.213189507813524 ], [ -63.724072793249015, 52.213344887560083 ], [ -63.723851484674263, 52.213406198003085 ], [ -63.723426703188672, 52.213431393896876 ], [ -63.723253010379786, 52.21390009700152 ], [ -63.723225584149993, 52.21435499052415 ], [ -63.723818691711273, 52.214849096487271 ], [ -63.723951483092691, 52.215274293999371 ], [ -63.724449010133057, 52.215396811519646 ], [ -63.724545481158323, 52.215459397049422 ], [ -63.724644317438475, 52.215904308039079 ], [ -63.724851200523034, 52.21601359223412 ], [ -63.725067790473815, 52.216054005263771 ], [ -63.725525711775333, 52.21602930009292 ], [ -63.725597003303321, 52.216063091369548 ], [ -63.725824392309555, 52.216591612102356 ], [ -63.726086698612171, 52.216791300312821 ], [ -63.726314506463702, 52.216876495954331 ], [ -63.726803689285994, 52.216893091109938 ], [ -63.726972311855846, 52.216969195446872 ], [ -63.727361897207103, 52.217427201702399 ], [ -63.727458405092356, 52.217778609773362 ], [ -63.727930000997944, 52.218181192283154 ], [ -63.727996222375857, 52.218471000376901 ], [ -63.727943214800455, 52.218762900035308 ], [ -63.728022923321646, 52.218902497023123 ], [ -63.728482192049938, 52.218991693567538 ], [ -63.728858809289946, 52.219445510740101 ], [ -63.729168198841357, 52.2196296859792 ], [ -63.729498100848282, 52.219944507826696 ], [ -63.729691990509586, 52.220049504939034 ], [ -63.729894709065668, 52.220105806927961 ], [ -63.730755594447309, 52.220100307432013 ], [ -63.730824606513309, 52.220329198095271 ], [ -63.730783188827694, 52.220511395928064 ], [ -63.730873177403069, 52.220716303454701 ], [ -63.731081007331149, 52.220805294447224 ], [ -63.731547496038523, 52.221175208678012 ], [ -63.732185425115716, 52.221271494698506 ], [ -63.732420302454308, 52.221637504242722 ], [ -63.732910586348417, 52.221922406841657 ], [ -63.733145908316011, 52.222133807341365 ], [ -63.733470307141204, 52.222281694511324 ], [ -63.733571017461657, 52.222397304638534 ], [ -63.733649396802903, 52.222711696906451 ], [ -63.7338701990288, 52.222804996886062 ], [ -63.734413511860176, 52.222797998033428 ], [ -63.734597591498186, 52.222971989619211 ], [ -63.73458610201186, 52.223370293172877 ], [ -63.734675590594215, 52.223441001402954 ], [ -63.73521938420587, 52.223568208392003 ], [ -63.736006984227878, 52.224012708401027 ], [ -63.736411489529182, 52.224145688509942 ], [ -63.736642693995364, 52.224304212352557 ], [ -63.736669898368739, 52.224581186516367 ], [ -63.736796683512431, 52.224705291991341 ], [ -63.737836200997158, 52.224706912646852 ], [ -63.73836000586634, 52.224837793747739 ], [ -63.73876690662496, 52.225064409139378 ], [ -63.739414202543273, 52.225246189672866 ], [ -63.739611383459881, 52.225424404208333 ], [ -63.739782599633948, 52.225882802645003 ], [ -63.740375722518337, 52.226531393793671 ], [ -63.741127403801414, 52.226747498721487 ], [ -63.741576299339023, 52.226925992929417 ], [ -63.741684101031623, 52.227322299832174 ], [ -63.74194050965135, 52.227509592658784 ], [ -63.742668618534069, 52.227810799582414 ], [ -63.743201314370999, 52.227892994981254 ], [ -63.743486011754982, 52.22789381268062 ], [ -63.743709110346877, 52.227791904301135 ], [ -63.743828389159361, 52.227789887375572 ], [ -63.743783402083373, 52.228053388941397 ], [ -63.743917710340156, 52.228303788619165 ], [ -63.744397089794269, 52.228832494412458 ], [ -63.744756094280717, 52.229094793577566 ], [ -63.745641193028618, 52.229292795009229 ], [ -63.746298501494643, 52.229694400536275 ], [ -63.746405338870304, 52.229717207571802 ], [ -63.746567510450497, 52.229751816582059 ], [ -63.747077718955659, 52.229744296041069 ], [ -63.747618919896411, 52.22993239431559 ], [ -63.748255076269864, 52.230069303083994 ], [ -63.74859169878053, 52.230241694778691 ], [ -63.748863297673267, 52.230681412097496 ], [ -63.748902302374148, 52.231137514319727 ], [ -63.748784503824659, 52.2312534893099 ], [ -63.748408106513999, 52.23137720134833 ], [ -63.748249279724327, 52.231520902709825 ], [ -63.748361283105041, 52.232413399226452 ], [ -63.748536694889943, 52.232635906101528 ], [ -63.748839318894973, 52.232828091177083 ], [ -63.749141389650767, 52.232886108649886 ], [ -63.749784903297126, 52.233303714248947 ], [ -63.750008803681396, 52.233624691042053 ], [ -63.751234601620666, 52.233759393649713 ], [ -63.751426814913366, 52.23390500245403 ], [ -63.751393411638432, 52.234058893148351 ], [ -63.751219087891855, 52.234104806146462 ], [ -63.750920377489273, 52.234120005665019 ], [ -63.750465887055505, 52.234063504783649 ], [ -63.750403077441383, 52.234135700692256 ], [ -63.750767893512077, 52.234564795202921 ], [ -63.751100206103416, 52.235127496717396 ], [ -63.751386124609631, 52.235396697358723 ], [ -63.752152186440441, 52.236328688936339 ], [ -63.752191597962899, 52.236630298844247 ], [ -63.752144193191057, 52.236800292304451 ], [ -63.751887281235263, 52.2372106942302 ], [ -63.75189881522769, 52.237544401322907 ], [ -63.752053302553463, 52.237791010609868 ], [ -63.752439405808808, 52.238041500733637 ], [ -63.752679298942091, 52.238305910250908 ], [ -63.753281308359576, 52.238173697856027 ], [ -63.753816883720035, 52.238195001618955 ], [ -63.754036814180481, 52.2382672262491 ], [ -63.754143276919166, 52.238302205874227 ], [ -63.754551912805233, 52.238642606794393 ], [ -63.754744382383187, 52.238633702064909 ], [ -63.75491719775443, 52.238473909461064 ], [ -63.755107003858328, 52.238082711734258 ], [ -63.7552868068001, 52.237471691036887 ], [ -63.755516681089993, 52.237073001441587 ], [ -63.755739510371527, 52.237125608946592 ], [ -63.755888909238337, 52.237339497140596 ], [ -63.75583842665236, 52.23772499437672 ], [ -63.755403279542584, 52.23841710055062 ], [ -63.755382019755125, 52.238595693472654 ], [ -63.755670715558594, 52.239247107832171 ], [ -63.755666691070964, 52.239926202314592 ], [ -63.756001924981319, 52.240427997696379 ], [ -63.756620184117267, 52.24303290802073 ], [ -63.756510301366447, 52.243120513959937 ], [ -63.756313478630027, 52.243076505410137 ], [ -63.755996209987785, 52.242766197276985 ], [ -63.755719278877976, 52.242737102531329 ], [ -63.75474879664371, 52.243253396746802 ], [ -63.754778180878908, 52.243335197277624 ], [ -63.754953104002503, 52.243423587559711 ], [ -63.755022610485753, 52.243497906877266 ], [ -63.754982175249197, 52.243659901049149 ], [ -63.754789406933433, 52.24382338856941 ], [ -63.754540999333251, 52.243896386253255 ], [ -63.754296291220598, 52.243888199511545 ], [ -63.754082194184456, 52.243786992587104 ], [ -63.753938015403037, 52.243605591077625 ], [ -63.753671390377299, 52.243641804934022 ], [ -63.753393505579517, 52.243633000148868 ], [ -63.753317306826943, 52.243855402332585 ], [ -63.753256192051296, 52.243886895931496 ], [ -63.752913111147102, 52.243856709663341 ], [ -63.752781597755337, 52.243834107995646 ], [ -63.752733597932576, 52.243869899594678 ], [ -63.752757607199229, 52.244073601904184 ], [ -63.752840210069451, 52.244152302679502 ], [ -63.753274701615005, 52.244212489413719 ], [ -63.753390386163048, 52.244291690957795 ], [ -63.75340550050128, 52.244544094942981 ], [ -63.753794208049285, 52.244888209607296 ], [ -63.753794109775271, 52.24533151359352 ], [ -63.754077074990064, 52.245372906046534 ], [ -63.754835119460758, 52.245312493198178 ], [ -63.755242583365117, 52.245384498078579 ], [ -63.755456402685624, 52.245640309609797 ], [ -63.755540789808165, 52.246121593609949 ], [ -63.755834692346824, 52.246805691074428 ], [ -63.755834287559487, 52.246960206822379 ], [ -63.756008881559794, 52.24720309976238 ], [ -63.756698284256082, 52.247491294675491 ], [ -63.757031385201486, 52.247744992274718 ], [ -63.757506087073082, 52.247797690928515 ], [ -63.757652110230211, 52.247895548328671 ], [ -63.757898423640242, 52.248060598702054 ], [ -63.758108280907457, 52.248552107049704 ], [ -63.758331805484602, 52.248738894901734 ], [ -63.759315789820242, 52.248958806158647 ], [ -63.760045916270286, 52.249373799057786 ], [ -63.761245503806414, 52.249808790250398 ], [ -63.761382781633195, 52.250000001767134 ], [ -63.761723319758879, 52.250532592431867 ], [ -63.761744023676336, 52.250663093388503 ], [ -63.761210709214296, 52.251178710696891 ], [ -63.761091323647449, 52.251180794733941 ], [ -63.760804004610129, 52.251086397964677 ], [ -63.760567084998193, 52.251049902271731 ], [ -63.75971458488003, 52.251295801843135 ], [ -63.759117817600142, 52.251306000750347 ], [ -63.758705892807448, 52.25118110436734 ], [ -63.758598089878014, 52.251073605935225 ], [ -63.757721891481715, 52.2505178979698 ], [ -63.757375360665556, 52.250420343396179 ], [ -63.757061085986713, 52.250331895664083 ], [ -63.756042381386813, 52.250000002432984 ], [ -63.754834415380273, 52.24945650992268 ], [ -63.754276203405354, 52.249345300682208 ], [ -63.753553578254341, 52.249499803794386 ], [ -63.75317702218107, 52.249623597909462 ], [ -63.751688319849926, 52.249577993514713 ], [ -63.751236711396871, 52.249305996661114 ], [ -63.75108998857425, 52.249474305169294 ], [ -63.750867592832059, 52.249999993189391 ], [ -63.751377091148228, 52.250455197294421 ], [ -63.751673485132208, 52.250789596664873 ], [ -63.751899585483727, 52.251358695527614 ], [ -63.751955506489949, 52.251737890464483 ], [ -63.752115704677053, 52.252151308469102 ], [ -63.752047399842475, 52.252345414509257 ], [ -63.751626099368515, 52.252578189096781 ], [ -63.751221813313492, 52.252579489863884 ], [ -63.750729183575963, 52.252335205738035 ], [ -63.75054769426368, 52.251657085190736 ], [ -63.75029180439099, 52.251160696851002 ], [ -63.749838417735042, 52.25092929580255 ], [ -63.749380416041966, 52.250799502110233 ], [ -63.749130506326097, 52.250758714804924 ], [ -63.748667424434728, 52.25059629399496 ], [ -63.748349680721923, 52.250440403680678 ], [ -63.748113801210323, 52.250383489080427 ], [ -63.747880209955071, 52.250420191593392 ], [ -63.74792418865502, 52.250620195511367 ], [ -63.748510900025082, 52.250833504304047 ], [ -63.748647200556881, 52.251043286860558 ], [ -63.748658989138072, 52.251222387743155 ], [ -63.748420903247549, 52.251360710740933 ], [ -63.748171700337082, 52.251742798442926 ], [ -63.747941487917615, 52.251852692844416 ], [ -63.747666290423417, 52.251783007137888 ], [ -63.74738358894205, 52.251587010572706 ], [ -63.747033399826819, 52.251564785644774 ], [ -63.74685169645894, 52.251773190558275 ], [ -63.746753585518952, 52.25203990104837 ], [ -63.7471850920303, 52.252315705772844 ], [ -63.747398781764318, 52.252571505844585 ], [ -63.747494717130749, 52.252943203857185 ], [ -63.747426614672548, 52.252982698624855 ], [ -63.747869422116729, 52.253303300029401 ], [ -63.748378306622499, 52.253625104291515 ], [ -63.748858587938351, 52.253556007097181 ], [ -63.748876992989082, 52.253881704585105 ], [ -63.748793105649419, 52.253977789404161 ], [ -63.748491488964717, 52.254054104299428 ], [ -63.748452594306428, 52.254329885545665 ], [ -63.74816818681311, 52.25446340874911 ], [ -63.747455285547304, 52.254548895717647 ], [ -63.747317397002618, 52.254668487855952 ], [ -63.747256907163859, 52.254834211239952 ], [ -63.74731120863661, 52.255099511584191 ], [ -63.747839303734473, 52.255437900086321 ], [ -63.748169514725056, 52.255463791530659 ], [ -63.748425191326227, 52.255671496964204 ], [ -63.749075802487425, 52.255792402098791 ], [ -63.749328407878053, 52.256215490343742 ], [ -63.750055806743518, 52.256691510331571 ], [ -63.750617911236297, 52.257453398991821 ], [ -63.750219592438796, 52.257466988847199 ], [ -63.749932503311456, 52.257661406808047 ], [ -63.749598234017689, 52.257665466600223 ], [ -63.749236280676598, 52.25766990381323 ], [ -63.748905787068125, 52.257798499182407 ], [ -63.748792989585226, 52.257946991967366 ], [ -63.748446709429402, 52.258132291827472 ], [ -63.748838885307435, 52.258106405795033 ], [ -63.749129282300281, 52.257985300883476 ], [ -63.749745289742741, 52.257991693157045 ], [ -63.749804553461175, 52.257983274657335 ], [ -63.750205477140668, 52.257926306345453 ], [ -63.750379598788321, 52.258035003997342 ], [ -63.750603702297433, 52.258355990648845 ], [ -63.750925694319598, 52.258564810646163 ], [ -63.751477581932903, 52.258818094965228 ], [ -63.752112398674043, 52.258995608285538 ], [ -63.752802495767106, 52.259418086904788 ], [ -63.753094717619177, 52.259699593870003 ], [ -63.753079492994374, 52.259890501605724 ], [ -63.753136890379487, 52.259940183152302 ], [ -63.753547593239496, 52.259796705424897 ], [ -63.753857797752566, 52.25982641222253 ], [ -63.754204979143111, 52.260064107089228 ], [ -63.754604177416383, 52.260030205825743 ], [ -63.754951695016679, 52.260113296226514 ], [ -63.755030696297737, 52.260273290534712 ], [ -63.755314407406367, 52.260448904827165 ], [ -63.755839604307056, 52.260559415347267 ], [ -63.756125197390503, 52.260694398386832 ], [ -63.756551094541486, 52.260803311804054 ], [ -63.756745219646838, 52.260908201793157 ], [ -63.756800818407591, 52.261441903726734 ], [ -63.756945094490369, 52.261623287352457 ], [ -63.757671699287762, 52.262119489726771 ], [ -63.758158378253164, 52.262351398402686 ], [ -63.758746898791017, 52.262678606946629 ], [ -63.759156700231934, 52.26299869459055 ], [ -63.759246913540935, 52.263203510584631 ], [ -63.759357219696767, 52.263847900877131 ], [ -63.75963728917128, 52.264104810182666 ], [ -63.760014419859537, 52.264269791314192 ], [ -63.760434014419353, 52.264520908667137 ], [ -63.760828600143043, 52.264588493049658 ], [ -63.761376102997914, 52.264500198690079 ], [ -63.76185369950521, 52.264492000943264 ], [ -63.763016705470712, 52.264718990731097 ], [ -63.763624704496955, 52.264908090196592 ], [ -63.764134892982568, 52.265209610762334 ], [ -63.764312982734609, 52.265525709237615 ], [ -63.764351317227231, 52.266002196069067 ], [ -63.763991007341552, 52.266203505886892 ], [ -63.763994296845794, 52.266276806380262 ], [ -63.76417880604054, 52.266450708441297 ], [ -63.764142416038226, 52.266820207773911 ], [ -63.764605495259467, 52.267137009419123 ], [ -63.765859201834189, 52.267857603698054 ], [ -63.766617097441255, 52.268106312016478 ], [ -63.768080784613446, 52.26843180249017 ], [ -63.769040474985303, 52.26891150521331 ], [ -63.769142296305439, 52.269006811152572 ], [ -63.769765012069726, 52.269314092619545 ], [ -63.770065361768687, 52.269531867146753 ], [ -63.770362196156505, 52.269747097428635 ], [ -63.770651914224977, 52.270089490769017 ], [ -63.770748001422021, 52.270461211244438 ], [ -63.770977814918751, 52.270660298416594 ], [ -63.771231214596384, 52.270774289711561 ], [ -63.772102507266531, 52.27100859671895 ], [ -63.775070507539276, 52.27209531557012 ], [ -63.775731594296992, 52.272435786868215 ], [ -63.776019792069278, 52.27266428366174 ], [ -63.776577477756227, 52.272795600102889 ], [ -63.776621895138618, 52.272841089716742 ], [ -63.776491786695281, 52.272932494437626 ], [ -63.776487290618242, 52.273034099120601 ], [ -63.777519798880924, 52.273372608798375 ], [ -63.777895204354756, 52.273578207470678 ], [ -63.778127506582337, 52.273870810163267 ], [ -63.778611299891921, 52.273874814581191 ], [ -63.779192896712509, 52.273766607441189 ], [ -63.780093291192848, 52.273793789851219 ], [ -63.780870090478125, 52.273770101429619 ], [ -63.780949990821881, 52.273311895076397 ], [ -63.780656402109386, 52.272607493538914 ], [ -63.780874277301315, 52.272627405700398 ], [ -63.781046699091682, 52.272776687624834 ], [ -63.781315979629717, 52.272833998533898 ], [ -63.781444916136088, 52.272917494002641 ], [ -63.781301997208296, 52.273447891224933 ], [ -63.781436107024014, 52.273563999135781 ], [ -63.781998287517744, 52.27359370515552 ], [ -63.782379393979568, 52.273522787048613 ], [ -63.782836477112944, 52.273229507097547 ], [ -63.7837452892907, 52.272919193474934 ], [ -63.784564614389183, 52.272981700176445 ], [ -63.784916105425857, 52.272828905766737 ], [ -63.785736515207049, 52.272716509334451 ], [ -63.788155394872909, 52.272736296693765 ], [ -63.789702510468793, 52.272831194192392 ], [ -63.79026800099291, 52.273088611194474 ], [ -63.791441995343099, 52.273225995905577 ], [ -63.79191170818229, 52.273400513879167 ], [ -63.792116299307125, 52.273570693528178 ], [ -63.792211021251553, 52.273828501123099 ], [ -63.792180588385847, 52.274519305692337 ], [ -63.792394119946607, 52.274640798308717 ], [ -63.792890108979435, 52.274669409813797 ], [ -63.792958392876329, 52.274320702349783 ], [ -63.793582812980496, 52.274144000256236 ], [ -63.793614517713962, 52.273876099399914 ], [ -63.793509205979831, 52.273707608892266 ], [ -63.794242214101615, 52.273772591000188 ], [ -63.795350590747816, 52.274197607229461 ], [ -63.795483816882474, 52.274333995698342 ], [ -63.795908213790327, 52.274483405507233 ], [ -63.796986295984475, 52.274692392230087 ], [ -63.797586620962157, 52.275064200763026 ], [ -63.797931702601083, 52.275208195776983 ], [ -63.798392814955136, 52.275276797198551 ], [ -63.799534781065866, 52.275238697949604 ], [ -63.799720302048371, 52.275392209480259 ], [ -63.799590097904442, 52.275792709112054 ], [ -63.799684005082462, 52.276070797793423 ], [ -63.800369502925804, 52.276614898715508 ], [ -63.80038431338884, 52.276733111206838 ], [ -63.800181794448456, 52.276965591946492 ], [ -63.80018250876288, 52.27709979944553 ], [ -63.80043241331726, 52.277449592917506 ], [ -63.800429488116031, 52.27781969574832 ], [ -63.800577592375284, 52.27791970651645 ], [ -63.801024801013362, 52.278004394169557 ], [ -63.801266000709042, 52.278248310076144 ], [ -63.801470458737874, 52.278721919229241 ], [ -63.801488794334468, 52.278764400319886 ], [ -63.801476398765693, 52.278894292446843 ], [ -63.801297483887126, 52.279196407893401 ], [ -63.801508276218158, 52.279378803386066 ], [ -63.80141130001271, 52.279625289751401 ], [ -63.801440702001962, 52.279861708089108 ], [ -63.800916286193676, 52.280328899194373 ], [ -63.800902078870863, 52.280653998565406 ], [ -63.801209414104576, 52.281208109442737 ], [ -63.800932687115633, 52.281467907645826 ], [ -63.800752810519882, 52.281790288840597 ], [ -63.800609802804921, 52.28187740742672 ], [ -63.800033508288749, 52.281863887997694 ], [ -63.799832277097401, 52.281612504407704 ], [ -63.799713683976577, 52.281594206956868 ], [ -63.799420507271599, 52.28193099187326 ], [ -63.799155400370509, 52.281926695664609 ], [ -63.799078717411874, 52.281860301698799 ], [ -63.798889919082121, 52.280572000293702 ], [ -63.798721108279551, 52.280187009514414 ], [ -63.798298593868729, 52.279842412184486 ], [ -63.797312087123814, 52.279354400794624 ], [ -63.796526797375684, 52.279117711014905 ], [ -63.795369910649661, 52.278285203070922 ], [ -63.795056996674539, 52.278162100945103 ], [ -63.794092203511248, 52.277938691123282 ], [ -63.793248397685318, 52.277827201448474 ], [ -63.792395807307031, 52.27776420457856 ], [ -63.791813799570221, 52.277429210889466 ], [ -63.790746413343626, 52.27697640540201 ], [ -63.789882811180263, 52.276714014370086 ], [ -63.789251921073387, 52.276435094634813 ], [ -63.788623616156684, 52.276249792584757 ], [ -63.787722779320028, 52.27577939893964 ], [ -63.78730359634951, 52.275662601820478 ], [ -63.78704559061601, 52.275650208411207 ], [ -63.786782907424033, 52.275893913506863 ], [ -63.786639897921354, 52.276578803882643 ], [ -63.785166217741434, 52.276920306227858 ], [ -63.784788487110575, 52.277064501588882 ], [ -63.784943377112647, 52.277311101730035 ], [ -63.785216085561927, 52.277441809264353 ], [ -63.785195793723524, 52.277599992003573 ], [ -63.784847291960411, 52.278135090036372 ], [ -63.784908613525026, 52.278546899936401 ], [ -63.785080009297701, 52.278871109292069 ], [ -63.78448882257733, 52.278893793858089 ], [ -63.784069597731843, 52.278777006073796 ], [ -63.783590498407598, 52.278516913501342 ], [ -63.783041007045952, 52.278048095276787 ], [ -63.782276992501956, 52.277632795332877 ], [ -63.781552687965132, 52.27751898585683 ], [ -63.780530887717262, 52.277534495997131 ], [ -63.779899389825282, 52.277719185845065 ], [ -63.779811587472615, 52.278205795095872 ], [ -63.780113608960441, 52.278572811431665 ], [ -63.780081106120306, 52.278706515932278 ], [ -63.779870808549745, 52.278812803513389 ], [ -63.779090389077695, 52.278917687738208 ], [ -63.778726681504246, 52.279045800620402 ], [ -63.778473588894606, 52.279220609532537 ], [ -63.777970587500725, 52.279199993176888 ], [ -63.777635186719728, 52.278986901904254 ], [ -63.777122995602106, 52.278726193186039 ], [ -63.775875793232743, 52.27844100743642 ], [ -63.775595015441432, 52.278493293983274 ], [ -63.775105118197231, 52.278477006597896 ], [ -63.775057685865725, 52.278647009377778 ], [ -63.775170889873159, 52.27878708777861 ], [ -63.775711915931652, 52.278995493620641 ], [ -63.77594270300861, 52.279174207053799 ], [ -63.776160190857283, 52.279503199363226 ], [ -63.776762808432636, 52.27996880459358 ], [ -63.776833995612513, 52.28015708558776 ], [ -63.776607890226586, 52.280320011674277 ], [ -63.776246899504429, 52.280387198177969 ], [ -63.775197976184586, 52.28041440735911 ], [ -63.774182894124195, 52.279978487716399 ], [ -63.773748010272037, 52.279918393400273 ], [ -63.773083606985352, 52.27994791363141 ], [ -63.772734690542819, 52.280039707406402 ], [ -63.772415316124601, 52.280213303205805 ], [ -63.772408984558645, 52.280355494772785 ], [ -63.772289510301128, 52.280357591890777 ], [ -63.771438087886779, 52.280119593862807 ], [ -63.770631309969843, 52.279772599511894 ], [ -63.77031611901856, 52.279555796974044 ], [ -63.769726977470135, 52.279383306749516 ], [ -63.76945008910004, 52.279199703849038 ], [ -63.769409302712006, 52.279072890242972 ], [ -63.769429483263004, 52.278471305094286 ], [ -63.769227992343374, 52.278528991671507 ], [ -63.76918702852182, 52.278582243515501 ], [ -63.769101314834693, 52.278693596477666 ], [ -63.769108395615035, 52.27912889199991 ], [ -63.769327686908234, 52.279417208857936 ], [ -63.769461566019423, 52.279517756796842 ], [ -63.769571483859437, 52.279600292698817 ], [ -63.769960879353633, 52.27978980709527 ], [ -63.770360606520228, 52.280044605096499 ], [ -63.770909586352118, 52.280224603715467 ], [ -63.770983512223111, 52.280352005396452 ], [ -63.7706176144317, 52.280675299108168 ], [ -63.770786596086907, 52.280751288378028 ], [ -63.771223404621416, 52.280770809077517 ], [ -63.77134580049087, 52.280553300961571 ], [ -63.772828588759211, 52.280761103867889 ], [ -63.772609510375226, 52.28091609567285 ], [ -63.772306110635263, 52.280878413575969 ], [ -63.771993117048581, 52.280909804273982 ], [ -63.7718497066491, 52.281151414396341 ], [ -63.771900623327802, 52.281497996230563 ], [ -63.771652912274753, 52.281550791339832 ], [ -63.771404913469368, 52.281758105193354 ], [ -63.771453311814454, 52.282011099115145 ], [ -63.771680715355984, 52.282116497715201 ], [ -63.771853105618462, 52.282265788008218 ], [ -63.771827616966711, 52.282391507491575 ], [ -63.771658992587078, 52.282604202105325 ], [ -63.77167788773135, 52.282775403630041 ], [ -63.771963411304554, 52.283064813748801 ], [ -63.772490483032215, 52.283289205586236 ], [ -63.772968483176896, 52.28372429811558 ], [ -63.773692378196856, 52.284147198034525 ], [ -63.773941502371819, 52.284362805034824 ], [ -63.774128512138276, 52.284630301722743 ], [ -63.774225587476366, 52.284981701436905 ], [ -63.77444980526684, 52.285457194195004 ], [ -63.774729305035294, 52.285734411396952 ], [ -63.775139788374858, 52.285899889389633 ], [ -63.776040193435819, 52.286081687347767 ], [ -63.776753020067758, 52.286459592055998 ], [ -63.777309013824059, 52.286631589545834 ], [ -63.779479106260986, 52.286899714989104 ], [ -63.779702212129237, 52.286952209531293 ], [ -63.780010619239384, 52.287176901097219 ], [ -63.780161188763657, 52.287370604230141 ], [ -63.780681185627579, 52.28775749725407 ], [ -63.781693181930606, 52.288120105588312 ], [ -63.782505407185397, 52.288499694149728 ], [ -63.783054284874311, 52.288834202517634 ], [ -63.783655811469373, 52.28903129761035 ], [ -63.784259717126659, 52.289321900785076 ], [ -63.784754115665372, 52.289391207780419 ], [ -63.786615195485403, 52.289300098106274 ], [ -63.786787004106536, 52.289315096187401 ], [ -63.787173901077558, 52.289565598727023 ], [ -63.787234595180358, 52.289843208460944 ], [ -63.786719318112851, 52.290395902675868 ], [ -63.786601318713025, 52.290666405062836 ], [ -63.786611297321151, 52.291040701721649 ], [ -63.786690396428376, 52.291200687787189 ], [ -63.786923987798147, 52.291318393610631 ], [ -63.787980713457983, 52.291571909500668 ], [ -63.788762589097992, 52.291889903847633 ], [ -63.789419486703942, 52.292486396061804 ], [ -63.789606718179584, 52.29275389344 ], [ -63.789950783912083, 52.293072804670146 ], [ -63.790272497995232, 52.293147311118496 ], [ -63.791527579014442, 52.29311519882414 ], [ -63.792172814986387, 52.293223498077118 ], [ -63.792510215026631, 52.293395790285146 ], [ -63.792605096198365, 52.293499089102149 ], [ -63.79258490258065, 52.293657302976911 ], [ -63.792007321116152, 52.293818597542668 ], [ -63.79175121534746, 52.294363404043601 ], [ -63.791772896891189, 52.294473594049613 ], [ -63.792291508269635, 52.294746614688385 ], [ -63.793673692809193, 52.294993110445276 ], [ -63.794349996391688, 52.295451696212155 ], [ -63.794741413543605, 52.295600493642482 ], [ -63.795897702234349, 52.29585548873041 ], [ -63.797233706405116, 52.296097191268117 ], [ -63.798066209979467, 52.296627489379219 ], [ -63.798960808721596, 52.296951316369373 ], [ -63.799481295777269, 52.297183599564576 ], [ -63.799875316164581, 52.297425994165678 ], [ -63.800305189585153, 52.297607986342911 ], [ -63.8006634099428, 52.297910790491251 ], [ -63.800674394904561, 52.298264806226072 ], [ -63.80053041868586, 52.298372205412448 ], [ -63.800286931972948, 52.298417553013053 ], [ -63.800008678077738, 52.298469407790229 ], [ -63.800023380819432, 52.298587594679326 ], [ -63.800147211808728, 52.298638390311858 ], [ -63.800904623246979, 52.298573864942078 ], [ -63.800946301391043, 52.298570306192218 ], [ -63.801250693105374, 52.298587491645669 ], [ -63.801256554043206, 52.298672638523534 ], [ -63.801279106554126, 52.298998691141762 ], [ -63.801760593187382, 52.299063590297266 ], [ -63.802173790622291, 52.299322608824788 ], [ -63.802373278152544, 52.299614601109376 ], [ -63.802064386894422, 52.299698987007211 ], [ -63.802007478005102, 52.299938000431318 ], [ -63.802101608053341, 52.300061602418872 ], [ -63.802998589241135, 52.300788105083299 ], [ -63.803360402739841, 52.301009599751445 ], [ -63.803742189703996, 52.301381998203837 ], [ -63.804156601149337, 52.301311491776154 ], [ -63.805042007713013, 52.301395203423084 ], [ -63.805693405795466, 52.301670297873017 ], [ -63.806228793287751, 52.302020701841144 ], [ -63.806754607824089, 52.302285600394796 ], [ -63.806943715635832, 52.302512405819819 ], [ -63.807145205688947, 52.302609192973101 ], [ -63.80760319113898, 52.302604511370916 ], [ -63.807669620153007, 52.302451100994283 ], [ -63.807674085007335, 52.302194900596099 ], [ -63.807866894423206, 52.302185906583411 ], [ -63.808057791914088, 52.302372005641182 ], [ -63.808210486485159, 52.302370501621866 ], [ -63.808303116150491, 52.302225594761225 ], [ -63.808226787535638, 52.301540986753032 ], [ -63.808369908887002, 52.301453898277579 ], [ -63.808588917461051, 52.301453406698904 ], [ -63.80885129880398, 52.301673293479851 ], [ -63.809059679583207, 52.301762103526755 ], [ -63.811708804474549, 52.302175606442717 ], [ -63.8118253208768, 52.302698100703687 ], [ -63.812313814841076, 52.302754907751371 ], [ -63.813009799298712, 52.303075412234804 ], [ -63.813467606981156, 52.303379808873181 ], [ -63.815136980490408, 52.304049695420836 ], [ -63.81521979585839, 52.304128291215058 ], [ -63.81598211758601, 52.304449890730268 ], [ -63.816635407603783, 52.30483880095877 ], [ -63.817892307953755, 52.305384015131509 ], [ -63.818201903147788, 52.305588306077532 ], [ -63.818431309513926, 52.305653009671495 ], [ -63.818940799168594, 52.305685802359207 ], [ -63.819299293275613, 52.305833891672307 ], [ -63.819663996130636, 52.305839901869561 ], [ -63.820093284184274, 52.305578399989976 ], [ -63.820266224095825, 52.305263994692588 ], [ -63.820295190811315, 52.3045933975976 ], [ -63.820572589108693, 52.304622290447718 ], [ -63.82072700911931, 52.304734604224606 ], [ -63.820924998236819, 52.304758188102483 ], [ -63.82135590963901, 52.304919808849206 ], [ -63.821600220956903, 52.305102701202792 ], [ -63.822123607018526, 52.305119307553454 ], [ -63.82256850913538, 52.305264891009976 ], [ -63.823220013604832, 52.305694408882111 ], [ -63.823827514052297, 52.305854904181594 ], [ -63.824204108470575, 52.305954409869329 ], [ -63.824548591724849, 52.306273195217251 ], [ -63.825430505287265, 52.306592489618239 ], [ -63.826281918015532, 52.307159493284324 ], [ -63.826690178130988, 52.307231206788174 ], [ -63.827081913572663, 52.307379909508526 ], [ -63.827560006880567, 52.307680503640775 ], [ -63.829693891957398, 52.308666803038015 ], [ -63.830288888165015, 52.309026194020674 ], [ -63.832296410626178, 52.310022594968501 ], [ -63.833067700901658, 52.310604503391474 ], [ -63.834548382473471, 52.311974697894264 ], [ -63.834627813345769, 52.31213459783207 ], [ -63.835080619691027, 52.312560792757083 ], [ -63.835157860803065, 52.3126793333169 ], [ -63.835311014201601, 52.312914306655145 ], [ -63.835951488868623, 52.313607987747176 ], [ -63.835937498379486, 52.313778591024366 ], [ -63.835317892834439, 52.314451910950801 ], [ -63.835315302664227, 52.315131088403227 ], [ -63.835739398217015, 52.315609688131602 ], [ -63.835837216864952, 52.315806607328128 ], [ -63.835289124056274, 52.315895297230142 ], [ -63.835050006195907, 52.316054193883375 ], [ -63.834974109481813, 52.31627661087731 ], [ -63.835049092913316, 52.316692703990689 ], [ -63.835293482781672, 52.31733930437467 ], [ -63.83464941393747, 52.317345199876669 ], [ -63.83438589587935, 52.317300308933589 ], [ -63.833060296418431, 52.316640298492388 ], [ -63.832529799539032, 52.316322606922171 ], [ -63.831426809518192, 52.315735296899298 ], [ -63.830404093175197, 52.315287697066154 ], [ -63.829581205618389, 52.314822891607356 ], [ -63.829411122690267, 52.314767197768674 ], [ -63.82926282254526, 52.314667193831689 ], [ -63.828402378907285, 52.314303499992562 ], [ -63.827525485896423, 52.313862199598823 ], [ -63.826683482280522, 52.313689905069523 ], [ -63.825315388599265, 52.312943797536306 ], [ -63.824281604685844, 52.312296494406581 ], [ -63.823967588147546, 52.312039291639664 ], [ -63.822658080806484, 52.311322501557676 ], [ -63.820570395828419, 52.310340786877973 ], [ -63.819468696176891, 52.309733210028952 ], [ -63.819079518613925, 52.30967799247847 ], [ -63.818158179503719, 52.309654899327981 ], [ -63.817932279377104, 52.30950880725544 ], [ -63.817731594803838, 52.309546199919794 ], [ -63.817542099266475, 52.309783098462567 ], [ -63.817574172877215, 52.310113106420424 ], [ -63.817827997129704, 52.31038159736319 ], [ -63.817827111775919, 52.310556498577775 ], [ -63.817536349289902, 52.310568696176723 ], [ -63.816849788446653, 52.310597487544406 ], [ -63.816441384318203, 52.310680290701448 ], [ -63.816102890121073, 52.310682898358351 ], [ -63.81543280593602, 52.310525489145405 ], [ -63.814773290779407, 52.310433406406013 ], [ -63.814227926692745, 52.310461093644548 ], [ -63.813970388096138, 52.310582999023808 ], [ -63.81343357887885, 52.311025702199295 ], [ -63.813485706735918, 52.311351901895939 ], [ -63.813261397070107, 52.311474402709408 ], [ -63.813332587820391, 52.312126285435774 ], [ -63.813264385897519, 52.312320409363352 ], [ -63.813282614890788, 52.312511906794377 ], [ -63.813653280658038, 52.312839295339181 ], [ -63.813986405839032, 52.313267703201383 ], [ -63.814342294515477, 52.31347688879012 ], [ -63.814610107535813, 52.313574791238132 ], [ -63.814912807194027, 52.313787199283226 ], [ -63.815039197443085, 52.314086191581964 ], [ -63.814983113485397, 52.314614012089514 ], [ -63.815246515831852, 52.314813497502705 ], [ -63.815673993096155, 52.314901885552558 ], [ -63.815814492164947, 52.315030311216077 ], [ -63.816832719792032, 52.315270594274118 ], [ -63.817276796023059, 52.315436389760819 ], [ -63.817578866807132, 52.315622806550721 ], [ -63.817845586657867, 52.315787391958246 ], [ -63.819322691613309, 52.316466306659919 ], [ -63.819671711156452, 52.3166834971206 ], [ -63.820030313490101, 52.31683170484667 ], [ -63.820508500287659, 52.31697770056477 ], [ -63.820930683422986, 52.317497104268774 ], [ -63.821756011367491, 52.318055593123553 ], [ -63.82249137723376, 52.319007101055789 ], [ -63.823319417586127, 52.319659096247335 ], [ -63.823669205980572, 52.320165094614161 ], [ -63.823568705546371, 52.320647511410463 ], [ -63.823690823986823, 52.321048096805335 ], [ -63.823153264322563, 52.321041650708345 ], [ -63.822742092940317, 52.321036705085262 ], [ -63.822311001913299, 52.320875198562526 ], [ -63.82166879892781, 52.32053119788138 ], [ -63.820395595600523, 52.320042686541818 ], [ -63.81963989913568, 52.319867688029383 ], [ -63.818048889198742, 52.319666902514001 ], [ -63.817386603383852, 52.319481212475239 ], [ -63.816306414774175, 52.318983592997739 ], [ -63.814690619924519, 52.318135692210568 ], [ -63.813823386043182, 52.317625289703507 ], [ -63.813715733331122, 52.317553099086247 ], [ -63.812443292390547, 52.316699701541054 ], [ -63.811408886990257, 52.31576358809459 ], [ -63.811308681805848, 52.315627708362427 ], [ -63.81124320014478, 52.315606292335865 ], [ -63.810806207350979, 52.31527791561723 ], [ -63.810737288578281, 52.315183202109992 ], [ -63.810235780376722, 52.314813000975882 ], [ -63.810039588498427, 52.314594191658657 ], [ -63.809691435399948, 52.314367117158319 ], [ -63.809310399189108, 52.314118604181367 ], [ -63.808791511687986, 52.313691107926651 ], [ -63.808672297431379, 52.313229599831921 ], [ -63.80868788804613, 52.312872366062876 ], [ -63.808692688260898, 52.312762097630127 ], [ -63.808774708167853, 52.312706491394451 ], [ -63.808993802320046, 52.312706091594343 ], [ -63.809605384286513, 52.312834001018182 ], [ -63.809778096061478, 52.312828709436289 ], [ -63.80960809339436, 52.312618509311413 ], [ -63.809799417299033, 52.312340999339312 ], [ -63.809799511948313, 52.31218639683452 ], [ -63.809395001199348, 52.311569689689449 ], [ -63.808816897915875, 52.310978607697891 ], [ -63.807487795099959, 52.310110800827196 ], [ -63.807117896983264, 52.310072202411959 ], [ -63.806672781499685, 52.310235695594855 ], [ -63.8057408923666, 52.310301795498958 ], [ -63.805561919295471, 52.310449298915707 ], [ -63.805582502421281, 52.310888995601829 ], [ -63.805394807423681, 52.310930589180145 ], [ -63.804747508416973, 52.310863001284467 ], [ -63.804504450583025, 52.310855332791185 ], [ -63.803945584844683, 52.310837695447361 ], [ -63.803387319211062, 52.310706499097066 ], [ -63.802661397421431, 52.310613208253109 ], [ -63.802360513569589, 52.310514708670723 ], [ -63.801387779017816, 52.310299402492731 ], [ -63.80035917950908, 52.310148204930364 ], [ -63.800384842896953, 52.310308866398188 ], [ -63.800432102516865, 52.31060499581401 ], [ -63.800397207315605, 52.310645109672201 ], [ -63.799324591508743, 52.310891794600934 ], [ -63.79906439364877, 52.311074586151051 ], [ -63.799039721130477, 52.311334497082228 ], [ -63.799372810971995, 52.311608405781328 ], [ -63.799389314153096, 52.31168600823581 ], [ -63.799136198796504, 52.311706212967415 ], [ -63.798715688266647, 52.311609784929821 ], [ -63.798443199647949, 52.311922489555762 ], [ -63.798524791984178, 52.312330606157985 ], [ -63.797924616748645, 52.31224749074277 ], [ -63.797558895353788, 52.312261809831782 ], [ -63.797620298149411, 52.312828209403818 ], [ -63.79720510204033, 52.312764399959832 ], [ -63.797017576975151, 52.312651503148217 ], [ -63.79683259274497, 52.312632191496448 ], [ -63.796715409587115, 52.312882389041313 ], [ -63.795889398051727, 52.313405697981182 ], [ -63.795532413839965, 52.313525908980296 ], [ -63.795190414261114, 52.313503711091158 ], [ -63.794943398597511, 52.313487696233686 ], [ -63.794609211320612, 52.313543114186189 ], [ -63.794636913759312, 52.31366559118942 ], [ -63.794727607517956, 52.313715896371846 ], [ -63.795121889577018, 52.31378678799819 ], [ -63.795425598474516, 52.313841394683429 ], [ -63.795490101157597, 52.313883110324902 ], [ -63.795493605099843, 52.313956406436581 ], [ -63.795098012135298, 52.314197908694737 ], [ -63.795111799047554, 52.3143364952779 ], [ -63.795601208461882, 52.314527604014941 ], [ -63.795852298026162, 52.31470260197618 ], [ -63.796579108272226, 52.315682604554205 ], [ -63.796708699046349, 52.316054896468209 ], [ -63.796260305985008, 52.315990502562514 ], [ -63.795559894429438, 52.31561699284741 ], [ -63.794733334551083, 52.315335629449343 ], [ -63.793977509993319, 52.315078299029281 ], [ -63.793227321158923, 52.31478119321735 ], [ -63.792575977266807, 52.314351499058262 ], [ -63.791637515472637, 52.313961705852023 ], [ -63.791082021908572, 52.313614997210806 ], [ -63.790289188435459, 52.313231700796081 ], [ -63.789962280081987, 52.312969994980207 ], [ -63.789453907968706, 52.312762294164209 ], [ -63.788705805264584, 52.312270000746601 ], [ -63.787925213627048, 52.311911306566891 ], [ -63.787463216535208, 52.311553804163111 ], [ -63.787015900227665, 52.311314609382642 ], [ -63.786538779249369, 52.311147999392588 ], [ -63.785277518738305, 52.310858601994674 ], [ -63.784957385693346, 52.310743488711722 ], [ -63.784201111982952, 52.310588514079726 ], [ -63.784121812892948, 52.31061688490562 ], [ -63.784005588115257, 52.31065849192494 ], [ -63.784032200104207, 52.310955895308425 ], [ -63.782972814604754, 52.311052104701737 ], [ -63.78203550030819, 52.311239896487173 ], [ -63.7817717996694, 52.311349394528548 ], [ -63.781258185016391, 52.31170690559992 ], [ -63.781152003303482, 52.312156595135043 ], [ -63.781565909857662, 52.312549914999828 ], [ -63.781649006816799, 52.313071907458379 ], [ -63.781429800029656, 52.313226909184003 ], [ -63.781257714367122, 52.313366399061785 ], [ -63.781353300703671, 52.313603889358397 ], [ -63.781552918309231, 52.313741504992038 ], [ -63.781646974318292, 52.313865003319464 ], [ -63.780467300153809, 52.313829108298272 ], [ -63.78050271153063, 52.314077813844072 ], [ -63.779453781550373, 52.31408469889093 ], [ -63.778349195437947, 52.314001203794085 ], [ -63.77798720079705, 52.313934193135836 ], [ -63.776309902652471, 52.313446600188193 ], [ -63.77589268503479, 52.313239078933073 ], [ -63.775277494306479, 52.312933100437384 ], [ -63.774418587192457, 52.312548589992737 ], [ -63.771927992403505, 52.311103708337569 ], [ -63.769952997823289, 52.310301904247062 ], [ -63.769572782409597, 52.310197904649961 ], [ -63.768801304699039, 52.309790414546775 ], [ -63.767568401031056, 52.309314210430955 ], [ -63.766669803107057, 52.30878249072029 ], [ -63.7647953868317, 52.307961900811883 ], [ -63.764439503693502, 52.307907196150225 ], [ -63.763915988001081, 52.307890207314244 ], [ -63.763751781804949, 52.308001301524008 ], [ -63.763697405753277, 52.308179411462582 ], [ -63.762724394534615, 52.308272805843252 ], [ -63.763041384845884, 52.308603592019686 ], [ -63.762904220454928, 52.308818991697422 ], [ -63.762541697798618, 52.309388300364574 ], [ -63.762425496722592, 52.309463602256486 ], [ -63.761717391524002, 52.309272684838682 ], [ -63.761381013468878, 52.309080006393053 ], [ -63.760813392557672, 52.308863003705646 ], [ -63.759908801266882, 52.308762307886511 ], [ -63.759499092177663, 52.309019798698337 ], [ -63.759326295766606, 52.30902500780914 ], [ -63.759024624165804, 52.308946694393136 ], [ -63.758564390545843, 52.308702998943495 ], [ -63.758380364301701, 52.308634200815064 ], [ -63.757892205630441, 52.30845171420566 ], [ -63.757477916664335, 52.308367402051239 ], [ -63.756834895440733, 52.308352503255151 ], [ -63.756293819905878, 52.308432801613769 ], [ -63.756082406241852, 52.308559396133624 ], [ -63.755569888849926, 52.309185297031199 ], [ -63.754909195004082, 52.309267597082467 ], [ -63.754372703133789, 52.309246398260846 ], [ -63.753810291899661, 52.309062008788494 ], [ -63.753069400473628, 52.308715896074347 ], [ -63.752296505697949, 52.308637693868931 ], [ -63.751888900532791, 52.308699989279468 ], [ -63.751178009835911, 52.309013298009504 ], [ -63.748889904069031, 52.309572403543527 ], [ -63.748712890201482, 52.309524700949588 ], [ -63.748552706019062, 52.309399889585293 ], [ -63.748434020305154, 52.309381695093187 ], [ -63.748311190109924, 52.309310396381221 ], [ -63.747931919160209, 52.309185995444508 ], [ -63.747352818669754, 52.309078596490792 ], [ -63.746664486111598, 52.309038391902192 ], [ -63.74636239686798, 52.309114585757548 ], [ -63.746185095664174, 52.30922140943013 ], [ -63.745882109862983, 52.309318005826221 ], [ -63.746314708100449, 52.309852387231039 ], [ -63.745929697564684, 52.310293305862984 ], [ -63.745908512709505, 52.310347511503828 ], [ -63.746906108558207, 52.310592193225652 ], [ -63.747008918615649, 52.310667197820713 ], [ -63.747159812310578, 52.310706290124173 ], [ -63.74736718710141, 52.310815595804769 ], [ -63.747712972196311, 52.31109400549775 ], [ -63.747869591648488, 52.311300004927844 ], [ -63.74800060796688, 52.311631694116386 ], [ -63.747960610068994, 52.311927997829457 ], [ -63.747786599605668, 52.312108089081789 ], [ -63.747299778164624, 52.312453698796133 ], [ -63.747159187192516, 52.312479702318072 ], [ -63.746974895402765, 52.312594591616246 ], [ -63.746684906217453, 52.312695399825017 ], [ -63.74643699905279, 52.312748092596095 ], [ -63.745918708110075, 52.312763698439582 ], [ -63.745863599023473, 52.312807488097889 ], [ -63.745845880687611, 52.312904803330639 ], [ -63.74594499265708, 52.313061102267582 ], [ -63.745890505975296, 52.313239112860337 ], [ -63.745337409736749, 52.313583602190171 ], [ -63.745313588197234, 52.313668600000327 ], [ -63.745225095328252, 52.314598602696407 ], [ -63.74517108392407, 52.314696397232154 ], [ -63.745138319561896, 52.314755694508811 ], [ -63.744780699143782, 52.315030301622791 ], [ -63.744700397263955, 52.315045199907665 ], [ -63.744486214690092, 52.315232695628033 ], [ -63.744579207418646, 52.315376702753298 ], [ -63.745057503365295, 52.315368487255533 ], [ -63.745278896120098, 52.315461799577434 ], [ -63.745357188684665, 52.315930896960012 ], [ -63.745432011475337, 52.316037902490059 ], [ -63.745663795704331, 52.316196391180632 ], [ -63.746017899221613, 52.316291901014537 ], [ -63.74618507988118, 52.316408597511995 ], [ -63.746304416340706, 52.31656119136003 ], [ -63.74666267987029, 52.316709606718071 ], [ -63.746855593206604, 52.31670070222826 ], [ -63.747341383951571, 52.316818799523041 ], [ -63.747753010041293, 52.316964007812402 ], [ -63.747942684568706, 52.317170596543562 ], [ -63.748018092622729, 52.317411893556724 ], [ -63.748313102047362, 52.317787097202043 ], [ -63.748682117963909, 52.317846194378156 ], [ -63.748825111745454, 52.317913707262839 ], [ -63.74895739130298, 52.318070508333605 ], [ -63.749347389231055, 52.318105598111089 ], [ -63.74987880124791, 52.318537603910549 ], [ -63.750567304872355, 52.318577788301972 ], [ -63.750942379335839, 52.318649207373774 ], [ -63.75114990175615, 52.318758506796719 ], [ -63.751238705388822, 52.3188494979049 ], [ -63.751458418134526, 52.318983396981245 ], [ -63.752420289369404, 52.319288408857695 ], [ -63.752772308672128, 52.319579102510929 ], [ -63.752936919833864, 52.319756792938946 ], [ -63.753363114782118, 52.320020309739732 ], [ -63.753786896729387, 52.320190212912529 ], [ -63.755417307706104, 52.320982394877674 ], [ -63.756429913453175, 52.3213453086966 ], [ -63.75678888165266, 52.321627904211994 ], [ -63.757609792225217, 52.321824811425408 ], [ -63.75811908162995, 52.322012407350783 ], [ -63.758389296288165, 52.322203999370785 ], [ -63.758691402584326, 52.322571196150449 ], [ -63.759312202996412, 52.32293959462416 ], [ -63.759930115452946, 52.323368905418675 ], [ -63.760088687695813, 52.323534304022836 ], [ -63.761579695584217, 52.324332291815139 ], [ -63.761751594611816, 52.324347403362495 ], [ -63.761761094171092, 52.324876300698307 ], [ -63.761833199371161, 52.325044304601704 ], [ -63.761910792070601, 52.325090387643598 ], [ -63.761999405334286, 52.325335909126551 ], [ -63.762307995994362, 52.325560702232053 ], [ -63.762775412606139, 52.325796410149856 ], [ -63.763437486766534, 52.325982406334042 ], [ -63.763821303403084, 52.326159709567342 ], [ -63.763906802621449, 52.326177390724915 ], [ -63.764113381262419, 52.32630700380642 ], [ -63.764478895570768, 52.326447388625908 ], [ -63.764951500514307, 52.326715705590338 ], [ -63.765710204038292, 52.326675511102799 ], [ -63.766044292776634, 52.326774711516748 ], [ -63.767207499300767, 52.327485696595474 ], [ -63.767373079068548, 52.327643102708493 ], [ -63.768119015800281, 52.327887406748765 ], [ -63.768922081050469, 52.327892795583153 ], [ -63.769210472768584, 52.327917533505349 ], [ -63.770158902471493, 52.327998909367196 ], [ -63.770282926888299, 52.328087543564877 ], [ -63.770345406541573, 52.328132197134593 ], [ -63.770584614035947, 52.328128111690624 ], [ -63.770974570589196, 52.328116236034852 ], [ -63.771535284776057, 52.328099204471521 ], [ -63.771758002638236, 52.328017610739195 ], [ -63.772628482418583, 52.327405707831858 ], [ -63.772840603958493, 52.327413311268529 ], [ -63.772975700349093, 52.327509113833756 ], [ -63.772998009262984, 52.327753615416995 ], [ -63.773508404955521, 52.327920697993733 ], [ -63.774147192526584, 52.328037185837786 ], [ -63.775259200417764, 52.328112709324515 ], [ -63.77603229674191, 52.328345296634559 ], [ -63.776446972641963, 52.328382627110628 ], [ -63.777030789365405, 52.328435184505615 ], [ -63.777186920764265, 52.328506899933792 ], [ -63.777326385083455, 52.328655707868542 ], [ -63.777317287523623, 52.328858893936413 ], [ -63.77692490311366, 52.329173695585794 ], [ -63.776979489994588, 52.329439003967686 ], [ -63.777057125387863, 52.329484994724815 ], [ -63.77811320584847, 52.329624701698506 ], [ -63.780548107098113, 52.330112704875631 ], [ -63.782774923043242, 52.330202596155516 ], [ -63.783145905810862, 52.330221005406578 ], [ -63.783571815729871, 52.330350107058777 ], [ -63.784105888882749, 52.330432199760317 ], [ -63.784410385180514, 52.330604092708285 ], [ -63.78455418746055, 52.330805798846072 ], [ -63.784855180868504, 52.330904297866155 ], [ -63.785837297324996, 52.330916585198302 ], [ -63.787545597930475, 52.331022190212522 ], [ -63.78874830367581, 52.33130250603994 ], [ -63.789413193041725, 52.33158189455856 ], [ -63.790980603128858, 52.33202279727621 ], [ -63.791503315554664, 52.332214495015371 ], [ -63.79210908770407, 52.332330303135684 ], [ -63.792271507674641, 52.332259689461679 ], [ -63.792833001276897, 52.332175494656376 ], [ -63.792861785976271, 52.332123088862154 ], [ -63.792740605989756, 52.332011188495379 ], [ -63.792737204620678, 52.33193800324765 ], [ -63.792964212314914, 52.331909211852654 ], [ -63.793079710215409, 52.331699607006406 ], [ -63.793526690063437, 52.331649985295726 ], [ -63.793570499671979, 52.331561188321892 ], [ -63.793499813992334, 52.331507200927234 ], [ -63.792931580294557, 52.331444900349979 ], [ -63.792713498424483, 52.331270503954777 ], [ -63.792707384315349, 52.33050570118035 ], [ -63.792983488922744, 52.33026619046931 ], [ -63.792916612210533, 52.329976304857801 ], [ -63.793527094286908, 52.329681307466153 ], [ -63.794525994379981, 52.32946189931247 ], [ -63.794944205199727, 52.329464688759884 ], [ -63.795438200544538, 52.329554196725269 ], [ -63.796509313334901, 52.329502799239719 ], [ -63.796863698499109, 52.329598092326556 ], [ -63.797155093264614, 52.329765595578365 ], [ -63.797461110180777, 52.330205894529662 ], [ -63.797692205529643, 52.330384587820674 ], [ -63.798158398513316, 52.330351602135401 ], [ -63.798481485397922, 52.33025120222527 ], [ -63.798801192120557, 52.330077511640582 ], [ -63.798913788973387, 52.330083405098918 ], [ -63.79907521727889, 52.330187692403577 ], [ -63.799672313493154, 52.33019760851333 ], [ -63.799992493867876, 52.330467201078484 ], [ -63.801401998857898, 52.330876912856382 ], [ -63.80255319701515, 52.331119499696086 ], [ -63.804216108862157, 52.331354290515669 ], [ -63.804488505562077, 52.331350588460339 ], [ -63.805183511910556, 52.331248197151972 ], [ -63.805944691745637, 52.331301288697638 ], [ -63.808215894527763, 52.331745296420124 ], [ -63.80932449847564, 52.332056307401594 ], [ -63.810049110224938, 52.332035700841146 ], [ -63.810538887961343, 52.331917608918623 ], [ -63.810901993130976, 52.332118806613913 ], [ -63.81164401772466, 52.332155306837308 ], [ -63.812379007770048, 52.332354399876692 ], [ -63.812598117567248, 52.332353993755753 ], [ -63.812687196980811, 52.332290300738272 ], [ -63.81276851385352, 52.332100493506061 ], [ -63.814547795240856, 52.331950603605335 ], [ -63.815622487780935, 52.331972191774561 ], [ -63.817554409546183, 52.332129807358129 ], [ -63.818438808976403, 52.332099416055982 ], [ -63.818629090594307, 52.332151387909988 ], [ -63.819487985145116, 52.332555809717576 ], [ -63.821893897367161, 52.332960986769749 ], [ -63.823332505714767, 52.333318000855101 ], [ -63.824543396659351, 52.333724005383083 ], [ -63.824972014431417, 52.333791999688529 ], [ -63.825612814460222, 52.333712899169896 ], [ -63.826009185985853, 52.333759992529622 ], [ -63.826494618167878, 52.334052591559619 ], [ -63.828031094778851, 52.334451706036134 ], [ -63.828493817093104, 52.334499895598299 ], [ -63.828653603051556, 52.334335703048417 ], [ -63.828991504913823, 52.334353389883333 ], [ -63.829079692799169, 52.334310112018876 ], [ -63.829006389174722, 52.334007898317907 ], [ -63.829054389417905, 52.333971992723207 ], [ -63.829775609494781, 52.33387799342664 ], [ -63.830636381307791, 52.333623400704965 ], [ -63.831172494632014, 52.333664611473701 ], [ -63.831274006151801, 52.333697794487676 ], [ -63.83153918953272, 52.333784391631589 ], [ -63.831700704549533, 52.333888710896716 ], [ -63.831901410380198, 52.334160491192307 ], [ -63.832043697671807, 52.334248194988355 ], [ -63.833795988937048, 52.334573393212764 ], [ -63.83482179874877, 52.334496392835504 ], [ -63.83534308027199, 52.334264798654644 ], [ -63.835981290440593, 52.334092089256032 ], [ -63.836381986923158, 52.334037506464419 ], [ -63.837415704159355, 52.333932096047597 ], [ -63.836833399137355, 52.333886105729789 ], [ -63.835904493979605, 52.333871203673574 ], [ -63.834784298784598, 52.334133798096026 ], [ -63.83408409704537, 52.334358385480051 ], [ -63.833898084116399, 52.334359499150402 ], [ -63.832404318975605, 52.334046503258612 ], [ -63.831798111752526, 52.333380605125036 ], [ -63.831776689509653, 52.333357094974041 ], [ -63.831768009253679, 52.333251213667403 ], [ -63.832238617101936, 52.33280729488888 ], [ -63.832510104118015, 52.332669407474128 ], [ -63.83354029771683, 52.33233620575087 ], [ -63.833651202335076, 52.33222808775183 ], [ -63.833672100104948, 52.332049500009852 ], [ -63.83400299988196, 52.331920593831178 ], [ -63.834271877095055, 52.3313799008667 ], [ -63.834549494044261, 52.331099687029422 ], [ -63.834590616257437, 52.330917294405566 ], [ -63.835191181708069, 52.330536496727781 ], [ -63.835599799527699, 52.330144497220495 ], [ -63.835580582465461, 52.329973307020929 ], [ -63.835356223845089, 52.329786699250874 ], [ -63.83527588574232, 52.32980159909836 ], [ -63.835570107346065, 52.329135315557537 ], [ -63.835421688149452, 52.328262405960913 ], [ -63.834711987639807, 52.327474106805319 ], [ -63.834594184375199, 52.327281004540829 ], [ -63.834237226240802, 52.326937594818688 ], [ -63.83327089780181, 52.326405498471878 ], [ -63.832594394054901, 52.325926789580798 ], [ -63.83179581474829, 52.325511191493995 ], [ -63.830725793672428, 52.32461530323166 ], [ -63.830273713711975, 52.324323300143881 ], [ -63.829777079794987, 52.323831202765213 ], [ -63.829431509035778, 52.323223702565755 ], [ -63.8290841797211, 52.322965902797691 ], [ -63.828991712509797, 52.322647095251362 ], [ -63.828513602882417, 52.322037406291436 ], [ -63.827475116762706, 52.321182701314768 ], [ -63.826908784061992, 52.320770808458974 ], [ -63.826057111378582, 52.320358415534564 ], [ -63.825700179006802, 52.320015008276428 ], [ -63.825578732692023, 52.319800663824836 ], [ -63.825435023142902, 52.319546994215948 ], [ -63.825122594373632, 52.319249107673414 ], [ -63.825119185426423, 52.319175797696055 ], [ -63.82523168024337, 52.319181698324158 ], [ -63.826937816401617, 52.319791000104708 ], [ -63.827653331602932, 52.320073029655411 ], [ -63.828164796172928, 52.320274605658497 ], [ -63.830536915935205, 52.320833591726313 ], [ -63.830694581146084, 52.320824107392809 ], [ -63.831122489504374, 52.320798388452815 ], [ -63.831788413662998, 52.32043899100789 ], [ -63.831995309148716, 52.320413893733942 ], [ -63.83279999656073, 52.320687212488608 ], [ -63.834248711014233, 52.320800112601844 ], [ -63.834405805681065, 52.320851404160322 ], [ -63.834752280970456, 52.321129497221555 ], [ -63.835317004879698, 52.32111831502575 ], [ -63.836215089763364, 52.32153539644041 ], [ -63.836620978634187, 52.321822606569711 ], [ -63.837076610328268, 52.32203331632487 ], [ -63.837270986439599, 52.322171312033404 ], [ -63.837533905433958, 52.322358007033387 ], [ -63.838398894579335, 52.322774596680325 ], [ -63.838870206358621, 52.322928592353009 ], [ -63.839445411116493, 52.323291703641196 ], [ -63.841798685166118, 52.324297602166233 ], [ -63.843853494969593, 52.324834911114039 ], [ -63.844153804249984, 52.324799090581045 ], [ -63.844346597980994, 52.32463539783943 ], [ -63.844798800003979, 52.324618296355951 ], [ -63.845078890856762, 52.324431601803688 ], [ -63.845363522981465, 52.324452393218813 ], [ -63.845543307934975, 52.324593614507457 ], [ -63.845902915593058, 52.324566791622296 ], [ -63.84608880038045, 52.324411211535065 ], [ -63.846538291063574, 52.324455008245423 ], [ -63.846700696775684, 52.32438440239126 ], [ -63.846804524743618, 52.3242842974011 ], [ -63.847093404496128, 52.324203613087043 ], [ -63.847315087075536, 52.324296593911249 ], [ -63.847508916877587, 52.324267200224249 ], [ -63.847534190932699, 52.324141504776193 ], [ -63.847802109238692, 52.32393021256334 ], [ -63.847942595299642, 52.323903991627844 ], [ -63.849065900792311, 52.323869088425596 ], [ -63.849696077718299, 52.323879105793793 ], [ -63.8499019929586, 52.323565186255919 ], [ -63.850086990172095, 52.323429796296132 ], [ -63.850428215690904, 52.323366091778261 ], [ -63.850979816764614, 52.323350595412343 ], [ -63.851287113280208, 52.323461198887991 ], [ -63.851454704420746, 52.323423188292864 ], [ -63.851496615431898, 52.323375100084917 ], [ -63.851465902386977, 52.323159003489877 ], [ -63.851633392250164, 52.322811905091022 ], [ -63.851889899202206, 52.32271020508643 ], [ -63.851996313933142, 52.322549191164583 ], [ -63.852200498099869, 52.322430513655227 ], [ -63.852088598020231, 52.32194061327742 ], [ -63.851645898270526, 52.321425100825927 ], [ -63.851625722747421, 52.321119693416875 ], [ -63.851698892818234, 52.320958212008449 ], [ -63.852123904701088, 52.32079821033291 ], [ -63.852842986208522, 52.320744588820261 ], [ -63.852973994482618, 52.320787392476824 ], [ -63.853062197575746, 52.320898586239672 ], [ -63.853252508996434, 52.320950503995341 ], [ -63.853348380541846, 52.320878801698491 ], [ -63.853263712139068, 52.320686297423769 ], [ -63.853887584070435, 52.320374892477425 ], [ -63.854175593885593, 52.32031439713397 ], [ -63.856561878875183, 52.320702204029679 ], [ -63.857155868686704, 52.320692379393222 ], [ -63.857312501184381, 52.320689794953594 ], [ -63.858000885058452, 52.320420090239487 ], [ -63.858901414470324, 52.320157796174179 ], [ -63.859628407185909, 52.320075893372071 ], [ -63.859674501831016, 52.319771492524474 ], [ -63.860355900118719, 52.31950990192454 ], [ -63.860512881303009, 52.319406594980606 ], [ -63.860549408529415, 52.31917130879399 ], [ -63.860658491522926, 52.319103907880383 ], [ -63.861039004577975, 52.319052992879548 ], [ -63.861281619121364, 52.319121891196261 ], [ -63.86144841756618, 52.319258806907314 ], [ -63.863505000741313, 52.319909595421102 ], [ -63.864171090604692, 52.320168298900981 ], [ -63.866614710176684, 52.321089599580368 ], [ -63.86762558358037, 52.321357796447828 ], [ -63.86877170192006, 52.321567098723129 ], [ -63.869477180827509, 52.321838497389038 ], [ -63.870319692637523, 52.32216499770648 ], [ -63.871654208866282, 52.322157601591122 ], [ -63.872301887829259, 52.322224796490133 ], [ -63.872695610815178, 52.322332696288385 ], [ -63.873006392962644, 52.322489620737294 ], [ -63.873618602736208, 52.322798698357346 ], [ -63.874077983273594, 52.323082508455073 ], [ -63.874742480301805, 52.32338179633993 ], [ -63.875173789867162, 52.323505436390619 ], [ -63.877339983661194, 52.324126295257571 ], [ -63.87843149095994, 52.324533890947194 ], [ -63.880158490586794, 52.324984094617037 ], [ -63.88111622104708, 52.325100800309734 ], [ -63.881757798480514, 52.325155592262519 ], [ -63.881997108732556, 52.325305812896616 ], [ -63.882832920925573, 52.325640193537936 ], [ -63.883089579171589, 52.325693000646332 ], [ -63.883520802187654, 52.325699799049161 ], [ -63.883538085484368, 52.325602400178809 ], [ -63.88334479038884, 52.325302492696046 ], [ -63.883300719004595, 52.32492759206859 ], [ -63.883483898452894, 52.324832792222836 ], [ -63.883617412373582, 52.324814595595925 ], [ -63.884046992637948, 52.324862006017455 ], [ -63.884576193237294, 52.325065506164115 ], [ -63.884775425500685, 52.325223194068457 ], [ -63.88470669408138, 52.325437709191483 ], [ -63.884124599594635, 52.325546490027037 ], [ -63.883880396097219, 52.325672902591549 ], [ -63.883899977379151, 52.325998505046684 ], [ -63.884030297634261, 52.326216193729081 ], [ -63.884114200191739, 52.3262744137567 ], [ -63.884983794228525, 52.326434501806752 ], [ -63.885821323721672, 52.326728198018955 ], [ -63.886785682404145, 52.327320899504841 ], [ -63.888042405433509, 52.327751293682411 ], [ -63.888168974026222, 52.327741106004019 ], [ -63.888458685885809, 52.327639805582443 ], [ -63.88881829428734, 52.327612891866771 ], [ -63.888866918023233, 52.327402198160826 ], [ -63.888713894412454, 52.327249293258191 ], [ -63.888738981077481, 52.32712359914408 ], [ -63.888940622700638, 52.327065694280776 ], [ -63.889438994976594, 52.327053210203267 ], [ -63.890465001337567, 52.327284809775108 ], [ -63.891520008547793, 52.327618493447183 ], [ -63.891980090821782, 52.327727306614584 ], [ -63.893266914179158, 52.327755496007704 ], [ -63.895399399208422, 52.327719510789628 ], [ -63.89563517901388, 52.327796404075997 ], [ -63.895714913073348, 52.327956299196273 ], [ -63.896080591791907, 52.327941589306953 ], [ -63.896236980654059, 52.328013194595378 ], [ -63.896363792168572, 52.328157490418377 ], [ -63.897031416689721, 52.328066200637323 ], [ -63.897205310103892, 52.328195012332593 ], [ -63.897121882831456, 52.3284459058859 ], [ -63.896693409939424, 52.328532809279878 ], [ -63.896589692040244, 52.328632791179018 ], [ -63.896628908550795, 52.32912969957907 ], [ -63.896964992058273, 52.329671809590188 ], [ -63.897112877951699, 52.329946599707796 ], [ -63.897247189115873, 52.330391995806984 ], [ -63.897570776758336, 52.330755003753787 ], [ -63.897751692162473, 52.330875787433477 ], [ -63.898739907130576, 52.331383312129958 ], [ -63.900891299861648, 52.332661198540762 ], [ -63.90170369466361, 52.332926011424348 ], [ -63.902527806329907, 52.333390292985548 ], [ -63.903353318741907, 52.334143305017051 ], [ -63.903643203545116, 52.33419659758674 ], [ -63.904107703092848, 52.334203798493654 ], [ -63.90464220683679, 52.333801188606444 ], [ -63.904985083906311, 52.333696698270032 ], [ -63.905448705564211, 52.333724196145681 ], [ -63.905796390229035, 52.33382720522664 ], [ -63.906119780499928, 52.334035601341235 ], [ -63.906175912334689, 52.33412589365696 ], [ -63.906584910917474, 52.335319913804675 ], [ -63.907513109809933, 52.336322596153352 ], [ -63.907509997226271, 52.336558502397473 ], [ -63.907326588608782, 52.336982807733328 ], [ -63.907415489742718, 52.337403107946351 ], [ -63.907858294229015, 52.337938697370831 ], [ -63.908583289865994, 52.338555907180002 ], [ -63.908746513758942, 52.339433006739434 ], [ -63.908824442605763, 52.339569159831981 ], [ -63.909174014116346, 52.340179790789605 ], [ -63.909740984250568, 52.340766106191815 ], [ -63.910032985804648, 52.3409333089093 ], [ -63.910269708194569, 52.34098991550605 ], [ -63.911487192950737, 52.341098110012311 ], [ -63.912199616499372, 52.341052090940394 ], [ -63.912366787430479, 52.340859587244914 ], [ -63.912387785762043, 52.340835406549019 ], [ -63.912391681436837, 52.340579206198363 ], [ -63.912621175084908, 52.340489103903785 ], [ -63.912865694777004, 52.340517291518353 ], [ -63.913116722717184, 52.340712297392585 ], [ -63.913183389280007, 52.340867905934971 ], [ -63.913069581434698, 52.340999016352008 ], [ -63.912890673555694, 52.341205105932175 ], [ -63.912858590055308, 52.341338794861628 ], [ -63.913562802669965, 52.341496108286961 ], [ -63.914790617378515, 52.341514999998331 ], [ -63.914940894911553, 52.341574202282217 ], [ -63.914951311093212, 52.341968891122214 ], [ -63.915129508878032, 52.341996116048755 ], [ -63.915693909256731, 52.34215931168611 ], [ -63.915816193430679, 52.342580093706665 ], [ -63.916177399573435, 52.342841885700217 ], [ -63.916369287599466, 52.343182494406392 ], [ -63.916889989719188, 52.343279905419145 ], [ -63.917075782045885, 52.343608192291747 ], [ -63.917359192322934, 52.343824011500523 ], [ -63.917633692022349, 52.343934010788388 ], [ -63.9185377761384, 52.344074007150773 ], [ -63.919129005139446, 52.344070799573416 ], [ -63.919569883197433, 52.344008405289209 ], [ -63.920103015879448, 52.343800997410483 ], [ -63.920873087000665, 52.343320609435658 ], [ -63.921028891987412, 52.343083005758245 ], [ -63.921041599630598, 52.342932692574784 ], [ -63.920728886584577, 52.34246018703584 ], [ -63.920738309159916, 52.342391109356718 ], [ -63.921115309498227, 52.342266811018767 ], [ -63.921168816653029, 52.342223771299665 ], [ -63.921616485706508, 52.341863599827462 ], [ -63.921889790019563, 52.341839309545314 ], [ -63.922243711764978, 52.341954505032938 ], [ -63.92274928685589, 52.341933806937476 ], [ -63.92331750611546, 52.341840806447934 ], [ -63.923968596546992, 52.341671795913669 ], [ -63.924494201052305, 52.341647211266803 ], [ -63.924784306106218, 52.341700513690974 ], [ -63.925163095886475, 52.342019502744463 ], [ -63.925349104201828, 52.342018214497863 ], [ -63.925823594708376, 52.341781402533918 ], [ -63.926076782837711, 52.341760899499192 ], [ -63.926204608850604, 52.341884802973574 ], [ -63.926253994388908, 52.342467199319827 ], [ -63.926380089243139, 52.342631907937943 ], [ -63.926705777906825, 52.342624603290226 ], [ -63.927266683139024, 52.342385098954509 ], [ -63.928150108099771, 52.342219493036815 ], [ -63.928655609026826, 52.342198802148467 ], [ -63.929862193693303, 52.342087000838305 ], [ -63.931414897821924, 52.34211869520994 ], [ -63.931949483126473, 52.342200099099415 ], [ -63.932416184877795, 52.342321007868264 ], [ -63.933511584553287, 52.34249220675111 ], [ -63.933910707183109, 52.342477908993523 ], [ -63.93423970977468, 52.342389390699161 ], [ -63.93500710337279, 52.341640403022978 ], [ -63.935217298131974, 52.341533804929604 ], [ -63.935296817079681, 52.34153900233278 ], [ -63.935235176372068, 52.342733904884973 ], [ -63.935407701582015, 52.342903309855899 ], [ -63.935857090727161, 52.343121595210405 ], [ -63.936652294801881, 52.343658406646675 ], [ -63.937488895156719, 52.343992401122605 ], [ -63.937753123049582, 52.344191592466537 ], [ -63.938198103941126, 52.344356988002119 ], [ -63.938893305865058, 52.344737714484147 ], [ -63.939205986137907, 52.344947190516102 ], [ -63.939520601789397, 52.345157996352405 ], [ -63.940710889075362, 52.346111493168017 ], [ -63.941277991181884, 52.34687251051686 ], [ -63.941287902726735, 52.346958104764838 ], [ -63.942181984378074, 52.347846094358026 ], [ -63.942802402194374, 52.348274402823279 ], [ -63.943326080763406, 52.348465402862772 ], [ -63.944116912336646, 52.348619709460415 ], [ -63.944726605457426, 52.348653302279963 ], [ -63.945481006275855, 52.348558912015172 ], [ -63.945805006180869, 52.348262788318593 ], [ -63.94614127993119, 52.347661702108816 ], [ -63.946335112789697, 52.347632110855891 ], [ -63.946958007909998, 52.347999390504988 ], [ -63.947415785409518, 52.348343900661561 ], [ -63.947892524974904, 52.348379428795447 ], [ -63.948442187211533, 52.348420393409988 ], [ -63.948861799788823, 52.348227406415972 ], [ -63.949101106332151, 52.34822279325261 ], [ -63.949596907223167, 52.348445888241784 ], [ -63.950137784386527, 52.348539390610945 ], [ -63.951515506367564, 52.348637407321334 ], [ -63.952407604829993, 52.34875239092591 ], [ -63.952703010477464, 52.34883819420849 ], [ -63.952734606195186, 52.348879389665136 ], [ -63.953258298487235, 52.349070212780482 ], [ -63.953717782603412, 52.349374100094082 ], [ -63.954897221313225, 52.349778097646194 ], [ -63.95548250358263, 52.350092012300287 ], [ -63.956347394525316, 52.350723207240982 ], [ -63.957212500525884, 52.351683812150235 ], [ -63.957546713644483, 52.352132204148766 ], [ -63.95829120885324, 52.352785989646833 ], [ -63.958860217480108, 52.353176806290421 ], [ -63.961494514981709, 52.354753696740708 ], [ -63.961615501674466, 52.354885710480261 ], [ -63.96284327520295, 52.355583203662881 ], [ -63.963145597975341, 52.355835893220721 ], [ -63.963951897693278, 52.356108211987973 ], [ -63.96481329181789, 52.356666093781186 ], [ -63.965620980875237, 52.357072601779244 ], [ -63.965910897792718, 52.357300592034626 ], [ -63.966109681839981, 52.3573365404242 ], [ -63.966695804184496, 52.357442506203533 ], [ -63.967213616691346, 52.357620990793613 ], [ -63.967284297695834, 52.357345407527127 ], [ -63.967452705097337, 52.357286913502847 ], [ -63.96791831136548, 52.357273489959212 ], [ -63.968194901177526, 52.357167812986631 ], [ -63.968491987882501, 52.357212907055484 ], [ -63.968765386247306, 52.357188410720795 ], [ -63.968933314872189, 52.356975395450597 ], [ -63.969239019207201, 52.356971798434458 ], [ -63.969415719283909, 52.357039505184503 ], [ -63.969805796634866, 52.357423507777611 ], [ -63.969829799467561, 52.357822495536475 ], [ -63.970502715066438, 52.358113107426085 ], [ -63.970781596897353, 52.358450792667888 ], [ -63.971093298591988, 52.35812999044898 ], [ -63.971572796584596, 52.358100508030866 ], [ -63.972171686797502, 52.358243589074675 ], [ -63.973193072915841, 52.358287205169901 ], [ -63.97399792169152, 52.358095693344829 ], [ -63.974154203643529, 52.357837696206843 ], [ -63.974563802812995, 52.357559006266044 ], [ -63.975283984412144, 52.357154802748227 ], [ -63.975560785364394, 52.356874109697756 ], [ -63.975971105409066, 52.356575111534049 ], [ -63.976350489794143, 52.356389496508051 ], [ -63.976847881741527, 52.356242296533466 ], [ -63.977102996598724, 52.3560061093849 ], [ -63.977038608448133, 52.355614603909494 ], [ -63.977090580448632, 52.355477104791987 ], [ -63.977343998063596, 52.355281492744588 ], [ -63.977814374061445, 52.355146106093272 ], [ -63.978246758605266, 52.355143364043599 ], [ -63.978777893484754, 52.355139991027322 ], [ -63.979207289376404, 52.355032402694285 ], [ -63.979447595015436, 52.35483259487868 ], [ -63.979886889198994, 52.354810597862077 ], [ -63.980347708459192, 52.354918990490837 ], [ -63.981230595119065, 52.35578211078402 ], [ -63.982147282513459, 52.356121002764716 ], [ -63.982328580316334, 52.356241706026289 ], [ -63.983032507984305, 52.356418802033971 ], [ -63.983274003733996, 52.356528089177672 ], [ -63.984038515069308, 52.357023290007753 ], [ -63.984491012728135, 52.357005601888041 ], [ -63.98517401772223, 52.357206798607223 ], [ -63.986526815260099, 52.357779799113956 ], [ -63.98659701072215, 52.357854114785582 ], [ -63.987294099536221, 52.357864314574336 ], [ -63.987383599973754, 52.357955100958961 ], [ -63.987423409702288, 52.358297312748533 ], [ -63.988214597470808, 52.358451311518259 ], [ -63.98898198867969, 52.358535697059658 ], [ -63.98937719441458, 52.358622907471677 ], [ -63.990368112360009, 52.359109203019052 ], [ -63.991175403342609, 52.359361009343836 ], [ -63.992267491986539, 52.359808105583774 ], [ -63.992553087902195, 52.359949205617049 ], [ -63.993421306781727, 52.360378216003284 ], [ -63.995498302180202, 52.361299293265731 ], [ -63.996069489029843, 52.361474389183705 ], [ -63.997056087878512, 52.36173280479575 ], [ -63.997322293286565, 52.361891187446986 ], [ -63.998093914989212, 52.362553303457361 ], [ -63.998851295443927, 52.362727011335181 ], [ -63.999782177991747, 52.363224601299585 ], [ -63.999999978182402, 52.363313001139332 ], [ -64.000318711993813, 52.363439814724785 ], [ -64.000614992671814, 52.363679994585198 ], [ -64.000970881220951, 52.363754401032082 ], [ -64.001765383377332, 52.363826893063255 ], [ -64.002121403910607, 52.363901188989409 ], [ -64.00243480425452, 52.364044107270601 ], [ -64.002545789970014, 52.364265310244178 ], [ -64.002724090094816, 52.364467200243155 ], [ -64.003146288797197, 52.36471739620324 ], [ -64.003501408355177, 52.364812110862474 ], [ -64.003774694364608, 52.364962511442336 ], [ -64.005362878522661, 52.365302706483902 ], [ -64.006492509826273, 52.365648589331009 ], [ -64.006844517244957, 52.365824501698278 ], [ -64.007172710854746, 52.365930900972387 ], [ -64.007431197344189, 52.366117694371269 ], [ -64.007581714874732, 52.366351708568025 ], [ -64.008193103444341, 52.366694091144993 ], [ -64.009202996694782, 52.36704229324512 ], [ -64.009428404898856, 52.367228603089359 ], [ -64.009993616878049, 52.367566193438584 ], [ -64.010327114457411, 52.367705194485595 ], [ -64.010652106885161, 52.367892992084506 ], [ -64.01084969154175, 52.368111397229484 ], [ -64.010987092499704, 52.368341209776226 ], [ -64.011286688454476, 52.368500093419989 ], [ -64.011635683513717, 52.368582395928044 ], [ -64.012027199828452, 52.368596186521458 ], [ -64.012266698346167, 52.368416599279399 ], [ -64.012000385093955, 52.368258193817333 ], [ -64.011693110020786, 52.368127606379836 ], [ -64.011541799735838, 52.367913890293359 ], [ -64.011393701967165, 52.367443997211815 ], [ -64.011242511292792, 52.367230314170314 ], [ -64.010536198412652, 52.366589708813351 ], [ -64.009956417944807, 52.366288393099531 ], [ -64.009221282304651, 52.366050000845021 ], [ -64.008934880278986, 52.365895403306062 ], [ -64.008612397134172, 52.365471695790191 ], [ -64.008427090748683, 52.365277886250027 ], [ -64.008113701784879, 52.365135112693473 ], [ -64.007729077605504, 52.365113203541732 ], [ -64.007414890821408, 52.364990710098915 ], [ -64.007243594134707, 52.364780802548339 ], [ -64.006756593555323, 52.364314103140707 ], [ -64.006444797564342, 52.364130610068742 ], [ -64.00609042543789, 52.364015694157793 ], [ -64.00461340812889, 52.36372180459994 ], [ -64.004267503303609, 52.363558098659411 ], [ -64.004008193961027, 52.363391709476481 ], [ -64.003763611009802, 52.363188803918952 ], [ -64.002878991239612, 52.362696010024756 ], [ -64.001837102901803, 52.361977188234292 ], [ -64.001509795490136, 52.361850386297135 ], [ -64.000963005377528, 52.36189938806401 ], [ -64.000932209529225, 52.361837911297194 ], [ -64.001150089203065, 52.361702786663955 ], [ -64.001623520005339, 52.361486001843865 ], [ -64.002228994497528, 52.361291391636115 ], [ -64.002565676402014, 52.361349100721064 ], [ -64.003112010012217, 52.360795701449341 ], [ -64.003501883000979, 52.360699055201621 ], [ -64.003561387763625, 52.360684303837246 ], [ -64.003885707926983, 52.360717493214338 ], [ -64.004057400740891, 52.360811999235359 ], [ -64.004341112314734, 52.360968090368729 ], [ -64.004499303253766, 52.360998908014302 ], [ -64.004614386022126, 52.360943606036223 ], [ -64.004651612470724, 52.3608423964114 ], [ -64.004922596493657, 52.360878906131468 ], [ -64.005410699939787, 52.360625612405109 ], [ -64.005578302514721, 52.360587406987989 ], [ -64.005776722756679, 52.36061059481171 ], [ -64.005840707494542, 52.360672490615876 ], [ -64.005938694466252, 52.360889498680073 ], [ -64.006273404307407, 52.361268595313568 ], [ -64.006295187974544, 52.361293287862793 ], [ -64.006419202921279, 52.361693787555147 ], [ -64.007923207017726, 52.361975811529618 ], [ -64.008026613851982, 52.362050499107177 ], [ -64.008074306753471, 52.362364390262258 ], [ -64.008204806087221, 52.362427308613164 ], [ -64.008523696970769, 52.362427910426902 ], [ -64.008699016925476, 52.362361301319218 ], [ -64.00913759915278, 52.362359496668049 ], [ -64.009587804692089, 52.362402590543773 ], [ -64.010299584331023, 52.362551107912743 ], [ -64.011137411756877, 52.362534713607808 ], [ -64.012135797940033, 52.362662992679837 ], [ -64.012569699079265, 52.36278321279817 ], [ -64.012877487289671, 52.36290345457018 ], [ -64.013034490628158, 52.362964810412876 ], [ -64.013800323083601, 52.363439495886375 ], [ -64.014410987308651, 52.36362729527341 ], [ -64.01456000775498, 52.363727094143584 ], [ -64.014844722724661, 52.364272100251391 ], [ -64.014867094964544, 52.364382300153416 ], [ -64.014937295092466, 52.364456494473338 ], [ -64.014965806041062, 52.364579010360515 ], [ -64.015036101577465, 52.364653203159577 ], [ -64.015046118467239, 52.364738691144616 ], [ -64.01514257908984, 52.36482150169973 ], [ -64.015165706828668, 52.364911292345433 ], [ -64.015256804367453, 52.364961412059891 ], [ -64.01551151482073, 52.365249790698051 ], [ -64.015687596802067, 52.365337806236042 ], [ -64.015814100611578, 52.365502289992392 ], [ -64.015937707326273, 52.365573200072348 ], [ -64.015942294913259, 52.365626207665734 ], [ -64.01602102255714, 52.365651696458272 ], [ -64.016445578113604, 52.36601579734559 ], [ -64.016629320961627, 52.366250297271243 ], [ -64.016644688881371, 52.366368499864521 ], [ -64.016735904598093, 52.366418593468673 ], [ -64.016800700018152, 52.366635097616516 ], [ -64.01687710360828, 52.366721594516285 ], [ -64.016908689754757, 52.366937588992599 ], [ -64.016971987590694, 52.367019899612217 ], [ -64.017109207598722, 52.367599499924737 ], [ -64.017235004993438, 52.367784287463842 ], [ -64.017282905440538, 52.367923315613737 ], [ -64.017504382185763, 52.368211194717531 ], [ -64.017820210853998, 52.368467991240756 ], [ -64.01782559280052, 52.368500600612187 ], [ -64.018079615477845, 52.368634406500014 ], [ -64.018162183834534, 52.368733195343594 ], [ -64.018544479284074, 52.368990903670735 ], [ -64.019185301388035, 52.36961020554633 ], [ -64.01934737474626, 52.369714302982622 ], [ -64.019365208551719, 52.369771506593899 ], [ -64.019528073653447, 52.369855205115897 ], [ -64.020741985873485, 52.370783695643077 ], [ -64.021011511371839, 52.371035697360035 ], [ -64.021333378502945, 52.37147959786769 ], [ -64.02139210977063, 52.371683913702753 ], [ -64.023066951834025, 52.375828816985475 ], [ -64.023124070099655, 52.376248614102906 ], [ -64.023119775618298, 52.376622765786635 ], [ -64.023240205980869, 52.376862450689188 ], [ -64.023177612459364, 52.377022258837393 ], [ -64.023335510175599, 52.37741300617693 ], [ -64.02333355703081, 52.377551257315687 ], [ -64.023457101589472, 52.377797111596635 ], [ -64.023727001601102, 52.378126364488324 ], [ -64.023766437131059, 52.378226556815513 ], [ -64.023791102719287, 52.3782757609086 ], [ -64.023838207372364, 52.378347599397095 ], [ -64.024001175645651, 52.378606206514824 ], [ -64.024106607208211, 52.378717498120302 ], [ -64.024169939421057, 52.37879980719746 ], [ -64.02483840802978, 52.379572116319274 ], [ -64.02504965416226, 52.379872055451457 ], [ -64.025107636604233, 52.379921707080264 ], [ -64.025174409359309, 52.379999951342974 ], [ -64.025233108893161, 52.380116703045509 ], [ -64.025280200439482, 52.380188564799752 ], [ -64.025326961264298, 52.380270543861059 ], [ -64.025598092069842, 52.380569357691279 ], [ -64.02583596848099, 52.380867711196345 ], [ -64.026085494077364, 52.381210907348901 ], [ -64.026378224867742, 52.381727601033091 ], [ -64.026416085458536, 52.381781012304693 ], [ -64.026632364848922, 52.382123806433093 ], [ -64.026740539813133, 52.382251453445384 ], [ -64.026779518988818, 52.382274347808227 ], [ -64.026930190140305, 52.382420904560497 ], [ -64.026948312488898, 52.382467946060288 ], [ -64.027168472504428, 52.382709068646975 ], [ -64.027414107312751, 52.382891565726936 ], [ -64.027468235511947, 52.38295539998991 ], [ -64.027658615883155, 52.383192008915969 ], [ -64.028061512074672, 52.383435711727927 ], [ -64.028168125778876, 52.383516552892956 ], [ -64.028193240903619, 52.38355555616571 ], [ -64.02825965994279, 52.38364396376673 ], [ -64.02839293148169, 52.383723172085119 ], [ -64.028781142283137, 52.384003254321932 ], [ -64.028968055307274, 52.384068962786984 ], [ -64.029275967001311, 52.384276769148272 ], [ -64.029467577741471, 52.38448291516076 ], [ -64.029673061103423, 52.384585463226486 ], [ -64.029901373819854, 52.384788002580912 ], [ -64.030158670407545, 52.385015418898192 ], [ -64.030643873362905, 52.385368119682688 ], [ -64.030884529479891, 52.385507811561595 ], [ -64.031076538233307, 52.385703767260004 ], [ -64.031217940494969, 52.385919312033813 ], [ -64.03145439348701, 52.386170816131575 ], [ -64.031541701166844, 52.386235108487455 ], [ -64.03183721632756, 52.386505756150093 ], [ -64.031900575092152, 52.38658800431697 ], [ -64.032279563472386, 52.386937103426291 ], [ -64.032558917665369, 52.387284814295448 ], [ -64.032626561045589, 52.387342701184735 ], [ -64.032688388591367, 52.387378212847999 ], [ -64.032852162970045, 52.387529018353653 ], [ -64.03309362726975, 52.3877357950483 ], [ -64.033155052489278, 52.38778146009264 ], [ -64.03319717132328, 52.387810497750394 ], [ -64.033333177344105, 52.387993454070035 ], [ -64.033738868020336, 52.388253460802623 ], [ -64.033857859312292, 52.388358916135424 ], [ -64.034044072452573, 52.388444945611248 ], [ -64.034216438967789, 52.388547061640644 ], [ -64.034346612221071, 52.388707549214274 ], [ -64.034534826593614, 52.388830206191301 ], [ -64.034615229381501, 52.388902499122466 ], [ -64.034872524259598, 52.389129919036407 ], [ -64.035047911339802, 52.389238146168495 ], [ -64.035293683246564, 52.389420673669385 ], [ -64.035734925614477, 52.389795050632763 ], [ -64.035785925672613, 52.389852702021116 ], [ -64.035807577826816, 52.389895758132027 ], [ -64.035865186237118, 52.389955558909648 ], [ -64.035935475010575, 52.390029802676516 ], [ -64.036004259224683, 52.390057204723995 ], [ -64.036176991683192, 52.390236608266697 ], [ -64.03630412456198, 52.390390970914673 ], [ -64.036447115947084, 52.390478419585563 ], [ -64.036626028137533, 52.390757546275836 ], [ -64.03702096202673, 52.391214721410925 ], [ -64.037039187048009, 52.391349216120879 ], [ -64.037044147397665, 52.391391969413597 ], [ -64.037128028966791, 52.391547720332731 ], [ -64.037187932417098, 52.391634020510942 ], [ -64.037233929854608, 52.391736362542126 ], [ -64.03734954330389, 52.392020720257122 ], [ -64.0374090636559, 52.392117150655878 ], [ -64.037419959253498, 52.392444771516118 ], [ -64.037480259470087, 52.392608373574902 ], [ -64.037440469375085, 52.392693222173143 ], [ -64.037491486218315, 52.392838305336191 ], [ -64.037456316033143, 52.392976164884992 ], [ -64.037399976905959, 52.393148210646018 ], [ -64.037436720894149, 52.3934070727556 ], [ -64.03741049846856, 52.393835855367143 ], [ -64.037392063175915, 52.394323747861407 ], [ -64.037356535255313, 52.394384316742716 ], [ -64.037338015131439, 52.394522352408423 ], [ -64.037288177297143, 52.394609117150878 ], [ -64.037198910406346, 52.394770566065162 ], [ -64.03718310891928, 52.39483746838593 ], [ -64.037006161795816, 52.395119716298687 ], [ -64.036901442775559, 52.395250411883225 ], [ -64.036692452961773, 52.395414203694678 ], [ -64.036596277051558, 52.395496257146903 ], [ -64.036451379929417, 52.395547100609846 ], [ -64.036106786820653, 52.395955119763983 ], [ -64.035934808629207, 52.396105207672257 ], [ -64.035905480758686, 52.396178021615398 ], [ -64.035845973925802, 52.396256513260177 ], [ -64.03562921803028, 52.396448719256185 ], [ -64.035420218902402, 52.396612567163636 ], [ -64.035355653829953, 52.396648248031212 ], [ -64.035245545163846, 52.396746365912833 ], [ -64.034938778964261, 52.396945400804313 ], [ -64.034548883426766, 52.397143250578956 ], [ -64.034390396771201, 52.397200015332167 ], [ -64.0342254133338, 52.397254605246466 ], [ -64.033953770679773, 52.397315847869059 ], [ -64.033535259723166, 52.397391311254935 ], [ -64.033268280532596, 52.397418001878172 ], [ -64.032391864689686, 52.397468609124182 ], [ -64.032097009263907, 52.397527450322109 ], [ -64.031698971329902, 52.397588945514208 ], [ -64.031515042164216, 52.397616854316318 ], [ -64.031403692007586, 52.3976579622068 ], [ -64.031276205263012, 52.397688714523021 ], [ -64.031071410114492, 52.397740713610276 ], [ -64.030923402625746, 52.397785357062205 ], [ -64.030704293690022, 52.397863608735996 ], [ -64.030610792232366, 52.397874512292852 ], [ -64.030417620197667, 52.397883968376 ], [ -64.030006420502673, 52.397853711593207 ], [ -64.029637734892987, 52.39784236277071 ], [ -64.029430999073824, 52.397857716773629 ], [ -64.029247067010886, 52.3978856215859 ], [ -64.029097524058898, 52.397883466666464 ], [ -64.028752419689951, 52.397776855647052 ], [ -64.028607454386673, 52.39774020956132 ], [ -64.02825352791254, 52.397692459983674 ], [ -64.027879469738437, 52.397473568550538 ], [ -64.027692455685909, 52.397407844536694 ], [ -64.02751279016617, 52.397411350158428 ], [ -64.027331152937748, 52.397378260668006 ], [ -64.026852756852307, 52.397367366310952 ], [ -64.026599667931009, 52.39737802260057 ], [ -64.026123155492158, 52.397491247146597 ], [ -64.025606853519477, 52.397601857958733 ], [ -64.025366848201003, 52.397704211797695 ], [ -64.025192964114524, 52.397817662779431 ], [ -64.024826200516301, 52.398105308286326 ], [ -64.024762069720751, 52.398218307896002 ], [ -64.024627969011789, 52.398334370020095 ], [ -64.024599701537596, 52.398464120067956 ], [ -64.024542525242879, 52.398569070373014 ], [ -64.024533986818625, 52.398705214463853 ], [ -64.024429972890147, 52.398903071770214 ], [ -64.024298554396239, 52.399035422402186 ], [ -64.024257976287487, 52.399140620951648 ], [ -64.024227041907039, 52.399254117035007 ], [ -64.024066251789051, 52.399546770765795 ], [ -64.024035314065401, 52.39966020884745 ], [ -64.024044165035221, 52.399776259174978 ], [ -64.024121830688358, 52.400007223290437 ], [ -64.024252793010973, 52.400234854997663 ], [ -64.024469928211929, 52.400644763792357 ], [ -64.024889980610865, 52.403754710760055 ], [ -64.024975335396789, 52.404132201877189 ], [ -64.025022108815762, 52.404214268435936 ], [ -64.025100526568465, 52.404512374284366 ], [ -64.025208299978672, 52.404737667578111 ], [ -64.02556691200698, 52.405363144503347 ], [ -64.02570682615908, 52.405531912283173 ], [ -64.025813748837649, 52.405656811744251 ], [ -64.025920131789675, 52.405781068777173 ], [ -64.026473944155157, 52.406258868200077 ], [ -64.026686595435564, 52.406440905830848 ], [ -64.026824508175878, 52.406573065827565 ], [ -64.027045967866258, 52.40687116791004 ], [ -64.027628827957642, 52.407461173252074 ], [ -64.027989056539269, 52.407783607385845 ], [ -64.028041226972647, 52.407810815548437 ], [ -64.028101481255305, 52.407886925312873 ], [ -64.028384802019531, 52.408133013525593 ], [ -64.028559157810392, 52.408271753283856 ], [ -64.028652716382481, 52.408348356423225 ], [ -64.028655406885363, 52.408364703539682 ], [ -64.029099517376466, 52.408668016824386 ], [ -64.029242925884134, 52.40874531484279 ], [ -64.02927966885801, 52.40876994315677 ], [ -64.029525071937542, 52.408934403471214 ], [ -64.029721475521143, 52.409106012657737 ], [ -64.029789866607203, 52.40914359812021 ], [ -64.029986620352375, 52.409305065188875 ], [ -64.029995515664851, 52.409333658384313 ], [ -64.030060814313572, 52.409365108891777 ], [ -64.030295882397411, 52.40965730647293 ], [ -64.031202375497529, 52.410485859561589 ], [ -64.031360878294478, 52.410604017842317 ], [ -64.031465597086878, 52.410648265906921 ], [ -64.031689056209544, 52.410808015232071 ], [ -64.031883500012341, 52.411030461880316 ], [ -64.032116210222, 52.411208719952754 ], [ -64.0322932853487, 52.411363801868504 ], [ -64.03284532941737, 52.411717413247644 ], [ -64.033208713152916, 52.411958496497391 ], [ -64.033288356574943, 52.412051162106216 ], [ -64.033343630274629, 52.412084502700857 ], [ -64.033653285680032, 52.412251662713125 ], [ -64.033754167142447, 52.41231007011325 ], [ -64.033846553310113, 52.412417109004707 ], [ -64.034193767964624, 52.412647822778958 ], [ -64.034685576485671, 52.413012755627804 ], [ -64.035001798087123, 52.413182016151339 ], [ -64.035104281131524, 52.413287207683219 ], [ -64.035190851973269, 52.413371868927726 ], [ -64.035697343259471, 52.413700458873279 ], [ -64.035986130333058, 52.413891671270981 ], [ -64.03602793315396, 52.413930851879535 ], [ -64.0364134364237, 52.414117369079264 ], [ -64.037021174066069, 52.4144067207516 ], [ -64.037281369837586, 52.414562956017143 ], [ -64.037442189460123, 52.414620170352499 ], [ -64.037848549299852, 52.414870015851086 ], [ -64.037947553804912, 52.414891763555055 ], [ -64.038133921035509, 52.414977768845816 ], [ -64.038372840322367, 52.415080811924753 ], [ -64.038432385922079, 52.415089810407054 ], [ -64.038563874807579, 52.415132322334735 ], [ -64.039170533017128, 52.415452124170614 ], [ -64.039434968586562, 52.415584003746602 ], [ -64.039467071429257, 52.415614957272936 ], [ -64.03968669798688, 52.415701462601128 ], [ -64.040102716197381, 52.415872100454237 ], [ -64.040158385005554, 52.415895306856108 ], [ -64.040615434697287, 52.416038003841514 ], [ -64.040922837783867, 52.416178607925232 ], [ -64.041059669098502, 52.416253823712744 ], [ -64.041164870449435, 52.416375299313181 ], [ -64.04126814319639, 52.416460165742684 ], [ -64.041337380562624, 52.416564873603789 ], [ -64.041398477475724, 52.416620668596984 ], [ -64.042333870709101, 52.417134268345187 ], [ -64.042604921076247, 52.417268255134097 ], [ -64.042766563898354, 52.41739255648146 ], [ -64.042950621748446, 52.417452099122272 ], [ -64.043215924348772, 52.417563671782752 ], [ -64.043531412076987, 52.417665755689036 ], [ -64.043767678589035, 52.417665012520693 ], [ -64.043989215096644, 52.417700703518797 ], [ -64.044346523864021, 52.41784202091587 ], [ -64.044726273267727, 52.418006016729102 ], [ -64.044989554407749, 52.418080919272057 ], [ -64.045174809824246, 52.418197422000539 ], [ -64.045404525105695, 52.41836946147798 ], [ -64.045529070282385, 52.418507501914235 ], [ -64.045635836943973, 52.418588367998012 ], [ -64.045900833874143, 52.418885000849663 ], [ -64.046203298675309, 52.419070320077132 ], [ -64.046366514927001, 52.419241414940451 ], [ -64.046479490987011, 52.419422011773996 ], [ -64.046575079473797, 52.419622707671266 ], [ -64.046947173265579, 52.419902564857573 ], [ -64.046968190622422, 52.420228318072979 ], [ -64.047054020574379, 52.420333256897159 ], [ -64.047113675028939, 52.420604626222065 ], [ -64.047221329866829, 52.420927523253397 ], [ -64.047261974453249, 52.420997256754205 ], [ -64.047280248854875, 52.421131761381169 ], [ -64.047423369058578, 52.421394117705439 ], [ -64.047542985479595, 52.421664326419624 ], [ -64.047570933690167, 52.4218071036195 ], [ -64.04766687461462, 52.421997599671641 ], [ -64.04783518324119, 52.422211506887635 ], [ -64.047849511698061, 52.4222727706616 ], [ -64.047935443546137, 52.422377707858033 ], [ -64.048060767464804, 52.422582855179769 ], [ -64.048124294707449, 52.422752610989946 ], [ -64.048099621570785, 52.422965854371348 ], [ -64.047975955398059, 52.423157370294298 ], [ -64.047895563167685, 52.423259971234856 ], [ -64.047883642663152, 52.423400158278369 ], [ -64.047886014736804, 52.423514111316941 ], [ -64.047767437545787, 52.423748417135457 ], [ -64.047765589450492, 52.423886722010053 ], [ -64.047897059641443, 52.424016722932812 ], [ -64.048024367499096, 52.424171062953967 ], [ -64.048063439732843, 52.424193963146166 ], [ -64.048199226596566, 52.424299610515668 ], [ -64.048243372082808, 52.424452811365619 ], [ -64.048377276934858, 52.424609265445461 ], [ -64.048490675186912, 52.424779650067222 ], [ -64.048560689786399, 52.424864058640182 ], [ -64.048705303522681, 52.424995777351086 ], [ -64.048875984765488, 52.425151267667061 ], [ -64.049003681848205, 52.425295475747276 ], [ -64.04912978085936, 52.425392815383944 ], [ -64.049306246872277, 52.425655659412243 ], [ -64.049367369504253, 52.425711451206084 ], [ -64.049369744891877, 52.425737917349821 ], [ -64.049401085472724, 52.425789212890265 ], [ -64.049673438119711, 52.426067613947879 ], [ -64.049754291491041, 52.426129818835854 ], [ -64.049822788084526, 52.426254810114813 ], [ -64.049897544162945, 52.426479661853733 ], [ -64.050069342708724, 52.426602107164612 ], [ -64.050138621835643, 52.426706812268336 ], [ -64.050363051948821, 52.426933707185725 ], [ -64.05045320139017, 52.427014315223097 ], [ -64.050471713236178, 52.427051158353393 ], [ -64.050623767871599, 52.427167213366239 ], [ -64.05078203951318, 52.427295571749603 ], [ -64.050903534545611, 52.427427474842332 ], [ -64.050902718236799, 52.427447808109818 ], [ -64.051254868302181, 52.427818850165899 ], [ -64.051797285516983, 52.428174329741573 ], [ -64.052269227927837, 52.428455567360153 ], [ -64.052358219105429, 52.428479161486102 ], [ -64.052686307228811, 52.428605757272365 ], [ -64.053017043134034, 52.428748712065364 ], [ -64.05317602873572, 52.428856701018859 ], [ -64.053630144176864, 52.428993258834979 ], [ -64.053850258212719, 52.429069606253314 ], [ -64.054047542845893, 52.429133406301965 ], [ -64.054376672809241, 52.42914205778137 ], [ -64.054566207231744, 52.429234218719962 ], [ -64.055036603322492, 52.429381156362382 ], [ -64.055206319489685, 52.429379451413283 ], [ -64.055547887679822, 52.4294127059229 ], [ -64.055892446864931, 52.429364664768158 ], [ -64.056020827299719, 52.429401000003303 ], [ -64.056320174125815, 52.429405150951474 ], [ -64.05638172845984, 52.429450760749951 ], [ -64.057116200406483, 52.429477313645542 ], [ -64.057421880882032, 52.429756217973363 ], [ -64.057979287294927, 52.429890076569052 ], [ -64.058190966470377, 52.430015085593929 ], [ -64.058303932971342, 52.430108222598918 ], [ -64.058407375628619, 52.430280528100305 ], [ -64.058680598020842, 52.430538564715356 ], [ -64.059730027178858, 52.431309918056598 ], [ -64.059812453977571, 52.431331426938769 ], [ -64.05980970131165, 52.431762629889754 ], [ -64.059874664890671, 52.431804218762792 ], [ -64.059833055802812, 52.43193996289348 ], [ -64.059761995999253, 52.432061013135439 ], [ -64.059847566771069, 52.43217612206918 ], [ -64.059651234461896, 52.432354407037366 ], [ -64.05954877793468, 52.432424210909346 ], [ -64.059552260045123, 52.432507668533439 ], [ -64.059442884329499, 52.43258547767423 ], [ -64.059361409419978, 52.432718612001679 ], [ -64.059423773103532, 52.432918820105982 ], [ -64.059436233893436, 52.433030857968589 ], [ -64.059498971459973, 52.433133421624554 ], [ -64.05966659823406, 52.433280229867485 ], [ -64.059746767314692, 52.433450157396756 ], [ -64.060016898487646, 52.433614626981729 ], [ -64.060061792503419, 52.433660005152845 ], [ -64.060199531434037, 52.433714807802495 ], [ -64.060320617383923, 52.433769356777695 ], [ -64.060394528658463, 52.433839572757016 ], [ -64.0605098302632, 52.433871674226289 ], [ -64.06053771353119, 52.433926964846975 ], [ -64.060757280927945, 52.434198574376943 ], [ -64.06123848769279, 52.434235827510456 ], [ -64.061453244539052, 52.434366978344521 ], [ -64.061811879537288, 52.434477697194936 ], [ -64.061991391436393, 52.434484250955094 ], [ -64.062603805640279, 52.434574113938481 ], [ -64.063023088389599, 52.434575860092423 ], [ -64.063282186726909, 52.434500163933691 ], [ -64.063634953970634, 52.434501010113145 ], [ -64.063961013057451, 52.434503520703309 ], [ -64.064318832717092, 52.434547109419654 ], [ -64.064517308294882, 52.434580356170116 ], [ -64.065059569106381, 52.434585864105607 ], [ -64.065679679911298, 52.434647358451336 ], [ -64.065941122244084, 52.434598111112336 ], [ -64.066038200692205, 52.434583211745817 ], [ -64.06645438284167, 52.434578809894717 ], [ -64.066510843418129, 52.43458162410441 ], [ -64.066867501910366, 52.4345293623877 ], [ -64.066992732609066, 52.434511028534331 ], [ -64.067143185453872, 52.434492726281576 ], [ -64.067446032584087, 52.434492871380812 ], [ -64.067621298416924, 52.434523757701655 ], [ -64.067921042183755, 52.434517709201735 ], [ -64.06817408734257, 52.434604618174752 ], [ -64.068364844577175, 52.434666255470972 ], [ -64.068569885234837, 52.434701654670789 ], [ -64.068734704041816, 52.434744613252455 ], [ -64.068895279424055, 52.434811972014366 ], [ -64.069197911421128, 52.434909708479836 ], [ -64.069293862636727, 52.434925258983625 ], [ -64.069597548536379, 52.434992577476855 ], [ -64.06981422964958, 52.435072855453178 ], [ -64.070171042065908, 52.435234412634308 ], [ -64.070422241806142, 52.435372125175469 ], [ -64.07090419341452, 52.43574903235038 ], [ -64.071182158157626, 52.435972566084764 ], [ -64.071284760655601, 52.436077717953886 ], [ -64.071480787424051, 52.436357073563116 ], [ -64.071526071317876, 52.436392257401913 ], [ -64.071601238010459, 52.436519432599709 ], [ -64.071931275463868, 52.436955264452195 ], [ -64.072231473892316, 52.437299115389827 ], [ -64.072237495708976, 52.437346866630612 ], [ -64.072244346151138, 52.437400963366692 ], [ -64.072360579238449, 52.437587699244865 ], [ -64.072498118784196, 52.437827610299692 ], [ -64.072606599380137, 52.437955230326814 ], [ -64.072656613622541, 52.438043359506217 ], [ -64.072832833162721, 52.438228919402619 ], [ -64.072841373077935, 52.438267666610415 ], [ -64.072867427514339, 52.438373822065891 ], [ -64.072915071219199, 52.438435519181418 ], [ -64.072978977052429, 52.438507623043527 ], [ -64.073001088465901, 52.438540464160148 ], [ -64.073137104402718, 52.438733561769915 ], [ -64.073328429369198, 52.438959970268762 ], [ -64.073683833743033, 52.439249675011347 ], [ -64.073861947919539, 52.439384319126944 ], [ -64.074255977039783, 52.439619625033536 ], [ -64.074416636109248, 52.439686905600745 ], [ -64.074497929984091, 52.4397389038689 ], [ -64.07467877925707, 52.439889870665461 ], [ -64.074797289598564, 52.440015558590318 ], [ -64.074934421583919, 52.440178166690494 ], [ -64.075070748275849, 52.440273605026981 ], [ -64.075406715645315, 52.440459320192609 ], [ -64.075880232603481, 52.440797404542359 ], [ -64.076126894427347, 52.440969673061609 ], [ -64.07635580093033, 52.441172178236364 ], [ -64.076757598410964, 52.44137905331025 ], [ -64.077060700753051, 52.441554117590073 ], [ -64.077286491893531, 52.441750452542138 ], [ -64.077479973471341, 52.441828410869633 ], [ -64.077745484247487, 52.441923826385889 ], [ -64.077903858958294, 52.441980723270774 ], [ -64.078073026092682, 52.442086816515626 ], [ -64.078366494239305, 52.442253618332209 ], [ -64.078505911168918, 52.442475231323904 ], [ -64.079068986751182, 52.442521563055138 ], [ -64.079211063118578, 52.442552009632507 ], [ -64.079561240638526, 52.442623969862893 ], [ -64.079724988917661, 52.442697423838894 ], [ -64.080239325652713, 52.442832598506605 ], [ -64.080834759207136, 52.442844874690216 ], [ -64.081073089565265, 52.442880670472022 ], [ -64.08143253233402, 52.4428835686669 ], [ -64.08197000555397, 52.442933675917018 ], [ -64.082115856411406, 52.442949908556734 ], [ -64.0826414156395, 52.443052708337405 ], [ -64.082964185928304, 52.443146660546155 ], [ -64.08331244154266, 52.443181950007101 ], [ -64.083941349425501, 52.44336957608445 ], [ -64.084214599592684, 52.443452607285451 ], [ -64.0846275373124, 52.443539668434049 ], [ -64.085151359177956, 52.443780816346013 ], [ -64.08532697622762, 52.443801519765209 ], [ -64.085544558007783, 52.443861467078634 ], [ -64.085894896411574, 52.444020827895784 ], [ -64.086700056262202, 52.444306428136656 ], [ -64.087008942195752, 52.444416419091795 ], [ -64.087205248687397, 52.444510671169503 ], [ -64.087706249335312, 52.444739266686462 ], [ -64.08819148326485, 52.445034768816122 ], [ -64.088520160797245, 52.445151114731011 ], [ -64.088703290319145, 52.445241058815228 ], [ -64.089052214801001, 52.445441122866264 ], [ -64.089077392507207, 52.445480107475866 ], [ -64.089327209348269, 52.445658469761135 ], [ -64.089414746386382, 52.445722724652953 ], [ -64.089700267386448, 52.445928016118096 ], [ -64.089897937764874, 52.44616672434956 ], [ -64.08998710292623, 52.446277756791773 ], [ -64.090020490343207, 52.446365654544465 ], [ -64.090214945676706, 52.446510701345574 ], [ -64.090274312140579, 52.44661730691184 ], [ -64.090375886370524, 52.446752955501985 ], [ -64.090384097714406, 52.446801926895603 ], [ -64.090570845871866, 52.446975315674237 ], [ -64.090626236354012, 52.447008605663591 ], [ -64.090716996503417, 52.447166462894707 ], [ -64.090847308126513, 52.447337119257199 ], [ -64.090898637194385, 52.447482268395198 ], [ -64.090933770236703, 52.447704472000481 ], [ -64.091079595621466, 52.44790582026878 ], [ -64.091133643277033, 52.448067258833596 ], [ -64.091260692017627, 52.448416876717594 ], [ -64.091364659225476, 52.448578957461102 ], [ -64.091524505905724, 52.448851665697752 ], [ -64.09173103110318, 52.449304070458858 ], [ -64.091739262681529, 52.449353018561673 ], [ -64.091790035286536, 52.44942080815018 ], [ -64.091924204030974, 52.449577275627099 ], [ -64.092066953455884, 52.449772466382527 ], [ -64.092098737838697, 52.44981356242473 ], [ -64.092184811518408, 52.449918460486487 ], [ -64.092202035268159, 52.450083506254408 ], [ -64.092307662977291, 52.450292457916014 ], [ -64.092424049016145, 52.450479154847521 ], [ -64.092485661109194, 52.450524769631706 ], [ -64.092493989597287, 52.450661153710008 ], [ -64.092749738663642, 52.450861979083435 ], [ -64.092709253243001, 52.450967209218909 ], [ -64.093042482986803, 52.451234173995644 ], [ -64.093147417439084, 52.451278318081712 ], [ -64.0933309568684, 52.45135812344639 ], [ -64.093521972791052, 52.451507164699429 ], [ -64.093844239073476, 52.451708855072262 ], [ -64.093908943350925, 52.451760626384811 ], [ -64.094102194514463, 52.451848675727078 ], [ -64.094402753447525, 52.452007323794177 ], [ -64.094574257574109, 52.45205237870028 ], [ -64.094741689942708, 52.452209259743086 ], [ -64.09492490824131, 52.452299263807447 ], [ -64.095271150012579, 52.452482976187397 ], [ -64.095818483812167, 52.452813803437202 ], [ -64.096192498785584, 52.453150504150265 ], [ -64.096347165165369, 52.453293015437168 ], [ -64.096502876976771, 52.453404968082907 ], [ -64.096590586802407, 52.453556665973885 ], [ -64.096850586415655, 52.453733103605337 ], [ -64.096956084185436, 52.453854570552949 ], [ -64.09706121323913, 52.453986169711911 ], [ -64.097082212301302, 52.45404950920782 ], [ -64.097129138979625, 52.454131509710741 ], [ -64.097354758426746, 52.454338033225994 ], [ -64.097386756511554, 52.454466621540483 ], [ -64.097408380313368, 52.45469477158764 ], [ -64.097479454504565, 52.454846256253816 ], [ -64.097507022227006, 52.455096862575992 ], [ -64.097551618154895, 52.45515241780582 ], [ -64.097542420888075, 52.455679167815646 ], [ -64.097593726874919, 52.45582427165354 ], [ -64.097591539630514, 52.455885274448114 ], [ -64.097603789712466, 52.456007516634564 ], [ -64.097615652632598, 52.456139914753429 ], [ -64.097680476699068, 52.456279121677269 ], [ -64.097652506152443, 52.456408911880125 ], [ -64.097658077202126, 52.456529020911091 ], [ -64.097545103002744, 52.457438823080849 ], [ -64.097572709744469, 52.45750433257362 ], [ -64.097539935485145, 52.458038905180814 ], [ -64.097518748354915, 52.458073157157159 ], [ -64.097416806731815, 52.458220319907156 ], [ -64.097384694174494, 52.458461975437054 ], [ -64.097291946855009, 52.458540066834551 ], [ -64.097219077400922, 52.458711977372268 ], [ -64.097186342702997, 52.458788878701043 ], [ -64.097172602540226, 52.458892415200069 ], [ -64.097181135293127, 52.458931209840514 ], [ -64.09721056118731, 52.459130959267355 ], [ -64.097214052235202, 52.459584679554183 ], [ -64.097243771071277, 52.459774274927547 ], [ -64.097315386394996, 52.460003055170269 ], [ -64.097426308664467, 52.460342261507044 ], [ -64.097547844295093, 52.460571762730147 ], [ -64.097556928753178, 52.460687827355784 ], [ -64.097612859866416, 52.460798431907804 ], [ -64.097666526777175, 52.460970018187901 ], [ -64.097666675273814, 52.461057525768361 ], [ -64.097743998510126, 52.461221315026492 ], [ -64.097789355731649, 52.461256524521886 ], [ -64.097875637085735, 52.461448905504554 ], [ -64.097895799204423, 52.461902818253819 ], [ -64.097963560415948, 52.462145812421483 ], [ -64.098011035207193, 52.462305166286619 ], [ -64.097982532643641, 52.462815411968919 ], [ -64.097984356777417, 52.462949711089273 ], [ -64.097933959293997, 52.46314431895378 ], [ -64.097937363049866, 52.463325410898804 ], [ -64.098094232748394, 52.464049711986426 ], [ -64.098141895963224, 52.464296527979869 ], [ -64.098125894971673, 52.464461106706196 ], [ -64.098049174000039, 52.464647210303141 ], [ -64.098002499216946, 52.465383019534698 ], [ -64.097961869938047, 52.465585919491588 ], [ -64.097933980105211, 52.465618062483074 ], [ -64.097868645590239, 52.46585926131484 ], [ -64.097754028480054, 52.466079475961209 ], [ -64.097693454742625, 52.466188509526475 ], [ -64.097687145359927, 52.466361357862581 ], [ -64.097652048343818, 52.466411722226539 ], [ -64.097635916524439, 52.466488827443392 ], [ -64.097488110284914, 52.466981170828873 ], [ -64.097435554375693, 52.467051681694933 ], [ -64.097401484949728, 52.467071568019087 ], [ -64.097309542534589, 52.467401916519975 ], [ -64.097230788903502, 52.467736511716829 ], [ -64.0971879826036, 52.46781527890051 ], [ -64.097169252652549, 52.467963510988625 ], [ -64.097108268852111, 52.468082724603356 ], [ -64.097066198366207, 52.468141168339955 ], [ -64.097054935079797, 52.468358663433975 ], [ -64.096943306027171, 52.468497514143507 ], [ -64.09691289581842, 52.468600863955771 ], [ -64.096863483609937, 52.468677519723776 ], [ -64.096848268523615, 52.468821764276065 ], [ -64.096853084302751, 52.468962224762613 ], [ -64.096814854892926, 52.469006420809208 ], [ -64.096771030093507, 52.469203166581067 ], [ -64.096799707059247, 52.469423269195531 ], [ -64.096891532211856, 52.469920874555761 ], [ -64.09694326270052, 52.470055862970355 ], [ -64.097005019630771, 52.470188976598081 ], [ -64.097025398566757, 52.470545258275763 ], [ -64.09710339946453, 52.470873881814924 ], [ -64.097163700770025, 52.471047561317903 ], [ -64.097218542336805, 52.471188683944852 ], [ -64.097235522535939, 52.471363870317376 ], [ -64.097252774682346, 52.471528867465238 ], [ -64.097319078478961, 52.471812574335026 ], [ -64.097363897745836, 52.471955630143583 ], [ -64.097363105621639, 52.472161083899294 ], [ -64.09734075079453, 52.472225864431294 ], [ -64.097347592963658, 52.472588069016155 ], [ -64.097339275519914, 52.472724271951293 ], [ -64.09732919287319, 52.472911277267436 ], [ -64.097303894489485, 52.473057411085613 ], [ -64.097191829311811, 52.473206467454538 ], [ -64.097084951889229, 52.473398270274735 ], [ -64.09698618305417, 52.4736390148243 ], [ -64.09697258408606, 52.47383006660592 ], [ -64.096866655308744, 52.474361664247439 ], [ -64.096748955160621, 52.474575736697723 ], [ -64.096637230010842, 52.474714567611983 ], [ -64.096578993671343, 52.474850084674742 ], [ -64.096553545159935, 52.474908708003241 ], [ -64.096551501244491, 52.475057225311616 ], [ -64.096377729050189, 52.475345774232082 ], [ -64.096341828692033, 52.475416475932285 ], [ -64.096311942164419, 52.475597124384947 ], [ -64.096120691670052, 52.4758183181901 ], [ -64.096070898873137, 52.475905108109899 ], [ -64.096021087856187, 52.475991921578391 ], [ -64.096004522392022, 52.476079174175702 ], [ -64.095970151580815, 52.476109215457043 ], [ -64.095865083919776, 52.47625020327834 ], [ -64.095710347308554, 52.476565516026085 ], [ -64.095456716003923, 52.477034073686625 ], [ -64.095311400975348, 52.477182608807759 ], [ -64.09525115513398, 52.477281535068443 ], [ -64.095177749010574, 52.477376109293651 ], [ -64.095158072252303, 52.477457228029643 ], [ -64.095120552191986, 52.477481124082182 ], [ -64.095032044679982, 52.477807481690192 ], [ -64.094839632032631, 52.478059178690323 ], [ -64.09481655236219, 52.478144318382846 ], [ -64.094781734034981, 52.478184528544347 ], [ -64.094729600263221, 52.478244813157758 ], [ -64.094692609263717, 52.478346064563773 ], [ -64.09464823574433, 52.47846551738089 ], [ -64.094507988179586, 52.478656882493425 ], [ -64.094365386497856, 52.478821765757985 ], [ -64.094279590048785, 52.47916441468977 ], [ -64.094205212825074, 52.479377016213384 ], [ -64.09414420200288, 52.479496232050046 ], [ -64.094109788156942, 52.479526262025637 ], [ -64.093975733713336, 52.479729918862304 ], [ -64.093925542667421, 52.479826865320497 ], [ -64.093881203668502, 52.479946329315631 ], [ -64.093886685521667, 52.479978979881061 ], [ -64.093824444600045, 52.480041175034167 ], [ -64.093769687748917, 52.48017267020505 ], [ -64.093447430804645, 52.480603676687657 ], [ -64.093406059270293, 52.480641762343438 ], [ -64.093305285683769, 52.480845869924032 ], [ -64.09318674838822, 52.481080221066136 ], [ -64.093007834191184, 52.481326020156743 ], [ -64.092906494282744, 52.48163797581357 ], [ -64.092718186920834, 52.482050425862461 ], [ -64.092645136409985, 52.482134866524 ], [ -64.09256293232319, 52.482288370325222 ], [ -64.092513105276154, 52.482375183727221 ], [ -64.092416054259218, 52.482477622906991 ], [ -64.09236776157006, 52.482523775140223 ], [ -64.092316805692093, 52.482641069459717 ], [ -64.092134728889235, 52.482880664822858 ], [ -64.092100681435326, 52.482900561319575 ], [ -64.09192635757023, 52.483111821921312 ], [ -64.091873787733562, 52.483182309737906 ], [ -64.091820478230346, 52.483273121874539 ], [ -64.091641448852073, 52.48343141787025 ], [ -64.091594340489593, 52.483534580182379 ], [ -64.091578186960732, 52.483611630208252 ], [ -64.091565180682565, 52.483694825537171 ], [ -64.091439205053959, 52.48385997929816 ], [ -64.091262133168811, 52.484054913835926 ], [ -64.091250180455589, 52.484107664269118 ], [ -64.091205457146529, 52.484237261758338 ], [ -64.091159823765736, 52.484299717242962 ], [ -64.091108047379151, 52.484349867965655 ], [ -64.091089134475112, 52.484410616081327 ], [ -64.091043928519497, 52.484462925835118 ], [ -64.091028162757567, 52.484529819278578 ], [ -64.091018967633076, 52.484598871785153 ], [ -64.090948241386329, 52.484709817724955 ], [ -64.090761655323462, 52.484983983169577 ], [ -64.090748610826381, 52.485067225828949 ], [ -64.090661726923031, 52.485255221988005 ], [ -64.090547198247066, 52.485562884299796 ], [ -64.090433979956686, 52.485742431015247 ], [ -64.090419453986328, 52.485866322766547 ], [ -64.090378442732558, 52.485894216517266 ], [ -64.090199488577198, 52.486140014223658 ], [ -64.090059859224169, 52.48649616732731 ], [ -64.09006119295789, 52.48664066870716 ], [ -64.090033897541119, 52.486750167350799 ], [ -64.089999066544166, 52.486790376919416 ], [ -64.089985297306356, 52.486893920902908 ], [ -64.089924467453628, 52.487100614983724 ], [ -64.089844184670056, 52.487290781702015 ], [ -64.089836224776434, 52.487416774980431 ], [ -64.089830656143235, 52.487569319928745 ], [ -64.089721795869224, 52.487811976268212 ], [ -64.089685151754963, 52.487903037369044 ], [ -64.089629093511689, 52.487977581949131 ], [ -64.089608513020991, 52.488176672918719 ], [ -64.089606438359652, 52.48859778017912 ], [ -64.089572899493987, 52.488694917799641 ], [ -64.089467328262344, 52.488846073709212 ], [ -64.089515003089048, 52.489092864346361 ], [ -64.089492644274884, 52.489430324038381 ], [ -64.089497766736841, 52.490018372421304 ], [ -64.089371186833247, 52.490291319371607 ], [ -64.089304570323108, 52.490563024311584 ], [ -64.089378158535652, 52.490828528276964 ], [ -64.089331812125849, 52.490911319915291 ], [ -64.089295975705525, 52.491069526622191 ], [ -64.089260751040371, 52.491305032124387 ], [ -64.089247701201472, 52.49138827612456 ], [ -64.089229171743071, 52.491438868242639 ], [ -64.08918601814797, 52.49207302500713 ], [ -64.089196215798466, 52.492158619230928 ], [ -64.089236269362004, 52.492248675627351 ], [ -64.089244949157077, 52.492374966692331 ], [ -64.089279041749919, 52.492627727219542 ], [ -64.089047050714115, 52.49313927840722 ], [ -64.089093395870847, 52.493329132560866 ], [ -64.089131451602441, 52.493382538346175 ], [ -64.089174246178359, 52.493488921135487 ], [ -64.089117546576915, 52.49367127291967 ], [ -64.089160801548857, 52.493854969235009 ], [ -64.089154871439661, 52.494290273838409 ], [ -64.089067628479015, 52.494488476232561 ], [ -64.089079072259722, 52.495361425117636 ], [ -64.089057540048373, 52.495493365019783 ], [ -64.089065535430734, 52.495639969774395 ], [ -64.089019309181339, 52.495810220770991 ], [ -64.088969846751752, 52.495886878855956 ], [ -64.088914291854309, 52.496038726144363 ], [ -64.08889514734679, 52.496197160488812 ], [ -64.088864213880825, 52.496223167746393 ], [ -64.088759768713714, 52.496343820563204 ], [ -64.088759486733096, 52.496441459660019 ], [ -64.088652077664719, 52.496643470931581 ], [ -64.0886285859428, 52.4967388290004 ], [ -64.088605478980355, 52.496823913842846 ], [ -64.088591684454784, 52.496927484210374 ], [ -64.088510299915484, 52.497148124966301 ], [ -64.088460834776058, 52.497224783107413 ], [ -64.088441092168281, 52.497491036368238 ], [ -64.088434629248937, 52.49757641750724 ], [ -64.088392085085047, 52.497645008838155 ], [ -64.088346949121586, 52.497784825376634 ], [ -64.088325079591485, 52.497926910587999 ], [ -64.088286034315018, 52.497991479501749 ], [ -64.088184006891836, 52.498138579639587 ], [ -64.088183782614209, 52.498236264780715 ], [ -64.08822069212782, 52.498320177505128 ], [ -64.088161883156687, 52.498651024108803 ], [ -64.088163781635842, 52.498872820060747 ], [ -64.088090610108466, 52.499142440759499 ], [ -64.088052347178504, 52.499459264968571 ], [ -64.087977716119624, 52.499584427814796 ], [ -64.087981857008444, 52.499745224981325 ], [ -64.087975891973429, 52.499906269671307 ], [ -64.087978737979256, 52.500010509230208 ], [ -64.088006829344422, 52.500154925340816 ], [ -64.087983331349264, 52.500250226141183 ], [ -64.087983399417951, 52.50079504027174 ], [ -64.08801264059079, 52.501452627452707 ], [ -64.088108128116005, 52.502579087671414 ], [ -64.088321446165551, 52.503218781787758 ], [ -64.088473120737603, 52.50362771794471 ], [ -64.088648749179526, 52.504476526923931 ], [ -64.088684446798624, 52.504503474281783 ], [ -64.088785425498315, 52.50465947283395 ], [ -64.088839191219662, 52.50483110752463 ], [ -64.088922895401282, 52.505094736031914 ], [ -64.088898024694771, 52.505318232019768 ], [ -64.088877188103396, 52.505614985558402 ], [ -64.08877053179495, 52.505796629586008 ], [ -64.088691187293122, 52.50586876920238 ], [ -64.088608029447315, 52.505955110633465 ], [ -64.088516244130332, 52.506002711018397 ], [ -64.088132597203213, 52.50628031115432 ], [ -64.087677233969771, 52.506514193741729 ], [ -64.087262441124196, 52.506370172692776 ], [ -64.087162785152543, 52.506358623484502 ], [ -64.086892373994004, 52.506369168136168 ], [ -64.086042004063003, 52.506280280272868 ], [ -64.085717178988887, 52.506227018743495 ], [ -64.085342259873812, 52.506085568583927 ], [ -64.085058118789149, 52.506014521847284 ], [ -64.084501733713637, 52.505819709209639 ], [ -64.084385493305049, 52.505807964213425 ], [ -64.084181141085793, 52.505742118502184 ], [ -64.083860215019996, 52.505674671572145 ], [ -64.083331457702855, 52.50554537514914 ], [ -64.083305481867441, 52.505526673378348 ], [ -64.082984425525808, 52.50537172845209 ], [ -64.082802998384253, 52.505318376372891 ], [ -64.082654489315473, 52.505275635695746 ], [ -64.082582394941554, 52.505242073277657 ], [ -64.082473493361775, 52.505212136769799 ], [ -64.082427000745085, 52.505207409941946 ], [ -64.082053183663305, 52.505035478096744 ], [ -64.081789594386834, 52.504950482157689 ], [ -64.081750382357157, 52.5049275782576 ], [ -64.081227545012567, 52.504820720633688 ], [ -64.080812366038373, 52.504686878989212 ], [ -64.08055730547845, 52.504640623058897 ], [ -64.08000755414902, 52.504447923496528 ], [ -64.079783480799833, 52.504375671455414 ], [ -64.079384867287345, 52.504154521602317 ], [ -64.079226582688705, 52.504016078892498 ], [ -64.078812116366947, 52.503774373090579 ], [ -64.078670917026159, 52.503713426877994 ], [ -64.078452589442449, 52.50357611553121 ], [ -64.078312980460154, 52.503474516451369 ], [ -64.078110882582251, 52.503260163099782 ], [ -64.077896295257574, 52.50302122375038 ], [ -64.077682931227812, 52.502839227140541 ], [ -64.077531125265708, 52.502615366097125 ], [ -64.077387502017416, 52.502352989183883 ], [ -64.077364582560733, 52.502340433709641 ], [ -64.077260293495812, 52.502275918258931 ], [ -64.077061570428825, 52.501970070562201 ], [ -64.076935999559751, 52.501939877679085 ], [ -64.076587141968389, 52.501817077397476 ], [ -64.07624344061837, 52.501824512038418 ], [ -64.076072231147108, 52.501856781239027 ], [ -64.075871884711702, 52.501864166104269 ], [ -64.075771888876773, 52.501862774314162 ], [ -64.075724652829706, 52.501878369858652 ], [ -64.074869782954394, 52.502456672518967 ], [ -64.074856535340388, 52.502725063879055 ], [ -64.074775648339568, 52.50311057701699 ], [ -64.07470942663825, 52.503186967716559 ], [ -64.074804828360925, 52.503582967182702 ], [ -64.074818690434157, 52.503839522477087 ], [ -64.074924054003873, 52.50414616567668 ], [ -64.075097129584151, 52.504695824579535 ], [ -64.075139342736236, 52.504997521557137 ], [ -64.075263266289525, 52.505253573796473 ], [ -64.075404269989292, 52.505587182345735 ], [ -64.075592510922689, 52.505817616718275 ], [ -64.07569052808644, 52.506142473406783 ], [ -64.075873405054779, 52.506427830861369 ], [ -64.075968179653088, 52.506659022463289 ], [ -64.076068500689829, 52.506922832090311 ], [ -64.07619652930434, 52.507067030101702 ], [ -64.076334276837983, 52.507219476208334 ], [ -64.076576010833165, 52.507446618715505 ], [ -64.07693708168965, 52.507691673020702 ], [ -64.077022888203501, 52.507806769606965 ], [ -64.077187756823648, 52.507947435353429 ], [ -64.077279334363794, 52.508085030129443 ], [ -64.077389247477271, 52.508269615171606 ], [ -64.077439430221105, 52.508445326834646 ], [ -64.077593058419339, 52.508890983389627 ], [ -64.077625938784308, 52.509446865829617 ], [ -64.077659905728396, 52.50961213370077 ], [ -64.077640895050465, 52.509945577721084 ], [ -64.077716343431462, 52.510160214157864 ], [ -64.077690618949461, 52.510404025587185 ], [ -64.077633046361683, 52.510519173157981 ], [ -64.077564344744815, 52.510754268062293 ], [ -64.077433851313131, 52.51085626921342 ], [ -64.077308826932693, 52.510990866511229 ], [ -64.077005250358297, 52.511175935645596 ], [ -64.076752751482303, 52.511331124284141 ], [ -64.076409894911933, 52.511493240091028 ], [ -64.076105032332762, 52.511621316837356 ], [ -64.075778423777237, 52.511706364226271 ], [ -64.075486661728775, 52.511751168442814 ], [ -64.074784635106994, 52.511977518340068 ], [ -64.074633136403932, 52.512016161673188 ], [ -64.074214328010171, 52.512158927094141 ], [ -64.073996177325924, 52.512196620701552 ], [ -64.073681487971186, 52.512228921447033 ], [ -64.073511501922567, 52.512318119493109 ], [ -64.072303222604731, 52.512285188958089 ], [ -64.072164453576292, 52.512490828697509 ], [ -64.072099070151708, 52.512634391072943 ], [ -64.071897296839623, 52.513130087680288 ], [ -64.07186242433707, 52.513530430221522 ], [ -64.071801131415143, 52.513834773668059 ], [ -64.071814868867733, 52.514003839444598 ], [ -64.071784304579168, 52.514379822318396 ], [ -64.071519108521443, 52.515595944454475 ], [ -64.071253934442623, 52.516812081203419 ], [ -64.071313030336086, 52.517016364241805 ], [ -64.071325285642033, 52.517226118567201 ], [ -64.071353171680471, 52.517554072497347 ], [ -64.071402893511461, 52.51765243838468 ], [ -64.071443644294888, 52.517722171058971 ], [ -64.071684538234194, 52.517882183078996 ], [ -64.071660220682588, 52.517997834882017 ], [ -64.071606714505364, 52.518273822659829 ], [ -64.071453734873259, 52.518440567690845 ], [ -64.071381697122504, 52.518494542006401 ], [ -64.071146022975967, 52.518912435390867 ], [ -64.071106946025495, 52.518976978247068 ], [ -64.070990381998357, 52.519062874317669 ], [ -64.070874529983598, 52.519128432980459 ], [ -64.070754818086826, 52.51920818227881 ], [ -64.070504227019555, 52.519400071564931 ], [ -64.070357908915341, 52.519568974549159 ], [ -64.070232388638871, 52.519626212901045 ], [ -64.070061140924068, 52.519745927324536 ], [ -64.069770193991232, 52.519945366297534 ], [ -64.069668020604226, 52.520092481217638 ], [ -64.069441658132831, 52.520441371421441 ], [ -64.069028792393979, 52.520869082243038 ], [ -64.068953240687534, 52.520927019224558 ], [ -64.068654082086255, 52.52107753020384 ], [ -64.068279840533151, 52.521275841244211 ], [ -64.068153147964395, 52.521363643138599 ], [ -64.067864790147851, 52.52140442878752 ], [ -64.067580728074574, 52.521508319092909 ], [ -64.066878915395563, 52.52181197649552 ], [ -64.066508044527041, 52.521918725486891 ], [ -64.066113513938021, 52.522120834744122 ], [ -64.065922991342404, 52.522311484220118 ], [ -64.065750193159161, 52.522384367738283 ], [ -64.065496428523147, 52.522570076445035 ], [ -64.065154273226156, 52.522799333802389 ], [ -64.064990058543501, 52.52299848589422 ], [ -64.064713510191822, 52.523259179498453 ], [ -64.064590325322669, 52.523342932073838 ], [ -64.064325095806851, 52.523753397501267 ], [ -64.062500285671788, 52.526522747103485 ], [ -64.062047928103681, 52.526664974201722 ], [ -64.062145235870673, 52.527097725355198 ], [ -64.062090162029108, 52.527141733470849 ], [ -64.062149572060989, 52.527248321948342 ], [ -64.062217485666054, 52.527306236719078 ], [ -64.062334286081295, 52.527395326691028 ], [ -64.062430601833, 52.527585936732748 ], [ -64.062491612294167, 52.5277393726874 ], [ -64.062601386962058, 52.527836529867649 ], [ -64.062600497236986, 52.528129517768868 ], [ -64.062608757864439, 52.528265969525712 ], [ -64.062554593142437, 52.528464619080523 ], [ -64.062430992433718, 52.528558586362898 ], [ -64.062376311505759, 52.528592378819965 ], [ -64.062305372193464, 52.528615771106551 ], [ -64.061967669082279, 52.528635523836805 ], [ -64.061771125124721, 52.52862877146287 ], [ -64.061578780715237, 52.528597566370735 ], [ -64.061223334570542, 52.528735083821651 ], [ -64.060885602711963, 52.528667319237464 ], [ -64.060526123279502, 52.528644022563398 ], [ -64.060453588888265, 52.528620624004432 ], [ -64.060262105427853, 52.528656625507161 ], [ -64.059158625557259, 52.528722668486239 ], [ -64.059033421116737, 52.528769784080978 ], [ -64.05882524143837, 52.52880552918149 ], [ -64.05844763298353, 52.528910184496979 ], [ -64.058218553638625, 52.528970068672692 ], [ -64.057872773085947, 52.529115814250574 ], [ -64.057841396708739, 52.529152030773297 ], [ -64.057446423614408, 52.529364233281449 ], [ -64.057184008622457, 52.529511132208157 ], [ -64.056988328587636, 52.529658977877183 ], [ -64.056827057182389, 52.529776779208312 ], [ -64.056613652599793, 52.53012988167653 ], [ -64.056380047128457, 52.530399271912088 ], [ -64.056304282132231, 52.530729922621141 ], [ -64.056214858334414, 52.530891473863676 ], [ -64.056190195507611, 52.531192277117917 ], [ -64.056111244812911, 52.53142923216511 ], [ -64.056143979802002, 52.531712540567234 ], [ -64.05625243378735, 52.532112889291433 ], [ -64.05629330264486, 52.532270120432713 ], [ -64.05634334477601, 52.532358294149866 ], [ -64.056465586632442, 52.532480073053918 ], [ -64.056602587985751, 52.532652883445984 ], [ -64.057044226157927, 52.533155540591849 ], [ -64.057078069500179, 52.533320839056898 ], [ -64.057181780244363, 52.533580677966818 ], [ -64.057282272268026, 52.533659386659011 ], [ -64.057847864090533, 52.533970442053054 ], [ -64.057907941149267, 52.534416876718652 ], [ -64.058027104943264, 52.534532494765159 ], [ -64.058124949010079, 52.534682376828385 ], [ -64.058615706192185, 52.534943575980975 ], [ -64.058780344735439, 52.535269434793875 ], [ -64.058968417806057, 52.535324983701976 ], [ -64.059009979130124, 52.53537438509219 ], [ -64.059195477520873, 52.535501071676187 ], [ -64.059486499611623, 52.53566178872174 ], [ -64.059549744683565, 52.535754237391124 ], [ -64.05967395988948, 52.535912635214288 ], [ -64.059739179034935, 52.536041739883082 ], [ -64.059735476302322, 52.536230937234066 ], [ -64.059728204469749, 52.536336629853672 ], [ -64.059681726210613, 52.536506923995404 ], [ -64.059672939496437, 52.536653271190616 ], [ -64.059902704730334, 52.536845734273165 ], [ -64.059930625078394, 52.536901088701022 ], [ -64.059771543143881, 52.537230523933403 ], [ -64.059744465374337, 52.537329826992355 ], [ -64.059667732955063, 52.537418279997802 ], [ -64.059658148694254, 52.53749752047613 ], [ -64.059493843554762, 52.53769667238759 ], [ -64.059357415249437, 52.537863686305244 ], [ -64.059001198165021, 52.538109030842044 ], [ -64.059019052074234, 52.538166222687138 ], [ -64.05913593968458, 52.53834284629437 ], [ -64.059019789164765, 52.538593537579544 ], [ -64.058826123930004, 52.538953032617442 ], [ -64.058683547086659, 52.539107737651193 ], [ -64.058380722668645, 52.539262283559673 ], [ -64.058272958815053, 52.53937678457968 ], [ -64.058162140546457, 52.53948507859581 ], [ -64.057945375740417, 52.539569579795632 ], [ -64.057829098592464, 52.539645273515248 ], [ -64.057580490069043, 52.539688622208672 ], [ -64.057482805842184, 52.539713721997018 ], [ -64.057266758322143, 52.539777883419589 ], [ -64.057012385636241, 52.539798729289807 ], [ -64.056836289771098, 52.539777926754091 ], [ -64.056599300026804, 52.539778734431394 ], [ -64.056113063027311, 52.540018129776008 ], [ -64.055892840825294, 52.540106636151691 ], [ -64.055786277526792, 52.540278118882135 ], [ -64.055653336064736, 52.540353625132887 ], [ -64.055533545401147, 52.540433338306023 ], [ -64.055411469534377, 52.540661515979679 ], [ -64.055289368189776, 52.54071477610335 ], [ -64.055204074033171, 52.540764466501358 ], [ -64.055123368207234, 52.540779627310663 ], [ -64.054988466103438, 52.540905934974006 ], [ -64.054826010234649, 52.540966774926261 ], [ -64.054163588985674, 52.541010426981465 ], [ -64.05388394549054, 52.540992273967944 ], [ -64.053626798622702, 52.540996829528922 ], [ -64.053472037597359, 52.541029274351523 ], [ -64.052711468944125, 52.541108242107114 ], [ -64.052459013060314, 52.541165722668921 ], [ -64.05228332114693, 52.541222271116283 ], [ -64.052050291021985, 52.541296334851822 ], [ -64.051952160494835, 52.541331576799998 ], [ -64.051395365092517, 52.541584224630689 ], [ -64.051220113953732, 52.54171814123022 ], [ -64.051148764202523, 52.541751719611014 ], [ -64.050972669921819, 52.541818482290736 ], [ -64.050874575715369, 52.541853734286889 ], [ -64.050651565409197, 52.541925889714335 ], [ -64.049520455043876, 52.542451323429411 ], [ -64.049071431320655, 52.542677042044247 ], [ -64.048804623752162, 52.54284827472803 ], [ -64.048617766134598, 52.543024736647006 ], [ -64.048287761019779, 52.543191039379032 ], [ -64.048117123088616, 52.54329037481812 ], [ -64.047900788860815, 52.543452179257599 ], [ -64.047577771719816, 52.543697977865982 ], [ -64.047482375005004, 52.543749521824054 ], [ -64.047382307501863, 52.543835631273801 ], [ -64.047181431451634, 52.543940694409457 ], [ -64.047006223191559, 52.544162028376967 ], [ -64.04678532329261, 52.544620843240068 ], [ -64.046672123983683, 52.544877674581414 ], [ -64.04646781462894, 52.545161734547861 ], [ -64.046393973541441, 52.545791544186038 ], [ -64.046366876098915, 52.545890880786466 ], [ -64.046273082660846, 52.546076745332122 ], [ -64.046208053256052, 52.546297582153045 ], [ -64.046153781826817, 52.546496291652829 ], [ -64.046065416351524, 52.546714781166727 ], [ -64.046085795161403, 52.547236041402122 ], [ -64.046104562242988, 52.547622922291957 ], [ -64.046165985839068, 52.547941243090193 ], [ -64.046228223333472, 52.548326684447517 ], [ -64.04623898816493, 52.548927130839729 ], [ -64.04624800521853, 52.549218289663401 ], [ -64.046299764519588, 52.549528289202975 ], [ -64.046516836434435, 52.550056346555245 ], [ -64.046482783383922, 52.550338730166779 ], [ -64.046499535624889, 52.550426434634112 ], [ -64.046563754846375, 52.550936032314709 ], [ -64.046823109010305, 52.551493184327533 ], [ -64.046854237222021, 52.551642175977001 ], [ -64.046871841618582, 52.551884590476341 ], [ -64.047000290988493, 52.552018650029453 ], [ -64.047091915700562, 52.552243737997358 ], [ -64.047138584143212, 52.552423472211032 ], [ -64.047259676730349, 52.552575779153393 ], [ -64.047447145342915, 52.55273919807847 ], [ -64.047616005148399, 52.552865690522196 ], [ -64.04774914724112, 52.55305267945981 ], [ -64.04779456410381, 52.553175440109605 ], [ -64.047836202798962, 52.553312332453743 ], [ -64.047794486239624, 52.553710585834303 ], [ -64.047778338208715, 52.55413767694872 ], [ -64.047500771622126, 52.554681178037789 ], [ -64.047243198291696, 52.555668590054445 ], [ -64.046981965899349, 52.556397535576174 ], [ -64.046879378810814, 52.556904824820208 ], [ -64.046886145313252, 52.557256928300937 ], [ -64.046951113508896, 52.557658733344041 ], [ -64.0468184897138, 52.557811536505895 ], [ -64.046710918690636, 52.558626034258452 ], [ -64.046746339337062, 52.558838176690863 ], [ -64.046735137539088, 52.558958090353521 ], [ -64.046605284191159, 52.559214674968665 ], [ -64.04654558214385, 52.559380742539602 ], [ -64.046483140269743, 52.55944298180372 ], [ -64.046270542916858, 52.559590587895933 ], [ -64.046214676172056, 52.559654873168938 ], [ -64.046068495790607, 52.559901124678703 ], [ -64.045896298609392, 52.56012862755265 ], [ -64.04576362356795, 52.560281419453389 ], [ -64.045491318020225, 52.560507570109401 ], [ -64.042584821758567, 52.562461296157096 ], [ -64.040830507702665, 52.56251978309524 ], [ -64.040612423806621, 52.562547218955814 ], [ -64.040554992741704, 52.56256474182279 ], [ -64.040423825150114, 52.562589371873855 ], [ -64.040358682691846, 52.562635288467654 ], [ -64.039816639242929, 52.562928793130766 ], [ -64.039824752095214, 52.562977739435127 ], [ -64.039604030427085, 52.563251396123924 ], [ -64.039347534619409, 52.563410597189787 ], [ -64.038879574691563, 52.563774378556154 ], [ -64.038838078832697, 52.563812428154776 ], [ -64.038695657247061, 52.56395693610677 ], [ -64.038245513591491, 52.56420293985073 ], [ -64.03817142040235, 52.564307691092736 ], [ -64.038057331800104, 52.56440988131903 ], [ -64.037687146603119, 52.564748585988802 ], [ -64.037587840038199, 52.564901825865213 ], [ -64.037480308921388, 52.565006144000293 ], [ -64.037308828848538, 52.565213341853131 ], [ -64.03714319476164, 52.565442984185935 ], [ -64.037001590597711, 52.56574218299258 ], [ -64.036927434387962, 52.565846946349289 ], [ -64.036958149926079, 52.566006082477237 ], [ -64.036544468116261, 52.56634619762859 ], [ -64.036731987510805, 52.566597153165006 ], [ -64.036701779569825, 52.566865284988552 ], [ -64.036569815275371, 52.566997739308412 ], [ -64.036487153239776, 52.567326283668109 ], [ -64.03624072857076, 52.56748359692434 ], [ -64.035089048198486, 52.569577588533647 ], [ -64.034965595359964, 52.569661329849971 ], [ -64.034433073649438, 52.56978812430318 ], [ -64.034199399570994, 52.569959837515036 ], [ -64.034091559037307, 52.570161822934651 ], [ -64.033767471483571, 52.570252890621084 ], [ -64.033670409110016, 52.570345072961025 ], [ -64.033602505612834, 52.570374678775543 ], [ -64.03349658742124, 52.570438334852163 ], [ -64.033299781800466, 52.570606495136339 ], [ -64.033078907817853, 52.570705085622841 ], [ -64.032982617169566, 52.57077699649264 ], [ -64.03285604703683, 52.570854539904296 ], [ -64.032686058559321, 52.570933539988808 ], [ -64.032594456102899, 52.570970941030417 ], [ -64.032425256969688, 52.571029588100323 ], [ -64.032297528790963, 52.571050176108891 ], [ -64.031851935934185, 52.570999122745413 ], [ -64.031593832718016, 52.571023929904278 ], [ -64.030886586938536, 52.571001689304538 ], [ -64.030750349033752, 52.570983486301699 ], [ -64.027502609152521, 52.57014270549729 ], [ -64.020633405956261, 52.574463100910606 ], [ -64.015737518859325, 52.577143136144691 ], [ -64.010514684749495, 52.577941780922863 ], [ -64.009550268658643, 52.578001188036374 ], [ -64.009321960539154, 52.578030439231306 ], [ -64.001484341443572, 52.579727841824024 ], [ -63.994724604141048, 52.583806894929815 ], [ -63.991922185113197, 52.584728932098841 ], [ -63.991469196272206, 52.584948280135315 ], [ -63.990807451405047, 52.585378285131519 ], [ -63.990494821367683, 52.585426650951753 ], [ -63.99031605813618, 52.585554284895274 ], [ -63.990134059204443, 52.585850787315032 ], [ -63.990014353080049, 52.585920288886427 ], [ -63.989221002828963, 52.585957578856906 ], [ -63.988702101277241, 52.586068043335793 ], [ -63.988267999814397, 52.586061688057555 ], [ -63.987263378718943, 52.586571466610728 ], [ -63.984403231047487, 52.585839291295343 ], [ -63.982882397877276, 52.585449946411899 ], [ -63.982315138001375, 52.585431439336233 ], [ -63.981520726591249, 52.58541168953743 ], [ -63.980911418543023, 52.585441433852132 ], [ -63.979926074612891, 52.585602042625197 ], [ -63.979512857901796, 52.585659038146346 ], [ -63.979065008780161, 52.585746138375505 ], [ -63.978840989695016, 52.586003340086641 ], [ -63.978508783198251, 52.586122632998702 ], [ -63.978414308546107, 52.586231147070713 ], [ -63.978094914673378, 52.586364837431709 ], [ -63.97750507256896, 52.586663481307603 ], [ -63.977301761837147, 52.586819241238445 ], [ -63.977182467951607, 52.586878545482996 ], [ -63.976859478181602, 52.58710377910969 ], [ -63.975929129005941, 52.587307897765776 ], [ -63.975589850532586, 52.587522735906049 ], [ -63.97500476002913, 52.588126495226597 ], [ -63.974920952400694, 52.588212990676908 ], [ -63.974064822088785, 52.58915689480785 ], [ -63.973721714746887, 52.589550793425509 ], [ -63.973518104611529, 52.589629200993137 ], [ -63.973377546120304, 52.589887651207043 ], [ -63.973352910402376, 52.590255649404654 ], [ -63.973198728349402, 52.590772341322698 ], [ -63.972670245172267, 52.591291699679282 ], [ -63.972455446119497, 52.591819739234204 ], [ -63.971898292143202, 52.591964199310169 ], [ -63.971832998563912, 52.592010042419666 ], [ -63.971569952491997, 52.59206923505964 ], [ -63.971418073971314, 52.592107690190026 ], [ -63.967558177920743, 52.594961844490612 ], [ -63.965435508019397, 52.595139401188383 ], [ -63.96513410009797, 52.595155293103687 ], [ -63.964690841258452, 52.595207790615333 ], [ -63.964459069871396, 52.595153492129903 ], [ -63.964177961958555, 52.595078090727057 ], [ -63.963865124001231, 52.594961489104577 ], [ -63.963744052777358, 52.594896573802053 ], [ -63.963149731527565, 52.594714795454166 ], [ -63.962184617631301, 52.594696431492579 ], [ -63.962085501456393, 52.59475199337647 ], [ -63.961721155414345, 52.59475267736606 ], [ -63.961643399243272, 52.594753893055469 ], [ -63.961386711325609, 52.594757883727546 ], [ -63.961264271614489, 52.594811031000617 ], [ -63.961015285454515, 52.595019045399589 ], [ -63.960707659610449, 52.595275004308064 ], [ -63.960660043561518, 52.595378047875982 ], [ -63.960645074495027, 52.595407082615303 ], [ -63.960562236136987, 52.5955678920647 ], [ -63.960353320357896, 52.595778483768839 ], [ -63.960371561312705, 52.595990431968197 ], [ -63.960050809690038, 52.596154594943499 ], [ -63.959927776674846, 52.59630544219209 ], [ -63.959727827710154, 52.59645714191771 ], [ -63.959732401945132, 52.59651014049232 ], [ -63.959631363513438, 52.596781339105164 ], [ -63.959220508063545, 52.596942156011295 ], [ -63.959039929672336, 52.597110447785568 ], [ -63.958495184036352, 52.597191881019114 ], [ -63.958356659874049, 52.597147099370375 ], [ -63.958143704340493, 52.597206976204177 ], [ -63.957625120102989, 52.597219635294756 ], [ -63.95728636088139, 52.597249246959926 ], [ -63.95709848377345, 52.59718338135206 ], [ -63.956873462707584, 52.597043691869096 ], [ -63.956677766842795, 52.597006146833714 ], [ -63.95659630356554, 52.59695409099551 ], [ -63.956307506321295, 52.596654650101314 ], [ -63.95625135470393, 52.596554027727116 ], [ -63.956170002469726, 52.596249598158735 ], [ -63.956150426785918, 52.596170054220941 ], [ -63.956069411473223, 52.595841080495923 ], [ -63.955932191453577, 52.595678289687896 ], [ -63.955753706963037, 52.595378493615925 ], [ -63.955720880802907, 52.595280286423566 ], [ -63.955570482344555, 52.595113182390193 ], [ -63.955177837165152, 52.594903780453308 ], [ -63.955064834109614, 52.594887881606979 ], [ -63.954791642736915, 52.594784098002052 ], [ -63.954507360776041, 52.594790035757143 ], [ -63.95427063881823, 52.594836877568483 ], [ -63.954003917502796, 52.595008485056347 ], [ -63.953912161689921, 52.59504578503936 ], [ -63.953552607560987, 52.595176786708876 ], [ -63.953220103347306, 52.595383496857131 ], [ -63.952962631455748, 52.595552636120942 ], [ -63.952236367574415, 52.595745332019476 ], [ -63.95160874948813, 52.595892700970985 ], [ -63.951557381236881, 52.595922446386929 ], [ -63.951506905477906, 52.595931883960297 ], [ -63.951361980178866, 52.595962284880855 ], [ -63.950490627935352, 52.596139979901523 ], [ -63.950412950770314, 52.596254997227554 ], [ -63.950179875497341, 52.596599979925756 ], [ -63.950069650184751, 52.596765229384282 ], [ -63.949884492548271, 52.596880540762854 ], [ -63.94952805660477, 52.597182536310946 ], [ -63.949247695365528, 52.597503981525243 ], [ -63.949150436015614, 52.597760993809459 ], [ -63.948677340791576, 52.598138606904996 ], [ -63.948248989921893, 52.598484294466232 ], [ -63.947937516772484, 52.598831686987594 ], [ -63.947791749863882, 52.599047293155337 ], [ -63.947589952856866, 52.59932718463611 ], [ -63.947289199185299, 52.599739938587888 ], [ -63.947238077785208, 52.599847041871506 ], [ -63.94713280041389, 52.600219952233871 ], [ -63.947164602616006, 52.60059083550108 ], [ -63.947176799650627, 52.600867856439599 ], [ -63.947207798315567, 52.601094189636441 ], [ -63.94687624316083, 52.601357901868617 ], [ -63.947016530732185, 52.601856586756128 ], [ -63.947001773483564, 52.601893036758327 ], [ -63.947132147352633, 52.602141229138724 ], [ -63.947173580837614, 52.602190697035596 ], [ -63.947640128983743, 52.602557901995368 ], [ -63.948068611685279, 52.60312399695281 ], [ -63.948119743987853, 52.603181750571011 ], [ -63.948297749677273, 52.603326891130848 ], [ -63.948353289867512, 52.603525141385006 ], [ -63.948819897638828, 52.604057235802756 ], [ -63.948956433354596, 52.604152897027518 ], [ -63.949115360971817, 52.60452363734661 ], [ -63.949130396824437, 52.604564582060213 ], [ -63.949354228099452, 52.604734792387482 ], [ -63.949518635795279, 52.604885835379903 ], [ -63.949523604125972, 52.604928641416912 ], [ -63.949580507720363, 52.60500889377375 ], [ -63.949730251456323, 52.605108844625711 ], [ -63.950051677045948, 52.60542914943759 ], [ -63.950221095893774, 52.605622950655381 ], [ -63.950239268129152, 52.605670047051596 ], [ -63.950265707998469, 52.605843405581659 ], [ -63.950225603181153, 52.60641778110422 ], [ -63.950194542285487, 52.606862714855836 ], [ -63.949834738990454, 52.606832234159263 ], [ -63.949417691450684, 52.606893180185132 ], [ -63.949265696500092, 52.606931651808445 ], [ -63.948713192558657, 52.606953882491695 ], [ -63.948390011869584, 52.606926683383378 ], [ -63.947799498867703, 52.606895481697286 ], [ -63.947531987563842, 52.60681414030006 ], [ -63.946961275245748, 52.606624451723214 ], [ -63.94544152435536, 52.606562339363222 ], [ -63.938305818950802, 52.606128335406595 ], [ -63.937773355839866, 52.60606943619517 ], [ -63.937611457727883, 52.60602219564835 ], [ -63.937254858610061, 52.605829579494909 ], [ -63.936595074917079, 52.605858292594363 ], [ -63.936301193606532, 52.605768396745837 ], [ -63.936083188537175, 52.605620576237214 ], [ -63.935865458715234, 52.605550185464956 ], [ -63.935682928875316, 52.605352045346379 ], [ -63.935569315057343, 52.605268887649146 ], [ -63.935493853008339, 52.605076719869992 ], [ -63.935490531508187, 52.605068244502618 ], [ -63.935299392245078, 52.604753953608203 ], [ -63.935096695372906, 52.604559579911459 ], [ -63.935009879753288, 52.604474835522765 ], [ -63.934933582722458, 52.604378048010211 ], [ -63.934720353279737, 52.604195740390658 ], [ -63.934541120475785, 52.604081089725568 ], [ -63.934404822501008, 52.603897889473778 ], [ -63.934172642344329, 52.603688846921251 ], [ -63.933451298558758, 52.603506987406824 ], [ -63.933278297867552, 52.603404628099582 ], [ -63.933094350069332, 52.603324529076509 ], [ -63.932959692581065, 52.603265478252823 ], [ -63.932757390398208, 52.603060953761833 ], [ -63.932193032636306, 52.602718634192129 ], [ -63.931944412981828, 52.602421839062117 ], [ -63.931556694648776, 52.602255186484534 ], [ -63.931296756309749, 52.601990739437404 ], [ -63.931012818768082, 52.601821597516462 ], [ -63.930826632513934, 52.601714941963543 ], [ -63.930745834356244, 52.601565128016802 ], [ -63.930637605943339, 52.601514694506797 ], [ -63.930551843868976, 52.601322097532716 ], [ -63.930292840458932, 52.601279490404167 ], [ -63.930057603299595, 52.601064240992812 ], [ -63.929811601363625, 52.600948600116837 ], [ -63.928939338465824, 52.600697234713984 ], [ -63.928013884274975, 52.600603879529515 ], [ -63.927674106051789, 52.600576387674728 ], [ -63.927269126373766, 52.600507146105549 ], [ -63.922022852842865, 52.598426197068868 ], [ -63.918577606599079, 52.60108954267389 ], [ -63.918301337659535, 52.60138653697377 ], [ -63.918047555192544, 52.601706284349092 ], [ -63.917853717331468, 52.601947585535115 ], [ -63.917617686720746, 52.60215974800159 ], [ -63.917568340231284, 52.602303479626798 ], [ -63.917383827530969, 52.60256325073351 ], [ -63.917352070593438, 52.602929078275594 ], [ -63.916984820014896, 52.603242985728592 ], [ -63.916895878740092, 52.603373950285821 ], [ -63.91686052160675, 52.603501635422141 ], [ -63.916680585969807, 52.603641001800597 ], [ -63.916677546631355, 52.603643349396769 ], [ -63.916445250412764, 52.603763995744792 ], [ -63.916251748791467, 52.603917750274839 ], [ -63.915966829543976, 52.604098601544244 ], [ -63.915570335819282, 52.604310346619236 ], [ -63.914299428990553, 52.605784887689786 ], [ -63.914167232940727, 52.606071878434527 ], [ -63.913996522686979, 52.606238191725303 ], [ -63.91364639539453, 52.606542184369985 ], [ -63.913294388100027, 52.606809556952271 ], [ -63.912999725584008, 52.606982135887783 ], [ -63.912918883065871, 52.606997177055895 ], [ -63.912258706687993, 52.607278186932788 ], [ -63.912013885087497, 52.607539036129431 ], [ -63.91184463574718, 52.607752194672941 ], [ -63.911362479496489, 52.608197149578835 ], [ -63.910820993468754, 52.607728094099137 ], [ -63.910721202028903, 52.607779395888237 ], [ -63.909858702612752, 52.607778399825065 ], [ -63.907814612383731, 52.60788950649313 ], [ -63.907013911140282, 52.608011616728525 ], [ -63.906174582381105, 52.60825519434124 ], [ -63.905783807056579, 52.608489312464613 ], [ -63.904842113724655, 52.608947095414926 ], [ -63.904041483763876, 52.609708205275773 ], [ -63.90343470338783, 52.610150690752782 ], [ -63.902336118278654, 52.611485297492116 ], [ -63.901001686449263, 52.61382579546207 ], [ -63.90049229644719, 52.614176198655777 ], [ -63.899631188581118, 52.614618888113164 ], [ -63.899421998487824, 52.614664494526487 ], [ -63.89923471525556, 52.614665690265959 ], [ -63.899169503957445, 52.614624004067942 ], [ -63.899589513282379, 52.613852890894847 ], [ -63.899372824809866, 52.613597193982905 ], [ -63.89897659191152, 52.613314305999474 ], [ -63.898308010757781, 52.613149293572725 ], [ -63.897661594680578, 52.613094488858934 ], [ -63.89731871841952, 52.613138095515829 ], [ -63.896751885466195, 52.613418394121837 ], [ -63.896013298818424, 52.613972804283058 ], [ -63.895713612924354, 52.614102504789116 ], [ -63.89553549732625, 52.614364394758944 ], [ -63.895063916931285, 52.614768197831765 ], [ -63.894694622937337, 52.614803201314736 ], [ -63.894432377244357, 52.615316203388559 ], [ -63.894197921564029, 52.615487600370024 ], [ -63.893715302298318, 52.615671511349696 ], [ -63.893433315591778, 52.615858402735149 ], [ -63.892960794062795, 52.616282599268075 ], [ -63.892679689071336, 52.616449285607153 ], [ -63.892391188103815, 52.616469209538486 ], [ -63.892402501069675, 52.616359498367345 ], [ -63.892692202086202, 52.615989400014385 ], [ -63.893036587060948, 52.61575050053662 ], [ -63.893383685991829, 52.615605301628321 ], [ -63.893572483575845, 52.615408703743114 ], [ -63.893671385487167, 52.61512119426061 ], [ -63.893602397806745, 52.614851487704158 ], [ -63.89350899750935, 52.614687193077906 ], [ -63.893312724882072, 52.614582393298967 ], [ -63.892834204117747, 52.614509907027852 ], [ -63.892619908868326, 52.614677506572853 ], [ -63.892451115098197, 52.614715592377046 ], [ -63.891248914837057, 52.614676699201702 ], [ -63.890737011785781, 52.614603605914539 ], [ -63.89058930424401, 52.614617587226171 ], [ -63.890269391379341, 52.614750996232203 ], [ -63.889782116804568, 52.614727191253962 ], [ -63.889658118589608, 52.614656100545915 ], [ -63.889843587695275, 52.614056508910338 ], [ -63.889869577754041, 52.613755697615765 ], [ -63.890060116365227, 52.613518399168555 ], [ -63.889997312872367, 52.61326100015831 ], [ -63.88986430099574, 52.613083914174304 ], [ -63.889816392063587, 52.612790094454688 ], [ -63.889856588673126, 52.612751899577283 ], [ -63.890422276715007, 52.612213301071911 ], [ -63.890367394924525, 52.611927398922298 ], [ -63.890178998699142, 52.611794300109857 ], [ -63.890203492262067, 52.611688795902012 ], [ -63.890540023505146, 52.611478294257914 ], [ -63.890920487028843, 52.611333505039376 ], [ -63.89113267858567, 52.610897201023498 ], [ -63.891717697668909, 52.610499194196457 ], [ -63.890713581868006, 52.610524296516722 ], [ -63.890167111617821, 52.610800796072915 ], [ -63.889802109176259, 52.610734106872172 ], [ -63.889705192764183, 52.610651203871178 ], [ -63.889542811160034, 52.61021721455986 ], [ -63.889218306975998, 52.610142900438788 ], [ -63.888938793196708, 52.610268903569377 ], [ -63.888940688224416, 52.610382887024301 ], [ -63.889626490617729, 52.610934900614325 ], [ -63.890529520207402, 52.61092860361282 ], [ -63.890613974743779, 52.610986902614364 ], [ -63.890593998160462, 52.611145305342674 ], [ -63.890319092158926, 52.611324209809027 ], [ -63.889539492872458, 52.611576684983461 ], [ -63.889313586390777, 52.611699400626904 ], [ -63.889288317132326, 52.611825198998957 ], [ -63.889533081485666, 52.612048896556679 ], [ -63.88954651693291, 52.612207792328377 ], [ -63.889330084335732, 52.612314402543348 ], [ -63.88912999786637, 52.61241299489788 ], [ -63.888702805710153, 52.612552988247735 ], [ -63.888571895207541, 52.612644588214764 ], [ -63.88844228431315, 52.61302519351846 ], [ -63.887663489974479, 52.61325738362487 ], [ -63.88688719411811, 52.613428507620576 ], [ -63.886520004810237, 52.613732204787041 ], [ -63.885604497710531, 52.614352994685504 ], [ -63.885182795305553, 52.614680212720792 ], [ -63.884965108962966, 52.614929304051842 ], [ -63.884511408585752, 52.615699703154725 ], [ -63.884317200658899, 52.615863599505701 ], [ -63.883922380272189, 52.615869706161845 ], [ -63.883076995238405, 52.615616290855826 ], [ -63.882068897785139, 52.61541339943507 ], [ -63.881000385257337, 52.615376403415318 ], [ -63.880494794312909, 52.615470296976476 ], [ -63.87993750153035, 52.615681387021219 ], [ -63.879231086205699, 52.616256591534544 ], [ -63.878118100773428, 52.617432009314435 ], [ -63.877754588716684, 52.617963697077315 ], [ -63.877551503047428, 52.618815392925704 ], [ -63.877196606921807, 52.619143598270632 ], [ -63.876216203674623, 52.619392906477643 ], [ -63.876185514338644, 52.619486100021177 ], [ -63.876247287542874, 52.619763902130444 ], [ -63.876514980566959, 52.620077406982325 ], [ -63.876496711069187, 52.620195195357276 ], [ -63.876376211444821, 52.620197391062199 ], [ -63.876124617173645, 52.620136501103119 ], [ -63.874507825708186, 52.619932094148169 ], [ -63.87431350541052, 52.619941207986983 ], [ -63.873775409315748, 52.62016889025265 ], [ -63.873232808297402, 52.620188914156749 ], [ -63.873215988984391, 52.620111300842254 ], [ -63.873347799704014, 52.619999410975133 ], [ -63.873339621397342, 52.619718396784386 ], [ -63.873241917719348, 52.61965579460329 ], [ -63.872963990326255, 52.619586284281112 ], [ -63.872009793711115, 52.619689412906567 ], [ -63.87121051977212, 52.619925194089213 ], [ -63.870907107431272, 52.619981488993481 ], [ -63.869897499109662, 52.619973796905818 ], [ -63.86903810651549, 52.619891095492171 ], [ -63.868905408581703, 52.620023392189836 ], [ -63.868911697776426, 52.620190385309314 ], [ -63.86900769800976, 52.62029368758585 ], [ -63.869613698938807, 52.620356088299694 ], [ -63.869858383078785, 52.620579802822846 ], [ -63.870862095636284, 52.6207298089316 ], [ -63.871211186142396, 52.620698703359068 ], [ -63.871648915291146, 52.620314692153137 ], [ -63.872116712433005, 52.620167393886881 ], [ -63.872253800280127, 52.620088111453128 ], [ -63.872340894416794, 52.620085398711204 ], [ -63.872332382048505, 52.620443506361141 ], [ -63.872155789555926, 52.620664583541796 ], [ -63.871671589862622, 52.621043784549144 ], [ -63.8709242931467, 52.62147170012782 ], [ -63.869607192415295, 52.621931402370244 ], [ -63.868916689228143, 52.621965404113517 ], [ -63.868857801477269, 52.621935994556267 ], [ -63.868760779792396, 52.621698304129644 ], [ -63.868284891159369, 52.621564710343677 ], [ -63.867624089624016, 52.621216392436565 ], [ -63.867113787705748, 52.621102498469547 ], [ -63.866285300388967, 52.621081404610408 ], [ -63.865017987516978, 52.621309810146101 ], [ -63.864737499312248, 52.621301304321243 ], [ -63.864484913259282, 52.621105998814308 ], [ -63.864581621387877, 52.621034198613579 ], [ -63.864996604436158, 52.620869797220742 ], [ -63.865216414726341, 52.620734798354654 ], [ -63.865209202970796, 52.620588113255074 ], [ -63.865111510246898, 52.620525503317047 ], [ -63.864640916018985, 52.620424499845967 ], [ -63.864091200414364, 52.620452497880137 ], [ -63.863144180923321, 52.620702207459594 ], [ -63.86314870275077, 52.620909886098453 ], [ -63.862953593223189, 52.621094098027861 ], [ -63.862938786984351, 52.621285199424598 ], [ -63.862897391219853, 52.621312992179625 ], [ -63.862492802160816, 52.621233404781265 ], [ -63.861927083111425, 52.621008691590021 ], [ -63.861642079883069, 52.620947206894094 ], [ -63.861007881953853, 52.62091679546365 ], [ -63.860962181916641, 52.620891706826974 ], [ -63.86098931224236, 52.620725203723666 ], [ -63.860389522006635, 52.620674993069912 ], [ -63.859733404863142, 52.620843812252751 ], [ -63.859533011783554, 52.620995294735955 ], [ -63.859361814400941, 52.621558498894061 ], [ -63.859162286908756, 52.621844393472216 ], [ -63.858924904801412, 52.621922011716535 ], [ -63.858202808542913, 52.621914695727277 ], [ -63.857559012236067, 52.62210811116514 ], [ -63.856828223694819, 52.62214939627664 ], [ -63.855937497117431, 52.622798912511918 ], [ -63.855727501188291, 52.623174213389532 ], [ -63.855719614669027, 52.623357307654764 ], [ -63.855904605312212, 52.623881293859604 ], [ -63.856401882504379, 52.624454996814684 ], [ -63.856400298585648, 52.624650389082717 ], [ -63.856196191401395, 52.624728611641693 ], [ -63.856083592170855, 52.624702386361292 ], [ -63.856090590809515, 52.624539587576763 ], [ -63.855766701581992, 52.624290291955226 ], [ -63.855506385508548, 52.624278009435393 ], [ -63.85419078394024, 52.625006196341126 ], [ -63.853224205190344, 52.625239194317047 ], [ -63.851981287755791, 52.625362002943163 ], [ -63.851616412034765, 52.625604593936053 ], [ -63.850756199130821, 52.625851500716664 ], [ -63.850401712290839, 52.62584990854505 ], [ -63.850184296604191, 52.625614398465132 ], [ -63.849713597097001, 52.625358606364941 ], [ -63.847977989656648, 52.625115300278622 ], [ -63.847787191058671, 52.625197703477646 ], [ -63.847557703162103, 52.625556387859433 ], [ -63.847379213316231, 52.625663506388229 ], [ -63.846633107381905, 52.625277094509855 ], [ -63.845692694295764, 52.625054505259598 ], [ -63.844572012248349, 52.624824997598914 ], [ -63.843176008824706, 52.624619500067354 ], [ -63.841908419830048, 52.624074096661367 ], [ -63.841255694449359, 52.62385199176957 ], [ -63.84088801539886, 52.6238462028086 ], [ -63.840109588275261, 52.624057598739824 ], [ -63.83895820541882, 52.624230608648396 ], [ -63.838309007941724, 52.624236497556488 ], [ -63.83741007734843, 52.624140701348992 ], [ -63.837148803165597, 52.623993996839801 ], [ -63.836563011462815, 52.623927693710826 ], [ -63.835799481463454, 52.62348390465111 ], [ -63.835294602357045, 52.623402496075038 ], [ -63.833736010364007, 52.623556710509249 ], [ -63.833644482724495, 52.623506406504376 ], [ -63.833665592523801, 52.623327596899678 ], [ -63.834083397734567, 52.62325690472646 ], [ -63.834240903913724, 52.623173991697513 ], [ -63.833918896091376, 52.623038501677726 ], [ -63.8337378057644, 52.623051891057329 ], [ -63.832899498229118, 52.623408901253939 ], [ -63.832711190972077, 52.623584994170749 ], [ -63.832428023937346, 52.623637498439457 ], [ -63.830070706526186, 52.623542604279166 ], [ -63.829330000307543, 52.623652907434781 ], [ -63.827778314061511, 52.624263011240878 ], [ -63.827572502893837, 52.624381814111963 ], [ -63.827415806420667, 52.624753814863169 ], [ -63.827231909956886, 52.624828198565694 ], [ -63.827107878408313, 52.624756998321757 ], [ -63.82705701233764, 52.624389799684749 ], [ -63.826876687647996, 52.624228093934356 ], [ -63.82695069745354, 52.623911812627071 ], [ -63.827397598863151, 52.623634001446185 ], [ -63.827372097997895, 52.623450397861809 ], [ -63.826755515417602, 52.623477103869192 ], [ -63.826284915154012, 52.623530600214586 ], [ -63.826248787384117, 52.623591091156349 ], [ -63.826468688502743, 52.623765599932533 ], [ -63.826449215237957, 52.624367801523491 ], [ -63.826042706253283, 52.624638093513937 ], [ -63.825960014735337, 52.624848390823693 ], [ -63.825856187702826, 52.624928197291077 ], [ -63.82469069116015, 52.62496230800685 ], [ -63.823889295720186, 52.625083706765615 ], [ -63.823036902292849, 52.6251473045712 ], [ -63.822348096170415, 52.625294987106479 ], [ -63.820220795378297, 52.626213300913015 ], [ -63.819779887412302, 52.626503292920823 ], [ -63.818938796982707, 52.62692120882425 ], [ -63.817915491397351, 52.627527603954029 ], [ -63.817206403634408, 52.6276789054508 ], [ -63.816485712322581, 52.628094711423316 ], [ -63.81541140368175, 52.628488505971625 ], [ -63.81521079626053, 52.628485197840767 ], [ -63.815209117495669, 52.628371207193176 ], [ -63.815335009576664, 52.628247108880451 ], [ -63.816257902172879, 52.627948492688965 ], [ -63.816409273654259, 52.627853304292522 ], [ -63.816489490592744, 52.627549306011375 ], [ -63.816742898488727, 52.627414911587842 ], [ -63.817698405107436, 52.627137303142902 ], [ -63.817782021617624, 52.627061295837692 ], [ -63.817812907049564, 52.626813513107585 ], [ -63.817496317323723, 52.626555893313622 ], [ -63.817173496479377, 52.626440808338629 ], [ -63.816544689830707, 52.626133386818275 ], [ -63.81642328366609, 52.626155902137278 ], [ -63.816359917657181, 52.626228093369292 ], [ -63.816981682326023, 52.626543498632593 ], [ -63.817225321352474, 52.626632996101165 ], [ -63.817268401701028, 52.626719199956966 ], [ -63.817092411695782, 52.626919903075766 ], [ -63.816943705393378, 52.626954100306371 ], [ -63.816320001468199, 52.626988809210253 ], [ -63.816021701767895, 52.62707759003186 ], [ -63.815338005955525, 52.627567207860459 ], [ -63.814912019259054, 52.627975593483285 ], [ -63.814345278900483, 52.628235102575943 ], [ -63.813966098647981, 52.62833888929184 ], [ -63.813745312514023, 52.62833929864999 ], [ -63.813680190716362, 52.628297592111004 ], [ -63.8133468081028, 52.628271810916722 ], [ -63.81264200853213, 52.628476103904759 ], [ -63.812354400159983, 52.628475486645286 ], [ -63.811905803351664, 52.628329803977657 ], [ -63.811725492771785, 52.628322802552219 ], [ -63.811328698017846, 52.628369308893525 ], [ -63.810961793515212, 52.628497688940541 ], [ -63.80991049957349, 52.628517295041881 ], [ -63.809594703417652, 52.628548796532414 ], [ -63.807715197077037, 52.629145085032555 ], [ -63.807679112321438, 52.629205592731019 ], [ -63.8077300876935, 52.629263395746854 ], [ -63.808723125514092, 52.629503493875667 ], [ -63.808678217804946, 52.629612703595896 ], [ -63.80747551277647, 52.629727497569611 ], [ -63.806778006907457, 52.629459615497254 ], [ -63.806191308354293, 52.629413390166384 ], [ -63.804718487892387, 52.629584790652466 ], [ -63.803113809421795, 52.629713309939604 ], [ -63.802373907402703, 52.629648313361081 ], [ -63.801219003461128, 52.629438113261465 ], [ -63.800671895406531, 52.629404785194311 ], [ -63.799402482924179, 52.629363593411824 ], [ -63.798750488661526, 52.629430310205372 ], [ -63.798262285106446, 52.629426406794181 ], [ -63.798265887151516, 52.62934500270481 ], [ -63.798457905611684, 52.629087600836947 ], [ -63.798469393012674, 52.628977897275924 ], [ -63.798101909465181, 52.628817211440001 ], [ -63.797706279731798, 52.628533903908227 ], [ -63.797423094545323, 52.628431488941331 ], [ -63.797270107202522, 52.628412704771669 ], [ -63.796700684125412, 52.628578505099192 ], [ -63.796036495715875, 52.628620504859143 ], [ -63.795453086401423, 52.628802294180211 ], [ -63.795117019361875, 52.628837504600902 ], [ -63.794857492676819, 52.628804683495055 ], [ -63.794392509061453, 52.628426598700798 ], [ -63.793880591546134, 52.628353109754464 ], [ -63.793590413512256, 52.628258792840043 ], [ -63.793282509633066, 52.628261806153034 ], [ -63.793037894859978, 52.628347396884081 ], [ -63.792675386135429, 52.628373990936787 ], [ -63.79198329373466, 52.628138702340898 ], [ -63.790957713344248, 52.628032312407967 ], [ -63.789459085806023, 52.627730804134174 ], [ -63.788998093585874, 52.627715091957512 ], [ -63.788315292902908, 52.627874795900944 ], [ -63.787859214131288, 52.628201201083122 ], [ -63.787911813824302, 52.628372992234226 ], [ -63.786797799837146, 52.628598896483609 ], [ -63.784949313776835, 52.628792394152846 ], [ -63.784725720624209, 52.62885379302891 ], [ -63.783970305981832, 52.629289203855336 ], [ -63.783574388349443, 52.629315192849319 ], [ -63.783316811073639, 52.629241691908888 ], [ -63.783029290415676, 52.629086389931139 ], [ -63.782702102912033, 52.629072814079464 ], [ -63.782611288411623, 52.629156809943858 ], [ -63.78287770623367, 52.629336297647093 ], [ -63.782925010424144, 52.629475516344563 ], [ -63.78288971179105, 52.62951560470416 ], [ -63.78214788644825, 52.629645800708765 ], [ -63.781971004785703, 52.629712089630097 ], [ -63.78121881232763, 52.629777009101005 ], [ -63.78089918943617, 52.629889783174796 ], [ -63.780664088243952, 52.630061002847619 ], [ -63.779957312165877, 52.630305806747195 ], [ -63.779353816801724, 52.630336498732518 ], [ -63.778888692140832, 52.630711486016786 ], [ -63.778702679433991, 52.630981203595475 ], [ -63.778451794078101, 52.631054388162973 ], [ -63.776686211610368, 52.631037301890466 ], [ -63.775752393500184, 52.631270186695069 ], [ -63.774741506325654, 52.631281906912186 ], [ -63.77470868643281, 52.631415689045973 ], [ -63.775203588029626, 52.631721097357548 ], [ -63.77526749755539, 52.631938010213396 ], [ -63.775206517168499, 52.632103897688026 ], [ -63.774960214567642, 52.632075292595367 ], [ -63.774599696487321, 52.631906498426659 ], [ -63.774268796718381, 52.631974288819237 ], [ -63.773492002088879, 52.631989900908764 ], [ -63.772179413765436, 52.632460706177334 ], [ -63.771459600744208, 52.632546510848719 ], [ -63.771128010987475, 52.6324798989464 ], [ -63.770848606637728, 52.632296087350966 ], [ -63.769294807922947, 52.632327199381947 ], [ -63.769069925505931, 52.632119895608973 ], [ -63.769109798041633, 52.631978100910978 ], [ -63.769351105193138, 52.631819315457136 ], [ -63.769328423267588, 52.631729295993502 ], [ -63.769170111799184, 52.631677790250436 ], [ -63.768681789492526, 52.631673808061599 ], [ -63.767863790840849, 52.631562504646297 ], [ -63.767469719380038, 52.631547701343166 ], [ -63.767118510593839, 52.631619205166565 ], [ -63.767001389093181, 52.631694593931705 ], [ -63.766969495793212, 52.631808112548164 ], [ -63.767029705410756, 52.632106294367574 ], [ -63.768367879155967, 52.632108200043284 ], [ -63.76849270178969, 52.632159187955061 ], [ -63.768504089658634, 52.632204197194397 ], [ -63.768316395506744, 52.632359800911502 ], [ -63.768078693852694, 52.632437309097448 ], [ -63.767623280857677, 52.632743206953876 ], [ -63.76653672028295, 52.632802399967922 ], [ -63.766239798455089, 52.633005091176393 ], [ -63.765794485190796, 52.633087193267642 ], [ -63.765312901490617, 52.633229812014577 ], [ -63.764706906601781, 52.633166815394588 ], [ -63.763880281560745, 52.633393203364506 ], [ -63.762679802530847, 52.633601098707288 ], [ -63.762221894724568, 52.633813311391265 ], [ -63.761768615537463, 52.633923798860167 ], [ -63.761647991671815, 52.633925898251995 ], [ -63.761575209561023, 52.633805603969833 ], [ -63.761523519825147, 52.633720200569002 ], [ -63.761528097157587, 52.633618489714976 ], [ -63.761696188167463, 52.633601002078002 ], [ -63.761874719385183, 52.633648703993231 ], [ -63.762177406335972, 52.633613089947779 ], [ -63.762309010672006, 52.633366907191935 ], [ -63.762468483450412, 52.633243393171924 ], [ -63.763383118471765, 52.63299399466203 ], [ -63.763617423693219, 52.632843293804036 ], [ -63.763636996090938, 52.632705201675847 ], [ -63.763539380333533, 52.632642507076234 ], [ -63.763254484633769, 52.632580705084578 ], [ -63.762853297523101, 52.632573992033642 ], [ -63.762687405794473, 52.632839901555464 ], [ -63.762452492956207, 52.632856393138752 ], [ -63.762218781110285, 52.632697807062527 ], [ -63.762033215551114, 52.632658003220435 ], [ -63.760158907535143, 52.632822094319025 ], [ -63.758993097702863, 52.632855496708828 ], [ -63.758896778373881, 52.633061501526193 ], [ -63.758710017770007, 52.633196803622567 ], [ -63.758459082331477, 52.633269998794958 ], [ -63.757512177559263, 52.633343707384142 ], [ -63.757225816775282, 52.633167906861004 ], [ -63.756680412883306, 52.633093595764088 ], [ -63.756632590356361, 52.632820005675768 ], [ -63.756277807349207, 52.632529093559164 ], [ -63.755699900488878, 52.632433911639247 ], [ -63.755424793197591, 52.632303107427632 ], [ -63.755257683112234, 52.6323003002476 ], [ -63.755009204401084, 52.632467102395594 ], [ -63.754868718895878, 52.632761902310783 ], [ -63.754614101036303, 52.632916409926843 ], [ -63.754329819982537, 52.632988999794961 ], [ -63.753724292548256, 52.633060311331938 ], [ -63.752558815047905, 52.633382711150105 ], [ -63.751996581776119, 52.633385392880122 ], [ -63.75170639296492, 52.63329099423229 ], [ -63.751459491539663, 52.633127998949561 ], [ -63.751251707366727, 52.632843602208872 ], [ -63.750945608690202, 52.63280588816469 ], [ -63.750810011528138, 52.632844307669963 ], [ -63.750759706482953, 52.632920892550601 ], [ -63.750874707640158, 52.633040905706331 ], [ -63.75070249861583, 52.633294387507213 ], [ -63.75056789838559, 52.633312498566504 ], [ -63.750502185396407, 52.633580106105768 ], [ -63.750642077655861, 52.633594700016737 ], [ -63.7511146903351, 52.633500894242125 ], [ -63.751616206036623, 52.633509297739622 ], [ -63.752195021414323, 52.633584195570165 ], [ -63.752807810895554, 52.633793997545453 ], [ -63.753304312855938, 52.634058793746583 ], [ -63.753708890172838, 52.63413888702727 ], [ -63.754861474955987, 52.634101205877108 ], [ -63.755634195203456, 52.634032798267604 ], [ -63.756101290770083, 52.63406101103773 ], [ -63.756324607355637, 52.634154292297048 ], [ -63.756585892762715, 52.634146410016605 ], [ -63.757756101485732, 52.633722298356844 ], [ -63.758126596355403, 52.633667411873986 ], [ -63.758650195112381, 52.63363139863899 ], [ -63.759217012811426, 52.633526912273204 ], [ -63.759651624587086, 52.633534197138587 ], [ -63.759950607233293, 52.633579900520417 ], [ -63.760321482395391, 52.633814099278226 ], [ -63.760323897961904, 52.633907785499979 ], [ -63.76026141052467, 52.633959694111901 ], [ -63.759667587351672, 52.633921198353036 ], [ -63.758729312184627, 52.6341008966983 ], [ -63.757989478265522, 52.63403560739512 ], [ -63.756741116467019, 52.63441369759893 ], [ -63.756358319449291, 52.634443898981566 ], [ -63.755222514621572, 52.634404509445858 ], [ -63.753988504894416, 52.634611793333242 ], [ -63.75346070822436, 52.634594803543315 ], [ -63.752053393071257, 52.634343108109341 ], [ -63.751506180923414, 52.634309500012115 ], [ -63.751275602413756, 52.634378909226911 ], [ -63.751144882368742, 52.634604701292261 ], [ -63.751164816537901, 52.634755704611067 ], [ -63.751380700464409, 52.635011711348362 ], [ -63.751351187029584, 52.635218807929732 ], [ -63.751052697400581, 52.635307498141181 ], [ -63.750292326534812, 52.635400493844529 ], [ -63.75026681164514, 52.635371601965396 ], [ -63.750348503802336, 52.635047294013603 ], [ -63.75001120738505, 52.634813595217452 ], [ -63.749844117597632, 52.63436699629861 ], [ -63.749533699178677, 52.634276288213833 ], [ -63.749141415353485, 52.634220801759291 ], [ -63.748691505008495, 52.633960793868098 ], [ -63.747852920397762, 52.6332749922502 ], [ -63.747101489617442, 52.63287549843799 ], [ -63.746194995871257, 52.632652604597332 ], [ -63.745251325507944, 52.632510497815133 ], [ -63.743845685527347, 52.632372708627365 ], [ -63.743043689000665, 52.632204501929344 ], [ -63.742482207564024, 52.631897814362468 ], [ -63.742026702665733, 52.631470795884965 ], [ -63.741490317956739, 52.631347697323093 ], [ -63.741228989419277, 52.631355496061524 ], [ -63.740752615104903, 52.631530589882516 ], [ -63.73987690063278, 52.631658301552584 ], [ -63.739066697610205, 52.631962094927182 ], [ -63.737948482867203, 52.631979801622663 ], [ -63.737597778220902, 52.632185598861071 ], [ -63.7367282058676, 52.632325590327348 ], [ -63.736713512855495, 52.632207292030721 ], [ -63.737417713724874, 52.631734711740293 ], [ -63.73813089558606, 52.631502512749897 ], [ -63.73856440980569, 52.63124120466567 ], [ -63.738599208173063, 52.6310667154575 ], [ -63.738405979209617, 52.630900607285277 ], [ -63.737983192523011, 52.630783488477086 ], [ -63.737541499631355, 52.630784103248246 ], [ -63.736754405664414, 52.631023191699533 ], [ -63.736074993168508, 52.631101305641593 ], [ -63.735708815930671, 52.631208998294632 ], [ -63.735297689571539, 52.631271288215544 ], [ -63.735003893196485, 52.631258093971368 ], [ -63.734451105941282, 52.631057413057761 ], [ -63.733930310483153, 52.631032314375851 ], [ -63.732665284591334, 52.631332394135462 ], [ -63.732085801544962, 52.631566786518221 ], [ -63.731788786047282, 52.631769401388389 ], [ -63.730960604227334, 52.631881488089682 ], [ -63.730411092790206, 52.632043212187362 ], [ -63.729412084437008, 52.632522900513223 ], [ -63.729006296071312, 52.632617696193755 ], [ -63.728517984429899, 52.632613502884254 ], [ -63.727782991413477, 52.632446289816187 ], [ -63.726581714787642, 52.6319412961833 ], [ -63.726263414929043, 52.631878895600678 ], [ -63.726094401283618, 52.631916690935675 ], [ -63.725741687653247, 52.63216308638281 ], [ -63.725333113860266, 52.63231900903159 ], [ -63.725057596512208, 52.632342790850053 ], [ -63.724973286129199, 52.632284308886561 ], [ -63.724874892429028, 52.631952906921555 ], [ -63.724510413036683, 52.631730890388013 ], [ -63.723465996178838, 52.631452488977736 ], [ -63.722491304222707, 52.631114190780892 ], [ -63.721909795782224, 52.631100211917143 ], [ -63.720760502975814, 52.63121079305796 ], [ -63.719506717536277, 52.631266693760253 ], [ -63.71848029541782, 52.631179887233877 ], [ -63.717059304812331, 52.630943790272553 ], [ -63.716457496774083, 52.630933507422959 ], [ -63.713927700698221, 52.631378586839979 ], [ -63.712273477023025, 52.631985308086833 ], [ -63.711983002628408, 52.632045486311753 ], [ -63.711687288832692, 52.632361990774022 ], [ -63.71155969784143, 52.632372006719173 ], [ -63.710707007416786, 52.632145701632325 ], [ -63.710051595664474, 52.632138485286895 ], [ -63.7078667209245, 52.632499800975438 ], [ -63.707066589869065, 52.63315780900507 ], [ -63.706312615035678, 52.633397198719997 ], [ -63.705969399738812, 52.633440109337315 ], [ -63.704878402755888, 52.633445706029121 ], [ -63.703994497654293, 52.633601504595688 ], [ -63.702836589312788, 52.633605906429864 ], [ -63.70242879404811, 52.633741306271197 ], [ -63.702067978124788, 52.634016008550738 ], [ -63.701618713521697, 52.634179297390759 ], [ -63.701485791263103, 52.634445710771352 ], [ -63.701289824235332, 52.634629592825654 ], [ -63.700866915686014, 52.634801406648045 ], [ -63.700225019848375, 52.634932798757738 ], [ -63.699890689586042, 52.634927008823475 ], [ -63.69862689858445, 52.634762612262058 ], [ -63.698212594574024, 52.634751409089006 ], [ -63.697922018645237, 52.634811502944672 ], [ -63.697723711819165, 52.634901702946458 ], [ -63.697475588360646, 52.634913586323655 ], [ -63.697304199024401, 52.634857799622843 ], [ -63.697182799550532, 52.634591001377657 ], [ -63.697124023319127, 52.634561494096801 ], [ -63.696802899729157, 52.634559993414321 ], [ -63.696159111917467, 52.634731997035296 ], [ -63.695010120949469, 52.634687701063363 ], [ -63.69451708831788, 52.634784986633022 ], [ -63.694143618487921, 52.634900603245057 ], [ -63.693765297278823, 52.635117986129941 ], [ -63.692842604807041, 52.635529404866418 ], [ -63.69229390793496, 52.635670506250477 ], [ -63.691588909895671, 52.635719413690403 ], [ -63.691074611761024, 52.635840711310891 ], [ -63.690736919334462, 52.636050594141622 ], [ -63.690456988689704, 52.636310387750271 ], [ -63.690390316632183, 52.636732602637245 ], [ -63.690212614959933, 52.636953498073026 ], [ -63.690084011169695, 52.636983806894861 ], [ -63.68988339110485, 52.636980292802669 ], [ -63.689757704903954, 52.636949598583733 ], [ -63.689658012442514, 52.636793191459546 ], [ -63.689388594367571, 52.636829188489308 ], [ -63.689045608050058, 52.637006405126257 ], [ -63.688693289454172, 52.637097987777466 ], [ -63.688481184138439, 52.637338595445776 ], [ -63.688172286321425, 52.637361698594788 ], [ -63.68729730964349, 52.636756099837157 ], [ -63.687009200387983, 52.63662081364631 ], [ -63.685876021186587, 52.636385295879492 ], [ -63.685293488894786, 52.636391385019806 ], [ -63.684612305773491, 52.636644209048683 ], [ -63.683904199761606, 52.637042999770514 ], [ -63.682836909626424, 52.637252412319171 ], [ -63.68176481658525, 52.637563406248972 ], [ -63.679954186117605, 52.637499201263154 ], [ -63.679739098493187, 52.637377289247716 ], [ -63.679730805024647, 52.637271313086735 ], [ -63.679403788351117, 52.636968399301161 ], [ -63.679024686275795, 52.636917010056493 ], [ -63.678413879061019, 52.636955105652511 ], [ -63.678026611543402, 52.637221110905763 ], [ -63.677274889163471, 52.637264990743326 ], [ -63.676944514076858, 52.637177701108591 ], [ -63.676586297620425, 52.636967906689954 ], [ -63.67611310782155, 52.636503606674282 ], [ -63.675589989325026, 52.636384505883846 ], [ -63.675053209396843, 52.636415811402451 ], [ -63.674085195579742, 52.636647195283906 ], [ -63.673615203957738, 52.636679594525461 ], [ -63.672681623501433, 52.63646779897465 ], [ -63.671740700580365, 52.636553005368491 ], [ -63.671594407615295, 52.636391705241863 ], [ -63.671344011309323, 52.636309908260714 ], [ -63.670975313764082, 52.63632380429268 ], [ -63.66933992514619, 52.636657393769248 ], [ -63.668993899838696, 52.636895604701664 ], [ -63.668629410817765, 52.63696240430189 ], [ -63.668402393438853, 52.63695030161761 ], [ -63.668137193790123, 52.636615792882445 ], [ -63.667743096995245, 52.636600811314089 ], [ -63.667078927796368, 52.636776294362242 ], [ -63.666930293385008, 52.636944709511035 ], [ -63.665736278211099, 52.637143497370374 ], [ -63.664577000949173, 52.637456912576845 ], [ -63.663807603488138, 52.637732400982287 ], [ -63.66318510746212, 52.638014611485069 ], [ -63.662177214916433, 52.638098590630307 ], [ -63.661270106223704, 52.638453014511718 ], [ -63.661082683467789, 52.638453806963213 ], [ -63.66054330019152, 52.638257012617636 ], [ -63.659963698854355, 52.638201900494337 ], [ -63.659652819782416, 52.638265602718477 ], [ -63.658474494098577, 52.638273297804929 ], [ -63.657459791827826, 52.638499598923197 ], [ -63.656697905487214, 52.638478000140488 ], [ -63.656143391080214, 52.638875288914178 ], [ -63.655715103324646, 52.639014292423056 ], [ -63.655446703620214, 52.63902981301041 ], [ -63.655106899975706, 52.638856901546418 ], [ -63.65466009634909, 52.638824511727513 ], [ -63.653765890872059, 52.6390488841609 ], [ -63.652754994784324, 52.639193809374532 ], [ -63.651972505606082, 52.639599291823309 ], [ -63.65140049958616, 52.639804893721603 ], [ -63.65003620205345, 52.640061590593994 ], [ -63.649327601947675, 52.640460186796027 ], [ -63.648199504308735, 52.640814688706065 ], [ -63.64745188504623, 52.640911302462385 ], [ -63.64637950384504, 52.641221993730369 ], [ -63.645530613574408, 52.641337106957884 ], [ -63.64464320101051, 52.64211118720899 ], [ -63.644165499786133, 52.64244059638331 ], [ -63.64350519836897, 52.642669103442479 ], [ -63.642581097437478, 52.642677012559695 ], [ -63.641621095937332, 52.643014101958563 ], [ -63.641296213655693, 52.643228089778134 ], [ -63.640231793392374, 52.643644783924366 ], [ -63.639418291915405, 52.643719806604558 ], [ -63.638832521103602, 52.643652299012658 ], [ -63.638382498707706, 52.643546513528534 ], [ -63.638107926645553, 52.643549793896547 ], [ -63.63681121332322, 52.643787091549491 ], [ -63.636396714959133, 52.64377560962307 ], [ -63.635991298333892, 52.643715390258272 ], [ -63.635616382469138, 52.643716907701425 ], [ -63.635137306084758, 52.643797903883794 ], [ -63.633891919920536, 52.643803999297887 ], [ -63.633214316861483, 52.643975091019769 ], [ -63.632731006771458, 52.644003116094773 ], [ -63.631995900497721, 52.643700793392831 ], [ -63.63138650422534, 52.64329490064717 ], [ -63.630888805586231, 52.643204507701469 ], [ -63.629238284719847, 52.643284808185221 ], [ -63.629014399973549, 52.643345887521839 ], [ -63.628324179613941, 52.644050102825304 ], [ -63.627835609992474, 52.644737513548662 ], [ -63.627655380883041, 52.644864604404923 ], [ -63.627426411853321, 52.644893001996074 ], [ -63.627258074372371, 52.644776003880324 ], [ -63.62707740226697, 52.644499899332352 ], [ -63.626813674934994, 52.6442794043639 ], [ -63.626031117351928, 52.6439924944818 ], [ -63.625739007772879, 52.643804005856516 ], [ -63.625429888398784, 52.643692595948124 ], [ -63.623246085035639, 52.643588100166163 ], [ -63.622974714318694, 52.643664596500066 ], [ -63.622511910434149, 52.643957592816001 ], [ -63.622151599656263, 52.644346013210772 ], [ -63.621870018570647, 52.644491596061087 ], [ -63.621501406402253, 52.64477398714002 ], [ -63.621255279617131, 52.644879498359984 ], [ -63.621033409960596, 52.644899888730748 ], [ -63.620758396671519, 52.644499999546376 ], [ -63.620424905786592, 52.644339191989758 ], [ -63.618751884104313, 52.644329389822154 ], [ -63.615925580796414, 52.644086905325565 ], [ -63.614395387067866, 52.643896303509862 ], [ -63.613957706375331, 52.643949403954871 ], [ -63.6136375957445, 52.644061704312072 ], [ -63.613035998373519, 52.644453902244223 ], [ -63.6123837198164, 52.644788091503052 ], [ -63.610779496760408, 52.645968299930203 ], [ -63.609812985342288, 52.646292693778101 ], [ -63.60941389078836, 52.646513494044214 ], [ -63.60931078750626, 52.646975805955599 ], [ -63.609185210941824, 52.647079401519271 ], [ -63.609058596482434, 52.647068892400306 ], [ -63.608390096954508, 52.646095909206807 ], [ -63.608051491749841, 52.645902382932363 ], [ -63.607758590332885, 52.645868605761926 ], [ -63.606791881645641, 52.645924302409696 ], [ -63.604978124446504, 52.645919797059811 ], [ -63.604641602692233, 52.645954386600287 ], [ -63.603506904040209, 52.646296096453895 ], [ -63.601522986682745, 52.64675250620607 ], [ -63.6002139173331, 52.647233508400539 ], [ -63.599043615743156, 52.647480904725477 ], [ -63.598172197599276, 52.647774397780545 ], [ -63.597605778954375, 52.647857696198919 ], [ -63.5972733945664, 52.647945305990078 ], [ -63.596735489274209, 52.648399587921894 ], [ -63.595981597800261, 52.648617907926152 ], [ -63.595787997626303, 52.648606210388408 ], [ -63.595024695384154, 52.648066987458698 ], [ -63.594837095280646, 52.647530191538237 ], [ -63.594778300339371, 52.647500603297892 ], [ -63.594360803005848, 52.647550013403766 ], [ -63.5941256950384, 52.647700411150176 ], [ -63.593184410213475, 52.648053700120172 ], [ -63.592769010133168, 52.648331091644202 ], [ -63.592276511892038, 52.648407499553535 ], [ -63.591891405786576, 52.648343511220112 ], [ -63.590996391430515, 52.647895484473459 ], [ -63.589437802984996, 52.648005301810571 ], [ -63.589045610818303, 52.647949212597311 ], [ -63.588339296002047, 52.647748909120551 ], [ -63.58796028683097, 52.647697210497014 ], [ -63.586285109949621, 52.647727490199195 ], [ -63.585984220686207, 52.647990700144 ], [ -63.58554740462251, 52.648023306683179 ], [ -63.585203903529546, 52.647797210015725 ], [ -63.58477720828273, 52.647760798581714 ], [ -63.584380011133, 52.647940797770183 ], [ -63.583509517966789, 52.648213792313939 ], [ -63.583020987921131, 52.648208907998921 ], [ -63.582371409824191, 52.648078888862642 ], [ -63.582143404153975, 52.648355586822625 ], [ -63.581976199328125, 52.64835249133268 ], [ -63.581806975430531, 52.648255806790715 ], [ -63.581502977101536, 52.647908101644575 ], [ -63.581469496602082, 52.647773192900281 ], [ -63.581327616057969, 52.647664701826386 ], [ -63.581108799492185, 52.647624006254865 ], [ -63.57998089321844, 52.647554298413702 ], [ -63.579626211495992, 52.647417505178744 ], [ -63.578975622492912, 52.647038997396429 ], [ -63.576974316666195, 52.646497196605914 ], [ -63.575883910218216, 52.646481106505171 ], [ -63.575559691766976, 52.646405892928172 ], [ -63.575205012842495, 52.646403390794276 ], [ -63.574285792288983, 52.646577706905141 ], [ -63.57339508723706, 52.64658570227305 ], [ -63.5729898148088, 52.646525202436038 ], [ -63.572735488617752, 52.646255909635158 ], [ -63.572066690397158, 52.646243489450761 ], [ -63.571553887806218, 52.646189192024849 ], [ -63.571340098706692, 52.646315497904418 ], [ -63.571051310566141, 52.646334593131471 ], [ -63.570460596349882, 52.646099703813562 ], [ -63.570107876922101, 52.646056503007223 ], [ -63.569952899334496, 52.6460781024293 ], [ -63.56967822252544, 52.646215497517765 ], [ -63.569383277614087, 52.64622220252464 ], [ -63.568945611015437, 52.646140797033361 ], [ -63.568391296486205, 52.646114195670037 ], [ -63.568121787695638, 52.646015586742678 ], [ -63.567889791791586, 52.6458361968335 ], [ -63.567625306659615, 52.645770210161061 ], [ -63.567237192623914, 52.645767085239555 ], [ -63.56665550552836, 52.645886500670152 ], [ -63.566142726743159, 52.646100995726989 ], [ -63.565246894011906, 52.646210499696323 ], [ -63.564959989885324, 52.64632328400134 ], [ -63.564707583245351, 52.64655069753119 ], [ -63.56466998605849, 52.646765806120122 ], [ -63.56455928638664, 52.647235993150474 ], [ -63.564018093086105, 52.647348106797239 ], [ -63.562463487907529, 52.647510602719692 ], [ -63.561282806883781, 52.64769221364476 ], [ -63.560646393609382, 52.647834999714128 ], [ -63.560335086775119, 52.648032797254928 ], [ -63.560191001157285, 52.648368088011154 ], [ -63.559937492378118, 52.648615809719217 ], [ -63.559339503642896, 52.648792008414993 ], [ -63.557894176996911, 52.649041902980628 ], [ -63.557358110296093, 52.649052206414275 ], [ -63.556587117883105, 52.64880980720951 ], [ -63.556433009806128, 52.648810988990007 ], [ -63.555539124916983, 52.649014196875093 ], [ -63.555212687117788, 52.649113886481864 ], [ -63.554466707765314, 52.649169201965201 ], [ -63.553524310410424, 52.649139404830407 ], [ -63.552956692926912, 52.649242803518646 ], [ -63.552716523487817, 52.649226095987487 ], [ -63.551726712371654, 52.648808495718747 ], [ -63.551514980965173, 52.648759703652765 ], [ -63.550974802411915, 52.64871701024083 ], [ -63.550259320804138, 52.648833895278905 ], [ -63.549095808328339, 52.648938416163155 ], [ -63.548608222807125, 52.649047301333511 ], [ -63.548299984833832, 52.649184004911326 ], [ -63.547911895123249, 52.649180795965243 ], [ -63.547476181986696, 52.649058607421686 ], [ -63.546910096505812, 52.648604196069485 ], [ -63.546601006539667, 52.648626905093785 ], [ -63.546023209585336, 52.648799311843668 ], [ -63.545746511491032, 52.648842915787526 ], [ -63.545284398934605, 52.648846503182639 ], [ -63.544886190257472, 52.648777883502277 ], [ -63.544659307167493, 52.648631100137237 ], [ -63.544323011370025, 52.648531210657325 ], [ -63.543401785107967, 52.648477209349679 ], [ -63.5428860721902, 52.648349405780785 ], [ -63.542605407122537, 52.648340105222573 ], [ -63.542305399912181, 52.64844841433051 ], [ -63.541637989042094, 52.648932600389408 ], [ -63.539868017229715, 52.649510100812144 ], [ -63.539391593679042, 52.649529591894002 ], [ -63.539171683783174, 52.649509196958725 ], [ -63.538833492507514, 52.649315501844328 ], [ -63.538336010368866, 52.649224689311602 ], [ -63.537898089886383, 52.649277507900564 ], [ -63.536706627132808, 52.649930993767079 ], [ -63.536605883063146, 52.650197791901839 ], [ -63.536244810537781, 52.650451615661723 ], [ -63.535749109355358, 52.650588815421429 ], [ -63.534909676088461, 52.650768400652993 ], [ -63.534064389260358, 52.65080129415999 ], [ -63.532558285629008, 52.650927602382843 ], [ -63.532371816745609, 52.65090780004796 ], [ -63.531335007046309, 52.650888197322004 ], [ -63.530724911599684, 52.650905113290072 ], [ -63.529990588073524, 52.650602101499878 ], [ -63.529748684423318, 52.650357292697826 ], [ -63.529735674140206, 52.650218607004021 ], [ -63.529985216559375, 52.650052298204685 ], [ -63.530820609135588, 52.649819798975699 ], [ -63.531158287863512, 52.649630707457767 ], [ -63.531362509948401, 52.649304691091061 ], [ -63.531584088683374, 52.648767384415095 ], [ -63.531825492162561, 52.648629399599116 ], [ -63.531742516108238, 52.648550499392499 ], [ -63.530298879764985, 52.648893707317214 ], [ -63.530025100245503, 52.649010704720318 ], [ -63.529785120450128, 52.649645392724977 ], [ -63.529864825409462, 52.649919798710016 ], [ -63.529538495746564, 52.649885101434727 ], [ -63.529335787725685, 52.649922007131266 ], [ -63.529080303948405, 52.650727387599133 ], [ -63.528904913687697, 52.650752605287181 ], [ -63.528253618734958, 52.650528495526196 ], [ -63.527474914873366, 52.650045502354111 ], [ -63.527204405055997, 52.649967104983766 ], [ -63.526669414123326, 52.649956909573675 ], [ -63.526481007141655, 52.649843402544953 ], [ -63.526210500751766, 52.649765002649282 ], [ -63.525866306005916, 52.649558899592378 ], [ -63.525884715724828, 52.649461608848675 ], [ -63.526106794814574, 52.649307009344646 ], [ -63.526363699493629, 52.648998311071551 ], [ -63.526718380522333, 52.649001002339588 ], [ -63.527046513157273, 52.64912939219537 ], [ -63.527260311132849, 52.649137493734997 ], [ -63.527340595687377, 52.649008701682021 ], [ -63.52775302052067, 52.64906129803596 ], [ -63.52824960136207, 52.649038090672086 ], [ -63.52852741625847, 52.648974191478565 ], [ -63.528850893038992, 52.648801209344484 ], [ -63.529018514723901, 52.648535590126649 ], [ -63.52890407933176, 52.648415305893074 ], [ -63.527003016549202, 52.648411898240674 ], [ -63.526518703806893, 52.648325304617252 ], [ -63.525567105095078, 52.648343889687361 ], [ -63.524432693791894, 52.64787860474069 ], [ -63.523870895947589, 52.647477012815294 ], [ -63.523470676904552, 52.647449004783297 ], [ -63.523260794035913, 52.647493897332183 ], [ -63.523379791137145, 52.647915599868064 ], [ -63.523144589098656, 52.647931497202791 ], [ -63.522888592894283, 52.647702704716018 ], [ -63.52275628555379, 52.647411008985941 ], [ -63.522588290745148, 52.647293794760849 ], [ -63.522294411754004, 52.647280107209369 ], [ -63.522041895606385, 52.647373008312549 ], [ -63.521081111229158, 52.64744031351681 ], [ -63.520731904531871, 52.64720148855875 ], [ -63.520633893736616, 52.647024610603474 ], [ -63.520735492807809, 52.646871784585592 ], [ -63.522199111226527, 52.646659399150295 ], [ -63.522632781160674, 52.64668799868096 ], [ -63.523826180409017, 52.64691420273801 ], [ -63.524747404742818, 52.64683400214296 ], [ -63.524542001134037, 52.646663192401022 ], [ -63.523177209365912, 52.646515112243343 ], [ -63.521892704839154, 52.646238192820903 ], [ -63.521332399275302, 52.646199103478793 ], [ -63.520672014287186, 52.646023593914073 ], [ -63.520491618841234, 52.646016102073759 ], [ -63.519866286825206, 52.646069395983581 ], [ -63.519564501105208, 52.645949605652625 ], [ -63.519369894105168, 52.645958095742657 ], [ -63.519039296843815, 52.646139184367897 ], [ -63.518699603880663, 52.646234495556939 ], [ -63.517632510828932, 52.646287497999531 ], [ -63.517314188928189, 52.646358787976361 ], [ -63.516984806789971, 52.646385108215298 ], [ -63.516920010399971, 52.64634311002866 ], [ -63.516873905983857, 52.646069413007716 ], [ -63.516724005338332, 52.645989196910087 ], [ -63.516537623653697, 52.645969296242221 ], [ -63.516297188725382, 52.646086904531664 ], [ -63.516122911595062, 52.646091701093617 ], [ -63.515952796885855, 52.646015204963632 ], [ -63.515617413151958, 52.646029200408094 ], [ -63.515517885272054, 52.646141305017593 ], [ -63.51554041598726, 52.64661399281345 ], [ -63.515456088897807, 52.64668979745025 ], [ -63.514876397051871, 52.646768289548611 ], [ -63.514500613779347, 52.646655303228492 ], [ -63.51394111818648, 52.646730092818999 ], [ -63.513917706148717, 52.646794812693408 ], [ -63.51398538283356, 52.646910096919044 ], [ -63.513984102366315, 52.647064789870591 ], [ -63.513757924758046, 52.647166397277367 ], [ -63.513390114874241, 52.647159408948774 ], [ -63.51271569744371, 52.646865503511748 ], [ -63.512534292853552, 52.646878396249136 ], [ -63.512221812910397, 52.647096296329188 ], [ -63.512180706220512, 52.647372409030098 ], [ -63.512585710200547, 52.647567496544617 ], [ -63.512408795359882, 52.647881685711887 ], [ -63.511978604002373, 52.648174797091414 ], [ -63.511945707733908, 52.648422606831637 ], [ -63.512103203780342, 52.648743187442278 ], [ -63.511883109839026, 52.648857111026466 ], [ -63.511319386402782, 52.649013203442387 ], [ -63.510164680187657, 52.649202907959015 ], [ -63.509116996712258, 52.649655209883889 ], [ -63.508555293601319, 52.649770699907464 ], [ -63.507872296009445, 52.649773897475114 ], [ -63.507252095085612, 52.649725401674331 ], [ -63.506827409152052, 52.649782412462685 ], [ -63.506620422093398, 52.649900602748581 ], [ -63.506156209151541, 52.649944593860297 ], [ -63.505943910911292, 52.65016449876078 ], [ -63.505588714079899, 52.650430502113338 ], [ -63.505027793383306, 52.650659986185914 ], [ -63.504450812162354, 52.6508118004121 ], [ -63.503288493726743, 52.650760989178465 ], [ -63.502302877973072, 52.650530402897935 ], [ -63.50138761633324, 52.650105607476213 ], [ -63.500843108066796, 52.649761309070662 ], [ -63.500344897262522, 52.649556210461547 ], [ -63.500000005464415, 52.649504803945419 ], [ -63.499360400533305, 52.649305186658182 ], [ -63.498881698267319, 52.64898251335142 ], [ -63.498600175198483, 52.648859001877675 ], [ -63.496128789024603, 52.648750285983454 ], [ -63.495444975498394, 52.648639402437006 ], [ -63.494819674699542, 52.648175406803567 ], [ -63.49439949767018, 52.64801671049181 ], [ -63.493876915862387, 52.647896590953422 ], [ -63.49345532613642, 52.647892596279497 ], [ -63.492772015719154, 52.648030106403226 ], [ -63.491046203645048, 52.648000808687307 ], [ -63.49049162078181, 52.64810819324957 ], [ -63.490027096969335, 52.648286593169942 ], [ -63.489749982602795, 52.648464402090134 ], [ -63.489412494992486, 52.648901806443114 ], [ -63.48904007586497, 52.649110401362343 ], [ -63.486936891080767, 52.649639790942835 ], [ -63.485244613405747, 52.649993900165327 ], [ -63.484008292290547, 52.650332300402546 ], [ -63.48303708707072, 52.650468296697468 ], [ -63.482287107948359, 52.650470000941908 ], [ -63.480970425109938, 52.650171693196221 ], [ -63.48026380189448, 52.649856588972796 ], [ -63.479338082221382, 52.649635099599607 ], [ -63.478698816972376, 52.649569691201549 ], [ -63.477667092907723, 52.649582207030214 ], [ -63.477249824596072, 52.649496796192601 ], [ -63.477036416162925, 52.649354204171132 ], [ -63.477130279924801, 52.649095402793314 ], [ -63.476242377594929, 52.648793102442326 ], [ -63.476114010386517, 52.64868880684422 ], [ -63.476216798830855, 52.648515706908434 ], [ -63.476597799702233, 52.648527211258923 ], [ -63.477045303052044, 52.648674293502758 ], [ -63.47737828981802, 52.648835489556177 ], [ -63.477666115700188, 52.648836992862542 ], [ -63.478168087882253, 52.64871239086029 ], [ -63.478533804985474, 52.648377488752878 ], [ -63.477968886276344, 52.648171105194962 ], [ -63.477905592600138, 52.647974400892309 ], [ -63.477662607667924, 52.647884108258921 ], [ -63.476955406362755, 52.647837792576929 ], [ -63.476536709749887, 52.647907095621164 ], [ -63.476157114571841, 52.648123604054241 ], [ -63.475808404123057, 52.648515886665955 ], [ -63.475626902399711, 52.648528692991079 ], [ -63.475265521793837, 52.648399493313725 ], [ -63.475250981435465, 52.648167105944978 ], [ -63.475605279462421, 52.64792150137221 ], [ -63.476108389733341, 52.647776603372918 ], [ -63.476167399443625, 52.647671790136464 ], [ -63.474830211645795, 52.647511497099082 ], [ -63.474449611258038, 52.64736559888042 ], [ -63.474161796448271, 52.647364086728011 ], [ -63.474126182049858, 52.647404107085137 ], [ -63.47414391706851, 52.647575508200497 ], [ -63.474692500196227, 52.647838593121968 ], [ -63.474802403768948, 52.64804031022399 ], [ -63.474793813170272, 52.648203009949256 ], [ -63.474492513361433, 52.648331500007856 ], [ -63.473402079160408, 52.648314306575863 ], [ -63.471172304261145, 52.648067291588568 ], [ -63.469798394390125, 52.647967212696578 ], [ -63.468693081895687, 52.647852004613377 ], [ -63.468276976118602, 52.647746101322966 ], [ -63.468158778581916, 52.647605602785589 ], [ -63.467809922589908, 52.647704146197228 ], [ -63.467773803922924, 52.647658806328685 ], [ -63.467589666490547, 52.647427759443765 ], [ -63.467512333379943, 52.647371254853752 ], [ -63.467393578697248, 52.647275245676923 ], [ -63.467125925136493, 52.647145854382131 ], [ -63.466948766355159, 52.647077261104293 ], [ -63.466710769873451, 52.647019664448244 ], [ -63.466665130963733, 52.647015686331898 ], [ -63.466347578573092, 52.64698810968666 ], [ -63.465847733870184, 52.646976318535401 ], [ -63.465145345830095, 52.647029820139096 ], [ -63.464645519415562, 52.647017999788154 ], [ -63.464259027950988, 52.646983947393537 ], [ -63.464096967381934, 52.646946150850923 ], [ -63.463689212541489, 52.64674475500594 ], [ -63.463412745679278, 52.646693040475412 ], [ -63.462996480073848, 52.646615169607301 ], [ -63.462383578801088, 52.646558355338563 ], [ -63.462038509402994, 52.646563801220275 ], [ -63.461768118014639, 52.646676616150188 ], [ -63.460790760918911, 52.646675748257344 ], [ -63.460606259728984, 52.646682349281889 ], [ -63.460436550060209, 52.646662757389926 ], [ -63.460262129343711, 52.646543313961445 ], [ -63.459460445530823, 52.64625880977335 ], [ -63.459149597738296, 52.646187553476238 ], [ -63.458357772395381, 52.646159806355186 ], [ -63.457959210514673, 52.646101107669757 ], [ -63.457350696613268, 52.646087109407844 ], [ -63.4564757070262, 52.645923348923489 ], [ -63.456237810346153, 52.645865751086987 ], [ -63.455888235889219, 52.645704149908212 ], [ -63.45544231336649, 52.645717756449201 ], [ -63.455265719580751, 52.645638950431895 ], [ -63.454819471140574, 52.645595606715361 ], [ -63.454703099710102, 52.645391751525132 ], [ -63.454559467291304, 52.645323757254722 ], [ -63.454133423855531, 52.645152495946732 ], [ -63.453562715838061, 52.645057805831271 ], [ -63.453490910420818, 52.645023796243564 ], [ -63.452982141579369, 52.644897762128046 ], [ -63.452730601999455, 52.644654605225099 ], [ -63.452458526114881, 52.644673700311237 ], [ -63.452274571565425, 52.644670093412195 ], [ -63.452123859731572, 52.644734294216626 ], [ -63.45194005251706, 52.644854902359228 ], [ -63.451706837990471, 52.64489711084547 ], [ -63.451405145770309, 52.644968550971228 ], [ -63.451181748010164, 52.644951950407332 ], [ -63.451015109191232, 52.644938510515821 ], [ -63.450939225432229, 52.644918648013764 ], [ -63.450880459102855, 52.644764809441256 ], [ -63.450568199227611, 52.644656839343071 ], [ -63.450482660769659, 52.644628714001257 ], [ -63.45017814635812, 52.644626761110025 ], [ -63.450026609658615, 52.644644157701087 ], [ -63.449652555613895, 52.644691739227042 ], [ -63.449150324185943, 52.644883401707816 ], [ -63.448858188606486, 52.644963156258001 ], [ -63.448664169273769, 52.644961367479688 ], [ -63.447764340253208, 52.644949744056881 ], [ -63.447595222991175, 52.644919949488489 ], [ -63.447362509040076, 52.644827854737521 ], [ -63.447107873164086, 52.644769849835193 ], [ -63.445855004166226, 52.644600568981502 ], [ -63.445317813819067, 52.6446307199354 ], [ -63.445159399607881, 52.644588903197082 ], [ -63.444848117305988, 52.644651967524325 ], [ -63.444162905227316, 52.644695395047329 ], [ -63.443871900870306, 52.644754795252084 ], [ -63.443064894844241, 52.645011713338313 ], [ -63.442785593603404, 52.645038741892741 ], [ -63.442594361759788, 52.645110296883495 ], [ -63.442250773914083, 52.645276559529535 ], [ -63.442177664535357, 52.645454309469407 ], [ -63.441792041143231, 52.645591250558589 ], [ -63.441611196073161, 52.645717962400333 ], [ -63.441509250548215, 52.64574651738986 ], [ -63.441275206676693, 52.645741843188659 ], [ -63.440878301223854, 52.645652558135296 ], [ -63.440494378053408, 52.645634755259998 ], [ -63.44021454888923, 52.645672004833791 ], [ -63.439757346280999, 52.645583561939397 ], [ -63.439572902146814, 52.645590055491752 ], [ -63.439173812604047, 52.645541443768046 ], [ -63.438810602247415, 52.645509863849867 ], [ -63.438685354262411, 52.645535861811304 ], [ -63.438455111958653, 52.645460003725248 ], [ -63.437943348420234, 52.645327705268294 ], [ -63.437620273743995, 52.645298911740099 ], [ -63.437462110586473, 52.645314101199041 ], [ -63.437177128416046, 52.645385853736904 ], [ -63.433153157975944, 52.6453956046009 ], [ -63.432580118213671, 52.645532859582815 ], [ -63.432121550826338, 52.645407705651536 ], [ -63.43202448012746, 52.645344711295458 ], [ -63.431571198417274, 52.645433406477686 ], [ -63.431437457732081, 52.645430709602429 ], [ -63.431175141191986, 52.645515114191099 ], [ -63.430506093845217, 52.645568999817904 ], [ -63.43044912984962, 52.645603858698792 ], [ -63.430319196999775, 52.645683355536754 ], [ -63.42974726889463, 52.646048607291071 ], [ -63.429560424750143, 52.646287201422005 ], [ -63.429298640706641, 52.646485602147273 ], [ -63.429214292672626, 52.646809711669498 ], [ -63.429165312048191, 52.647036752255879 ], [ -63.429225101510212, 52.647418698694679 ], [ -63.429120102887872, 52.647565244558614 ], [ -63.429128345568941, 52.648033689706587 ], [ -63.429074468720074, 52.648600660716099 ], [ -63.42888809070871, 52.648953210909276 ], [ -63.428792213909965, 52.649118249601138 ], [ -63.428670763195626, 52.649197310735701 ], [ -63.428502195904478, 52.649405657830201 ], [ -63.428282391634824, 52.64963340726198 ], [ -63.427998702194159, 52.649741802629883 ], [ -63.427814249371572, 52.649872505166954 ], [ -63.427204100321248, 52.650261460475321 ], [ -63.426872670987038, 52.650564679170415 ], [ -63.426806208522663, 52.650625461815778 ], [ -63.426834427314567, 52.65064072732212 ], [ -63.426936338751702, 52.65069591010591 ], [ -63.426817932553909, 52.651029504704873 ], [ -63.426832451566419, 52.651070505241229 ], [ -63.426755180431243, 52.651138200031312 ], [ -63.426662508943906, 52.651242264932975 ], [ -63.426507268364851, 52.651291460682486 ], [ -63.426342339470892, 52.651343742404137 ], [ -63.425886510474982, 52.651540294673595 ], [ -63.42564418412956, 52.651688205713917 ], [ -63.425308384173192, 52.651893261551407 ], [ -63.425055378055497, 52.651928910527751 ], [ -63.424896694068309, 52.651954262324523 ], [ -63.424611070885007, 52.651911910133073 ], [ -63.424299072837009, 52.651860913112664 ], [ -63.424067483185389, 52.651748354752641 ], [ -63.423897016709425, 52.651681854061501 ], [ -63.423684789508542, 52.651642997086647 ], [ -63.423449299270345, 52.651601651342595 ], [ -63.422631032410585, 52.651564965558634 ], [ -63.421675214732481, 52.651596811545268 ], [ -63.421559251998524, 52.651574118331176 ], [ -63.421234696077491, 52.651384400602943 ], [ -63.421058184686906, 52.651305546792926 ], [ -63.420940321667089, 52.651173551322145 ], [ -63.420330182589318, 52.650775859039719 ], [ -63.420255670208014, 52.650668503955835 ], [ -63.419431595812611, 52.649774269146157 ], [ -63.418314936713685, 52.650650048400209 ], [ -63.41819349832636, 52.650729108959183 ], [ -63.418120617198639, 52.650839609318943 ], [ -63.418026844706326, 52.650839764691924 ], [ -63.417821793217165, 52.65091709953451 ], [ -63.417539140674101, 52.65112931063895 ], [ -63.417301463569601, 52.651252814312784 ], [ -63.417079668020477, 52.651329849312624 ], [ -63.416876783325314, 52.651490697973635 ], [ -63.416718310708866, 52.651573056336929 ], [ -63.416384678336975, 52.651737403446646 ], [ -63.416250112050463, 52.651812115049445 ], [ -63.416217505632922, 52.651858261071048 ], [ -63.416134712574326, 52.651903406083882 ], [ -63.416032944309976, 52.651988897683871 ], [ -63.415825120020529, 52.652117102111362 ], [ -63.41580208881787, 52.652171607727325 ], [ -63.415819295361864, 52.652285955933444 ], [ -63.415846135096515, 52.65240865166524 ], [ -63.416052239268751, 52.652683602292413 ], [ -63.416128544052462, 52.652818075614306 ], [ -63.416211173458642, 52.652963708867752 ], [ -63.416236154732282, 52.653059907075708 ], [ -63.416236110600536, 52.653184103211998 ], [ -63.416212442790496, 52.653497194784933 ], [ -63.416152653431929, 52.65361206508247 ], [ -63.41593794353021, 52.653805256956666 ], [ -63.415839241905275, 52.653896893771403 ], [ -63.415553588029951, 52.65397874771832 ], [ -63.41507678877641, 52.654313299948797 ], [ -63.414933925460311, 52.654416306972522 ], [ -63.414533537305083, 52.654884761035397 ], [ -63.414333089603765, 52.655061956888908 ], [ -63.414137889887655, 52.655204605858508 ], [ -63.414034480804496, 52.655320652772581 ], [ -63.413965386583527, 52.655359961748061 ], [ -63.413489941641004, 52.655731163640823 ], [ -63.413369260141309, 52.655981265780774 ], [ -63.413201646542362, 52.65629349568848 ], [ -63.413201615888077, 52.656541912800186 ], [ -63.413344880347047, 52.656801306324112 ], [ -63.413393390079825, 52.656957004595689 ], [ -63.413760698715876, 52.657222955765477 ], [ -63.41409451069579, 52.657612400550114 ], [ -63.414173172007182, 52.657705602058478 ], [ -63.41415939310837, 52.657835658117307 ], [ -63.414221598609444, 52.65798554508163 ], [ -63.414212220723435, 52.658158414333229 ], [ -63.41413489944847, 52.658350252260036 ], [ -63.413995833673603, 52.658506312599499 ], [ -63.413976897512107, 52.658670856771316 ], [ -63.413856439239609, 52.65897795836004 ], [ -63.413686900807889, 52.659263705747961 ], [ -63.413608452364663, 52.65935170985707 ], [ -63.413544301350321, 52.659423696991865 ], [ -63.413386907127418, 52.659485700037187 ], [ -63.413319152861142, 52.659561711924034 ], [ -63.412998314457852, 52.659797554119869 ], [ -63.412544726751207, 52.660010415949856 ], [ -63.412091987535028, 52.660145915541982 ], [ -63.411412000429955, 52.660335870942419 ], [ -63.410695788189109, 52.660451805691125 ], [ -63.410331109796196, 52.66050760905636 ], [ -63.410008646861762, 52.660525602909225 ], [ -63.409354750530504, 52.660543021539034 ], [ -63.409133879979187, 52.660497613207056 ], [ -63.408728856371518, 52.660414364346714 ], [ -63.40828908132471, 52.660248755233475 ], [ -63.407662404804327, 52.660073253504272 ], [ -63.40675003469093, 52.659855393061697 ], [ -63.406334132252027, 52.659806306961649 ], [ -63.406141142232059, 52.659784052432116 ], [ -63.405759482174098, 52.659782507850402 ], [ -63.405392104931956, 52.659764969479568 ], [ -63.404882901789954, 52.659830061395027 ], [ -63.404413195402043, 52.659908148670382 ], [ -63.404091521054134, 52.659972962526354 ], [ -63.403730675692472, 52.660081749930931 ], [ -63.403505611929312, 52.660095556617641 ], [ -63.403228607166085, 52.660263018120943 ], [ -63.40293918743027, 52.66047300421706 ], [ -63.402843182931989, 52.660513861406208 ], [ -63.402513533163237, 52.660663997450463 ], [ -63.401709236061052, 52.660859563907003 ], [ -63.401256448948239, 52.660995016930755 ], [ -63.40068874880437, 52.661211609209396 ], [ -63.399906091368898, 52.661355451685885 ], [ -63.39966044495845, 52.661400597048065 ], [ -63.3992228280825, 52.661442665756212 ], [ -63.39892125395523, 52.661446709062332 ], [ -63.397972228707715, 52.661470303673291 ], [ -63.397670147798479, 52.661360349875615 ], [ -63.396516035558911, 52.661031646486826 ], [ -63.396263032916664, 52.66094305125327 ], [ -63.396123841440129, 52.660793648080933 ], [ -63.395820994731821, 52.660636850725332 ], [ -63.395706794139144, 52.660459465708094 ], [ -63.395100297786925, 52.660099018454993 ], [ -63.394714367197523, 52.659930362749762 ], [ -63.394509448729139, 52.659759256840644 ], [ -63.394298688368558, 52.659632797129682 ], [ -63.394146054747075, 52.659546266997559 ], [ -63.393986028045852, 52.65941064843917 ], [ -63.393946332147834, 52.659340591669789 ], [ -63.393814309084846, 52.659183208053946 ], [ -63.393821518236493, 52.659167890914823 ], [ -63.393852179857916, 52.659102568975548 ], [ -63.393850094883142, 52.659019004233485 ], [ -63.393648139896186, 52.658854067127514 ], [ -63.393357367259583, 52.658721953091785 ], [ -63.393321003266472, 52.658590910918633 ], [ -63.393155178634451, 52.658500007166488 ], [ -63.39308484870876, 52.658378459807665 ], [ -63.393010575802357, 52.658328045003451 ], [ -63.39231987663009, 52.658100298991641 ], [ -63.391691746324604, 52.657831049940448 ], [ -63.391322022921734, 52.657672902085551 ], [ -63.391137044436022, 52.657565294698422 ], [ -63.390889487546865, 52.657499208597514 ], [ -63.390559747225609, 52.657468053243385 ], [ -63.390381527007868, 52.657419645350068 ], [ -63.389702387428386, 52.65722671884766 ], [ -63.38945333658824, 52.657066964662711 ], [ -63.389271053510704, 52.657032713097919 ], [ -63.389188330407812, 52.656953663384186 ], [ -63.389078949572351, 52.656933114649135 ], [ -63.38891615299594, 52.656848362569235 ], [ -63.38875195867881, 52.656851150738213 ], [ -63.388292498025898, 52.656803160017638 ], [ -63.387892127909936, 52.656898853298429 ], [ -63.38729748895345, 52.656935645862852 ], [ -63.386841029222026, 52.657199220820601 ], [ -63.386836329195333, 52.657223549586014 ], [ -63.386801737990815, 52.657548662066574 ], [ -63.386513939023352, 52.657728114236541 ], [ -63.38611755850426, 52.657933863211802 ], [ -63.386042290645676, 52.658390462109772 ], [ -63.386030681633542, 52.658479811128075 ], [ -63.385998260283763, 52.658582956633573 ], [ -63.385617480595258, 52.658809417652812 ], [ -63.385569447026057, 52.65889190775799 ], [ -63.385572315025151, 52.659022264042555 ], [ -63.385481797705538, 52.659085567707152 ], [ -63.385456784607257, 52.659113569980718 ], [ -63.385452964848064, 52.659117444754045 ], [ -63.385183691290543, 52.659391069394779 ], [ -63.384891433230365, 52.659651866367284 ], [ -63.384836036413411, 52.659685360260646 ], [ -63.384760532019186, 52.659779500966629 ], [ -63.384698284979251, 52.660059245427135 ], [ -63.383945630859017, 52.660349368008227 ], [ -63.383794662640724, 52.660420603186864 ], [ -63.383254571468449, 52.66067536394214 ], [ -63.383189023747768, 52.660710652786399 ], [ -63.382568482366437, 52.661034023035505 ], [ -63.380291282165132, 52.662224296123419 ], [ -63.380251922281921, 52.662904965636748 ], [ -63.380276200522651, 52.663497950544944 ], [ -63.380274544272083, 52.663528449045771 ], [ -63.380377181736812, 52.663671049214273 ], [ -63.38055145285248, 52.663790666357933 ], [ -63.380552429505499, 52.663894514234428 ], [ -63.380601774372472, 52.66415410224959 ], [ -63.380619001050164, 52.664449715203496 ], [ -63.380647750840403, 52.664474699789054 ], [ -63.380744791173377, 52.664719024816868 ], [ -63.380686135728141, 52.665175945253793 ], [ -63.380885277323543, 52.665391761174959 ], [ -63.381133865926934, 52.665561755511746 ], [ -63.381182895631497, 52.665583114240221 ], [ -63.38149435144593, 52.665644424047578 ], [ -63.381661438937925, 52.665772006113464 ], [ -63.381725543394438, 52.665824249092985 ], [ -63.382191193494428, 52.666065854599502 ], [ -63.382236914794611, 52.666148210382154 ], [ -63.382591881303441, 52.666513810823375 ], [ -63.382905275892469, 52.666782860873383 ], [ -63.383523733148287, 52.666986808437152 ], [ -63.38365109061381, 52.667071482759404 ], [ -63.383801635802101, 52.667171611148582 ], [ -63.384448470666236, 52.667467810685523 ], [ -63.385150780679815, 52.667730499487931 ], [ -63.385297499253966, 52.667823766126915 ], [ -63.385088377952201, 52.668134393843673 ], [ -63.385704725403478, 52.668560256488817 ], [ -63.385964579661405, 52.6687080465477 ], [ -63.386188732283891, 52.668895921692595 ], [ -63.38752797148603, 52.669637777788317 ], [ -63.388867262077312, 52.67037961831722 ], [ -63.388978774412642, 52.670483712188108 ], [ -63.389239118816178, 52.670745573072182 ], [ -63.389378687473929, 52.671009010680642 ], [ -63.389400542875464, 52.671099016106361 ], [ -63.389702920701083, 52.67157143356863 ], [ -63.389000230287948, 52.673389813307608 ], [ -63.389296401754081, 52.673792861122067 ], [ -63.389459140337763, 52.674001820243824 ], [ -63.38947890471389, 52.674060897889163 ], [ -63.389591473703454, 52.674397453035823 ], [ -63.389877580919901, 52.674678163296115 ], [ -63.389977346458785, 52.674814564718112 ], [ -63.390141759191096, 52.674847095070511 ], [ -63.390252394168321, 52.674869004490994 ], [ -63.390314566167085, 52.674894710018769 ], [ -63.390556549853621, 52.67488131456065 ], [ -63.390736499272158, 52.674899224914945 ], [ -63.390857116340257, 52.674897566431156 ], [ -63.391561186362864, 52.675253909887999 ], [ -63.39193508078435, 52.675522097732447 ], [ -63.392054903004897, 52.675597858712756 ], [ -63.392386419720204, 52.675722656290546 ], [ -63.392647458528415, 52.675850103352708 ], [ -63.392813000085717, 52.676008205816842 ], [ -63.392941807802721, 52.676102452648358 ], [ -63.393058739288747, 52.676353269669661 ], [ -63.39304603042401, 52.676462953531988 ], [ -63.393033540190622, 52.676629671827598 ], [ -63.393000273456884, 52.676686019883931 ], [ -63.392775544318084, 52.67681381485361 ], [ -63.392609498328632, 52.676971313678841 ], [ -63.392552397671558, 52.67703530193873 ], [ -63.392311625824568, 52.677420568027145 ], [ -63.392225688283489, 52.677558120969067 ], [ -63.392617479164031, 52.677783263989845 ], [ -63.395483357419387, 52.679430114765729 ], [ -63.397615130273188, 52.680639923366655 ], [ -63.397870933179796, 52.680801930921767 ], [ -63.398537269416103, 52.681913558455136 ], [ -63.405861327714526, 52.682777161058134 ], [ -63.406333659905876, 52.683088009922322 ], [ -63.406776662686248, 52.683135613559507 ], [ -63.40823313284524, 52.683278865743688 ], [ -63.408420899611876, 52.683584010502322 ], [ -63.409086914664712, 52.683782675855092 ], [ -63.409363967122879, 52.683863554716901 ], [ -63.409541696959849, 52.684046300450724 ], [ -63.409967964192973, 52.684341957509936 ], [ -63.410291645887391, 52.684427863135745 ], [ -63.410569457872626, 52.684679822509977 ], [ -63.410524664113005, 52.684949765834808 ], [ -63.411384341696888, 52.685284655354494 ], [ -63.411508918660076, 52.685336006205041 ], [ -63.411725852069992, 52.685474768359235 ], [ -63.41183805783858, 52.685568659436655 ], [ -63.411970872075706, 52.685591665001013 ], [ -63.412121713627492, 52.685775906532484 ], [ -63.412308821460464, 52.685785812635388 ], [ -63.412682658362229, 52.686121106364624 ], [ -63.413100165061401, 52.686331061067328 ], [ -63.41313855903563, 52.686488629511786 ], [ -63.413345107802861, 52.686696405532075 ], [ -63.413486959962015, 52.686737906055789 ], [ -63.413928114586284, 52.686758968403794 ], [ -63.414509144693106, 52.687043467540846 ], [ -63.414971707379543, 52.687288954801261 ], [ -63.415114587236452, 52.687310158500111 ], [ -63.415179340028551, 52.68735216650893 ], [ -63.415739254395277, 52.687717658427452 ], [ -63.415887925792532, 52.687942614542877 ], [ -63.416155963213455, 52.688129222984834 ], [ -63.41671483172221, 52.688142415897033 ], [ -63.417551914104145, 52.688588769954393 ], [ -63.417709949046674, 52.688640804628974 ], [ -63.418342330298536, 52.689030162800726 ], [ -63.419263640995361, 52.689592267713302 ], [ -63.419993210022973, 52.689920410734977 ], [ -63.420841051764739, 52.690354770410877 ], [ -63.421655395894, 52.690788469994715 ], [ -63.421746461062831, 52.690963365262888 ], [ -63.422233256233703, 52.691133921399469 ], [ -63.422554060150695, 52.691213620956695 ], [ -63.422940108710321, 52.691200978238456 ], [ -63.423325061846541, 52.691208664743066 ], [ -63.423590685817949, 52.691254659496323 ], [ -63.424083551880067, 52.691313370722128 ], [ -63.424461938136048, 52.691318850742732 ], [ -63.424673741873185, 52.691367905917602 ], [ -63.425267237860538, 52.691485608621996 ], [ -63.42550876960474, 52.691606454323164 ], [ -63.42570769281231, 52.691832349673177 ], [ -63.425878645367071, 52.691955903124473 ], [ -63.426121784748034, 52.692046269315398 ], [ -63.42616600913788, 52.692159113718255 ], [ -63.426491331501076, 52.692248072887971 ], [ -63.426613899715655, 52.692803362621774 ], [ -63.426624302427136, 52.692858564801853 ], [ -63.427322947925553, 52.692953904218889 ], [ -63.427653346028386, 52.693041913479924 ], [ -63.427928370186706, 52.693287663277367 ], [ -63.428278541977491, 52.693630604077072 ], [ -63.428485731927701, 52.693993836355041 ], [ -63.428695959047872, 52.693907709254447 ], [ -63.429390499635097, 52.693893021344465 ], [ -63.429649016634819, 52.693947017041907 ], [ -63.429742601432018, 52.694014048192471 ], [ -63.429957795963894, 52.694126252010591 ], [ -63.430185854619729, 52.694185763979029 ], [ -63.430247870061379, 52.694278666696547 ], [ -63.43037026087292, 52.694370670424924 ], [ -63.430633733714366, 52.694457367678304 ], [ -63.431323444530292, 52.694906805676908 ], [ -63.431699166227098, 52.695087361757736 ], [ -63.431933262642133, 52.695283419450632 ], [ -63.432712717185687, 52.695498421350742 ], [ -63.433104122319868, 52.695699657887893 ], [ -63.433669457503534, 52.695906300618418 ], [ -63.434111357035576, 52.69616555258888 ], [ -63.434319951093968, 52.696275616771558 ], [ -63.434613382178661, 52.696366956759071 ], [ -63.43475938169361, 52.69651851431928 ], [ -63.434934268405499, 52.696695066183032 ], [ -63.435066326334429, 52.696795411848157 ], [ -63.435616655509961, 52.697095457538168 ], [ -63.435818368429473, 52.697146268514295 ], [ -63.436166993231723, 52.697395500592535 ], [ -63.436955909453957, 52.697934464079459 ], [ -63.437882816551891, 52.698337656122042 ], [ -63.438258077795709, 52.698528361664188 ], [ -63.438381608698712, 52.698600060601038 ], [ -63.438575943024745, 52.69872605760925 ], [ -63.438747814867988, 52.69889641225096 ], [ -63.438810726281318, 52.699036165628627 ], [ -63.438969473342254, 52.699326469466037 ], [ -63.439177039198356, 52.69958101074026 ], [ -63.439263559472138, 52.699656004317511 ], [ -63.439480948294047, 52.699727516510315 ], [ -63.440010501186592, 52.700041397254068 ], [ -63.440389950449607, 52.700342111442126 ], [ -63.440465177082096, 52.700439307374438 ], [ -63.440768859364333, 52.700777221085779 ], [ -63.440819199830976, 52.701026671335676 ], [ -63.441109713887691, 52.701236026869779 ], [ -63.441546857159985, 52.701586748464237 ], [ -63.441555944432267, 52.701729457013094 ], [ -63.442154865220559, 52.702376624768135 ], [ -63.442843247217269, 52.70298076066539 ], [ -63.442964961691722, 52.703150168024685 ], [ -63.443003455567492, 52.703307721830924 ], [ -63.443020785507166, 52.70342211697276 ], [ -63.443171301382421, 52.703616459835658 ], [ -63.443342107400419, 52.703682961462512 ], [ -63.443534856931713, 52.703839477547554 ], [ -63.443502264167869, 52.704009876592366 ], [ -63.443638858967425, 52.704401506551299 ], [ -63.443637023037667, 52.704499278002395 ], [ -63.443728615040669, 52.704855402128196 ], [ -63.444126394454393, 52.705441572521529 ], [ -63.444212898849372, 52.705516552025856 ], [ -63.444500089446834, 52.705662716802387 ], [ -63.444476486752571, 52.705727420767076 ], [ -63.444352778247257, 52.705847164137893 ], [ -63.44438654593651, 52.705904861924076 ], [ -63.444419542473817, 52.706039907048968 ], [ -63.444436914834618, 52.706154255944099 ], [ -63.444582524083707, 52.706315963315667 ], [ -63.444593355195366, 52.706552407854304 ], [ -63.444734231080979, 52.706614258282663 ], [ -63.444630821804466, 52.706854509567549 ], [ -63.444896467342161, 52.707216128352414 ], [ -63.444566026263402, 52.708169342772877 ], [ -63.444145961305502, 52.709380932365683 ], [ -63.446769968281444, 52.710429810852055 ], [ -63.447041052925066, 52.71068967493018 ], [ -63.447136668230129, 52.710783159547816 ], [ -63.447375045699239, 52.710965016689421 ], [ -63.447636057112689, 52.711226704302426 ], [ -63.447668472023018, 52.711247728755005 ], [ -63.447735315088288, 52.711282952348583 ], [ -63.447981560543937, 52.711412709876555 ], [ -63.448574692555788, 52.711607670448686 ], [ -63.448759228115058, 52.711668313284576 ], [ -63.448992871527636, 52.711750309011904 ], [ -63.449644732249553, 52.711850722288752 ], [ -63.450134598598574, 52.711970322892263 ], [ -63.450268607976881, 52.711972949456324 ], [ -63.450356961439368, 52.711950267895467 ], [ -63.450504675620628, 52.711947077138198 ], [ -63.450667107839763, 52.711793461840188 ], [ -63.451001759009543, 52.711743010179831 ], [ -63.451108822410021, 52.711747110399415 ], [ -63.451367147202681, 52.711744062133825 ], [ -63.451535499166006, 52.711794223121267 ], [ -63.451704912266649, 52.71182401701703 ], [ -63.451841171530418, 52.711910170833399 ], [ -63.45190078173907, 52.711986713152193 ], [ -63.452238173826515, 52.712325330448081 ], [ -63.452348753350435, 52.71264107230057 ], [ -63.452356300186246, 52.712814264878908 ], [ -63.452596661508053, 52.713022658670482 ], [ -63.452887692069389, 52.713413269896243 ], [ -63.453026212523469, 52.713582952200284 ], [ -63.453135649127852, 52.713794867065857 ], [ -63.45327893053684, 52.714064407843622 ], [ -63.4534149113707, 52.714217749830553 ], [ -63.45351280650268, 52.714394817531932 ], [ -63.453773133436414, 52.714418263965811 ], [ -63.453838512779797, 52.714450056073986 ], [ -63.453945471115475, 52.714645676416552 ], [ -63.454096837742341, 52.714762660444933 ], [ -63.454225614902121, 52.714799801751006 ], [ -63.454526038512697, 52.714826113734688 ], [ -63.454722665768607, 52.714911421907935 ], [ -63.454891034269608, 52.714961519811048 ], [ -63.454970759984619, 52.715101551161673 ], [ -63.455045570408856, 52.715208923745479 ], [ -63.455126624562759, 52.715261421580252 ], [ -63.45519584662145, 52.715346320348665 ], [ -63.455355968745181, 52.715424756928094 ], [ -63.455433229733444, 52.715548470449889 ], [ -63.455491462584632, 52.715588303316935 ], [ -63.455978820785923, 52.715882967575808 ], [ -63.456327867593004, 52.715940714863343 ], [ -63.456465750023497, 52.715996359414198 ], [ -63.456549342574, 52.7161894158873 ], [ -63.457264064760324, 52.716812278922852 ], [ -63.457585224475878, 52.717016119204139 ], [ -63.457822668981315, 52.717218276085852 ], [ -63.457932199943002, 52.717238768675045 ], [ -63.458018777686483, 52.717313773985047 ], [ -63.458161291240849, 52.717345069155641 ], [ -63.458569709332281, 52.717422319476178 ], [ -63.45896737475983, 52.71751157914985 ], [ -63.459143430327948, 52.717543514868424 ], [ -63.459236547161169, 52.717620708274836 ], [ -63.459324988804298, 52.717913610645915 ], [ -63.459523478995678, 52.717901204444686 ], [ -63.459671011810833, 52.717965155428402 ], [ -63.459880852988107, 52.718054808249668 ], [ -63.460284523397704, 52.718032169109335 ], [ -63.460912080265054, 52.718150378244623 ], [ -63.46113513411705, 52.718165410772158 ], [ -63.461293310137997, 52.718217372791614 ], [ -63.461962475455834, 52.718262524668468 ], [ -63.462498829388885, 52.718330011555295 ], [ -63.462836334562361, 52.718352914467062 ], [ -63.463357249604755, 52.718648223026996 ], [ -63.46352505189374, 52.71870851521043 ], [ -63.4636806045269, 52.718811322211607 ], [ -63.463914375354499, 52.718948864585933 ], [ -63.464844763357746, 52.719496333184715 ], [ -63.467982430866122, 52.719779025476129 ], [ -63.468243875203726, 52.719782103533987 ], [ -63.468534477719139, 52.71986715185718 ], [ -63.46875166671839, 52.719881613046987 ], [ -63.468853085334807, 52.719930410707562 ], [ -63.469070681675369, 52.720001876820525 ], [ -63.46944558664844, 52.720078411984858 ], [ -63.469584389891622, 52.720180920430025 ], [ -63.469890068430836, 52.72048820567975 ], [ -63.470189475621893, 52.720534805991285 ], [ -63.470270228510216, 52.720530251543863 ], [ -63.470740022596665, 52.720462027045635 ], [ -63.471261849645103, 52.720349355953005 ], [ -63.471510081222242, 52.720295763548627 ], [ -63.471616884186034, 52.720051426509315 ], [ -63.471732555335521, 52.719892819758982 ], [ -63.471890263991348, 52.719763528438442 ], [ -63.472634519609336, 52.719578403348294 ], [ -63.472759609529184, 52.719495306804028 ], [ -63.4733399816554, 52.719618624579297 ], [ -63.473385623078904, 52.719643911838006 ], [ -63.474016864782918, 52.71956660587324 ], [ -63.474289873847894, 52.719604514233374 ], [ -63.474501575158094, 52.719596407877916 ], [ -63.474817171778611, 52.719462024343137 ], [ -63.47511457577307, 52.71948205166052 ], [ -63.475368852167414, 52.71949312036822 ], [ -63.475551718998886, 52.719460025982322 ], [ -63.475772528518988, 52.719470421448328 ], [ -63.476688489162676, 52.719590009890496 ], [ -63.477335330299411, 52.719724716305087 ], [ -63.477551320705146, 52.719826658442862 ], [ -63.478216236452461, 52.719874206299657 ], [ -63.47820428952577, 52.719973776674003 ], [ -63.478368901226432, 52.720095067427906 ], [ -63.478475821654825, 52.720166353090754 ], [ -63.478779274970954, 52.720198706493719 ], [ -63.47887819088043, 52.720231165939317 ], [ -63.479081186785749, 52.720261575220036 ], [ -63.479214694432414, 52.720274360333903 ], [ -63.479462953469103, 52.720273059258069 ], [ -63.479808268349288, 52.72040195899671 ], [ -63.480415241981149, 52.720275211661232 ], [ -63.481104929116825, 52.720361878844322 ], [ -63.481341084472739, 52.720335924167891 ], [ -63.48199632915928, 52.72037507033933 ], [ -63.482651575174032, 52.720414212416493 ], [ -63.482748547193857, 52.720420155433558 ], [ -63.482899321993457, 52.720423075285026 ], [ -63.483130629916417, 52.720488656187868 ], [ -63.483474370045762, 52.720456615535859 ], [ -63.483547566616132, 52.720403065509089 ], [ -63.483606926293746, 52.720231128222096 ], [ -63.483413932594054, 52.72007467861345 ], [ -63.483377775246723, 52.71993346058462 ], [ -63.483376111161135, 52.719772568214253 ], [ -63.483142631080206, 52.719556267783467 ], [ -63.48313283438673, 52.719423716453015 ], [ -63.48318827020497, 52.719390176039191 ], [ -63.48338001943084, 52.719059850052773 ], [ -63.483856189128858, 52.719060978895556 ], [ -63.484207037104277, 52.719212313708546 ], [ -63.484490723238622, 52.719238159418211 ], [ -63.484692478000802, 52.719356127282708 ], [ -63.485325345132544, 52.719631008889685 ], [ -63.486476710277522, 52.719706188430898 ], [ -63.487628079904447, 52.719781355333033 ], [ -63.487726645054472, 52.719756823352611 ], [ -63.487795433445591, 52.719851815606589 ], [ -63.488011074465, 52.719896718475738 ], [ -63.488174315477004, 52.719981320250803 ], [ -63.488448931405479, 52.719988605057651 ], [ -63.488935060078397, 52.720055013849816 ], [ -63.489423561112694, 52.720204962036988 ], [ -63.489684747960133, 52.720342366396551 ], [ -63.489797224330395, 52.72043614848792 ], [ -63.49007933274617, 52.720492507769123 ], [ -63.490389032708983, 52.720470019315833 ], [ -63.490603068322372, 52.720545352731861 ], [ -63.491217716276715, 52.720591876134769 ], [ -63.491466469211893, 52.72058039793577 ], [ -63.491586446690754, 52.720531811089188 ], [ -63.491886938609632, 52.720557958190533 ], [ -63.492242764797865, 52.720550560136125 ], [ -63.492354606131236, 52.720463113928766 ], [ -63.492486693438032, 52.72043917392039 ], [ -63.492745476224243, 52.720493017862012 ], [ -63.493052033716808, 52.720531473794949 ], [ -63.493463387790847, 52.720681970515329 ], [ -63.49380327339901, 52.720788304265227 ], [ -63.493897439425865, 52.720912277571912 ], [ -63.493983546509867, 52.720997414869089 ], [ -63.494231467678993, 52.721130459936646 ], [ -63.494348578980834, 52.721199922805084 ], [ -63.494609345501495, 52.721280309579619 ], [ -63.494895927757725, 52.721379520351341 ], [ -63.495108449492768, 52.721485419438778 ], [ -63.49545262819283, 52.721701756695396 ], [ -63.495580780658138, 52.721816222516068 ], [ -63.495620704958242, 52.721886218450294 ], [ -63.495660139907365, 52.721966421262223 ], [ -63.495835030931644, 52.722085866065989 ], [ -63.495802441837426, 52.722132069603099 ], [ -63.495853284232659, 52.722314260044449 ], [ -63.495804469741699, 52.722349958513931 ], [ -63.495925256190056, 52.722820665540489 ], [ -63.495791125257817, 52.722862871539 ], [ -63.495735167271008, 52.722906614641332 ], [ -63.495660887912344, 52.722980553724163 ], [ -63.495659549984779, 52.723135256636226 ], [ -63.49570027413084, 52.723319323986345 ], [ -63.49581527887598, 52.723429452167373 ], [ -63.496326708267155, 52.723783473224593 ], [ -63.497087779027815, 52.724240001563594 ], [ -63.49731451380427, 52.724329866745805 ], [ -63.497544966893933, 52.724348512254217 ], [ -63.49774707939148, 52.724332063035703 ], [ -63.49801834223679, 52.724276217785878 ], [ -63.498358656843159, 52.724180918868178 ], [ -63.498788580730825, 52.724233973260468 ], [ -63.499544025697517, 52.724264771146494 ], [ -63.501026906429658, 52.724298012199291 ], [ -63.502434313921349, 52.723354493616988 ], [ -63.502646705005731, 52.723269013420399 ], [ -63.503097517475851, 52.723241002607047 ], [ -63.503895375333862, 52.723378401276975 ], [ -63.504171581029475, 52.723355197461856 ], [ -63.504406082640074, 52.723359697218491 ], [ -63.504734290331321, 52.723239684252064 ], [ -63.504915100593195, 52.723247192686586 ], [ -63.505479612254391, 52.723225507110548 ], [ -63.505974322132651, 52.723128995200078 ], [ -63.506502995684798, 52.723281701484439 ], [ -63.507440419312012, 52.72370279628035 ], [ -63.507663596425544, 52.723796702441952 ], [ -63.50832637757987, 52.72395190592524 ], [ -63.508577014491244, 52.724034090205016 ], [ -63.510102793968137, 52.724751489691712 ], [ -63.510323711168731, 52.725020415627945 ], [ -63.510697307051778, 52.725060212067312 ], [ -63.511093012813099, 52.725189896888274 ], [ -63.511264593840352, 52.725246107149687 ], [ -63.512068112149734, 52.725716657975845 ], [ -63.513795248974709, 52.725531086722178 ], [ -63.514664443628781, 52.724261132968863 ], [ -63.517114740698048, 52.723423861310884 ], [ -63.519107903228729, 52.723628332808424 ], [ -63.521104535240781, 52.72424747706242 ], [ -63.522101292813979, 52.72405612965575 ], [ -63.524574387097957, 52.725033560495099 ], [ -63.526349961149485, 52.725374953528473 ], [ -63.529378740410358, 52.725198899973094 ], [ -63.52836518119441, 52.727353774269325 ], [ -63.528585028196034, 52.727932480036785 ], [ -63.528909238432547, 52.728785897126627 ], [ -63.538492388644862, 52.734150950961123 ], [ -63.5394234896361, 52.73432641661919 ], [ -63.541509549515979, 52.73471949249096 ], [ -63.543592947868355, 52.734362332543782 ], [ -63.544248412845292, 52.734965781654125 ], [ -63.54554693449834, 52.735008457786954 ], [ -63.550962815335652, 52.738018085980869 ], [ -63.553281017998899, 52.740410568766627 ], [ -63.558007578523814, 52.745501451272887 ], [ -63.557806805675384, 52.745844970769568 ], [ -63.559196546655095, 52.747513383047831 ], [ -63.559395210277913, 52.748491483932661 ], [ -63.560096597028853, 52.749352796067512 ], [ -63.559997997211973, 52.749444710025692 ], [ -63.559931788060254, 52.749691891805817 ], [ -63.559977410193618, 52.749851593904729 ], [ -63.560551502971052, 52.749915210254898 ], [ -63.566045549311973, 52.754298363920228 ], [ -63.569624698042674, 52.756824229179763 ], [ -63.571058895562608, 52.757329350648973 ], [ -63.573773904021017, 52.757959990209066 ], [ -63.573732196031592, 52.75825649121002 ], [ -63.574015585578628, 52.758762806053355 ], [ -63.574396574376543, 52.759197503514315 ], [ -63.574399598790272, 52.759270785976533 ], [ -63.574563192051428, 52.759489704356739 ], [ -63.574557109651153, 52.759611813969222 ], [ -63.574638295869519, 52.759711472729371 ], [ -63.574648457510335, 52.759776820764927 ], [ -63.57479530528169, 52.759860976729669 ], [ -63.574848137185988, 52.759945463251874 ], [ -63.5749517695035, 52.760020666523076 ], [ -63.575073641133272, 52.760132924656467 ], [ -63.575179347299127, 52.760167466586054 ], [ -63.575251003447917, 52.760211553913607 ], [ -63.575433917256291, 52.760447119841778 ], [ -63.575590425201263, 52.760606820139266 ], [ -63.575613821320104, 52.760676484262753 ], [ -63.575661064077828, 52.760738406463474 ], [ -63.575706275117362, 52.760841059236505 ], [ -63.57577429929826, 52.76088916670502 ], [ -63.575861222385498, 52.760964060313519 ], [ -63.576569310797595, 52.761203198586507 ], [ -63.577277465138359, 52.761442319951051 ], [ -63.577551365195703, 52.761604174389156 ], [ -63.577688079201863, 52.761623013299982 ], [ -63.577806459068086, 52.761672019846756 ], [ -63.578279617310706, 52.761676680792576 ], [ -63.578485431733817, 52.761723217849429 ], [ -63.57879236511004, 52.761761474274159 ], [ -63.579127780113986, 52.761834816918942 ], [ -63.579196374071707, 52.761872712782932 ], [ -63.579329513439063, 52.761895557824523 ], [ -63.579496683374636, 52.761908821113828 ], [ -63.579595772386611, 52.761941212735508 ], [ -63.579978975279502, 52.761931960763164 ], [ -63.580132411747854, 52.762018268057581 ], [ -63.580345360669931, 52.762191216609352 ], [ -63.582031859891437, 52.763186027226268 ], [ -63.582860463258235, 52.762919715124312 ], [ -63.583182134232104, 52.762830919636578 ], [ -63.583414890886601, 52.762741518555337 ], [ -63.583522113788561, 52.762711919614603 ], [ -63.583567379258817, 52.76268017232114 ], [ -63.583627879565192, 52.762679277588589 ], [ -63.58386619086221, 52.76261237000498 ], [ -63.584018661449704, 52.762517424120553 ], [ -63.584167514817764, 52.762426417135025 ], [ -63.585443657762525, 52.762822570638058 ], [ -63.586415904001498, 52.763388272392689 ], [ -63.586561255045225, 52.763502911858431 ], [ -63.586782889806457, 52.763637320686691 ], [ -63.586945521306085, 52.763742115445289 ], [ -63.586984177882009, 52.763842629846401 ], [ -63.587151903673437, 52.763980127231655 ], [ -63.587266261292584, 52.764110527635872 ], [ -63.587407576056151, 52.764239383246625 ], [ -63.58754482945708, 52.764315233954143 ], [ -63.58817810373916, 52.764744310405497 ], [ -63.588383756783465, 52.764749401374466 ], [ -63.588475362123617, 52.764572526493332 ], [ -63.588908714399892, 52.764571445851026 ], [ -63.590639699858016, 52.765055373150183 ], [ -63.597248467185402, 52.767209365208117 ], [ -63.597568157761174, 52.767262008766814 ], [ -63.597633746849574, 52.767293773953675 ], [ -63.597778607434577, 52.767284221092439 ], [ -63.597904663418689, 52.767315013834683 ], [ -63.598136408372469, 52.767313126972446 ], [ -63.598225303044131, 52.767280119657997 ], [ -63.598306678845461, 52.767265279603748 ], [ -63.598588686386258, 52.767129918977489 ], [ -63.599121318178462, 52.767086709250883 ], [ -63.599435924042183, 52.767039467980347 ], [ -63.603331101612696, 52.766623527481151 ], [ -63.605447065844899, 52.767765817958036 ], [ -63.605757213061722, 52.767944560134374 ], [ -63.605872151208509, 52.76799756746145 ], [ -63.606060701848769, 52.768053969194234 ], [ -63.606643835889749, 52.768280417629363 ], [ -63.607100318789776, 52.768351810138462 ], [ -63.607250845929208, 52.768431971552353 ], [ -63.607543196934834, 52.768563566107439 ], [ -63.607707924372015, 52.768627632688961 ], [ -63.607723179055689, 52.768658424137413 ], [ -63.607836028772219, 52.768684927666826 ], [ -63.60804600900682, 52.768784470405919 ], [ -63.608122272429725, 52.768804155367832 ], [ -63.608299684964095, 52.768815507933688 ], [ -63.608484170032121, 52.768818877323362 ], [ -63.608719630041001, 52.769014556572074 ], [ -63.608765400123261, 52.769039811818772 ], [ -63.608766975507322, 52.769143711560538 ], [ -63.608977498194697, 52.769233066157803 ], [ -63.60894348617262, 52.76930981097248 ], [ -63.609009184255207, 52.769475980199559 ], [ -63.60932645094443, 52.769579471107861 ], [ -63.611617192571032, 52.770003367436544 ], [ -63.614221975840039, 52.769488761810152 ], [ -63.615940844390323, 52.770240950432481 ], [ -63.616537291099768, 52.770913579801245 ], [ -63.616755918851972, 52.771041717695681 ], [ -63.616839854947074, 52.771043214148122 ], [ -63.61700352249126, 52.771060404137323 ], [ -63.617152922262271, 52.771026466381542 ], [ -63.617235807842818, 52.771048370182896 ], [ -63.617403087598596, 52.771061561066894 ], [ -63.617468679177762, 52.771093279525886 ], [ -63.617517035664875, 52.771134858647976 ], [ -63.617570990035638, 52.771198965623626 ], [ -63.617576786976876, 52.77142312836542 ], [ -63.617584460315484, 52.771539324212526 ], [ -63.617698922905589, 52.771669659548202 ], [ -63.617681742412401, 52.771746767031111 ], [ -63.617681834175251, 52.771813966808828 ], [ -63.61764122769199, 52.77188860599253 ], [ -63.617647375169589, 52.771968124831389 ], [ -63.617399961755098, 52.772151016998052 ], [ -63.617395484471722, 52.772242563805634 ], [ -63.617639887417354, 52.773557071591817 ], [ -63.618306974203982, 52.777144779178435 ], [ -63.618339093301934, 52.777243084012262 ], [ -63.618407824932817, 52.777415382176763 ], [ -63.618577897776248, 52.77764656115896 ], [ -63.618584675915336, 52.777850355672378 ], [ -63.61864317116477, 52.777890104746547 ], [ -63.618647681182878, 52.778036008693576 ], [ -63.618575172057028, 52.778043662573268 ], [ -63.618703642816484, 52.778369820302679 ], [ -63.61873582070104, 52.778535373391456 ], [ -63.618739430999113, 52.778598576980542 ], [ -63.618818316712876, 52.778701819465283 ], [ -63.618878416673418, 52.778778210549433 ], [ -63.618956733112036, 52.778824484432313 ], [ -63.619219234022594, 52.779018581586755 ], [ -63.619230985333623, 52.779053369772889 ], [ -63.619402925390034, 52.779176660724346 ], [ -63.619446250118372, 52.779252820023594 ], [ -63.619464575716037, 52.779289764129047 ], [ -63.619445940713362, 52.77946456460343 ], [ -63.619424593482535, 52.779488622437739 ], [ -63.619131793037468, 52.779501680815606 ], [ -63.619119008504541, 52.779487219108972 ], [ -63.618872475028098, 52.77951535377769 ], [ -63.618777912966223, 52.779525863712173 ], [ -63.618675267337316, 52.779564776718992 ], [ -63.618629571708915, 52.779606726306589 ], [ -63.61856508890672, 52.77968908495437 ], [ -63.618561091517329, 52.779770459321348 ], [ -63.618571473435537, 52.779890779423773 ], [ -63.618579839928707, 52.779896160267207 ], [ -63.615956947818859, 52.790637922753703 ], [ -63.615745167959439, 52.790736822908585 ], [ -63.612241393838566, 52.792372863055199 ], [ -63.611399653185373, 52.792407027276859 ], [ -63.610250875960915, 52.791967256466435 ], [ -63.608887604676283, 52.791105697522369 ], [ -63.606698506127096, 52.790935794784737 ], [ -63.606050715257823, 52.791020952551378 ], [ -63.60594881231912, 52.791503770786171 ], [ -63.605487659106082, 52.792259106872287 ], [ -63.602958687728083, 52.793942782246589 ], [ -63.595398966525821, 52.794277501250924 ], [ -63.596511932993003, 52.795570724424941 ], [ -63.601808663803837, 52.801724036020865 ], [ -63.602922295198034, 52.803672875469701 ], [ -63.601852944539559, 52.804290129444382 ], [ -63.599890978118701, 52.804080461806279 ], [ -63.599562261548527, 52.804045328192274 ], [ -63.597358577820017, 52.805213714073908 ], [ -63.595770879648533, 52.805592581277523 ], [ -63.595842085065165, 52.806005990519381 ], [ -63.595917476099075, 52.806247703750707 ], [ -63.59592668582173, 52.806602306867028 ], [ -63.596112440737272, 52.807721375851294 ], [ -63.59380724619519, 52.807955185612265 ], [ -63.593444305624935, 52.808124273524911 ], [ -63.592047484043327, 52.809051224653309 ], [ -63.595405918214333, 52.81571778954816 ], [ -63.599747582843001, 52.824318909209289 ], [ -63.599413800690982, 52.824540989492583 ], [ -63.599323380081941, 52.825142202620711 ], [ -63.598751499635533, 52.825689890312866 ], [ -63.598503068374669, 52.825836839889519 ], [ -63.597816087281053, 52.826243191811123 ], [ -63.597547501470991, 52.826507189944302 ], [ -63.596758234564959, 52.826812780468494 ], [ -63.59534739862081, 52.826524109371647 ], [ -63.595350394907562, 52.826328690784408 ], [ -63.59511720276538, 52.82614918754539 ], [ -63.594991909478409, 52.826098116612059 ], [ -63.594239507122744, 52.826080308257495 ], [ -63.59036458093221, 52.830421404555956 ], [ -63.5904493226707, 52.831421092430887 ], [ -63.590028343159581, 52.832539469934723 ], [ -63.588487110790943, 52.835212133407296 ], [ -63.584915279472611, 52.841404527293356 ], [ -63.589320202149359, 52.843393796874231 ], [ -63.589788792597119, 52.843594108592548 ], [ -63.590255384488721, 52.844087397403023 ], [ -63.590676212317447, 52.844286605482282 ], [ -63.590707689784615, 52.844327901140744 ], [ -63.590820806812438, 52.844354416362918 ], [ -63.591054103973207, 52.844533798560647 ], [ -63.591239497923993, 52.844728699579584 ], [ -63.591408692099229, 52.845114794605422 ], [ -63.59141888239936, 52.845314608964969 ], [ -63.591095100919198, 52.845602014778656 ], [ -63.591164510034623, 52.846100304382254 ], [ -63.591019058849952, 52.846293646118774 ], [ -63.590977091915811, 52.846349406677376 ], [ -63.590956793288058, 52.846487608129962 ], [ -63.591361195262088, 52.846877908116383 ], [ -63.591448876779118, 52.847009903041808 ], [ -63.591448891499226, 52.84714430890434 ], [ -63.591566110854849, 52.847358304686779 ], [ -63.591702619264673, 52.847454497975363 ], [ -63.591707688264101, 52.847487197177259 ], [ -63.59194409931542, 52.847605600733338 ], [ -63.592083600362322, 52.847640700115569 ], [ -63.592457498557096, 52.847835000879819 ], [ -63.592495310034167, 52.848157499119147 ], [ -63.592552389178714, 52.848227788364063 ], [ -63.593090309913634, 52.848506498570337 ], [ -63.593618102494538, 52.848854295948605 ], [ -63.59369558095846, 52.849055298942297 ], [ -63.593836187032203, 52.84933899551951 ], [ -63.594170472064299, 52.849654705439043 ], [ -63.594799111084185, 52.850004307785198 ], [ -63.594977498951195, 52.850207200194717 ], [ -63.595201620902628, 52.850300895245809 ], [ -63.595376918581898, 52.850430393515538 ], [ -63.595359619435577, 52.850507503339607 ], [ -63.595193610746662, 52.850732616632072 ], [ -63.595206906207295, 52.850871396712016 ], [ -63.595298603001588, 52.850921896013048 ], [ -63.595302707285654, 52.850975006308765 ], [ -63.595381081273587, 52.851021203221983 ], [ -63.595386211145382, 52.851053890273448 ], [ -63.596120916869566, 52.851438004160308 ], [ -63.597023817613206, 52.852094095067713 ], [ -63.597591301588416, 52.852320308510272 ], [ -63.597744113656965, 52.852359808039964 ], [ -63.597892912521452, 52.852480592525154 ], [ -63.597897115061812, 52.852668098605122 ], [ -63.598038714709773, 52.852797007983199 ], [ -63.59845438782552, 52.852829002907946 ], [ -63.598704081798168, 52.853086093035031 ], [ -63.599041480472657, 52.853340800164005 ], [ -63.599191606310328, 52.854113514911838 ], [ -63.599261999299792, 52.854322606106152 ], [ -63.599618683978797, 52.854593903558971 ], [ -63.599623817924204, 52.854626590732842 ], [ -63.599784435929472, 52.854686315249168 ], [ -63.600522589251597, 52.854960683041327 ], [ -63.601202198674045, 52.855099306056609 ], [ -63.60155778939216, 52.855256484582895 ], [ -63.601782107339289, 52.855484691160079 ], [ -63.60205528894349, 52.855676984974714 ], [ -63.602307990542513, 52.855738691762369 ], [ -63.602786777328184, 52.855718799566468 ], [ -63.603368392765105, 52.855391203129692 ], [ -63.603675111458188, 52.855315293966633 ], [ -63.603983800122116, 52.855333110162071 ], [ -63.604788917483695, 52.855657392816539 ], [ -63.605492988604091, 52.855845300391437 ], [ -63.607056404239685, 52.856488801111198 ], [ -63.607073716829412, 52.856546202628991 ], [ -63.607761689945136, 52.856925298478437 ], [ -63.607829000178469, 52.85692651086795 ], [ -63.608879909126287, 52.857589215383236 ], [ -63.60894720394505, 52.857590508714765 ], [ -63.609295723744836, 52.857755694058064 ], [ -63.610365792059113, 52.858031708837473 ], [ -63.61077761249166, 52.858279492325202 ], [ -63.610945097500895, 52.858706208018333 ], [ -63.610927993149495, 52.8590522010523 ], [ -63.611142098730781, 52.860579800933181 ], [ -63.610983510018755, 52.861065816180805 ], [ -63.610776914766284, 52.861432891263448 ], [ -63.610424003383052, 52.8623106141359 ], [ -63.610405790294976, 52.862542506598153 ], [ -63.610178898849668, 52.86304760800958 ], [ -63.609252398206422, 52.864224598368281 ], [ -63.609168992427641, 52.864414605412477 ], [ -63.609069404636699, 52.864496305770125 ], [ -63.609042704051859, 52.864518206702549 ], [ -63.608926608975921, 52.864687300619636 ], [ -63.608929398058713, 52.864913606196851 ], [ -63.608932020178791, 52.865123295470703 ], [ -63.608851692618906, 52.865386687867151 ], [ -63.608692515338554, 52.865546081232253 ], [ -63.608540007709742, 52.865698809321351 ], [ -63.608338278391848, 52.865829607474126 ], [ -63.608076820609803, 52.866354502062045 ], [ -63.607910819817157, 52.866579703667583 ], [ -63.607902704614361, 52.866742503903275 ], [ -63.607817187282009, 52.866838690280865 ], [ -63.607791908263131, 52.867078697813845 ], [ -63.607424289658873, 52.867569097705861 ], [ -63.606492014401688, 52.868041089452561 ], [ -63.605771884327574, 52.868716600385582 ], [ -63.605504021817964, 52.868960296598608 ], [ -63.605444905103738, 52.869065098710642 ], [ -63.605485800868166, 52.869326595631719 ], [ -63.605449193245597, 52.869387109196573 ], [ -63.605673491196406, 52.869480798156815 ], [ -63.606090276850537, 52.869492399250966 ], [ -63.60691290898, 52.869470605356788 ], [ -63.60720739906089, 52.869504489156121 ], [ -63.607269968855199, 52.869537179474264 ], [ -63.6074175214966, 52.869614202724115 ], [ -63.607725509472402, 52.869921307868253 ], [ -63.608133411285273, 52.870250504790164 ], [ -63.608738865446853, 52.870417201823898 ], [ -63.608957119965318, 52.870477298830828 ], [ -63.609280215514538, 52.870490079725762 ], [ -63.609376667790009, 52.870419889552394 ], [ -63.611518001996536, 52.868861038833565 ], [ -63.61436799616655, 52.877528580155101 ], [ -63.619888292551288, 52.87740578662747 ], [ -63.623338177907158, 52.87511755448552 ], [ -63.619362479112837, 52.869978582449853 ], [ -63.62416284413132, 52.862373185340445 ], [ -63.617635809380687, 52.857783186834219 ], [ -63.610022036010491, 52.854876650209675 ], [ -63.606626627497313, 52.849903560950054 ], [ -63.60996407039481, 52.844160148892456 ], [ -63.616448052734192, 52.841606168220004 ], [ -63.618844636957128, 52.842154018276155 ], [ -63.627902213106474, 52.845618793419483 ], [ -63.63793804624094, 52.846939167392627 ], [ -63.640061251857688, 52.847835559452896 ], [ -63.65212495951949, 52.852875489646621 ], [ -63.658290368174043, 52.852224188430846 ], [ -63.671808616150862, 52.855112229199932 ], [ -63.676560169342302, 52.852057193066898 ], [ -63.676078447709529, 52.849066898866091 ], [ -63.673579628544104, 52.848348732406002 ], [ -63.65876169592817, 52.843517857547013 ], [ -63.641714440139502, 52.83732903085739 ], [ -63.639405993142333, 52.833669306993471 ], [ -63.640089268386916, 52.831298799354471 ], [ -63.644121993118091, 52.823760042883002 ], [ -63.653031214770706, 52.814203192470501 ], [ -63.660064117114786, 52.811236668642046 ], [ -63.672957174742763, 52.810098674398027 ], [ -63.680401079324717, 52.808105143242194 ], [ -63.689823402644478, 52.808390911342649 ], [ -63.692982080419043, 52.814573689884192 ], [ -63.69638024791152, 52.813839594338837 ], [ -63.694695864493561, 52.80907876899181 ], [ -63.694841028334864, 52.804986351254001 ], [ -63.700685225917823, 52.803530007355342 ], [ -63.711896076665248, 52.803330261592542 ], [ -63.717537344949868, 52.801529880324829 ], [ -63.719539419734609, 52.798969283214198 ], [ -63.717953777149816, 52.79438057429865 ], [ -63.714065859289832, 52.786422228977692 ], [ -63.723776109586673, 52.78693162082547 ], [ -63.730728057034213, 52.787360566914899 ], [ -63.733456201536733, 52.786576344589392 ], [ -63.733961216051803, 52.784726237656812 ], [ -63.73186946987326, 52.781987994897975 ], [ -63.725777482329072, 52.778955643752262 ], [ -63.719423654100041, 52.776560010537857 ], [ -63.721485613442795, 52.770311801117487 ], [ -63.723485449211005, 52.770458953509497 ], [ -63.730030364146216, 52.77020182004344 ], [ -63.735999480247251, 52.76977890010528 ], [ -63.741079355513989, 52.768387868052685 ], [ -63.751623422262867, 52.768422895014375 ], [ -63.754704586545735, 52.769592208738111 ], [ -63.759757112658797, 52.772751755060106 ], [ -63.764364297871602, 52.774073485096018 ], [ -63.772222152047519, 52.773335424427351 ], [ -63.778177378445065, 52.769914608614982 ], [ -63.783356962461347, 52.768693012964064 ], [ -63.797997663257675, 52.766479124574836 ], [ -63.804749380495267, 52.764140559649604 ], [ -63.809910995375162, 52.759922247178338 ], [ -63.818975272193185, 52.758530482296258 ], [ -63.834650097032934, 52.763728775150526 ], [ -63.850417213900819, 52.771227978695642 ], [ -63.85411100792534, 52.773422818470131 ], [ -63.858926590602337, 52.772663486786151 ], [ -63.867301598750728, 52.773063213026283 ], [ -63.872941265669844, 52.77396224641673 ], [ -63.878821010333866, 52.766388637956062 ], [ -63.883488588906161, 52.764305241759963 ], [ -63.893918598430041, 52.763866676029416 ], [ -63.88848349851569, 52.758472261298941 ], [ -63.883343575900426, 52.753303842584991 ], [ -63.888641022777662, 52.750073653339349 ], [ -63.892963280429242, 52.750073001958306 ], [ -63.903463355584037, 52.753070156780026 ], [ -63.914661491597791, 52.757687969064605 ], [ -63.919508528680332, 52.757789518939717 ], [ -63.921258662287286, 52.756438687536132 ], [ -63.921062618411739, 52.751544748555609 ], [ -63.920488526648342, 52.7500646617288 ], [ -63.919262990696701, 52.746904936740208 ], [ -63.922842960419985, 52.746218444191889 ], [ -63.922762165626771, 52.744203341758229 ], [ -63.918230132052273, 52.74006478782993 ], [ -63.921196880926935, 52.735930966410805 ], [ -63.937417232990647, 52.731024294994668 ], [ -63.959170755257816, 52.729257595883141 ], [ -63.969405285727319, 52.726625326246435 ], [ -63.982734902708145, 52.725442363838532 ], [ -63.985999704426675, 52.726371547719971 ], [ -63.999999997235058, 52.733477172065719 ], [ -64.007041038871947, 52.73704911432722 ], [ -64.013717149598193, 52.737809089642035 ], [ -64.016497234900257, 52.738456922594629 ], [ -64.029559741802416, 52.737617841724621 ], [ -64.037274828765646, 52.738244710415088 ], [ -64.038161383663166, 52.736790394463448 ], [ -64.035399963813006, 52.732167847865462 ], [ -64.039304849248907, 52.725884180688347 ], [ -64.053517745781036, 52.723237973128988 ], [ -64.062895029857089, 52.725046027119411 ], [ -64.079534788773273, 52.736586665477162 ], [ -64.083290447002256, 52.735661347603916 ], [ -64.089634994459047, 52.733195722281209 ], [ -64.104911429381985, 52.733117533217985 ], [ -64.12422402882585, 52.732048017333803 ], [ -64.137382393774942, 52.729235081475913 ], [ -64.140493297967822, 52.726705480058364 ], [ -64.144583172254841, 52.718628705103811 ], [ -64.147580415755115, 52.7137032259309 ], [ -64.14208012674969, 52.709590747605958 ], [ -64.13251962591562, 52.703760466717945 ], [ -64.125830561986575, 52.698457537071278 ], [ -64.124437059784938, 52.692755983725206 ], [ -64.127657822334115, 52.686423269988801 ], [ -64.1328522914026, 52.683916853104009 ], [ -64.138185616878744, 52.680313356408298 ], [ -64.144975095075978, 52.675417745916072 ], [ -64.153494218944402, 52.673142061464453 ], [ -64.163993490481289, 52.676822495683162 ], [ -64.167566635518028, 52.678259047793759 ], [ -64.170854358019099, 52.67762665594185 ], [ -64.17298998887297, 52.670562467290701 ], [ -64.158882483053929, 52.658477326869665 ], [ -64.157465552659531, 52.652395950872013 ], [ -64.152968882837087, 52.647288640734075 ], [ -64.153124643820206, 52.640374335841628 ], [ -64.156389345351741, 52.635192709567448 ], [ -64.163316776463589, 52.627356673287395 ], [ -64.170057933451034, 52.623727886051896 ], [ -64.170121341222384, 52.616930733577817 ], [ -64.168476550508444, 52.612063604094828 ], [ -64.161124470904369, 52.60856121471884 ], [ -64.15455037296347, 52.603432574085488 ], [ -64.161079596428124, 52.597331813219114 ], [ -64.167730631524606, 52.59595091585205 ], [ -64.168453257138736, 52.593174218822803 ], [ -64.170156452948689, 52.589113741910154 ], [ -64.171538493031861, 52.584252586918048 ], [ -64.173926933879841, 52.584787335934408 ], [ -64.187537898242837, 52.590771619687658 ], [ -64.194675804153064, 52.595773033225804 ], [ -64.198606738427316, 52.594898205463821 ], [ -64.204196388022183, 52.589099090962961 ], [ -64.19912019874188, 52.581701343082869 ], [ -64.200544851743913, 52.579833634152983 ], [ -64.205809304990709, 52.577207609019226 ], [ -64.222571216816846, 52.581807404250789 ], [ -64.225699423509639, 52.581982366655566 ], [ -64.224761402583411, 52.580156158202165 ], [ -64.211121161160492, 52.573601503062328 ], [ -64.199267771616007, 52.560737337395267 ], [ -64.191404845525184, 52.554252302963199 ], [ -64.17836705561102, 52.548144295820279 ], [ -64.1702205983688, 52.543563070670274 ], [ -64.17043866054226, 52.54419273277226 ], [ -64.166879137496196, 52.536653304844648 ], [ -64.170084192528833, 52.532452471848046 ], [ -64.167081148808123, 52.528761495876594 ], [ -64.151948552379494, 52.519923145138584 ], [ -64.152407380515896, 52.515450567298174 ], [ -64.157303405618762, 52.509033715329188 ], [ -64.156874529511157, 52.503801755317674 ], [ -64.150955075163566, 52.500071735621837 ], [ -64.148565285326498, 52.497526621727808 ], [ -64.144710734580357, 52.49160464458943 ], [ -64.144903889656106, 52.483426267960368 ], [ -64.142807291786511, 52.47672620615306 ], [ -64.142592584530178, 52.467864306555768 ], [ -64.137081503686517, 52.4565019490664 ], [ -64.135237005007511, 52.444905093361108 ], [ -64.128577252623174, 52.437188936423475 ], [ -64.127786208789743, 52.434266601659232 ], [ -64.13373190142859, 52.428295036437248 ], [ -64.134974101078612, 52.424532629784167 ], [ -64.132593960973452, 52.421867521331905 ], [ -64.128016054110589, 52.42056331305745 ], [ -64.121876887498942, 52.422220680079839 ], [ -64.114718129526352, 52.420038227506282 ], [ -64.109376575370121, 52.414256444116788 ], [ -64.107417150192703, 52.408303138435741 ], [ -64.118953573176498, 52.403218064621242 ], [ -64.118228351249456, 52.401733771038522 ], [ -64.109229088468737, 52.394056718875795 ], [ -64.110447820041813, 52.391849327624719 ], [ -64.115463756812886, 52.388312256317093 ], [ -64.122284177021456, 52.38727701250847 ], [ -64.127019103655286, 52.383801674034167 ], [ -64.138011859322262, 52.366925789825345 ], [ -64.157056639394412, 52.362986019184447 ], [ -64.166148250186751, 52.364441130861813 ], [ -64.167424994468917, 52.361541580919237 ], [ -64.166408046229989, 52.3445139384703 ], [ -64.162963622305611, 52.341120434973199 ], [ -64.158354713486659, 52.338955359655856 ], [ -64.161504892439169, 52.333894713022595 ], [ -64.181234029112119, 52.335970391479933 ], [ -64.1827742555637, 52.332720992021152 ], [ -64.171976163508504, 52.330779227932098 ], [ -64.169192016355012, 52.32743222707645 ], [ -64.173282502968505, 52.324484235150621 ], [ -64.16789651086394, 52.319686179084208 ], [ -64.164742324887612, 52.314389105010861 ], [ -64.167686199723761, 52.308986910432225 ], [ -64.16945643301743, 52.30665465259424 ], [ -64.180052809124859, 52.306413375715294 ], [ -64.184614124881023, 52.305585892104247 ], [ -64.182835204687663, 52.303660514313634 ], [ -64.186177921428168, 52.296812437972442 ], [ -64.189613064592407, 52.291976643998858 ], [ -64.191571370504704, 52.289698357611528 ], [ -64.194552897786195, 52.291257185859877 ], [ -64.197572755490086, 52.297648654421934 ], [ -64.199634547512389, 52.305610622428745 ], [ -64.207054534136077, 52.311694476133646 ], [ -64.210242172325948, 52.313594637821552 ], [ -64.216224420351637, 52.313028348226631 ], [ -64.220452595921216, 52.3111118712593 ], [ -64.225550213406592, 52.307741157397913 ], [ -64.225583270510398, 52.302504222910834 ], [ -64.220377411312072, 52.299604759559251 ], [ -64.214275292178655, 52.297584080207784 ], [ -64.206889984376502, 52.294204775721902 ], [ -64.209813915689324, 52.28454406458517 ], [ -64.21448094369255, 52.282044805461467 ], [ -64.221857648543846, 52.283294624477648 ], [ -64.224839878430657, 52.284852576107617 ], [ -64.232680016969638, 52.28793466189834 ], [ -64.235070910258955, 52.286913662126352 ], [ -64.234464941017933, 52.28366397808265 ], [ -64.238755447245424, 52.27747692709255 ], [ -64.246561354191812, 52.275396656757906 ], [ -64.243536940203455, 52.271668854923085 ], [ -64.236528494967487, 52.263939452413418 ], [ -64.23312903105662, 52.262254801816617 ], [ -64.221216478856476, 52.261012918418075 ], [ -64.217554889331964, 52.257101979697374 ], [ -64.218802049309488, 52.253394671415769 ], [ -64.220869448800045, 52.250031046828809 ], [ -64.222176621220399, 52.247903993303012 ], [ -64.223559847640004, 52.24041234931466 ], [ -64.219797091394128, 52.237667196070284 ], [ -64.228109282253641, 52.22976121796507 ], [ -64.233995480827886, 52.224031531878111 ], [ -64.23173153382983, 52.22290853183555 ], [ -64.229011452672296, 52.22547843660103 ], [ -64.223993051276224, 52.229543859431608 ], [ -64.220299921412447, 52.228252134796946 ], [ -64.213508992596061, 52.224882021095851 ], [ -64.20973780149103, 52.218549071070385 ], [ -64.210230740320682, 52.212237624939497 ], [ -64.209947159707937, 52.202837272193172 ], [ -64.203687953853319, 52.197227348476886 ], [ -64.198402977906213, 52.188788267286327 ], [ -64.197663662969177, 52.18308090798746 ], [ -64.200692859332037, 52.177016349002116 ], [ -64.193219148675666, 52.168907026946925 ], [ -64.18826832768616, 52.16414641570649 ], [ -64.178504274486016, 52.15753074611802 ], [ -64.168297693876525, 52.151503682973953 ], [ -64.160797447891454, 52.146010728959808 ], [ -64.164720891414447, 52.138769228759394 ], [ -64.177411025415779, 52.133798693189654 ], [ -64.16467301678739, 52.123938437530299 ], [ -64.166359852246472, 52.116057446998589 ], [ -64.172987257966611, 52.112937387127801 ], [ -64.180326606251555, 52.115038914393153 ], [ -64.186605718915743, 52.118030951545208 ], [ -64.191141413387584, 52.120762509650355 ], [ -64.193043118963004, 52.12441268792729 ], [ -64.198492744413414, 52.126449322368437 ], [ -64.211206622309405, 52.13223453010059 ], [ -64.224813882682596, 52.136839034891096 ], [ -64.236507503344413, 52.140894684517335 ], [ -64.242429319711306, 52.142823746335949 ], [ -64.249926162706515, 52.144723943747778 ], [ -64.251236322732694, 52.142470428454594 ], [ -64.242175194951628, 52.137496381629745 ], [ -64.236274272804721, 52.129362686482743 ], [ -64.244846995340481, 52.124167048224031 ], [ -64.250331358309865, 52.123582972251434 ], [ -64.25385294113515, 52.121483272244369 ], [ -64.256433008374472, 52.11290574046339 ], [ -64.246041047774682, 52.103013168747971 ], [ -64.2566231183296, 52.097198810788747 ], [ -64.255619188801802, 52.095956983374116 ], [ -64.251844807858816, 52.092729944693609 ], [ -64.249698528530985, 52.087340819468984 ], [ -64.251537782436131, 52.079746990064891 ], [ -64.261684500514363, 52.078108161291723 ], [ -64.267893764788766, 52.079642290017745 ], [ -64.27243785729236, 52.079268092267242 ], [ -64.278731590669253, 52.076050542251785 ], [ -64.288031325835675, 52.079658861251886 ], [ -64.291866020443109, 52.077649160058954 ], [ -64.289933730070501, 52.073517108529835 ], [ -64.287346204631334, 52.065617115349554 ], [ -64.281057221232459, 52.055944188623698 ], [ -64.272750760309535, 52.049991273176126 ], [ -64.26929815133272, 52.046856397582424 ], [ -64.271194683401873, 52.043817095301151 ], [ -64.279378349844151, 52.037560546592658 ], [ -64.277440422686325, 52.035388483117757 ], [ -64.27223362661141, 52.029551363931645 ], [ -64.266195051247507, 52.021618541271501 ], [ -64.254846278619624, 52.0109722485048 ], [ -64.246516349802448, 52.000948682528616 ], [ -64.246512679901244, 52.000004178306206 ], [ -64.246502471050164, 51.997363490176568 ], [ -64.238203773409438, 51.994509894098073 ], [ -64.233951751068801, 51.990904413296192 ], [ -64.233631059309616, 51.984127221473365 ], [ -64.237105053851678, 51.97795992568458 ], [ -64.261971396629875, 51.976247754009982 ], [ -64.280099659093281, 51.974751312946026 ], [ -64.287884502237716, 51.97673881295654 ], [ -64.293531278817056, 51.983126113525209 ], [ -64.299184924957927, 51.986412244951211 ], [ -64.30903061074261, 51.988747368989465 ], [ -64.313559934802015, 51.991472476368131 ], [ -64.320247161860792, 51.993381460356524 ], [ -64.322966057973005, 51.994396057412729 ], [ -64.326932197224153, 51.998391088284414 ], [ -64.326856014186106, 52.000064568516379 ], [ -64.326782116529216, 52.00168879243445 ], [ -64.322271493200745, 52.00254937922886 ], [ -64.322857376846159, 52.004864097374103 ], [ -64.331116130982366, 52.006742807238311 ], [ -64.338518652191496, 52.007183533659095 ], [ -64.351191981162543, 52.006262964558559 ], [ -64.358275942207896, 52.006611456461322 ], [ -64.361045884137724, 52.005492093812208 ], [ -64.356094840816326, 52.003842989448273 ], [ -64.347958254143052, 52.001285583542909 ], [ -64.347322466716008, 52.000072088248082 ], [ -64.346048119761733, 51.99763961581322 ], [ -64.34359991353233, 51.992647259878538 ], [ -64.339656891846317, 51.989136988394876 ], [ -64.341692241678501, 51.985900316208429 ], [ -64.34583347908459, 51.983980004774303 ], [ -64.351566495766889, 51.982513494019535 ], [ -64.357200949136654, 51.982211459267305 ], [ -64.358769085547934, 51.979080353675585 ], [ -64.354752248929188, 51.97721959019399 ], [ -64.345299321720987, 51.973330965777372 ], [ -64.342975476579355, 51.967658296181135 ], [ -64.343983370015351, 51.959596508411032 ], [ -64.344477226830335, 51.950672706509415 ], [ -64.349644093163363, 51.944275654884272 ], [ -64.347515623898914, 51.942475530058459 ], [ -64.345070645662204, 51.937484007798922 ], [ -64.349403167929978, 51.933234740165815 ], [ -64.356132048846774, 51.929908070444498 ], [ -64.35725776594083, 51.927367299628784 ], [ -64.349773945205143, 51.921891783197339 ], [ -64.345764743810918, 51.91693063630008 ], [ -64.34429935285668, 51.912695842774305 ], [ -64.344081330911379, 51.908340320359507 ], [ -64.342934248851023, 51.904196391143451 ], [ -64.341935788773654, 51.896755803494315 ], [ -64.340057264557885, 51.890494704725313 ], [ -64.351739948099336, 51.889301980971162 ], [ -64.353035782693922, 51.887048913900195 ], [ -64.352328342315175, 51.882315622327148 ], [ -64.351842356168362, 51.872637686681237 ], [ -64.352015857007885, 51.863625443752554 ], [ -64.353604725276909, 51.857879650239845 ], [ -64.3541916710751, 51.853993669381481 ], [ -64.352703425151418, 51.849275943397217 ], [ -64.348506212753435, 51.843544862784242 ], [ -64.344310221301868, 51.837813710991398 ], [ -64.338702065385505, 51.828816334148478 ], [ -64.333411221015268, 51.823009144184937 ], [ -64.327389217020396, 51.818184258992694 ], [ -64.320928953714841, 51.813948543983116 ], [ -64.315151654128172, 51.810861783410772 ], [ -64.30649923294736, 51.806473045537359 ], [ -64.302455187576939, 51.803643616476251 ], [ -64.300535170549537, 51.799515184151424 ], [ -64.301173725223947, 51.796597795495593 ], [ -64.304398546323497, 51.792275968416035 ], [ -64.307159349261553, 51.788059671448543 ], [ -64.305797564385102, 51.785761077049116 ], [ -64.304317695744899, 51.781043612890421 ], [ -64.305692699279518, 51.77404519441329 ], [ -64.305942802815153, 51.76958587475179 ], [ -64.304831930014387, 51.762828146619043 ], [ -64.301893297304886, 51.756976445203961 ], [ -64.298827630829976, 51.754903680549269 ], [ -64.28928693450122, 51.75120897099459 ], [ -64.287219663940547, 51.750038633461571 ], [ -64.284154070598916, 51.74830292788139 ], [ -64.278289317054004, 51.746378549819553 ], [ -64.274037106892933, 51.742293760269497 ], [ -64.276411514380712, 51.736536857571686 ], [ -64.283142659061227, 51.730602106129922 ], [ -64.290527686199468, 51.725332542596249 ], [ -64.293988160019097, 51.722750322559556 ], [ -64.294602458388553, 51.719349978156686 ], [ -64.296510022767606, 51.713698508121944 ], [ -64.30150262919048, 51.710603248374021 ], [ -64.306928790445269, 51.710016904339213 ], [ -64.303187047440872, 51.706795549078741 ], [ -64.305210864306375, 51.703562363276255 ], [ -64.312730142529034, 51.70119349679122 ], [ -64.32238967309604, 51.698008850228454 ], [ -64.325627958748669, 51.694171296046513 ], [ -64.324342931031836, 51.690226297949195 ], [ -64.322062536338592, 51.685041691245118 ], [ -64.327830257831479, 51.678832546514855 ], [ -64.334326015978149, 51.671641082976286 ], [ -64.337125206351388, 51.665294802905549 ], [ -64.343540321710947, 51.665946029517109 ], [ -64.350052264701205, 51.668531184642454 ], [ -64.358922540614671, 51.671554336377646 ], [ -64.365946409500026, 51.668803968991988 ], [ -64.370102084943809, 51.667851700324441 ], [ -64.377537225125067, 51.664027604313084 ], [ -64.385093773942415, 51.662620838289271 ], [ -64.391023009672523, 51.662891396288394 ], [ -64.395592202603311, 51.663962969293451 ], [ -64.406751613726598, 51.669066618107131 ], [ -64.417331640658787, 51.674955270670658 ], [ -64.422996895815771, 51.676100657863628 ], [ -64.424622895745188, 51.674422215593069 ], [ -64.429886219631669, 51.667830005247929 ], [ -64.432233474912636, 51.662070832189741 ], [ -64.431324056715809, 51.65944527292713 ], [ -64.430768290504616, 51.657840559115506 ], [ -64.434303174583974, 51.65099270678602 ], [ -64.442469838169728, 51.644435088827493 ], [ -64.449102981588084, 51.634426446143237 ], [ -64.456636700210098, 51.626819368660705 ], [ -64.472689564348372, 51.617685556989485 ], [ -64.490889847285246, 51.609082192162951 ], [ -64.4999999956745, 51.607156306293078 ], [ -64.507645025075405, 51.605539399323696 ], [ -64.522608714483255, 51.597675565366849 ], [ -64.534948826441521, 51.59025232747431 ], [ -64.541577488528148, 51.586433666991596 ], [ -64.544877116480365, 51.581427041978181 ], [ -64.548503534560069, 51.573896846920398 ], [ -64.554355793036066, 51.57580471257706 ], [ -64.557211729922358, 51.579712228375811 ], [ -64.561753559226432, 51.586003548812691 ], [ -64.567795537386573, 51.591294605775424 ], [ -64.575371031892743, 51.601779678138108 ], [ -64.581995244171395, 51.606283282256015 ], [ -64.587302988203547, 51.609459811069762 ], [ -64.590435095622411, 51.618201295713462 ], [ -64.596874492621637, 51.627645608897829 ], [ -64.601057532539542, 51.632879213972799 ], [ -64.602159092142571, 51.630338099724938 ], [ -64.606656609452742, 51.627335648020612 ], [ -64.614397131147925, 51.626682254029241 ], [ -64.62417182788441, 51.628984713808016 ], [ -64.623174483044906, 51.636074052413974 ], [ -64.623675945495165, 51.642162387473093 ], [ -64.625965834313206, 51.646856056953254 ], [ -64.623310930279885, 51.649431762738821 ], [ -64.616886398392211, 51.651412365423035 ], [ -64.616948156572761, 51.651997713178929 ], [ -64.617222696398088, 51.654600032140337 ], [ -64.618211941767896, 51.661065373662687 ], [ -64.621100565122106, 51.668070047300333 ], [ -64.62604816876069, 51.670188244266441 ], [ -64.633129534477689, 51.671484560390589 ], [ -64.640438916148725, 51.674034065454947 ], [ -64.637776976480595, 51.679224868484461 ], [ -64.64133157234015, 51.686892545289396 ], [ -64.644720928449445, 51.691659016387192 ], [ -64.641735679574055, 51.699375038989217 ], [ -64.639878239476062, 51.70503261807611 ], [ -64.646799478493065, 51.703426692184181 ], [ -64.653547815867256, 51.701533641223286 ], [ -64.66643258463499, 51.700664991840029 ], [ -64.677383685882802, 51.701387632842554 ], [ -64.678073877459056, 51.702534140652112 ], [ -64.681148792940135, 51.709824665498012 ], [ -64.684550992452216, 51.709360603313144 ], [ -64.691615538520878, 51.707554697652675 ], [ -64.691901613932203, 51.70977555279994 ], [ -64.688117398071924, 51.717027400685843 ], [ -64.696418510377555, 51.720325890862789 ], [ -64.703135186186159, 51.723175594708515 ], [ -64.70033581551678, 51.72595084887022 ], [ -64.700911248690176, 51.72777789088034 ], [ -64.705872207565761, 51.72727771208622 ], [ -64.707861084171427, 51.729266214649265 ], [ -64.709012755175905, 51.732920189769487 ], [ -64.710913669786507, 51.738687804427528 ], [ -64.710852535214258, 51.745565642693442 ], [ -64.707866669443959, 51.75004273372285 ], [ -64.706982639131709, 51.751368128715285 ], [ -64.706374815100943, 51.754287578664673 ], [ -64.709750601526082, 51.75595409790332 ], [ -64.715956072803422, 51.755328270495887 ], [ -64.724730145165438, 51.753287209451962 ], [ -64.730906112634187, 51.752176834477559 ], [ -64.736014366413229, 51.75409323803089 ], [ -64.737198351061537, 51.758230814802559 ], [ -64.739421548624577, 51.76147271206294 ], [ -64.744760929792719, 51.75941221257829 ], [ -64.755498063358786, 51.758872829783812 ], [ -64.762467025772366, 51.755991384016689 ], [ -64.763865480870848, 51.755288073929741 ], [ -64.773098727435254, 51.753135226007508 ], [ -64.778179745263486, 51.754565930087374 ], [ -64.787707598728176, 51.757247824776918 ], [ -64.79403477668879, 51.761166831495238 ], [ -64.799012405320482, 51.768507678783941 ], [ -64.80194101223691, 51.775509570785246 ], [ -64.805382199234927, 51.778140314714392 ], [ -64.811763509884486, 51.777795106863721 ], [ -64.821287247719624, 51.775243473389679 ], [ -64.838423999025721, 51.769602284354072 ], [ -64.847815020197729, 51.762498656298611 ], [ -64.859770486096735, 51.763953081235641 ], [ -64.867777902409117, 51.767148980337872 ], [ -64.872176530196981, 51.770044837415398 ], [ -64.877140596144187, 51.769536322633755 ], [ -64.883919892538529, 51.768111311649278 ], [ -64.892237329307889, 51.768779200071364 ], [ -64.902555889903326, 51.771431396016808 ], [ -64.915133225030146, 51.775189134644968 ], [ -64.924675344963575, 51.777858459753482 ], [ -64.928846986254186, 51.774751529525034 ], [ -64.93480089044489, 51.7702437048709 ], [ -64.938639099433871, 51.764432339602742 ], [ -64.937210063348772, 51.761658843958948 ], [ -64.934012368137601, 51.762901172349913 ], [ -64.927746613990934, 51.762573077053418 ], [ -64.919828859327197, 51.760832595877382 ], [ -64.918357632707739, 51.754960178639095 ], [ -64.920825850108571, 51.752089740575663 ], [ -64.924069171030311, 51.750064497668433 ], [ -64.92502631087369, 51.749466773496557 ], [ -64.927636992064478, 51.746398919178418 ], [ -64.922981534383382, 51.744383799064543 ], [ -64.916401040908212, 51.743966078211301 ], [ -64.912432119787141, 51.740480513638225 ], [ -64.90984716632714, 51.736670054665048 ], [ -64.916445154877607, 51.734956778294361 ], [ -64.919279776446942, 51.730527666076192 ], [ -64.920064516737909, 51.725762058577523 ], [ -64.924903073172899, 51.718571068749647 ], [ -64.93070578649305, 51.714261565199735 ], [ -64.937567737289442, 51.714283732358155 ], [ -64.944524064051791, 51.715755926854641 ], [ -64.950894013353732, 51.715402141951238 ], [ -64.957676423823159, 51.716587273020338 ], [ -64.972354519166714, 51.721640092269759 ], [ -64.979043944128136, 51.726119512752696 ], [ -64.987038341241075, 51.73143712545383 ], [ -64.993048575946446, 51.737386180104799 ], [ -64.996309637483137, 51.741855539295116 ], [ -64.994547718196969, 51.745872226314788 ], [ -64.997616877919071, 51.747440487330245 ], [ -64.999232073410951, 51.747659329866309 ], [ -64.999232039548403, 51.749991874955967 ], [ -64.99923202517725, 51.750000940429572 ], [ -64.999999995588524, 51.749999988416079 ], [ -65.008279564327111, 51.750009776942285 ], [ -65.009527214905546, 51.750525371940974 ], [ -65.014141908748655, 51.754184607851094 ], [ -65.020523469034629, 51.758573095070915 ], [ -65.020399780676158, 51.761385679093237 ], [ -65.015392758642264, 51.763549210572876 ], [ -65.009444418362492, 51.763314764015249 ], [ -65.010034662718965, 51.765140247008361 ], [ -65.016126233542906, 51.765177174181751 ], [ -65.030276593468329, 51.762002108715713 ], [ -65.042622210849643, 51.764490931455725 ], [ -65.046988808218515, 51.769027353507212 ], [ -65.049216922560547, 51.769647399129347 ], [ -65.061599081820191, 51.765739001624276 ], [ -65.071037587357722, 51.762197233398204 ], [ -65.074778533387843, 51.757545467199868 ], [ -65.078880019881922, 51.751334042836476 ], [ -65.079794969887971, 51.750066266242854 ], [ -65.082585845714434, 51.746198639045375 ], [ -65.09115368435198, 51.74597182841957 ], [ -65.098724407157761, 51.74712708214124 ], [ -65.107705104190657, 51.748738067820121 ], [ -65.110924253223075, 51.750075282053629 ], [ -65.114546233947749, 51.751579597208227 ], [ -65.119607828814523, 51.753681423870397 ], [ -65.132116083234791, 51.756215570819947 ], [ -65.142250941848388, 51.75785568217308 ], [ -65.148640487677753, 51.761031338403335 ], [ -65.156087213090473, 51.761690520766493 ], [ -65.162304368374578, 51.764583082676502 ], [ -65.170173044116936, 51.76465574642048 ], [ -65.180418010890065, 51.76561953465535 ], [ -65.186739634661819, 51.769942949411437 ], [ -65.186063747246124, 51.775606359623616 ], [ -65.175128928517168, 51.784516581859577 ], [ -65.168712873248339, 51.789762587449808 ], [ -65.167191105368047, 51.796597349786573 ], [ -65.169761951564013, 51.804564648264709 ], [ -65.172900819903546, 51.809646049979349 ], [ -65.16969755236596, 51.816718465545236 ], [ -65.169614553976572, 51.822079259637853 ], [ -65.17458210071824, 51.824623141910898 ], [ -65.180189457708039, 51.823130347388727 ], [ -65.185311058586308, 51.819162610620189 ], [ -65.18857176322561, 51.81725514144803 ], [ -65.195358080753095, 51.821470541456755 ], [ -65.204617495529689, 51.812794896853276 ], [ -65.210184776214973, 51.812928234816383 ], [ -65.221174447931787, 51.817599827401395 ], [ -65.228875107000576, 51.821596343015678 ], [ -65.23668445385411, 51.822814236936082 ], [ -65.240537185836445, 51.822706685180272 ], [ -65.248983802838424, 51.831245218801961 ], [ -65.252277919871631, 51.827707831003558 ], [ -65.255376120933434, 51.824994776401219 ], [ -65.260183771553585, 51.824042664676377 ], [ -65.260194872842618, 51.824040471409816 ], [ -65.262401006799308, 51.826877627278819 ], [ -65.262397997536112, 51.826878246103455 ], [ -65.262258483247933, 51.826906696110761 ], [ -65.262179576276651, 51.826963306353463 ], [ -65.262570305536102, 51.82734989075275 ], [ -65.262654512685501, 51.827508508315063 ], [ -65.262640898287742, 51.827585599616626 ], [ -65.262423495535657, 51.827771794673481 ], [ -65.262396694714454, 51.827865095676941 ], [ -65.262893392383205, 51.828061189130281 ], [ -65.263082495547295, 51.828211907911758 ], [ -65.263082019729737, 51.828293100257561 ], [ -65.262983500330265, 51.828333495684483 ], [ -65.262662295853616, 51.828344892418492 ], [ -65.262576888362915, 51.828389296158583 ], [ -65.262955199948465, 51.828670411120022 ], [ -65.263104526511185, 51.828889993762424 ], [ -65.263226837227108, 51.82894556317838 ], [ -65.263248297744141, 51.828955305392682 ], [ -65.263601697640937, 51.829025097160212 ], [ -65.264073311980113, 51.829050604202543 ], [ -65.264229618554353, 51.829201199867704 ], [ -65.264157016942931, 51.829290403420224 ], [ -65.263342102137443, 51.829665987970102 ], [ -65.263256483350006, 51.829730800586141 ], [ -65.263534925094973, 51.830275496473604 ], [ -65.263701001610656, 51.830957997216359 ], [ -65.263811397015075, 51.83112470388167 ], [ -65.264196110680572, 51.831438197561241 ], [ -65.264187692076391, 51.831730489260096 ], [ -65.264246203463799, 51.831799710314819 ], [ -65.264803000045092, 51.831841593597289 ], [ -65.265018501030582, 51.831959890185296 ], [ -65.265265401590668, 51.83230150812404 ], [ -65.265452904643396, 51.832716097218395 ], [ -65.265280305828625, 51.833068915158293 ], [ -65.265331990154777, 51.833186808845603 ], [ -65.265436688217022, 51.833219497667066 ], [ -65.265613699512457, 51.833203689495285 ], [ -65.265731304320113, 51.833260794753492 ], [ -65.265762486062258, 51.833524789059631 ], [ -65.265952210690187, 51.833573905635113 ], [ -65.266043393452009, 51.833663502533362 ], [ -65.26602969905062, 51.833760896140952 ], [ -65.265890584037038, 51.833991995003423 ], [ -65.265284595708749, 51.834494010044423 ], [ -65.265113708775928, 51.834582894602057 ], [ -65.265021807532989, 51.834594888443526 ], [ -65.264406469129128, 51.834725177683261 ], [ -65.264160789129207, 51.834972977038916 ], [ -65.264080461335652, 51.835392452270781 ], [ -65.264065091304488, 51.836160137717613 ], [ -65.26422867864072, 51.836736701197722 ], [ -65.264323761717236, 51.836915709539738 ], [ -65.264364714110513, 51.83699281154977 ], [ -65.264631805989154, 51.83724929650274 ], [ -65.26460518273106, 51.837322297525468 ], [ -65.264460586187425, 51.837378797780723 ], [ -65.264401188068007, 51.837451687976085 ], [ -65.264457705407054, 51.837845715227154 ], [ -65.264336797301013, 51.838316385654927 ], [ -65.263972687499589, 51.838904207572881 ], [ -65.264011498557949, 51.838977399092933 ], [ -65.264077216265264, 51.839134754119165 ], [ -65.264348109205983, 51.839135733391572 ], [ -65.264677289203817, 51.838984517233428 ], [ -65.265105240140741, 51.838953911336176 ], [ -65.262629023853648, 51.845135926784174 ], [ -65.262545011108699, 51.845007312475644 ], [ -65.262310523263679, 51.844771299703723 ], [ -65.262567199586186, 51.844597301037744 ], [ -65.262554713188706, 51.844491699856597 ], [ -65.262233117386671, 51.844563999026334 ], [ -65.262056102000358, 51.84455949030805 ], [ -65.261886017408528, 51.844506304220893 ], [ -65.261579410158021, 51.844278194467378 ], [ -65.261461598048456, 51.844241386213476 ], [ -65.261225583955053, 51.844248905035656 ], [ -65.261054789962046, 51.844297288720981 ], [ -65.260870516451291, 51.844422693423425 ], [ -65.260724390591804, 51.844722791985006 ], [ -65.26041490832155, 51.844941294461741 ], [ -65.260235804096041, 51.845281906639542 ], [ -65.260187510589674, 51.845663504028842 ], [ -65.260180990095847, 51.846678483484908 ], [ -65.259962102067163, 51.8470881134945 ], [ -65.259678212017064, 51.847416203303553 ], [ -65.259708606484494, 51.847781714552021 ], [ -65.259385096484564, 51.848138299853396 ], [ -65.259238675891282, 51.848479004959536 ], [ -65.258823790509197, 51.848786503173308 ], [ -65.25866510541394, 51.849001311602173 ], [ -65.258245004362621, 51.850100704262182 ], [ -65.258007672277216, 51.850311206293547 ], [ -65.257848722523107, 51.85056659626666 ], [ -65.257785301607015, 51.851248590012808 ], [ -65.257178800095687, 51.851770898347809 ], [ -65.256563985856744, 51.852565209435348 ], [ -65.253100421348734, 51.857285399552659 ], [ -65.253870449172638, 51.861474866370465 ], [ -65.267438562891542, 51.86731459325383 ], [ -65.283535944918455, 51.873846859623136 ], [ -65.288128503932498, 51.871132492003028 ], [ -65.29065242462562, 51.869720928573948 ], [ -65.300232847233616, 51.877966941176524 ], [ -65.319165190608132, 51.872640349306657 ], [ -65.323299410761976, 51.87003320521319 ], [ -65.318582223587427, 51.856577538520931 ], [ -65.317838293462998, 51.850760679975181 ], [ -65.325152000359068, 51.843181349099716 ], [ -65.326963596724454, 51.836429941028413 ], [ -65.331505831927231, 51.829025754895042 ], [ -65.336784791838383, 51.823227143376187 ], [ -65.346094137755429, 51.819704156159112 ], [ -65.356078406064611, 51.821041425736489 ], [ -65.359759893117996, 51.822752717416911 ], [ -65.355047896575044, 51.829876014176925 ], [ -65.356076316166835, 51.835301282794504 ], [ -65.356763109213176, 51.844373476802573 ], [ -65.359313077076465, 51.855593143178289 ], [ -65.362594403980424, 51.864207614338071 ], [ -65.367889993683974, 51.864723416713552 ], [ -65.373326444040032, 51.86690871109132 ], [ -65.379794249206967, 51.871753197468308 ], [ -65.385133237130304, 51.87388687474941 ], [ -65.392170011015352, 51.880955148070342 ], [ -65.397569970551487, 51.890847349528258 ], [ -65.3995023249838, 51.901894724587549 ], [ -65.393227641630901, 51.914906937915326 ], [ -65.382349023352717, 51.916374510295462 ], [ -65.374096988574024, 51.915753996243552 ], [ -65.369717867592243, 51.919232210494052 ], [ -65.36528137464316, 51.928072947231264 ], [ -65.358804847339215, 51.936589908080265 ], [ -65.354779395911649, 51.942737974309566 ], [ -65.349333368464016, 51.942416890375014 ], [ -65.34965428260017, 51.944609573503215 ], [ -65.35722148824803, 51.950421987077931 ], [ -65.36043254584024, 51.955977522573072 ], [ -65.359430708818294, 51.963187237874273 ], [ -65.35910813914721, 51.975260401333898 ], [ -65.359086923175667, 51.981101596264494 ], [ -65.371419862327016, 51.990318450480373 ], [ -65.371223834255375, 51.995877778534592 ], [ -65.377232117075792, 51.993308988691545 ], [ -65.383866835847456, 51.988806489104263 ], [ -65.364502037125874, 51.980944506812868 ], [ -65.374863480616028, 51.976525950329375 ], [ -65.371295639772839, 51.970406316875241 ], [ -65.371217029351698, 51.967344757619941 ], [ -65.378450831278244, 51.964644541750069 ], [ -65.3899761819562, 51.963350101758039 ], [ -65.399755348258651, 51.965552564183405 ], [ -65.410139917017815, 51.969555496327054 ], [ -65.412290961628941, 51.971311259859121 ], [ -65.41218261200126, 51.979931984552586 ], [ -65.410975839926266, 51.986383002167806 ], [ -65.417144410252064, 51.989935351647858 ], [ -65.424861675179883, 51.993441561850844 ], [ -65.428189498772724, 52.000062080709384 ], [ -65.429082783447029, 52.001838910178606 ], [ -65.423208106620237, 52.002108683629707 ], [ -65.426769609889647, 52.004014175819819 ], [ -65.434658555055918, 52.005695366583502 ], [ -65.443919088042875, 52.007047819615167 ], [ -65.451175151173203, 52.008555134039824 ], [ -65.45618451451935, 52.011086797523369 ], [ -65.496076812124599, 52.050206017324427 ], [ -65.484489028527122, 52.056877474637368 ], [ -65.497193557180069, 52.06032483191801 ], [ -65.498107931159339, 52.065948278065598 ], [ -65.495031915005001, 52.07025582486142 ], [ -65.493961278997688, 52.086092878593817 ], [ -65.490104140379941, 52.102110559025668 ], [ -65.495624012192437, 52.10500921072979 ], [ -65.498982208782778, 52.106152975914434 ], [ -65.499325417616177, 52.110453360407526 ], [ -65.49999998495953, 52.110348835692129 ], [ -65.503167517604226, 52.109858042426254 ], [ -65.504261216393843, 52.104077208189828 ], [ -65.501755276786227, 52.098022385404867 ], [ -65.50654928729405, 52.091842207332803 ], [ -65.513756571053321, 52.082810579759929 ], [ -65.521686718298938, 52.077013330729351 ], [ -65.530669088436966, 52.070800162057814 ], [ -65.531093526983526, 52.060633955836771 ], [ -65.532590766884013, 52.058001991319472 ], [ -65.540854540228622, 52.050660730963209 ], [ -65.541831256830505, 52.049289796153651 ], [ -65.539895841133102, 52.044560200602653 ], [ -65.548449531177994, 52.03893361064295 ], [ -65.564188326535117, 52.033850503123375 ], [ -65.579321650696542, 52.032806448648721 ], [ -65.598283628169568, 52.034897037783743 ], [ -65.612479979459636, 52.039432795465189 ], [ -65.620542171807088, 52.043010656360764 ], [ -65.623960649544941, 52.035527565991707 ], [ -65.626802253872128, 52.026721753992625 ], [ -65.631706826528827, 52.020341163176397 ], [ -65.636728767650823, 52.011657986065039 ], [ -65.637522269841512, 52.006269370668186 ], [ -65.634111914797089, 52.000075402287244 ], [ -65.634049658693016, 51.99996239167254 ], [ -65.638235436464257, 51.992455310518615 ], [ -65.646803531787739, 51.987299043818666 ], [ -65.650175193946424, 51.986808768552258 ], [ -65.659697273742211, 51.989378584318906 ], [ -65.668647414727801, 51.994360245500637 ], [ -65.672655807268427, 52.000064796922587 ], [ -65.674110642893666, 52.002134787250007 ], [ -65.677370747748114, 52.007681235334289 ], [ -65.678170990667439, 52.013498175797459 ], [ -65.673095884556332, 52.01959925674398 ], [ -65.668694849353798, 52.026349095946223 ], [ -65.669494148031688, 52.032166420594884 ], [ -65.679910051560199, 52.041507530450097 ], [ -65.668751092163149, 52.045504687519305 ], [ -65.658086748303788, 52.049868023168059 ], [ -65.651235183263367, 52.055258651505987 ], [ -65.651535526822116, 52.060709271951495 ], [ -65.653685094211752, 52.067825487336371 ], [ -65.64979306203243, 52.077049763199554 ], [ -65.648561872201924, 52.080920730654391 ], [ -65.655563239585405, 52.08654213486691 ], [ -65.662427600796178, 52.092359174953437 ], [ -65.665195990058734, 52.097540143131468 ], [ -65.666874032568771, 52.106396589982879 ], [ -65.664493245710275, 52.115095227651807 ], [ -65.668256083911274, 52.117274713297981 ], [ -65.674823557369351, 52.117639887081125 ], [ -65.678996024408065, 52.111757860608321 ], [ -65.686566462907763, 52.103754779099361 ], [ -65.690710024642854, 52.102753811620417 ], [ -65.695714025180862, 52.101544744165523 ], [ -65.705828570869414, 52.099251538678928 ], [ -65.706550863363177, 52.099087745034943 ], [ -65.713924599091953, 52.096166828017388 ], [ -65.719166452227498, 52.091973200122304 ], [ -65.726888381132397, 52.085878436494916 ], [ -65.729328442402831, 52.083499817754628 ], [ -65.733939726183422, 52.082870758665905 ], [ -65.738340088463247, 52.085218367378936 ], [ -65.742780013873457, 52.098703738938234 ], [ -65.74530146549678, 52.101351695146192 ], [ -65.749427322966412, 52.109903314236668 ], [ -65.750833860635012, 52.110500607755498 ], [ -65.753665815511553, 52.108166718235744 ], [ -65.756368120093114, 52.10702428874631 ], [ -65.76160652846599, 52.10429020152521 ], [ -65.767728242258556, 52.108496645615247 ], [ -65.771260426924158, 52.111542450993944 ], [ -65.773685255628479, 52.110791919022986 ], [ -65.775140648366602, 52.106049022363003 ], [ -65.776249099960992, 52.104479437344629 ], [ -65.785558256375964, 52.104172264063834 ], [ -65.797361597075678, 52.105697913559297 ], [ -65.805370563929657, 52.108306617942119 ], [ -65.806078971378582, 52.111061831475894 ], [ -65.804723711199202, 52.115131303680705 ], [ -65.805335630713998, 52.118560515092184 ], [ -65.810033755050966, 52.11888343758153 ], [ -65.81260918601393, 52.116306365123727 ], [ -65.816694178976135, 52.113199810266536 ], [ -65.820225091934418, 52.110878145544 ], [ -65.822191842776448, 52.110237571805271 ], [ -65.834167343407657, 52.113669844390458 ], [ -65.8420421346908, 52.116472041409864 ], [ -65.85614753938674, 52.11580575111843 ], [ -65.866925374938091, 52.114483510385028 ], [ -65.876988998430136, 52.110405412677622 ], [ -65.885698791619944, 52.10340183158258 ], [ -65.889019640248932, 52.097060290318076 ], [ -65.887567695285767, 52.087815106751634 ], [ -65.89207582234161, 52.080858396371397 ], [ -65.897710037673846, 52.076066895791122 ], [ -65.903755817944756, 52.079309688351181 ], [ -65.9132737918179, 52.081379125720296 ], [ -65.919289452618727, 52.091138063067881 ], [ -65.927346871287398, 52.094214835164301 ], [ -65.939696309056572, 52.0965678762824 ], [ -65.945748728079465, 52.099808408127629 ], [ -65.952272142913813, 52.099678308603096 ], [ -65.954780129254004, 52.099878839440969 ], [ -65.961284619660702, 52.104636143185758 ], [ -65.964543361892538, 52.09944386247831 ], [ -65.967851093724619, 52.093099890287661 ], [ -65.967544263040651, 52.089756610054387 ], [ -65.963148409395785, 52.082531017775153 ], [ -65.961435629734964, 52.077416126668624 ], [ -65.96597323526791, 52.070933979022477 ], [ -65.968053332433286, 52.063100088446525 ], [ -65.970401491089831, 52.056502582841141 ], [ -65.97875293903256, 52.052665747152368 ], [ -65.988092196886953, 52.052817906698003 ], [ -65.996196161934236, 52.054737391414612 ], [ -65.998089194392918, 52.0617615774214 ], [ -66.000000001369898, 52.063917116926099 ], [ -66.002949816594239, 52.067244197298926 ], [ -66.012244125642724, 52.068545774735711 ], [ -66.01651821954961, 52.07270709035194 ], [ -66.015916790820043, 52.076273899254758 ], [ -66.015634193686907, 52.079925345934882 ], [ -66.024472085671889, 52.082967034847989 ], [ -66.035091476551514, 52.085082396349563 ], [ -66.044256823071336, 52.084948463197968 ], [ -66.049590942020274, 52.085429396644436 ], [ -66.053509320496516, 52.087398088885926 ], [ -66.05947763784684, 52.091305981168858 ], [ -66.06631061415915, 52.097770314318595 ], [ -66.070003869320331, 52.098979851232983 ], [ -66.077121504041287, 52.096903785648706 ], [ -66.085471060515943, 52.093057840738069 ], [ -66.090534756993264, 52.090671331555313 ], [ -66.091221202611592, 52.086429778495969 ], [ -66.092634690844733, 52.086570526570021 ], [ -66.096919302987303, 52.090728710630025 ], [ -66.098194819851855, 52.09432456470752 ], [ -66.095958154250354, 52.098622224552088 ], [ -66.095545900269158, 52.102470712143969 ], [ -66.096364771438843, 52.107808373083309 ], [ -66.091206628556733, 52.112498869612615 ], [ -66.087279536364051, 52.117049024437151 ], [ -66.082713925669452, 52.119800937167092 ], [ -66.078191441597156, 52.124659705386172 ], [ -66.075812151056567, 52.130783363675683 ], [ -66.077632702802802, 52.136852457405524 ], [ -66.078678922028047, 52.141319902611642 ], [ -66.077212256153288, 52.147219462990364 ], [ -66.076111646874196, 52.152051556916682 ], [ -66.075926096377401, 52.155029701842373 ], [ -66.077162323264403, 52.162262733434623 ], [ -66.08149625194747, 52.170159497062443 ], [ -66.084508261988958, 52.175611352080999 ], [ -66.089576846428045, 52.183002505754125 ], [ -66.095926655860026, 52.192360756526803 ], [ -66.097937254493303, 52.195452030359753 ], [ -66.103917134031306, 52.198503851047469 ], [ -66.109084277671329, 52.201960494062071 ], [ -66.118002802579454, 52.20547302342159 ], [ -66.1278030131961, 52.210147612613454 ], [ -66.127975463244525, 52.210192985846923 ], [ -66.1350246478641, 52.21856593900587 ], [ -66.138414274942804, 52.224578977594845 ], [ -66.144045459964715, 52.227921623373689 ], [ -66.15210255406366, 52.230504324479419 ], [ -66.160021661886461, 52.231653249362289 ], [ -66.163814808102828, 52.227295566059183 ], [ -66.166188376242118, 52.222798011497723 ], [ -66.169701281928539, 52.215574011389762 ], [ -66.17230582467927, 52.213464959489954 ], [ -66.17697176714104, 52.213293565693036 ], [ -66.179994812566122, 52.215483568138374 ], [ -66.186085553111255, 52.218711137713186 ], [ -66.193185462440312, 52.222668243772986 ], [ -66.200790986937946, 52.226989826808257 ], [ -66.206705435014484, 52.231565367541059 ], [ -66.208359244115286, 52.234093130384736 ], [ -66.205716129601043, 52.2389854809864 ], [ -66.205727728106481, 52.243875480787679 ], [ -66.209036532384133, 52.248931200910128 ], [ -66.2101108516745, 52.250040421887711 ], [ -66.214775582508722, 52.254855773318191 ], [ -66.218124772407236, 52.257128928667754 ], [ -66.223989382723616, 52.257965967250669 ], [ -66.231689808419532, 52.259981002807102 ], [ -66.237286721398419, 52.26284119304772 ], [ -66.244452744353026, 52.268903188698062 ], [ -66.249647323845082, 52.273983679703029 ], [ -66.25214375819732, 52.280220022413388 ], [ -66.250282017085496, 52.285085022637709 ], [ -66.248693455633813, 52.289556207322029 ], [ -66.249900202579113, 52.293826999633211 ], [ -66.253855554660404, 52.297419580725979 ], [ -66.253909018214216, 52.299527627224307 ], [ -66.25374225614982, 52.304137665862569 ], [ -66.25622927478058, 52.307113822515539 ], [ -66.260043585039369, 52.309272893191924 ], [ -66.266696432111218, 52.31007842853824 ], [ -66.272146384744133, 52.308243107150062 ], [ -66.287100226014118, 52.309118589494169 ], [ -66.281848126474557, 52.303561681449629 ], [ -66.286325231976463, 52.299843975543183 ], [ -66.289612336903545, 52.296746499271919 ], [ -66.279550106790666, 52.291563138270419 ], [ -66.280089812988948, 52.289145000905044 ], [ -66.283465226218127, 52.285373119364372 ], [ -66.28928009996352, 52.284098550787 ], [ -66.296885200282347, 52.28352322740114 ], [ -66.30312483288651, 52.284917325392328 ], [ -66.308995423199192, 52.285749645962625 ], [ -66.312569151311067, 52.28551795406274 ], [ -66.311219325624691, 52.281445001320598 ], [ -66.309403933023461, 52.275855195553888 ], [ -66.303510957126022, 52.270132488713543 ], [ -66.300926473121805, 52.266202398792515 ], [ -66.298246325290592, 52.261316841242319 ], [ -66.297636958648255, 52.258366892242904 ], [ -66.297669585927608, 52.255584413754768 ], [ -66.299716298204515, 52.252629772320248 ], [ -66.300054397975003, 52.250048288225436 ], [ -66.300069732893661, 52.24993108246796 ], [ -66.299323951161369, 52.247178201567138 ], [ -66.299396731884642, 52.243243519564913 ], [ -66.296581990266361, 52.238555224146459 ], [ -66.292934434096054, 52.231788770477962 ], [ -66.29005858414952, 52.223362959402479 ], [ -66.288658037636495, 52.217182911475888 ], [ -66.287176705557897, 52.213307404208685 ], [ -66.286698026849521, 52.208531028237019 ], [ -66.283423289049352, 52.202326213927527 ], [ -66.28037454443097, 52.195249965820103 ], [ -66.277974536213605, 52.189971078532686 ], [ -66.274389143341992, 52.185312269059928 ], [ -66.270566458856464, 52.178265385924391 ], [ -66.267439568372964, 52.173493413549416 ], [ -66.265825678404468, 52.16981498524644 ], [ -66.264117038673049, 52.165181408567769 ], [ -66.264418293371406, 52.160376356799318 ], [ -66.265128282543117, 52.154980765932862 ], [ -66.267942093600496, 52.150368800323896 ], [ -66.269420370091737, 52.149204448742744 ], [ -66.27500101316889, 52.149446283949544 ], [ -66.291682363162693, 52.146829743880858 ], [ -66.30262006857356, 52.140061310626656 ], [ -66.30681180922474, 52.136824564737346 ], [ -66.313803002272749, 52.135763989764698 ], [ -66.323567379926317, 52.131817487549945 ], [ -66.330113238113427, 52.135934660783327 ], [ -66.333221855200904, 52.150705988168269 ], [ -66.35027141407096, 52.146973721456149 ], [ -66.357976719066713, 52.146577600844424 ], [ -66.376365859582833, 52.152816044796971 ], [ -66.380992915158828, 52.158593379554212 ], [ -66.379790475176563, 52.162611165007995 ], [ -66.362376245082558, 52.169142201500421 ], [ -66.357100082792812, 52.172820468388643 ], [ -66.356839738887246, 52.176603179413554 ], [ -66.371344253527226, 52.187361773628496 ], [ -66.375536035927411, 52.198319935949876 ], [ -66.380156839968677, 52.202410563941484 ], [ -66.38346187602373, 52.207842920433649 ], [ -66.389604843080988, 52.212569353389725 ], [ -66.402662911865875, 52.216927269374352 ], [ -66.405256623150279, 52.221691896295262 ], [ -66.402686943277274, 52.226558376141242 ], [ -66.405128036219423, 52.229839583257778 ], [ -66.411008381353682, 52.230404801888056 ], [ -66.417476162692367, 52.227272508433231 ], [ -66.422165205871138, 52.221031756517256 ], [ -66.422333805193105, 52.220548941537444 ], [ -66.423264407253541, 52.219757772209363 ], [ -66.423558802954588, 52.220015908074096 ], [ -66.424043387359092, 52.220361209934062 ], [ -66.424138605898833, 52.220470096383494 ], [ -66.424091508953765, 52.220718498148322 ], [ -66.424310019614026, 52.221005193707896 ], [ -66.424835892574521, 52.221130690167683 ], [ -66.425156304606375, 52.221245690375618 ], [ -66.426154191501638, 52.221460495362038 ], [ -66.426603898209521, 52.22172479690871 ], [ -66.426847691250316, 52.221958386781502 ], [ -66.427130500442885, 52.222163309826122 ], [ -66.42726240576367, 52.222141815778372 ], [ -66.427333507630621, 52.222071999535743 ], [ -66.42731140978384, 52.221974715920886 ], [ -66.427350388121681, 52.221945899507375 ], [ -66.42762489243691, 52.22207758701272 ], [ -66.427997503378734, 52.222440109026259 ], [ -66.427934195378668, 52.222562698449202 ], [ -66.42797511122393, 52.222615104420562 ], [ -66.4287799943408, 52.22278281081357 ], [ -66.42970661025214, 52.223339607779515 ], [ -66.430624711752756, 52.224095709088992 ], [ -66.430906619586068, 52.224259893853997 ], [ -66.43189668282379, 52.225259299390487 ], [ -66.431990521065529, 52.225307196974178 ], [ -66.432510280285499, 52.225733507660344 ], [ -66.432565497492561, 52.22583058683815 ], [ -66.432516106384611, 52.225977399480314 ], [ -66.432557504172991, 52.226050197879047 ], [ -66.432959373148336, 52.226249904981948 ], [ -66.433606911678496, 52.22703680620657 ], [ -66.433591477937654, 52.227224008601688 ], [ -66.433522709803555, 52.227395311581446 ], [ -66.433643978628766, 52.227764202686402 ], [ -66.434139614041655, 52.228284208487921 ], [ -66.434598607224828, 52.228934596147035 ], [ -66.434827686586331, 52.229103291329068 ], [ -66.435095199276901, 52.229495213136147 ], [ -66.435196704005932, 52.229868302597168 ], [ -66.435326998684289, 52.230058190779594 ], [ -66.435848987858904, 52.230293385611638 ], [ -66.436556206522667, 52.230522901696219 ], [ -66.436915810452248, 52.230609102337226 ], [ -66.437022990381919, 52.230660988545942 ], [ -66.437065388112302, 52.230774386427925 ], [ -66.437026788362871, 52.230823604932375 ], [ -66.436637981001496, 52.230900199159002 ], [ -66.436675007372614, 52.231062500445795 ], [ -66.436569122137385, 52.231343996254218 ], [ -66.43641391133643, 52.231499808532767 ], [ -66.436634016882238, 52.231847505619882 ], [ -66.436510216785564, 52.232486892268916 ], [ -66.436712099301275, 52.232627291544979 ], [ -66.436862180874755, 52.232813005045195 ], [ -66.436906581940917, 52.233007696782096 ], [ -66.43687141364255, 52.233199111352796 ], [ -66.436974083386389, 52.233340495692687 ], [ -66.437300091379058, 52.233406695083197 ], [ -66.437582524424514, 52.233591192290056 ], [ -66.437917684466527, 52.234043500701766 ], [ -66.438689489217381, 52.234756109642191 ], [ -66.438903016126147, 52.2356567036922 ], [ -66.439094092980937, 52.235894911309906 ], [ -66.439614811230641, 52.236906595798928 ], [ -66.439968090067865, 52.237838388535813 ], [ -66.441304519321932, 52.239172093147154 ], [ -66.441607699695055, 52.239392988326529 ], [ -66.441855201759651, 52.239496396307224 ], [ -66.442540991523217, 52.239648798996036 ], [ -66.442798911604001, 52.239634297024878 ], [ -66.443057824525411, 52.239660395698003 ], [ -66.443117985472782, 52.239688289920586 ], [ -66.454089865438334, 52.2462713530606 ], [ -66.460758665312198, 52.250039900265982 ], [ -66.462510157558114, 52.251029491166477 ], [ -66.47042344300182, 52.255655227774284 ], [ -66.455068108785042, 52.262719607687814 ], [ -66.443245299876097, 52.263336764547738 ], [ -66.43603236358345, 52.264227724791773 ], [ -66.432891634386053, 52.266174306653248 ], [ -66.43937042611303, 52.277241052566247 ], [ -66.443319297704718, 52.280657118660891 ], [ -66.447863589180216, 52.281466311538267 ], [ -66.456341457990604, 52.279612983159396 ], [ -66.463110276605846, 52.281549553728922 ], [ -66.468765215848819, 52.284669483384647 ], [ -66.469083264592541, 52.28769630054375 ], [ -66.463270807814752, 52.291345120603516 ], [ -66.456426846237051, 52.29343859073299 ], [ -66.452751455971281, 52.294892418606771 ], [ -66.446228195954319, 52.297472130285662 ], [ -66.448314143860827, 52.2996759784007 ], [ -66.448520488785718, 52.299646903371915 ], [ -66.448793190527994, 52.29967699419332 ], [ -66.450182094409158, 52.300339403254149 ], [ -66.450855495241711, 52.300760210621107 ], [ -66.451604184869524, 52.301001492474157 ], [ -66.451821886711016, 52.30095479470036 ], [ -66.452378196527221, 52.300644798337352 ], [ -66.452628095867837, 52.300557091896572 ], [ -66.452920087303966, 52.300562585557991 ], [ -66.45354759762391, 52.300727593505108 ], [ -66.453650505657649, 52.300868989539573 ], [ -66.453369883892506, 52.301058596665946 ], [ -66.453392614647498, 52.301176305716446 ], [ -66.45351630951977, 52.301354098293984 ], [ -66.453989917674562, 52.301736096689623 ], [ -66.454683604350393, 52.302172998583032 ], [ -66.455022107912001, 52.302182091904953 ], [ -66.456146486866785, 52.302594695064265 ], [ -66.45653351389663, 52.30268880362577 ], [ -66.456687896053339, 52.303037105455381 ], [ -66.456655685708327, 52.303077998181053 ], [ -66.456734909657342, 52.303061002533148 ], [ -66.45680219041698, 52.303101084797774 ], [ -66.457022402088143, 52.303155991604619 ], [ -66.457301008557266, 52.303157496110238 ], [ -66.457472805682102, 52.30312749439863 ], [ -66.457858802501718, 52.303180897394071 ], [ -66.458067085187167, 52.303292798228021 ], [ -66.458414606412319, 52.303395394589472 ], [ -66.458937183378083, 52.303337693245801 ], [ -66.459251890783079, 52.303460891583732 ], [ -66.459611222200721, 52.303506399280444 ], [ -66.459961611210801, 52.30345849387971 ], [ -66.460336207018031, 52.303316788286097 ], [ -66.460871186104697, 52.302677587064338 ], [ -66.461225016079908, 52.302499493834269 ], [ -66.461294287438648, 52.302348392746019 ], [ -66.461816420427638, 52.301997993685276 ], [ -66.462088973740549, 52.301755506314478 ], [ -66.462011306914889, 52.301561111891161 ], [ -66.462174116657039, 52.30143759941582 ], [ -66.462325989056126, 52.30141179748771 ], [ -66.462698704106813, 52.301461212416179 ], [ -66.462764007403464, 52.301420001803024 ], [ -66.462951594170079, 52.301495494153009 ], [ -66.46271608786337, 52.301900211198351 ], [ -66.462773508066917, 52.302078595188043 ], [ -66.462928907151252, 52.30219509815899 ], [ -66.463001601666946, 52.302186305617539 ], [ -66.463222411025697, 52.302261511656603 ], [ -66.463598019516468, 52.302705400243312 ], [ -66.464039513676681, 52.302855803190134 ], [ -66.464214700045531, 52.302968090084484 ], [ -66.464265192212252, 52.303134303751605 ], [ -66.464026706050873, 52.303417103778521 ], [ -66.464135577619388, 52.303802406382609 ], [ -66.463828307328967, 52.303984097883095 ], [ -66.46388581376749, 52.304162502553943 ], [ -66.464339204252767, 52.304528392630452 ], [ -66.464455983831016, 52.30469399371357 ], [ -66.464824683352134, 52.304853297387126 ], [ -66.464692615917258, 52.305147196405592 ], [ -66.464987613665457, 52.305274602670465 ], [ -66.465736516455806, 52.305515795847676 ], [ -66.465511309979817, 52.305802488781893 ], [ -66.465574193938608, 52.305932012015546 ], [ -66.465536606862685, 52.306021813244939 ], [ -66.465206012188688, 52.306065615153884 ], [ -66.465281812151304, 52.306178716121494 ], [ -66.465284805966448, 52.306300696996544 ], [ -66.464853718897032, 52.3063046015399 ], [ -66.464742315971534, 52.306362591175784 ], [ -66.464672004943992, 52.306472995260883 ], [ -66.464947285928432, 52.306877099729292 ], [ -66.464836381982977, 52.306955406104613 ], [ -66.46487849861613, 52.307048487788222 ], [ -66.465094416330132, 52.307192902904212 ], [ -66.465379917492911, 52.307206593642661 ], [ -66.465656114597991, 52.307106397248482 ], [ -66.466408886131489, 52.307237803407183 ], [ -66.46663071093829, 52.307353602394713 ], [ -66.466626799747786, 52.307463505595571 ], [ -66.466483693749538, 52.30758271022043 ], [ -66.466083907382924, 52.307777502371806 ], [ -66.465993303417221, 52.307871887981293 ], [ -66.466023008042967, 52.308001708776544 ], [ -66.466307214532492, 52.308226797806419 ], [ -66.466526509700472, 52.308513502338123 ], [ -66.466695787300068, 52.308654192119945 ], [ -66.467110100431668, 52.308776500614258 ], [ -66.467131884160651, 52.308853494143086 ], [ -66.466972193967322, 52.309371388214828 ], [ -66.467092921514194, 52.309427200735406 ], [ -66.467311684101972, 52.309421194650042 ], [ -66.46802789900255, 52.309138004256305 ], [ -66.468952420879262, 52.308966795836177 ], [ -66.46936480708294, 52.309280197863899 ], [ -66.469399987482163, 52.309361190308017 ], [ -66.469245089735438, 52.309537486273165 ], [ -66.468562111567351, 52.309820315737248 ], [ -66.468445774725467, 52.309947406742381 ], [ -66.468584990644914, 52.310210486249055 ], [ -66.468204887389504, 52.310400994542434 ], [ -66.468100990323805, 52.31076390344132 ], [ -66.468138703245373, 52.310946514507783 ], [ -66.468678286649336, 52.311307503964613 ], [ -66.469070379658817, 52.311332307288936 ], [ -66.469232304068385, 52.311440609371992 ], [ -66.469281303566049, 52.311545898289175 ], [ -66.469039812813932, 52.311706710169659 ], [ -66.468839800280776, 52.311667894821767 ], [ -66.468716084588422, 52.311762602045235 ], [ -66.468983499891834, 52.312113898356692 ], [ -66.469124101448259, 52.312165513688043 ], [ -66.469163188481929, 52.312136602057123 ], [ -66.469541406419452, 52.312137203420548 ], [ -66.469834801848307, 52.311931198505683 ], [ -66.470004794833073, 52.312364684808607 ], [ -66.469781499168647, 52.312460312388552 ], [ -66.469555802703724, 52.312454187730182 ], [ -66.469457289650364, 52.312495784020811 ], [ -66.469439992856692, 52.312601689687654 ], [ -66.469769312567536, 52.312769406893921 ], [ -66.46992171690637, 52.31276399174719 ], [ -66.470176614080984, 52.312607094629271 ], [ -66.470383024243162, 52.312637692577646 ], [ -66.470813816908162, 52.312885806206253 ], [ -66.470782106517788, 52.312947103271114 ], [ -66.470355489568206, 52.313133998572482 ], [ -66.47037591034838, 52.313422598070467 ], [ -66.470227895917574, 52.313610999571431 ], [ -66.470224978412105, 52.313761504746644 ], [ -66.470984593024497, 52.31470191079098 ], [ -66.47129472225879, 52.315166694595113 ], [ -66.471650306301242, 52.315594398034847 ], [ -66.471838882006637, 52.315710597167275 ], [ -66.472010678110536, 52.315680502212665 ], [ -66.472278004319406, 52.315486915689647 ], [ -66.472270402627146, 52.315182010620859 ], [ -66.472078802057709, 52.31494391052231 ], [ -66.472282720258079, 52.314872896051313 ], [ -66.472723780359701, 52.315002896222509 ], [ -66.473977783464036, 52.314999405924105 ], [ -66.474184704357484, 52.315050395405862 ], [ -66.474245604005091, 52.315098591003093 ], [ -66.473720998350586, 52.315347511405697 ], [ -66.473551196864918, 52.31545878519141 ], [ -66.473567605670297, 52.315584710007791 ], [ -66.473758791348175, 52.315802510972468 ], [ -66.4739935204951, 52.315901992730893 ], [ -66.474309801291852, 52.315813702677623 ], [ -66.474785593202299, 52.316004403796832 ], [ -66.475108920111708, 52.315928195452855 ], [ -66.475232590172254, 52.315833609212369 ], [ -66.475262909665901, 52.315983709666234 ], [ -66.475206094040558, 52.31637060313998 ], [ -66.475411677410946, 52.316633000280966 ], [ -66.475338496557583, 52.31689389770812 ], [ -66.475143000654697, 52.31703808757787 ], [ -66.474665293022284, 52.317038412514876 ], [ -66.474427686741478, 52.317089390843449 ], [ -66.474362786617206, 52.317150989510132 ], [ -66.474229881343604, 52.31767680277283 ], [ -66.474568008030758, 52.31766559749888 ], [ -66.474596681740636, 52.317754799136999 ], [ -66.474369108376678, 52.317939894345649 ], [ -66.474419718771244, 52.318106096564357 ], [ -66.47465840444552, 52.318368200520709 ], [ -66.47485789577452, 52.318386702079323 ], [ -66.474935096769372, 52.318288389041939 ], [ -66.474966679475799, 52.317954597630198 ], [ -66.47521309676948, 52.317724612329378 ], [ -66.47518279258891, 52.317574487157437 ], [ -66.475360580151118, 52.317515908246961 ], [ -66.475927600522937, 52.317905007451657 ], [ -66.476274714333513, 52.317987211063297 ], [ -66.476711791088135, 52.317954692313229 ], [ -66.477060281726494, 52.317825294785081 ], [ -66.477554614674574, 52.318223304191612 ], [ -66.477645303397267, 52.318401411699469 ], [ -66.477556715281992, 52.318577102983312 ], [ -66.47751608798464, 52.31854489290334 ], [ -66.477405794335141, 52.318643504904848 ], [ -66.477061180443002, 52.31866299665068 ], [ -66.476661283870243, 52.318857907713351 ], [ -66.476296897016297, 52.318881590017448 ], [ -66.476206798529773, 52.318996304837398 ], [ -66.476296118603898, 52.319385791525299 ], [ -66.476424418473741, 52.319474102097296 ], [ -66.476644678273544, 52.319529007675328 ], [ -66.476907588839751, 52.319424905263979 ], [ -66.477070393040478, 52.319301410783162 ], [ -66.47713171447073, 52.319097497547382 ], [ -66.477284191953046, 52.319091999684431 ], [ -66.47732829152659, 52.31926641021127 ], [ -66.47716160559628, 52.319499812577178 ], [ -66.477250287782994, 52.319596488337687 ], [ -66.477730608713884, 52.319697805754267 ], [ -66.478140520285905, 52.319636997229104 ], [ -66.478428700969857, 52.319752306826089 ], [ -66.478772414939215, 52.319964601445136 ], [ -66.479079087588033, 52.32028699829511 ], [ -66.479132483305563, 52.320302800554117 ], [ -66.47933321463519, 52.320634408363212 ], [ -66.479870382995628, 52.320621197326268 ], [ -66.480166603819939, 52.320789210925412 ], [ -66.480188918352084, 52.320886603635962 ], [ -66.480441995003943, 52.320920912759696 ], [ -66.480629693389247, 52.320996401415726 ], [ -66.480709993169938, 52.321292509392237 ], [ -66.480565288642595, 52.321875291282396 ], [ -66.480457510513006, 52.322075600164084 ], [ -66.48036369396543, 52.322572607855847 ], [ -66.480408986303573, 52.323060091704257 ], [ -66.480174577057994, 52.32350560098272 ], [ -66.479960785939468, 52.323714996820762 ], [ -66.479925702124305, 52.323906409202074 ], [ -66.480064005539376, 52.324128815094952 ], [ -66.480920914378132, 52.32469409512067 ], [ -66.480979984978561, 52.324933491582591 ], [ -66.480960418206195, 52.32521019336513 ], [ -66.481114621278479, 52.325538198383164 ], [ -66.48154870285434, 52.326180698501659 ], [ -66.482040610428612, 52.326477016178025 ], [ -66.484810153920137, 52.329823885017703 ], [ -66.486791207425611, 52.332209600963225 ], [ -66.490517254524775, 52.341637463698724 ], [ -66.483755339663801, 52.345086572549157 ], [ -66.48357059253253, 52.345180787544187 ], [ -66.483590188255704, 52.345241785061759 ], [ -66.476873494128554, 52.351552290596864 ], [ -66.476538733679646, 52.35167630235852 ], [ -66.471134980092188, 52.353678132301702 ], [ -66.467267506329662, 52.354522904343298 ], [ -66.463414996381857, 52.353359712636468 ], [ -66.453327104653297, 52.348380503909226 ], [ -66.448600356210534, 52.350131460964562 ], [ -66.440133638751306, 52.355484937239915 ], [ -66.440098796318878, 52.355481028428379 ], [ -66.43659865317403, 52.358810005439608 ], [ -66.441106476912935, 52.37580954421751 ], [ -66.419876513947642, 52.383023053116538 ], [ -66.414260554640023, 52.381569655576364 ], [ -66.4139460030473, 52.378541835560711 ], [ -66.409803260871811, 52.374522905252263 ], [ -66.405278396622606, 52.372798715266647 ], [ -66.394693490461378, 52.370421764213575 ], [ -66.394589564147552, 52.370515246236046 ], [ -66.387122435975158, 52.369833930023312 ], [ -66.38101021884917, 52.367578383207551 ], [ -66.375264111479552, 52.36366153915872 ], [ -66.374869363178973, 52.36325949595652 ], [ -66.374796465074638, 52.363114434228841 ], [ -66.370188069087149, 52.353940677315919 ], [ -66.363843652977053, 52.351373090092309 ], [ -66.35451146136316, 52.353555203219592 ], [ -66.3489643074562, 52.356351470270717 ], [ -66.344042175335588, 52.360415401905023 ], [ -66.343654904519184, 52.374868891060316 ], [ -66.346492037149531, 52.380764050520689 ], [ -66.340119433445452, 52.392559163691928 ], [ -66.34171210642009, 52.397210297337622 ], [ -66.356386696402595, 52.403412930111074 ], [ -66.372909820188866, 52.413038883981962 ], [ -66.37278853149239, 52.416691829899108 ], [ -66.361516780021219, 52.425561600387795 ], [ -66.358817045271024, 52.430757621488873 ], [ -66.374312863202988, 52.448405276242426 ], [ -66.386825425994715, 52.459933727130633 ], [ -66.390806715307122, 52.465937530113933 ], [ -66.393104877838311, 52.476111453868242 ], [ -66.393907941230069, 52.486267394537215 ], [ -66.3938300702997, 52.486255622809324 ], [ -66.393866513177727, 52.486366331366654 ], [ -66.381584478414709, 52.484083453383853 ], [ -66.372509683061963, 52.473179786890093 ], [ -66.366059339292647, 52.468562297879494 ], [ -66.360610955641306, 52.466414638077083 ], [ -66.355583764645417, 52.473220581776445 ], [ -66.358122696299333, 52.488251245052751 ], [ -66.363854931065134, 52.494341537703747 ], [ -66.364725714930273, 52.499173675495875 ], [ -66.364707106408716, 52.500074444987277 ], [ -66.364558941649335, 52.507238672350653 ], [ -66.366384591450284, 52.509713680034196 ], [ -66.37025347130114, 52.513017233835541 ], [ -66.376444952152454, 52.515591418332519 ], [ -66.382883989359712, 52.518959212279889 ], [ -66.388882202542845, 52.521238943761546 ], [ -66.395466506592939, 52.524399626635073 ], [ -66.398524513250337, 52.526892772209671 ], [ -66.399213938006838, 52.528774364713136 ], [ -66.395321073086095, 52.530933298846364 ], [ -66.390113630666676, 52.531535866480297 ], [ -66.384177406399232, 52.531463167412191 ], [ -66.375585757282352, 52.5311908751844 ], [ -66.368634488455598, 52.530854977293608 ], [ -66.36809194668524, 52.530897285517241 ], [ -66.365184661336301, 52.531123224387883 ], [ -66.364376012281397, 52.533210793812621 ], [ -66.364184473841888, 52.53420520742872 ], [ -66.36451018365527, 52.535362099340183 ], [ -66.365097514329236, 52.536879094334481 ], [ -66.365137207115993, 52.537163598473164 ], [ -66.364845504767317, 52.537552504161866 ], [ -66.364605277344481, 52.538461905362531 ], [ -66.364680581561544, 52.539454107491402 ], [ -66.364532994198953, 52.539723805512601 ], [ -66.364112295332276, 52.539711002526573 ], [ -66.363865619781294, 52.539415993302185 ], [ -66.363585697302412, 52.539434605215902 ], [ -66.363289914758099, 52.539640391779407 ], [ -66.363194790884464, 52.539864984176894 ], [ -66.363544301064735, 52.540281211050633 ], [ -66.363536212918035, 52.54052141155173 ], [ -66.363047010127431, 52.541034010466426 ], [ -66.363047683220728, 52.541367696464356 ], [ -66.363669018006718, 52.542005505503624 ], [ -66.363718505838946, 52.542131198146421 ], [ -66.363760413239021, 52.542517409898579 ], [ -66.364661005218863, 52.543409311267247 ], [ -66.366018380507583, 52.545941303913928 ], [ -66.366333411229135, 52.546902997699284 ], [ -66.367318603758662, 52.548294708499974 ], [ -66.367172982735369, 52.549252107733381 ], [ -66.366866279191029, 52.550475401783245 ], [ -66.367160508875401, 52.550501394124282 ], [ -66.367336298559138, 52.550300596402415 ], [ -66.36749059540729, 52.550336001031667 ], [ -66.367682415016731, 52.550554108756856 ], [ -66.36706717954435, 52.55080740486472 ], [ -66.367146684959224, 52.551083395598894 ], [ -66.367063679861872, 52.551250995869857 ], [ -66.366679284999066, 52.551380309115046 ], [ -66.366449327395429, 52.551544893831789 ], [ -66.366163311536482, 52.55159200105355 ], [ -66.365793105999131, 52.551452587386748 ], [ -66.365542691189816, 52.550994910144588 ], [ -66.365153902680831, 52.5509207933992 ], [ -66.364985889194642, 52.551174392049717 ], [ -66.365148307106665, 52.551575907181267 ], [ -66.365644392457995, 52.551974700578491 ], [ -66.365529294386121, 52.552203491675826 ], [ -66.36570108795884, 52.552425888492955 ], [ -66.365672690384599, 52.552649892946427 ], [ -66.365867785545007, 52.552717494120365 ], [ -66.366054794278327, 52.553025188302961 ], [ -66.365846617901582, 52.553267002319259 ], [ -66.365336098706706, 52.55342990956774 ], [ -66.365245708011287, 52.554171195856746 ], [ -66.365438611436488, 52.555349689865615 ], [ -66.365697982564285, 52.556214292033964 ], [ -66.366181687495086, 52.557256105446719 ], [ -66.367153587659587, 52.558330489846306 ], [ -66.367197323583014, 52.558798093863423 ], [ -66.367677790797359, 52.559091210803956 ], [ -66.367965101367901, 52.559398095982161 ], [ -66.368707002844303, 52.560637208041001 ], [ -66.369065680235551, 52.561460298077492 ], [ -66.370142498335696, 52.564242885870286 ], [ -66.370600602146197, 52.565024501016254 ], [ -66.370632587211915, 52.565862505872765 ], [ -66.37082150456736, 52.566251614525775 ], [ -66.371638098828996, 52.566936601957828 ], [ -66.372025622817972, 52.568141993704856 ], [ -66.37253451027685, 52.569403308873341 ], [ -66.373845885645153, 52.571305095386677 ], [ -66.37405799973925, 52.571832308449686 ], [ -66.374672891576722, 52.57275099716378 ], [ -66.375426713340659, 52.573306298623386 ], [ -66.376586920648322, 52.573516402801097 ], [ -66.376699998357793, 52.573792203837954 ], [ -66.376939614400669, 52.574054703862529 ], [ -66.376981810105448, 52.574147893694558 ], [ -66.37666678264678, 52.57439879339524 ], [ -66.377034896175658, 52.574729412407777 ], [ -66.377440888018327, 52.57526319945709 ], [ -66.377712194573391, 52.575444094782476 ], [ -66.378642913360864, 52.575546197133178 ], [ -66.378933187418696, 52.575682096055559 ], [ -66.380243509730917, 52.5766233889332 ], [ -66.381428180290925, 52.577618702363139 ], [ -66.382032996632418, 52.57777640920947 ], [ -66.382231898610058, 52.578006696427998 ], [ -66.38212979715982, 52.578219193551561 ], [ -66.382683000280764, 52.578462811101573 ], [ -66.384180924730842, 52.57941879540239 ], [ -66.385595913694232, 52.580249312368075 ], [ -66.38612078610943, 52.581009906830651 ], [ -66.386044308607637, 52.581169306712908 ], [ -66.385852708272779, 52.581264508862986 ], [ -66.385789091412974, 52.581407408218922 ], [ -66.385967702441093, 52.581621604668911 ], [ -66.386142495698635, 52.581673105016911 ], [ -66.386229317687096, 52.581375300205771 ], [ -66.386508120886987, 52.581295591705796 ], [ -66.387600319841866, 52.582031099560801 ], [ -66.387906006284453, 52.582545391148614 ], [ -66.388820180345817, 52.58308710628453 ], [ -66.388736707664961, 52.583234313918716 ], [ -66.38855110385667, 52.583300889989282 ], [ -66.387692507243244, 52.583149494293338 ], [ -66.386906773262425, 52.582675904652028 ], [ -66.386337210637379, 52.582599305241665 ], [ -66.386139606761589, 52.58272299975296 ], [ -66.386030513038534, 52.582923308237426 ], [ -66.386171911855669, 52.583268102370845 ], [ -66.385987682885514, 52.583688801940909 ], [ -66.386276186398234, 52.583743292386863 ], [ -66.386478909919092, 52.583843297671741 ], [ -66.386595279231443, 52.584261501332676 ], [ -66.387099022454791, 52.584672401765246 ], [ -66.386783098665006, 52.58488260104977 ], [ -66.386826183506429, 52.585016494304725 ], [ -66.386374402522733, 52.58512609588 ], [ -66.386437910864601, 52.585276211808278 ], [ -66.387213496245039, 52.585595207444101 ], [ -66.387652215570156, 52.586087998466525 ], [ -66.388700191466967, 52.586335510686837 ], [ -66.389192312051861, 52.586823796258095 ], [ -66.389869595349168, 52.587225109833476 ], [ -66.390049984681582, 52.587813588094392 ], [ -66.389831516998541, 52.588193902170147 ], [ -66.39006299156604, 52.588383207262879 ], [ -66.390456892618658, 52.588367684685508 ], [ -66.390600197054582, 52.588500796073887 ], [ -66.390851212347656, 52.588958506899182 ], [ -66.391162904645228, 52.589151187708332 ], [ -66.391916797865719, 52.589393103487851 ], [ -66.392027206895406, 52.589546806706601 ], [ -66.39168901247821, 52.589952601232426 ], [ -66.391647689110243, 52.590193005954049 ], [ -66.392244822818512, 52.590590896744835 ], [ -66.392592788376461, 52.590905394757741 ], [ -66.39316021376581, 52.59117320599362 ], [ -66.394032891671841, 52.591349002001259 ], [ -66.394011612102233, 52.591585200350735 ], [ -66.395500504933338, 52.592406802543763 ], [ -66.396149215533526, 52.593011810624233 ], [ -66.396696314574427, 52.593263509554056 ], [ -66.397145002279473, 52.593597506929413 ], [ -66.397444290027622, 52.594119906330697 ], [ -66.397149219192968, 52.594366605161625 ], [ -66.395960093174764, 52.59496678953245 ], [ -66.396072395936159, 52.595201908624638 ], [ -66.395961512813699, 52.595320803152781 ], [ -66.395320712943743, 52.595647794393201 ], [ -66.395775004636718, 52.59622591371803 ], [ -66.395651186651719, 52.596361208428462 ], [ -66.395911500843127, 52.596346808184776 ], [ -66.396298988612003, 52.59663250711106 ], [ -66.396816400230279, 52.596754189879228 ], [ -66.39713327820003, 52.596877706060134 ], [ -66.397603813960245, 52.596995798412983 ], [ -66.398184808064826, 52.597267588813445 ], [ -66.398331591957515, 52.597836099721334 ], [ -66.398474985741615, 52.597969098034937 ], [ -66.398722284156349, 52.59797109496504 ], [ -66.399361725399984, 52.597876092500421 ], [ -66.399516274336534, 52.597911406739051 ], [ -66.399761399830297, 52.598397697804046 ], [ -66.400214379092162, 52.59891479999056 ], [ -66.401299008691183, 52.59957700070305 ], [ -66.401657396102195, 52.600046000766298 ], [ -66.402263607186356, 52.600537415103446 ], [ -66.402334185015008, 52.600992603251221 ], [ -66.402137481109378, 52.601157003094627 ], [ -66.401429785913209, 52.601191594227608 ], [ -66.401291981711381, 52.60130259972189 ], [ -66.402328011775182, 52.601879810610605 ], [ -66.402488488884856, 52.601886606658596 ], [ -66.402804106344107, 52.601655987665353 ], [ -66.403218992080255, 52.601676786428008 ], [ -66.403885492124047, 52.601882784961276 ], [ -66.404347782847367, 52.602220702679887 ], [ -66.404699589330477, 52.602404783243514 ], [ -66.404734884111647, 52.602485890710966 ], [ -66.404498304235545, 52.602658907250699 ], [ -66.404406004750811, 52.603005587808632 ], [ -66.403742408466542, 52.603214790575919 ], [ -66.403591184916507, 52.603321890794263 ], [ -66.403581510018171, 52.603480704739788 ], [ -66.404415087398704, 52.603685191698858 ], [ -66.40466758925669, 52.603910900860932 ], [ -66.404720098562279, 52.604158708874039 ], [ -66.404918420536944, 52.604348297821844 ], [ -66.405530091496544, 52.604497690429454 ], [ -66.405502805272519, 52.604762514127138 ], [ -66.405764592199077, 52.604809092333852 ], [ -66.405793905237559, 52.604918694383336 ], [ -66.405351194018095, 52.605142303050762 ], [ -66.405377291716448, 52.605402502388912 ], [ -66.405856912335523, 52.605907103952113 ], [ -66.406552183985639, 52.605909290645961 ], [ -66.407036714960896, 52.605758610021432 ], [ -66.407397797465961, 52.605763601627466 ], [ -66.408287617548339, 52.606085594043094 ], [ -66.408535213587214, 52.606380595413334 ], [ -66.408787304807618, 52.606585995898449 ], [ -66.409250109518467, 52.606651195592775 ], [ -66.409620501164511, 52.606770108596876 ], [ -66.410739999026319, 52.607765686389627 ], [ -66.411896510190701, 52.608337711847994 ], [ -66.411670302710689, 52.608958195574758 ], [ -66.411968400663923, 52.609126592821163 ], [ -66.412814712892427, 52.609294309000816 ], [ -66.412938124373852, 52.609138592534102 ], [ -66.413374806346212, 52.608943516124995 ], [ -66.413505105004973, 52.608799905167672 ], [ -66.414408186053592, 52.608539801395622 ], [ -66.414490910845487, 52.6086449126703 ], [ -66.41437999587707, 52.608763903182009 ], [ -66.414173494752845, 52.60879408934283 ], [ -66.41397578565099, 52.608917999651069 ], [ -66.414246992110847, 52.609078390784141 ], [ -66.414823991795274, 52.609167004051642 ], [ -66.415021393105519, 52.609315897071667 ], [ -66.415048714384199, 52.609909800769088 ], [ -66.415268382239063, 52.610156196160645 ], [ -66.415731719144588, 52.610241702539078 ], [ -66.416306012865647, 52.610501290132731 ], [ -66.416563008061914, 52.610910089984834 ], [ -66.417067816655205, 52.611341191860191 ], [ -66.41723008491995, 52.611702001890791 ], [ -66.417237695147719, 52.61202751269051 ], [ -66.417056988993508, 52.612590693719973 ], [ -66.417198590161775, 52.612642390544778 ], [ -66.417367503930265, 52.612429308682941 ], [ -66.41748908256281, 52.612485194144007 ], [ -66.417512389324784, 52.612623386787348 ], [ -66.417721881689744, 52.612715199142357 ], [ -66.41775430615796, 52.612674203358381 ], [ -66.417984200271988, 52.612782106602957 ], [ -66.417651098907086, 52.613118706813175 ], [ -66.417180984293594, 52.613314095259199 ], [ -66.417200218473653, 52.613562205637969 ], [ -66.417508407778016, 52.613592002116974 ], [ -66.417861397237886, 52.613816898404423 ], [ -66.417819313460541, 52.61401670430422 ], [ -66.417990180121976, 52.61417800554527 ], [ -66.417877887242582, 52.614235901033084 ], [ -66.417502295828754, 52.614186300176314 ], [ -66.417151492926735, 52.613770097377589 ], [ -66.416281119241262, 52.613716700870668 ], [ -66.416236907933182, 52.613541988776724 ], [ -66.416389596103954, 52.613495905908295 ], [ -66.416373698895015, 52.61339030366485 ], [ -66.416486812074666, 52.613080004787449 ], [ -66.416332203751324, 52.613044690172643 ], [ -66.416176783767256, 52.613261698462729 ], [ -66.415879292783075, 52.613406789238844 ], [ -66.415569612991547, 52.613315799069142 ], [ -66.41507330033869, 52.613250999229351 ], [ -66.414238407443605, 52.613571603464528 ], [ -66.41350451363148, 52.613638995754023 ], [ -66.41390110664895, 52.614018089593785 ], [ -66.41448327696628, 52.614037502730497 ], [ -66.414585985783091, 52.614138300903043 ], [ -66.414908209703853, 52.614192494163348 ], [ -66.415071193655763, 52.614300990137167 ], [ -66.415224120133189, 52.614547899163611 ], [ -66.415166088182232, 52.614642091486026 ], [ -66.415169898500622, 52.614804795345052 ], [ -66.415251203500233, 52.614848902917025 ], [ -66.415525081370504, 52.614838394703447 ], [ -66.41571120052393, 52.61479199741553 ], [ -66.416008915434873, 52.61494000306925 ], [ -66.416040091216914, 52.615131007172707 ], [ -66.416355710571352, 52.615759103755913 ], [ -66.416247683424245, 52.616000201105706 ], [ -66.416378706293642, 52.616169992321133 ], [ -66.416696618721772, 52.616040990733559 ], [ -66.416823809635787, 52.616048100895135 ], [ -66.417062108289485, 52.616229104651843 ], [ -66.417091395405095, 52.616338802912821 ], [ -66.416989378166804, 52.616551299538422 ], [ -66.417011799487383, 52.616648785956215 ], [ -66.417386415702424, 52.61665770861336 ], [ -66.417565608819444, 52.61659919162306 ], [ -66.417950607151894, 52.61676271034495 ], [ -66.417892605725427, 52.616856798871602 ], [ -66.417258502462104, 52.616903003177413 ], [ -66.417337492493004, 52.617138409765815 ], [ -66.417299513851617, 52.617228308955752 ], [ -66.416873898677864, 52.617325610523601 ], [ -66.416569779028109, 52.617478801409142 ], [ -66.416625610608719, 52.617575996539721 ], [ -66.416831687961491, 52.617525387659803 ], [ -66.416933899534982, 52.617605897275958 ], [ -66.416927597847817, 52.617907113013565 ], [ -66.417405086648216, 52.618309993607447 ], [ -66.417431719821124, 52.618353630999188 ], [ -66.417592911178502, 52.61861759178403 ], [ -66.417935801782633, 52.618980910026252 ], [ -66.418377110578163, 52.61926200629572 ], [ -66.420062916679584, 52.619857806674176 ], [ -66.421262504411544, 52.620250307221632 ], [ -66.422130717837547, 52.620767700360545 ], [ -66.422581407454743, 52.621162596916683 ], [ -66.423559292369646, 52.621793099782082 ], [ -66.424058583683788, 52.621980002980351 ], [ -66.424556678265333, 52.622398908459736 ], [ -66.424708707566765, 52.622605104463823 ], [ -66.424735886963063, 52.622906088781072 ], [ -66.424461719073562, 52.623189297324302 ], [ -66.424321199853821, 52.623471410999095 ], [ -66.424445791465388, 52.623649405147482 ], [ -66.425556606848588, 52.624237912586679 ], [ -66.425999608338287, 52.624872993821327 ], [ -66.426479784497531, 52.625377597078526 ], [ -66.426997407714808, 52.625771890201293 ], [ -66.428711220393438, 52.627527291944489 ], [ -66.438937627467595, 52.635375133783839 ], [ -66.440275917272771, 52.636400427297382 ], [ -66.432757756313904, 52.639811254772184 ], [ -66.423794449590417, 52.641376063432709 ], [ -66.416362290330909, 52.642044214096657 ], [ -66.417570122258056, 52.651200753593471 ], [ -66.411154713367822, 52.66042409273286 ], [ -66.40523102501966, 52.667194158015278 ], [ -66.402242992970358, 52.674535447455455 ], [ -66.394723440454143, 52.679236680895876 ], [ -66.388657382874342, 52.682284201810219 ], [ -66.382920425165977, 52.68007019353027 ], [ -66.374852260381957, 52.674674439570317 ], [ -66.366131671099836, 52.667396581744207 ], [ -66.366264007668903, 52.665816810153778 ], [ -66.363174127988827, 52.660014603740251 ], [ -66.355750617780245, 52.655589485880157 ], [ -66.355501838118357, 52.65552951112344 ], [ -66.35083159218334, 52.650415396220517 ], [ -66.340772349577165, 52.645449910961531 ], [ -66.323821346359466, 52.621947224737916 ], [ -66.319434385578305, 52.617590770562785 ], [ -66.319976173688232, 52.613436550921769 ], [ -66.309302522357271, 52.60459012254352 ], [ -66.306331601047916, 52.604744469087088 ], [ -66.303213973090251, 52.602709810230749 ], [ -66.290774665911087, 52.600096989361127 ], [ -66.284572225226057, 52.604219326342843 ], [ -66.279907347446198, 52.617397162682998 ], [ -66.28085253693861, 52.624281843845246 ], [ -66.277380072631573, 52.634449745331004 ], [ -66.277696271558511, 52.634452317086676 ], [ -66.295769369856018, 52.634597522883951 ], [ -66.29580920581887, 52.634610624593847 ], [ -66.303657773535406, 52.637190930518152 ], [ -66.301988554811373, 52.640447801657494 ], [ -66.296736238512281, 52.645360263959013 ], [ -66.299984277310799, 52.650257678784442 ], [ -66.307079964994415, 52.654858264781979 ], [ -66.311498959862149, 52.658950898477904 ], [ -66.307780513848584, 52.662969730668706 ], [ -66.313717164648068, 52.669667308320633 ], [ -66.328568298949776, 52.676636439358298 ], [ -66.337144636896682, 52.682168454302676 ], [ -66.338772668148394, 52.6846167838466 ], [ -66.336083203608993, 52.688902167381102 ], [ -66.338333757336315, 52.697412144116626 ], [ -66.33736627590369, 52.70140422550007 ], [ -66.323483320446144, 52.712578514586724 ], [ -66.320983936412034, 52.71875826027231 ], [ -66.316629905609304, 52.721508687414136 ], [ -66.308202814506117, 52.724868529115355 ], [ -66.308331761119604, 52.728591075539633 ], [ -66.326442166591065, 52.73658107099871 ], [ -66.33183213316363, 52.741474437387289 ], [ -66.328498346298261, 52.750049185470147 ], [ -66.327268981537856, 52.753210233341697 ], [ -66.330841126249581, 52.761139582695051 ], [ -66.347409912176673, 52.778315572446004 ], [ -66.351269471694707, 52.784103752040814 ], [ -66.345597560152186, 52.788731747069946 ], [ -66.344276818710142, 52.795401276578488 ], [ -66.347762375115437, 52.799986655251864 ], [ -66.354179600339762, 52.802558548523372 ], [ -66.354337777445537, 52.802511526846068 ], [ -66.381458553114442, 52.794443181829315 ], [ -66.381528042184982, 52.79453074414775 ], [ -66.385503880652209, 52.79953871153549 ], [ -66.384757272703226, 52.803219655124167 ], [ -66.380297880173615, 52.807422997598543 ], [ -66.378548948172693, 52.80992473631521 ], [ -66.377473474839547, 52.814074829404674 ], [ -66.384219888969668, 52.820969984471418 ], [ -66.388347427529226, 52.826823728575754 ], [ -66.4032816940137, 52.839873066953047 ], [ -66.408060056122935, 52.843494592640539 ], [ -66.413882781722265, 52.848673945459375 ], [ -66.416279327004304, 52.858323105480721 ], [ -66.410714103271118, 52.872388684131288 ], [ -66.398575462996646, 52.878860594240201 ], [ -66.398562356993864, 52.878867578836648 ], [ -66.379420452850752, 52.877468194734085 ], [ -66.374403972867171, 52.871570862974316 ], [ -66.37311623360678, 52.866444778714417 ], [ -66.368745569833536, 52.863110357374033 ], [ -66.356715420424152, 52.859107573345995 ], [ -66.356633751554625, 52.859080395294839 ], [ -66.351256200445405, 52.859360317896872 ], [ -66.339730699888634, 52.863722280881774 ], [ -66.339639095404337, 52.86375694852407 ], [ -66.328312250703107, 52.861216180139259 ], [ -66.320549777552174, 52.856637873614723 ], [ -66.316209977894019, 52.851093606975567 ], [ -66.304998170469176, 52.84101289385778 ], [ -66.290939190546013, 52.834994584014588 ], [ -66.283482981421031, 52.833431220740103 ], [ -66.283236412478288, 52.833379513431773 ], [ -66.27978346790178, 52.835258169017422 ], [ -66.275017844963401, 52.840305233671494 ], [ -66.273716111869106, 52.8460605075798 ], [ -66.278598421105869, 52.850825091068018 ], [ -66.288079013713812, 52.853820247067162 ], [ -66.29291944885523, 52.85691180629199 ], [ -66.294629323917391, 52.860120141894967 ], [ -66.290521552308022, 52.862932988346877 ], [ -66.29051561019304, 52.862937056884348 ], [ -66.283222883589843, 52.862477873397971 ], [ -66.282922795934454, 52.862458968233369 ], [ -66.270187217981089, 52.865823911865661 ], [ -66.259758718308674, 52.865905892018617 ], [ -66.257817625821943, 52.869097630968575 ], [ -66.260859657108739, 52.874311882399951 ], [ -66.269761830026837, 52.879004637936433 ], [ -66.276159485202072, 52.88378982978422 ], [ -66.272744612868706, 52.896016795674974 ], [ -66.280344791367725, 52.905171559114756 ], [ -66.288777949840295, 52.910109207624274 ], [ -66.295052895320765, 52.918551742870129 ], [ -66.303898292016001, 52.923777625728015 ], [ -66.311626771484512, 52.926685234983744 ], [ -66.315502673499623, 52.933770846485579 ], [ -66.321954141624374, 52.938933090536445 ], [ -66.323379351054058, 52.942989889312493 ], [ -66.32505325716653, 52.951908966899225 ], [ -66.326777260957385, 52.956411409901406 ], [ -66.327001319422862, 52.963482223148404 ], [ -66.325476053740417, 52.968259063757344 ], [ -66.32668273947138, 52.972628908165127 ], [ -66.338865292012542, 52.98313289068642 ], [ -66.342995583954561, 52.987697191797672 ], [ -66.344841066998498, 52.993337280058384 ], [ -66.349796253489401, 53.000056031709455 ], [ -66.349811293970461, 53.000056035530626 ], [ -66.35010002017745, 53.000056101077362 ], [ -66.350111117904078, 53.0000561137199 ], [ -66.350207779202393, 53.00005613899679 ], [ -66.352796690508271, 53.000056715983803 ], [ -66.354893985016815, 53.00005714834402 ], [ -66.354900146932806, 53.000072181787942 ], [ -66.354917959557412, 53.000115639812215 ], [ -66.360771043991221, 53.01439036697839 ], [ -66.370270252904419, 53.024757753588538 ], [ -66.370401003953205, 53.024571731369591 ], [ -66.373226614652239, 53.020551219609843 ], [ -66.38265243668944, 53.019783676184844 ], [ -66.3828469687178, 53.019808514731025 ], [ -66.393526185385255, 53.021171073478463 ], [ -66.406075111699366, 53.028143809029778 ], [ -66.423581937817175, 53.042131862368521 ], [ -66.431834641168379, 53.048202596817035 ], [ -66.432101893690742, 53.048182152661241 ], [ -66.442619603602438, 53.047377567262075 ], [ -66.442701533053167, 53.047410264790983 ], [ -66.44673561476408, 53.049020463706817 ], [ -66.452470123497051, 53.051847236403596 ], [ -66.459216249473215, 53.055171749428446 ], [ -66.459259313965418, 53.05505238750893 ], [ -66.460265357720729, 53.052264537895311 ], [ -66.461729851393912, 53.046884202927515 ], [ -66.466441250689314, 53.043916830394565 ], [ -66.47498908910211, 53.042520025489935 ], [ -66.472894425008278, 53.037941734704425 ], [ -66.471086963446453, 53.03399037082503 ], [ -66.469961473498515, 53.028546940221005 ], [ -66.474320893169377, 53.022317078960128 ], [ -66.46783918140919, 53.009957349651778 ], [ -66.46687613959044, 53.004753649892848 ], [ -66.461901497244526, 53.000115281876916 ], [ -66.461961337870591, 53.000023194841248 ], [ -66.466215475904477, 52.993478485114828 ], [ -66.469612090283661, 52.990971664712916 ], [ -66.469816964432042, 52.991067584725869 ], [ -66.484471547622519, 52.997926661527764 ], [ -66.484723262189547, 52.997911834124849 ], [ -66.492699370683042, 52.997441469037014 ], [ -66.488223279529805, 52.991147003342263 ], [ -66.488726904413795, 52.985722624706945 ], [ -66.493839126771718, 52.984048718866397 ], [ -66.495280188603047, 52.981044340137608 ], [ -66.492345374047133, 52.977719879942093 ], [ -66.489807530556249, 52.974297992502088 ], [ -66.489329184105429, 52.966046238984305 ], [ -66.4883206379846, 52.960435692334727 ], [ -66.490157605621732, 52.957334176281286 ], [ -66.494814370090808, 52.950191937617731 ], [ -66.499685559375521, 52.94705614945741 ], [ -66.500773640095161, 52.946355589442753 ], [ -66.500947610928733, 52.946460725099165 ], [ -66.507008277624976, 52.950123043478754 ], [ -66.510249836040487, 52.956300675672523 ], [ -66.514270648602633, 52.960891867879795 ], [ -66.520024455454788, 52.963940781000844 ], [ -66.52018303199651, 52.963872718109492 ], [ -66.526115708909856, 52.961325932701236 ], [ -66.529181444315711, 52.954572148411458 ], [ -66.530544261059219, 52.948376957486914 ], [ -66.537526424256228, 52.944006686569757 ], [ -66.547779450640064, 52.941061947045014 ], [ -66.548058965567449, 52.941086485514845 ], [ -66.556127511932075, 52.941794851444683 ], [ -66.55617556295519, 52.941785966441316 ], [ -66.562903801978791, 52.940542580773368 ], [ -66.569969987796838, 52.936985543348456 ], [ -66.57699597269054, 52.936786871872414 ], [ -66.577052961946876, 52.936808585424629 ], [ -66.584775468083365, 52.939751127985438 ], [ -66.593609476142404, 52.941198621185421 ], [ -66.601740821778918, 52.949798036112931 ], [ -66.62555377300194, 52.954243263888401 ], [ -66.625590855603733, 52.954205781030701 ], [ -66.632137910358537, 52.947589303816287 ], [ -66.632911087066802, 52.931343682345144 ], [ -66.648186513042887, 52.924909708818944 ], [ -66.65028770692841, 52.921876295059292 ], [ -66.642125261965091, 52.914265011017676 ], [ -66.632102006215348, 52.900833247903456 ], [ -66.63241460544414, 52.897545332919414 ], [ -66.642012327660552, 52.897401542976866 ], [ -66.642071093177677, 52.897419612114767 ], [ -66.649302786342147, 52.899643507075908 ], [ -66.649368344056555, 52.899581289383434 ], [ -66.654078757392057, 52.895109281750244 ], [ -66.66329190906508, 52.890311877407797 ], [ -66.663698431127713, 52.885464283994779 ], [ -66.656714134495999, 52.882310328857784 ], [ -66.649154521279499, 52.877623716191614 ], [ -66.645081107395129, 52.872631192135941 ], [ -66.651473177492264, 52.870487856726072 ], [ -66.655617282845782, 52.86638889159822 ], [ -66.653123911779957, 52.861004929217813 ], [ -66.647400937801635, 52.856980618767864 ], [ -66.645045097067367, 52.852819153950165 ], [ -66.647867676202353, 52.847791950919856 ], [ -66.656357998036938, 52.840241243602264 ], [ -66.664779614030351, 52.830891564527363 ], [ -66.664864184512808, 52.814678535538903 ], [ -66.661564340305759, 52.808100686494967 ], [ -66.651232287891986, 52.79657100763815 ], [ -66.646062378770267, 52.788923468230102 ], [ -66.64709680914072, 52.783642484597394 ], [ -66.650812080446897, 52.780625946538585 ], [ -66.651085736126632, 52.780672255292352 ], [ -66.660167821386082, 52.78220824106883 ], [ -66.666780079097308, 52.788240624640693 ], [ -66.673586488494564, 52.791154133427163 ], [ -66.673856478453288, 52.791149749807843 ], [ -66.680191211845155, 52.791046689658351 ], [ -66.6839501788902, 52.788436374549377 ], [ -66.686368940221143, 52.783507155323974 ], [ -66.684839444118182, 52.771045847530893 ], [ -66.686311795189155, 52.76370009516463 ], [ -66.692890906573368, 52.76220119166922 ], [ -66.693196606448367, 52.762216939751845 ], [ -66.719357359758845, 52.763562194067845 ], [ -66.746240482103374, 52.773330899066295 ], [ -66.757683463255361, 52.781366562926408 ], [ -66.765053358334654, 52.791536913728294 ], [ -66.772865565796536, 52.797267625119311 ], [ -66.781651454099944, 52.799682154899337 ], [ -66.781752582839445, 52.799637648078402 ], [ -66.786795354280329, 52.797418933157061 ], [ -66.779696667651464, 52.787320108382005 ], [ -66.774940471806303, 52.775239967843419 ], [ -66.753746313673162, 52.751488102494505 ], [ -66.753862466458273, 52.749990995406058 ], [ -66.754950358653247, 52.735966914940676 ], [ -66.755482598221661, 52.720474516752077 ], [ -66.750440807251678, 52.714055721870281 ], [ -66.750117777519492, 52.708830947154489 ], [ -66.7475752691292, 52.703044305435704 ], [ -66.763551203181223, 52.700165154970897 ], [ -66.772126737509382, 52.696203598676185 ], [ -66.76565090447987, 52.684280917725161 ], [ -66.760427405783588, 52.678607590842766 ], [ -66.757538819081148, 52.673327281838368 ], [ -66.760079726746639, 52.669619739274431 ], [ -66.764676008213087, 52.666235004747669 ], [ -66.764934502875093, 52.666288487476876 ], [ -66.773223415550603, 52.668003351491123 ], [ -66.786047881879881, 52.673027941257175 ], [ -66.791112402325169, 52.678461229872397 ], [ -66.792042106558768, 52.684232915341596 ], [ -66.801037387766854, 52.708652652179119 ], [ -66.804302711750481, 52.712443335902613 ], [ -66.804580847715073, 52.712417017774804 ], [ -66.816835406264232, 52.71125696465495 ], [ -66.816866775306806, 52.71129732376555 ], [ -66.826014792330653, 52.723063245521608 ], [ -66.834281762743828, 52.738592029755303 ], [ -66.836194461137652, 52.745796323544255 ], [ -66.840638821105301, 52.750055354231357 ], [ -66.848792216248754, 52.757866005075478 ], [ -66.85450694246434, 52.765235437736301 ], [ -66.859864945758986, 52.768362788465041 ], [ -66.859996870501661, 52.768270612496252 ], [ -66.866105683704774, 52.7640017524309 ], [ -66.86602425225712, 52.759829861183391 ], [ -66.861081007545494, 52.750060053203633 ], [ -66.860064677546305, 52.748050753674434 ], [ -66.858460016428353, 52.736576541447249 ], [ -66.853700006490172, 52.721144818347696 ], [ -66.855679342755522, 52.717294515160638 ], [ -66.855979438861951, 52.71733263350194 ], [ -66.866762408821842, 52.718701909466532 ], [ -66.881385745999737, 52.727323367315876 ], [ -66.891167265555268, 52.732550236163682 ], [ -66.891347404030455, 52.732492833835515 ], [ -66.895327425717738, 52.731224468223871 ], [ -66.897581032526787, 52.727443098084287 ], [ -66.876530111952945, 52.713452207064961 ], [ -66.871984184124543, 52.709145550688028 ], [ -66.8576018637267, 52.692082306900843 ], [ -66.849084483617588, 52.67787774566203 ], [ -66.850879084872801, 52.674772471244992 ], [ -66.863398135866007, 52.673580655919693 ], [ -66.863476089930799, 52.673616548136387 ], [ -66.869089255508868, 52.676200780716393 ], [ -66.872338388317019, 52.680972073073121 ], [ -66.872593546266913, 52.680901517483079 ], [ -66.877948637006284, 52.679420865376485 ], [ -66.879673524321504, 52.676890963603135 ], [ -66.886067799816487, 52.675141766400792 ], [ -66.886285422176528, 52.675181195984536 ], [ -66.894460114792039, 52.676661706209266 ], [ -66.902574243196923, 52.683841067476706 ], [ -66.901711695441037, 52.687971220799106 ], [ -66.917310680294321, 52.715208981498549 ], [ -66.92944542682136, 52.72892605475942 ], [ -66.937832642392479, 52.731426009459689 ], [ -66.943875197368925, 52.736893254313166 ], [ -66.948879187059532, 52.747236271937496 ], [ -66.94896668532752, 52.750034880930144 ], [ -66.94926524160968, 52.759582686370138 ], [ -66.949575038358063, 52.759490488986778 ], [ -66.961517877344662, 52.755935202334499 ], [ -66.976412181937206, 52.753574184883881 ], [ -66.979040363652388, 52.753145984033196 ], [ -66.989837195928672, 52.762168654898545 ], [ -66.999614185524123, 52.759280739248368 ], [ -67.000000019004887, 52.758925382379886 ], [ -67.009675935529401, 52.750011096930244 ], [ -67.016136466806444, 52.744056446197305 ], [ -67.021570080572914, 52.746599253841524 ], [ -67.018850606958367, 52.750020788571128 ], [ -67.017117485245777, 52.752201020955098 ], [ -67.019752866425677, 52.755031882819708 ], [ -67.024827941930823, 52.755707260722737 ], [ -67.03101558816833, 52.750032392741346 ], [ -67.034304082227138, 52.747015631952017 ], [ -67.035724223589753, 52.750036514066224 ], [ -67.038301435366407, 52.755517263758293 ], [ -67.038695742701549, 52.758775096838285 ], [ -67.039616644510076, 52.767495955922172 ], [ -67.049185078522285, 52.774029806837589 ], [ -67.067006743058997, 52.775116248929464 ], [ -67.06881170415825, 52.777737827291993 ], [ -67.062675555190566, 52.783908967615425 ], [ -67.060930519148926, 52.791767040252793 ], [ -67.057847190948692, 52.806400638859927 ], [ -67.061970499271396, 52.814733875023421 ], [ -67.062252845320302, 52.818161107358854 ], [ -67.054767316432745, 52.827750511057978 ], [ -67.047671687710192, 52.837240207468369 ], [ -67.048367010597744, 52.84630076140175 ], [ -67.055925231862915, 52.857267125918789 ], [ -67.054128775228946, 52.868077619524506 ], [ -67.063150780210478, 52.875456792801529 ], [ -67.074252229078226, 52.87545180978865 ], [ -67.09563971635535, 52.869904666210573 ], [ -67.106187842621196, 52.865415673899008 ], [ -67.111443789314109, 52.864443956940718 ], [ -67.11211678521515, 52.864319522190186 ], [ -67.122597824260026, 52.862380763609657 ], [ -67.134187653455328, 52.851042592116151 ], [ -67.140343734361451, 52.851582264688687 ], [ -67.149494781693718, 52.854442835292907 ], [ -67.155551650527485, 52.849825301019315 ], [ -67.155933422687582, 52.846367367225945 ], [ -67.155263428550342, 52.837714811228004 ], [ -67.15490018639116, 52.822823140313353 ], [ -67.161129120140174, 52.817460379789168 ], [ -67.167559282027696, 52.818067587283885 ], [ -67.175410672855705, 52.821394338141864 ], [ -67.185524865318371, 52.831989202620129 ], [ -67.195028784024032, 52.833354890620001 ], [ -67.203963211041881, 52.835565170549117 ], [ -67.207176517342248, 52.838530097767617 ], [ -67.214847290401707, 52.843583136811631 ], [ -67.221989138961476, 52.841205195345495 ], [ -67.22747230011295, 52.84177083389347 ], [ -67.231886103208595, 52.847792741602909 ], [ -67.240904166846676, 52.853915990363433 ], [ -67.239911649012953, 52.858860187226696 ], [ -67.252421358770746, 52.867862540568602 ], [ -67.259864212281599, 52.873216020742518 ], [ -67.268532696075908, 52.877710714934203 ], [ -67.299845035393872, 52.884475992022843 ], [ -67.307269805733512, 52.879228423912949 ], [ -67.316824459959605, 52.87544768007124 ], [ -67.324580055398826, 52.877825527547856 ], [ -67.32481031742924, 52.882125814273337 ], [ -67.336145049752275, 52.88962520044673 ], [ -67.341857346565021, 52.896214036402391 ], [ -67.332908607750866, 52.90721964147059 ], [ -67.338712548225473, 52.916043541161088 ], [ -67.342115726409375, 52.916063123706166 ], [ -67.350774201512692, 52.922603908057106 ], [ -67.35574290049874, 52.928627777540854 ], [ -67.351937064060891, 52.936665750973383 ], [ -67.344228942588003, 52.941825034074434 ], [ -67.340063099953724, 52.94881424154655 ], [ -67.332665699262463, 52.959818154951414 ], [ -67.321476373866858, 52.965406246661509 ], [ -67.306924018249532, 52.968886671883865 ], [ -67.2974571766823, 52.965601064263019 ], [ -67.288246461328953, 52.964300464145808 ], [ -67.275832137876932, 52.963814337709785 ], [ -67.263722409259088, 52.969172443171367 ], [ -67.248487623538068, 52.976005680313911 ], [ -67.244521371848393, 52.979518849728578 ], [ -67.255303705069338, 52.979285548729969 ], [ -67.270440166623331, 52.98204499528326 ], [ -67.283300210635929, 52.984242690368006 ], [ -67.294114458339635, 52.980807432163374 ], [ -67.308301997395503, 52.977878797324024 ], [ -67.323185255736604, 52.978644810738878 ], [ -67.34536261572579, 52.981195461563253 ], [ -67.353813636896092, 52.986789757906699 ], [ -67.363425361085405, 52.99619146939758 ], [ -67.366864723603115, 53.000073787347759 ], [ -67.368861743029797, 53.00232756735349 ], [ -67.358960480917361, 53.005993905874114 ], [ -67.355371383909002, 53.008961172505174 ], [ -67.359267024152459, 53.013439111278714 ], [ -67.363052203422185, 53.020453333515292 ], [ -67.363927439676544, 53.025474041901937 ], [ -67.369010228913282, 53.03056180226465 ], [ -67.374440311272039, 53.038297423663828 ], [ -67.380786079121663, 53.046255959628567 ], [ -67.38407483305437, 53.059555838699509 ], [ -67.387018777259996, 53.070207845876418 ], [ -67.390542666943503, 53.076835372671525 ], [ -67.390746205398472, 53.08681879288045 ], [ -67.392541189486622, 53.092063163850511 ], [ -67.393028841559811, 53.100834290595266 ], [ -67.388397122593929, 53.107716984766995 ], [ -67.391826358952642, 53.11528260928403 ], [ -67.392336828817974, 53.120855037963537 ], [ -67.385378958147285, 53.131979434183343 ], [ -67.37141237870209, 53.135306588103141 ], [ -67.361898847122959, 53.132025269963883 ], [ -67.363322289126202, 53.125961569184298 ], [ -67.365004819619514, 53.121884460543235 ], [ -67.3499861817142, 53.130721837704336 ], [ -67.346397930406283, 53.132090146454139 ], [ -67.337530677403038, 53.128643101651072 ], [ -67.340615786114526, 53.121702324158221 ], [ -67.342758030834631, 53.11773733663302 ], [ -67.332067474406884, 53.124102887061227 ], [ -67.317984478654168, 53.129959995897586 ], [ -67.304425232401556, 53.138189111623504 ], [ -67.29314079421799, 53.138315634578461 ], [ -67.288076085018645, 53.140283614099225 ], [ -67.287214602647751, 53.143921348313711 ], [ -67.296779394879266, 53.151071217559554 ], [ -67.302669831543199, 53.158925027264416 ], [ -67.29399441887999, 53.163860036350329 ], [ -67.284182779027674, 53.172045243334431 ], [ -67.273908945512844, 53.180117707474167 ], [ -67.262968346247362, 53.181290569000431 ], [ -67.254368546690955, 53.178223302240681 ], [ -67.249756612498885, 53.171640252554731 ], [ -67.248995016412465, 53.165679122442356 ], [ -67.236756092740251, 53.160113686513071 ], [ -67.225183366902073, 53.152784380303963 ], [ -67.217694746019191, 53.149663774884452 ], [ -67.204950463765329, 53.14878173422462 ], [ -67.174766050573425, 53.148425766697088 ], [ -67.154227980342938, 53.14722548088934 ], [ -67.146019021659342, 53.143599858061762 ], [ -67.134446538787103, 53.13786062127101 ], [ -67.132745084247077, 53.134873225983753 ], [ -67.139210209387386, 53.131650883866669 ], [ -67.141082188068708, 53.128902003407362 ], [ -67.125088003654824, 53.124960314390499 ], [ -67.120669297054221, 53.119697335646435 ], [ -67.119914843336943, 53.108275230619739 ], [ -67.116201906558302, 53.105111945437628 ], [ -67.115279011840684, 53.111946971146402 ], [ -67.101975514453727, 53.118937646362795 ], [ -67.088667139574937, 53.12592680584789 ], [ -67.082712920458874, 53.131520867650565 ], [ -67.075255395464112, 53.139312899296698 ], [ -67.061178028624212, 53.141936674421302 ], [ -67.048922626664805, 53.139549180484195 ], [ -67.052517774999018, 53.132729632639894 ], [ -67.050899854796242, 53.124942221985364 ], [ -67.04678598499116, 53.118464300713946 ], [ -67.053063322962174, 53.110061130483345 ], [ -67.064040078287448, 53.105711208414981 ], [ -67.068973857548158, 53.10082993032082 ], [ -67.067166439071201, 53.093318197814341 ], [ -67.065309709692173, 53.089005422100477 ], [ -67.067878459132501, 53.082897547117547 ], [ -67.068490674413283, 53.07887463668002 ], [ -67.056766846133641, 53.078863014439086 ], [ -67.041607609751281, 53.076072141378027 ], [ -67.023983049980643, 53.07844879286165 ], [ -67.017490836767436, 53.07780253828642 ], [ -67.011561001045308, 53.081792474674131 ], [ -67.001256872783003, 53.084375829286273 ], [ -66.999999996758874, 53.084373833087987 ], [ -66.989531428492967, 53.084356754143045 ], [ -66.984429908966206, 53.087909301135227 ], [ -66.98595281967124, 53.095034472909461 ], [ -66.986831908290128, 53.102321149365018 ], [ -66.990101214335425, 53.109237094195265 ], [ -66.990873207342617, 53.117461082471166 ], [ -66.984906015660584, 53.123049500571526 ], [ -66.972973376354958, 53.128764359944242 ], [ -66.959965007476924, 53.132926181125235 ], [ -66.958695434825273, 53.137110263144308 ], [ -66.974387188991415, 53.136827613799255 ], [ -66.995182347515637, 53.138450619022677 ], [ -67.000000012706479, 53.140805015644709 ], [ -67.007190921180239, 53.144318292816067 ], [ -67.014122806749569, 53.152139596148217 ], [ -67.013529797627911, 53.160024957975686 ], [ -67.006590115351031, 53.168588436722501 ], [ -67.006133013301138, 53.168475256107854 ], [ -67.000000008782479, 53.171505041279573 ], [ -66.994000900483712, 53.174467886637018 ], [ -66.982647837360616, 53.177760823524032 ], [ -66.967447020899101, 53.180420466333295 ], [ -66.959617270299276, 53.181692800516998 ], [ -66.963396032810167, 53.190986899074261 ], [ -66.973608892891065, 53.200268066242202 ], [ -66.978061671443626, 53.213263313042106 ], [ -66.976727340959286, 53.226111082241701 ], [ -66.975609899685011, 53.237084553820125 ], [ -66.976192452044828, 53.245586227934645 ], [ -66.974306313895752, 53.250027167407453 ], [ -66.969272143969917, 53.261875236579222 ], [ -66.964725388220913, 53.273930895724476 ], [ -66.954326758915926, 53.28357473573935 ], [ -66.953370476385956, 53.290411634115664 ], [ -66.957457343871468, 53.298496545065866 ], [ -66.958415498695743, 53.306450335381918 ], [ -66.965337294340202, 53.313006602679998 ], [ -66.983820033827456, 53.320467192268367 ], [ -66.992349595112614, 53.322894774889733 ], [ -66.996862179810179, 53.322197764567377 ], [ -67.00196233774227, 53.32140971064517 ], [ -67.018814199504973, 53.32008052628693 ], [ -67.025348294200029, 53.326191229141692 ], [ -67.02705061694671, 53.334646127655454 ], [ -67.021297834587742, 53.342228411998228 ], [ -67.005221716306721, 53.34919509198884 ], [ -67.000000003173994, 53.351358332864059 ], [ -66.996951786897739, 53.352620925474476 ], [ -66.997056961399252, 53.35714780604232 ], [ -66.999999993921975, 53.357179463538131 ], [ -67.009325914802901, 53.357279291768421 ], [ -67.013675858693048, 53.361887449060298 ], [ -67.005727182837205, 53.367965649142434 ], [ -66.999999988227685, 53.370738687264392 ], [ -66.996046633799438, 53.372652469807718 ], [ -66.984691730578973, 53.37274614825423 ], [ -66.976100123403597, 53.368054072893479 ], [ -66.973591413497743, 53.363897847763511 ], [ -66.966103322723498, 53.364621762003829 ], [ -66.958905241290438, 53.369597468354897 ], [ -66.954142081942678, 53.372601802004134 ], [ -66.953473385798247, 53.383692886140061 ], [ -66.946319666445675, 53.39093165924502 ], [ -66.938096515729271, 53.391151895137931 ], [ -66.933280115774096, 53.3918917696219 ], [ -66.92883031793113, 53.39754718062413 ], [ -66.922872449187324, 53.399934858111237 ], [ -66.914409333075952, 53.398164213625584 ], [ -66.911984637735145, 53.39466919125428 ], [ -66.906707791544477, 53.39529422071768 ], [ -66.903204865698896, 53.39957523272124 ], [ -66.890536839939827, 53.409310613616917 ], [ -66.890090887941994, 53.413061460160883 ], [ -66.894479306304476, 53.419939071517014 ], [ -66.899903237214232, 53.416776072072686 ], [ -66.907894492353094, 53.414569620866509 ], [ -66.916281598033606, 53.41567780824289 ], [ -66.92444786028237, 53.418660877904877 ], [ -66.925654622765208, 53.42314112849472 ], [ -66.925634701267299, 53.43089941621016 ], [ -66.927309616253112, 53.434421483336848 ], [ -66.931767269660682, 53.436875335176545 ], [ -66.935006370490555, 53.441535300703507 ], [ -66.930599735610201, 53.449455557887568 ], [ -66.924952177481686, 53.454496119490479 ], [ -66.93044503156402, 53.457460400401764 ], [ -66.934637321724452, 53.460746783758005 ], [ -66.93432389255554, 53.467425619450637 ], [ -66.937915951962054, 53.473137346755728 ], [ -66.944524086962772, 53.476053399089686 ], [ -66.954477864122367, 53.473359327799059 ], [ -66.964269561855176, 53.46933811022609 ], [ -66.971076439853832, 53.466511410423792 ], [ -66.985361124405046, 53.464560404690744 ], [ -66.9958222242917, 53.464240000138666 ], [ -66.998987319505588, 53.473701535345761 ], [ -66.9962964445659, 53.484617518703111 ], [ -66.992714479814239, 53.488239391519308 ], [ -66.98384275396738, 53.492490173202654 ], [ -66.985629270180908, 53.49614597607367 ], [ -67.00000001932959, 53.495963006556288 ], [ -67.000000000838156, 53.500000007425903 ], [ -67.006653177463477, 53.500007582647143 ], [ -67.008492098639451, 53.502086988727243 ], [ -67.011419859867473, 53.50955963204958 ], [ -67.020427839802423, 53.513700710209662 ], [ -67.027511612184284, 53.522192138478395 ], [ -67.030308238711925, 53.526737053707052 ], [ -67.035928051843456, 53.52875828254767 ], [ -67.04282211376929, 53.526589698489481 ], [ -67.053709806473535, 53.529579363775149 ], [ -67.056238276760652, 53.533735541111888 ], [ -67.062024817203678, 53.537081779343794 ], [ -67.072068546714888, 53.535039437551184 ], [ -67.080478649214598, 53.530667843885013 ], [ -67.084303813823809, 53.529032014292092 ], [ -67.094805900002967, 53.527100529823258 ], [ -67.0999084853119, 53.526741053652181 ], [ -67.114328870714203, 53.529301317299385 ], [ -67.118757412829382, 53.530704600082515 ], [ -67.123398462356093, 53.530231225274093 ], [ -67.129886689862886, 53.530208659826968 ], [ -67.141349838138979, 53.532363877926024 ], [ -67.157685450071895, 53.537633609947989 ], [ -67.169446785810734, 53.545641017158935 ], [ -67.180015286431981, 53.553034390446001 ], [ -67.189132376839467, 53.550755865760564 ], [ -67.190410357459584, 53.544962923926583 ], [ -67.188999619162601, 53.539158127464752 ], [ -67.189079956156931, 53.532752601922809 ], [ -67.197436559653411, 53.531574547464984 ], [ -67.206216008427219, 53.533711023781358 ], [ -67.211611010793433, 53.532132588966597 ], [ -67.218769059448121, 53.530340336095335 ], [ -67.22908766736839, 53.535739481510383 ], [ -67.24086349804611, 53.543738978154309 ], [ -67.25033202639807, 53.551176159443791 ], [ -67.257405881126957, 53.557388575724545 ], [ -67.264292412989562, 53.555205559531657 ], [ -67.272393955048287, 53.552032511764835 ], [ -67.278455904610681, 53.548685870874372 ], [ -67.28629654088445, 53.543522822322345 ], [ -67.298352347088198, 53.543233443840158 ], [ -67.30815176461789, 53.546248648174746 ], [ -67.318660773122446, 53.552965329973645 ], [ -67.323707186299742, 53.559001075992406 ], [ -67.321595702547853, 53.566836499595951 ], [ -67.317993237933308, 53.575274702338476 ], [ -67.31320310296222, 53.581499902595759 ], [ -67.313549773338664, 53.584152060682044 ], [ -67.325328943374942, 53.585073726075727 ], [ -67.334967284998328, 53.586760714326232 ], [ -67.339947297918769, 53.590531585070366 ], [ -67.347345314503229, 53.593922832401148 ], [ -67.353367859801267, 53.595376506970759 ], [ -67.362834883955784, 53.595734981100875 ], [ -67.376935807424104, 53.597209790624788 ], [ -67.379316473933926, 53.601634687499761 ], [ -67.373806219452646, 53.605762273979614 ], [ -67.373693864453315, 53.608302656654111 ], [ -67.383240356832431, 53.610924129624934 ], [ -67.39473092293801, 53.614654307037966 ], [ -67.395072178809485, 53.618908190395658 ], [ -67.389925191187558, 53.624087189507939 ], [ -67.387195558124034, 53.628885627224903 ], [ -67.391423366138298, 53.635359117334779 ], [ -67.392604209830267, 53.639173462694757 ], [ -67.389421498452904, 53.642258653602802 ], [ -67.395783645708519, 53.649566234215584 ], [ -67.403994031184666, 53.65892193923488 ], [ -67.413147783575383, 53.666898450089164 ], [ -67.414211384967842, 53.67485573918993 ], [ -67.404248561747764, 53.675992129784682 ], [ -67.396330932942817, 53.677298445154896 ], [ -67.396849712881775, 53.682879301449198 ], [ -67.403330755450838, 53.687646259515517 ], [ -67.413828636653776, 53.690488729106626 ], [ -67.421608174178289, 53.696528342651526 ], [ -67.425562464403583, 53.704216413171324 ], [ -67.427460570945144, 53.713336394590364 ], [ -67.419415901857647, 53.718787927722282 ], [ -67.417790980859181, 53.725137864920789 ], [ -67.425806892137004, 53.724492969082007 ], [ -67.440620963933327, 53.724193370952648 ], [ -67.435998850536407, 53.718272003985263 ], [ -67.432773082992881, 53.712685036524555 ], [ -67.433742139537344, 53.706499419971742 ], [ -67.446313782983211, 53.706304701672096 ], [ -67.465109277102968, 53.70888259325875 ], [ -67.48305937364789, 53.713499972442158 ], [ -67.497479568399385, 53.716948723858536 ], [ -67.500000010386557, 53.717551255237737 ], [ -67.506319064323506, 53.71906153366929 ], [ -67.505736566278188, 53.724696039955546 ], [ -67.515968213338311, 53.728743890135476 ], [ -67.517526943936346, 53.735210316619074 ], [ -67.505746185317761, 53.744586320661277 ], [ -67.499999982324468, 53.746035899262736 ], [ -67.499999989685264, 53.750000003475733 ], [ -67.500000013952274, 53.757267351090512 ], [ -67.507374313877165, 53.756523363848366 ], [ -67.516701948110537, 53.755542022340379 ], [ -67.528068077935131, 53.757932950894748 ], [ -67.538975099664952, 53.758609264730296 ], [ -67.548211224051641, 53.756962023055095 ], [ -67.556510303247364, 53.756694394231971 ], [ -67.566768447031905, 53.75593063776217 ], [ -67.580005307622542, 53.757157407395511 ], [ -67.592219028593561, 53.757497823982739 ], [ -67.599675214814624, 53.759270687329355 ], [ -67.603306218276913, 53.762698560511183 ], [ -67.599290291700868, 53.766232525524664 ], [ -67.586138187008061, 53.767273641235974 ], [ -67.567476097374382, 53.770850054517375 ], [ -67.559069206952557, 53.775262658380875 ], [ -67.557282542012587, 53.780289293485907 ], [ -67.564275380429208, 53.78195374089961 ], [ -67.575843513174235, 53.782461182949746 ], [ -67.591231271517685, 53.786119739046605 ], [ -67.604195068733958, 53.790161610126134 ], [ -67.602226615286341, 53.795465355808439 ], [ -67.587290581092319, 53.79672668057006 ], [ -67.559381521205381, 53.797145179607249 ], [ -67.545097265870353, 53.798235489278476 ], [ -67.5360330193555, 53.80120909741845 ], [ -67.529378835191153, 53.808605902579444 ], [ -67.522067655020948, 53.816167377323858 ], [ -67.511591263767116, 53.820408258608616 ], [ -67.499999997839112, 53.826645687401033 ], [ -67.499608315159335, 53.826856404671901 ], [ -67.494913905091238, 53.832154511919093 ], [ -67.497790033732997, 53.836690725284527 ], [ -67.499999992234336, 53.836872430085911 ], [ -67.50395469561731, 53.837197465496267 ], [ -67.509387247888498, 53.834000068730752 ], [ -67.517788172260097, 53.836001374318982 ], [ -67.528148251915766, 53.839109821382323 ], [ -67.536647930181232, 53.84017030142126 ], [ -67.545812843633428, 53.837859595622206 ], [ -67.555905725110193, 53.837372824673253 ], [ -67.569070968386114, 53.841143355109097 ], [ -67.571489743251718, 53.84556676219497 ], [ -67.567453713738203, 53.852305774181694 ], [ -67.560246624429126, 53.85572567537897 ], [ -67.564258827000785, 53.858603411880679 ], [ -67.573514560612523, 53.858556326287854 ], [ -67.579492592353986, 53.860937769378069 ], [ -67.576394710755253, 53.866296371420809 ], [ -67.580504868828385, 53.868234090675394 ], [ -67.585280467344205, 53.86519786913474 ], [ -67.592766841597367, 53.862163301542282 ], [ -67.599216789534751, 53.863051683564372 ], [ -67.609118927192199, 53.869247366998131 ], [ -67.610794424085583, 53.874775242498124 ], [ -67.605272078310549, 53.877314837286221 ], [ -67.607979905903051, 53.880522009473566 ], [ -67.614241645871687, 53.884891578342682 ], [ -67.615731056034761, 53.890695869369843 ], [ -67.612730743962359, 53.895116338198086 ], [ -67.600567284988159, 53.89383856887649 ], [ -67.594579674575229, 53.893061013349957 ], [ -67.593825989897411, 53.89576893878025 ], [ -67.602805489685508, 53.898538124114033 ], [ -67.609164607792422, 53.901968571933146 ], [ -67.602694667416628, 53.90909555700371 ], [ -67.598189418813462, 53.91572602882858 ], [ -67.596305939970435, 53.921694766145002 ], [ -67.605950152919121, 53.922695393430644 ], [ -67.611096935230648, 53.925517216310766 ], [ -67.618189922299308, 53.926791286906195 ], [ -67.627088773291916, 53.92568916151972 ], [ -67.632427867514494, 53.925027526382586 ], [ -67.637130298817127, 53.930391371540999 ], [ -67.642938124217125, 53.929839871832591 ], [ -67.653335802833951, 53.928127790501904 ], [ -67.66260854199686, 53.928073055897151 ], [ -67.667247817247485, 53.931121874726706 ], [ -67.670901935792543, 53.936152124472414 ], [ -67.677555457283404, 53.941568912390117 ], [ -67.676851427772533, 53.945540628597051 ], [ -67.668418041678919, 53.948360611257534 ], [ -67.664388347052721, 53.950295559932293 ], [ -67.6619515299451, 53.952285659518033 ], [ -67.667481604404003, 53.956155375716691 ], [ -67.6766694717505, 53.961848804184839 ], [ -67.684546737445785, 53.966270280922245 ], [ -67.68126769552309, 53.971909820436274 ], [ -67.687270695453464, 53.974285950596801 ], [ -67.699839328934829, 53.976604483165218 ], [ -67.708093204964271, 53.977264851330133 ], [ -67.71690897903737, 53.977095042458352 ], [ -67.725163263260157, 53.977754105677782 ], [ -67.733607876790416, 53.979739275105651 ], [ -67.738959139648827, 53.982278845777032 ], [ -67.743375987778876, 53.986201025796419 ], [ -67.747610324572506, 53.992002956750518 ], [ -67.754509125234193, 54.000005131471866 ], [ -67.762319903663879, 54.000013555582065 ], [ -67.76647402060334, 53.993866483618326 ], [ -67.776227563446213, 53.992308760623203 ], [ -67.780831308774779, 53.994349522150543 ], [ -67.776592258279308, 54.000027500753085 ], [ -67.787324374171789, 54.000036751451091 ], [ -67.783128686489931, 54.0086668097942 ], [ -67.789138637802495, 54.009434070809455 ], [ -67.7972145555661, 54.010364343522895 ], [ -67.806609923080231, 54.012563964168685 ], [ -67.816006393761981, 54.014762779660792 ], [ -67.820628479933234, 54.020008822151709 ], [ -67.821685287838037, 54.025702347066932 ], [ -67.814667734876863, 54.032071016688143 ], [ -67.808009146874625, 54.034678871204676 ], [ -67.798444272185307, 54.03916997651843 ], [ -67.791030014291607, 54.041280113388893 ], [ -67.79349345318839, 54.047304319258117 ], [ -67.79408220296628, 54.054492066270392 ], [ -67.785825401579928, 54.058648909909643 ], [ -67.780864241094577, 54.065179462024034 ], [ -67.778815261275682, 54.071430325176969 ], [ -67.785235478332623, 54.079662930279113 ], [ -67.788358374981598, 54.085521198727854 ], [ -67.775661162702832, 54.085756223073439 ], [ -67.761835257672402, 54.086046093019952 ], [ -67.758086707374716, 54.09157952800728 ], [ -67.761018941712805, 54.097715422152568 ], [ -67.767705362980948, 54.09992134943748 ], [ -67.774003712007229, 54.097868939126919 ], [ -67.781900924566287, 54.095869760638713 ], [ -67.791873108668838, 54.095637228902838 ], [ -67.799508499715273, 54.099665021448864 ], [ -67.805461083519404, 54.106183165418393 ], [ -67.799742221027202, 54.112218610707643 ], [ -67.798164908570044, 54.118580628127631 ], [ -67.803546447258725, 54.122721730226203 ], [ -67.810252416246442, 54.128132909633933 ], [ -67.801141111323275, 54.134339191865763 ], [ -67.781784030908909, 54.14841027366483 ], [ -67.765036571655358, 54.157000192773047 ], [ -67.748263391037483, 54.157567616077465 ], [ -67.734401601332195, 54.153042050577852 ], [ -67.729592821170371, 54.151275140991153 ], [ -67.721776327929334, 54.153934476307171 ], [ -67.705953610511386, 54.161132101404654 ], [ -67.696341326135936, 54.162407531613042 ], [ -67.67532197374706, 54.158761221891972 ], [ -67.657038337086163, 54.161527095961908 ], [ -67.644409185594455, 54.160806521793681 ], [ -67.640637796572648, 54.163128824103417 ], [ -67.648082020122004, 54.167444471608803 ], [ -67.653454418436993, 54.169989500358597 ], [ -67.651849153192373, 54.177954375882514 ], [ -67.655619506354128, 54.183652045136036 ], [ -67.653354750062917, 54.188574831087195 ], [ -67.644297430429205, 54.193828481740887 ], [ -67.6331660616666, 54.194102464673378 ], [ -67.624302075294722, 54.191057221972251 ], [ -67.617132300459332, 54.191939410186826 ], [ -67.615618101008536, 54.195755535384109 ], [ -67.620992336911058, 54.198302319527023 ], [ -67.631463099745133, 54.199799514190573 ], [ -67.635895615492387, 54.202124053979432 ], [ -67.638157931022619, 54.20522238072909 ], [ -67.630606343779903, 54.20826275441631 ], [ -67.623098422916314, 54.208426259817905 ], [ -67.628302652046045, 54.212751465358274 ], [ -67.635229147475485, 54.216010606330343 ], [ -67.643941646851815, 54.217822073612076 ], [ -67.651762344585151, 54.221522682084114 ], [ -67.654915849794492, 54.224843331836212 ], [ -67.655798864348085, 54.225084491016425 ], [ -67.659763686483018, 54.228901829901638 ], [ -67.664012586469269, 54.233106275545019 ], [ -67.670529037785016, 54.237199845357203 ], [ -67.677330398522187, 54.241680312737905 ], [ -67.680827565160442, 54.246990794750801 ], [ -67.68112314517272, 54.250057425621286 ], [ -67.681302144196849, 54.251914477902396 ], [ -67.683100405199454, 54.258110496048779 ], [ -67.684896755467562, 54.26340217448849 ], [ -67.688201420454803, 54.27313318624585 ], [ -67.686539931487289, 54.274100168034202 ], [ -67.686250739473593, 54.274294077559865 ], [ -67.685959350206915, 54.274688466453583 ], [ -67.685582061924691, 54.274929184172237 ], [ -67.685240253827871, 54.275058677242896 ], [ -67.683045534611139, 54.275294884544195 ], [ -67.682791162173501, 54.275246778621288 ], [ -67.682392971801832, 54.27500937018543 ], [ -67.682321856278989, 54.27474907511418 ], [ -67.681789146258282, 54.274244382824399 ], [ -67.681465951056111, 54.273735484844885 ], [ -67.680419257981171, 54.273163364311259 ], [ -67.680020555595689, 54.273036374046221 ], [ -67.679744747249373, 54.272861860113693 ], [ -67.679533456810532, 54.272473483217475 ], [ -67.679371263594646, 54.272329484148287 ], [ -67.679374259343803, 54.272259875645759 ], [ -67.679695257361985, 54.271893570775489 ], [ -67.679705237176861, 54.271705170942923 ], [ -67.679508740856647, 54.271451479528132 ], [ -67.679117639909975, 54.271095279821836 ], [ -67.679019254359446, 54.270606477028537 ], [ -67.678749445677113, 54.270292769557095 ], [ -67.67866773240965, 54.270089975425179 ], [ -67.678617833965944, 54.269714661270434 ], [ -67.677871047258208, 54.268649870546326 ], [ -67.677480560268833, 54.268424463708463 ], [ -67.67709962101118, 54.268362578955859 ], [ -67.676896233284921, 54.268468881159968 ], [ -67.676525026420876, 54.269294277732875 ], [ -67.676470859277174, 54.270043877640511 ], [ -67.676491132347593, 54.270391060457655 ], [ -67.677541553479344, 54.271989773912779 ], [ -67.677747063084666, 54.272517371152709 ], [ -67.677735250007842, 54.272795679126411 ], [ -67.676906447621874, 54.274161875117194 ], [ -67.676586430747534, 54.274307384853259 ], [ -67.676459864419627, 54.274293578473362 ], [ -67.676217834349146, 54.274339267717394 ], [ -67.67625875929491, 54.274440669187584 ], [ -67.676579959954168, 54.274556965403136 ], [ -67.676587127087444, 54.274679577156633 ], [ -67.676789464688838, 54.274794077554532 ], [ -67.676880639140435, 54.274919075151821 ], [ -67.676706756656884, 54.275053467946321 ], [ -67.676915056472311, 54.275270188470152 ], [ -67.676915640016887, 54.275400962773105 ], [ -67.676672067561739, 54.275536770185056 ], [ -67.676389850441424, 54.275611871500345 ], [ -67.676285734076686, 54.275744869020819 ], [ -67.676314869175727, 54.276124673077987 ], [ -67.676771034095921, 54.276397779848622 ], [ -67.676775826631513, 54.276479477732657 ], [ -67.676552837284291, 54.276610680726563 ], [ -67.67646174807706, 54.276727067926075 ], [ -67.676631042308273, 54.276993583538093 ], [ -67.676217633180073, 54.277214561271769 ], [ -67.67562714382062, 54.276915482613617 ], [ -67.675305737295034, 54.276557884559544 ], [ -67.675196725966913, 54.275885172677796 ], [ -67.675109136051887, 54.27582147947183 ], [ -67.674879057603675, 54.275830168408532 ], [ -67.674795641804863, 54.27595867195091 ], [ -67.674866751779618, 54.276460266030391 ], [ -67.674846364403237, 54.277430078790651 ], [ -67.674509251591786, 54.277882570079278 ], [ -67.674521353906087, 54.279052084102233 ], [ -67.674586543629331, 54.279210267494918 ], [ -67.674587162055772, 54.27958247890092 ], [ -67.674657632166756, 54.279711972455878 ], [ -67.674642456954757, 54.280411690738227 ], [ -67.67227965737149, 54.285111773747794 ], [ -67.672828508058828, 54.287924595498417 ], [ -67.676686617098241, 54.29318862034372 ], [ -67.676792835181445, 54.293708247000573 ], [ -67.679024364554621, 54.300828521180811 ], [ -67.679104502969366, 54.30792390604185 ], [ -67.679956347047238, 54.31192349586513 ], [ -67.676366167131505, 54.318524302711886 ], [ -67.682590681962949, 54.324524331311906 ], [ -67.689049147382519, 54.327867554586163 ], [ -67.69701630294108, 54.330645009244094 ], [ -67.707846598614381, 54.333827567525674 ], [ -67.713223889635117, 54.335474971050573 ], [ -67.725098438413241, 54.338854471181854 ], [ -67.732542675181918, 54.342477169843868 ], [ -67.733722226152381, 54.344681930515527 ], [ -67.748036723921388, 54.350260855633046 ], [ -67.739337687958866, 54.358180484368845 ], [ -67.731958221161435, 54.364161887699353 ], [ -67.729596615101386, 54.368424477850354 ], [ -67.73017232916321, 54.372408584148154 ], [ -67.7315103917107, 54.37849522800289 ], [ -67.725924041729343, 54.382649127033844 ], [ -67.724698366073596, 54.38685578729492 ], [ -67.731578410760932, 54.39400985123639 ], [ -67.741073716625934, 54.399427210276343 ], [ -67.749058948733037, 54.407058825936765 ], [ -67.750964956703584, 54.410710084702195 ], [ -67.751022769958396, 54.411908753910716 ], [ -67.754820357008015, 54.412791185337156 ], [ -67.762987556197274, 54.415329972866317 ], [ -67.768967915077582, 54.419553375341401 ], [ -67.770895650730367, 54.423701297443756 ], [ -67.776390350655703, 54.435279848967973 ], [ -67.772258248662965, 54.44171900134053 ], [ -67.763916264067859, 54.444253094780123 ], [ -67.750470598793356, 54.440851800371561 ], [ -67.740517165303018, 54.44146262581301 ], [ -67.734318092418533, 54.444338622118607 ], [ -67.727990128542743, 54.4524263301738 ], [ -67.727496661287717, 54.457399279676991 ], [ -67.705466903837021, 54.456252832135171 ], [ -67.703434546633005, 54.454111690910274 ], [ -67.708084085047446, 54.449737200118243 ], [ -67.706653409463385, 54.444590193194664 ], [ -67.696680933779632, 54.443874081874299 ], [ -67.685760937895822, 54.446146137372878 ], [ -67.677689251244317, 54.449081004452893 ], [ -67.66781166997059, 54.45384196380855 ], [ -67.665056980055851, 54.458657598586861 ], [ -67.673608435171104, 54.462255080624629 ], [ -67.670948415586849, 54.464524739899829 ], [ -67.662396312196464, 54.468953142945679 ], [ -67.666561518665759, 54.479302904535928 ], [ -67.66866689715043, 54.484534279704995 ], [ -67.668657604494214, 54.4846606046939 ], [ -67.668744483169505, 54.484703909306397 ], [ -67.668968201263141, 54.484683089725387 ], [ -67.669069280606507, 54.484730207062256 ], [ -67.669067484327371, 54.484820287939179 ], [ -67.668973520675593, 54.484895802637034 ], [ -67.668969410498818, 54.484944991628453 ], [ -67.668553625328741, 54.485165995093737 ], [ -67.668373278506081, 54.485329201713114 ], [ -67.668366208790005, 54.485447996639031 ], [ -67.668257899973682, 54.485519692922622 ], [ -67.668256691293408, 54.485740708208375 ], [ -67.668217496441514, 54.485790592420578 ], [ -67.668143126129337, 54.485841094119927 ], [ -67.668151500121652, 54.485984196814215 ], [ -67.668065183071221, 54.48607179198796 ], [ -67.668047418086275, 54.486248092682629 ], [ -67.667933709142616, 54.486348614360004 ], [ -67.66792131561877, 54.486496196314178 ], [ -67.667813002875434, 54.486567892339764 ], [ -67.667820090331674, 54.486690491034992 ], [ -67.667598786028975, 54.486993589724435 ], [ -67.667184780497323, 54.487848797794044 ], [ -67.666898091847401, 54.488476503856205 ], [ -67.666416184023916, 54.489132598441152 ], [ -67.66613888114631, 54.489440898455534 ], [ -67.665735509121987, 54.489755808327111 ], [ -67.665725978034061, 54.489833707037278 ], [ -67.665637310988458, 54.489880515377372 ], [ -67.665545108520632, 54.490107308064552 ], [ -67.665527917163402, 54.490173207960815 ], [ -67.665413021792332, 54.490253194379392 ], [ -67.665495778937967, 54.490828508472617 ], [ -67.665600481950889, 54.490937002564621 ], [ -67.665603489258885, 54.491108802014352 ], [ -67.665706992316188, 54.491196810956374 ], [ -67.665694513278197, 54.491344292509439 ], [ -67.666006909552507, 54.49175959474708 ], [ -67.666206291586548, 54.492164903582029 ], [ -67.666128302874739, 54.492637107770868 ], [ -67.666138495872488, 54.492931503730816 ], [ -67.666433702591576, 54.493412590414088 ], [ -67.666418179347289, 54.493629801387321 ], [ -67.665586889760206, 54.493719893566059 ], [ -67.665294687903398, 54.493893483285866 ], [ -67.66504781188722, 54.494119304056454 ], [ -67.664791286273669, 54.494664509826286 ], [ -67.664965584830952, 54.494882103244159 ], [ -67.664951975849618, 54.495009202608749 ], [ -67.664579408602705, 54.495372613310252 ], [ -67.664331884122049, 54.495467510421307 ], [ -67.662903088205042, 54.495438396343047 ], [ -67.662582907413324, 54.495493802692067 ], [ -67.662221682216426, 54.495689198771124 ], [ -67.66200270432256, 54.495550207743648 ], [ -67.661799705975724, 54.495566511352351 ], [ -67.661696209155011, 54.495719989178909 ], [ -67.661802088923238, 54.495848798923937 ], [ -67.661790816819234, 54.49601680106889 ], [ -67.661598506536762, 54.496458489339545 ], [ -67.66139379588391, 54.496564788225157 ], [ -67.660799925306321, 54.496748393239677 ], [ -67.660563601563368, 54.496675294306137 ], [ -67.660417787334907, 54.496706798756207 ], [ -67.660023797363394, 54.497185193575788 ], [ -67.659372006441686, 54.497705488848098 ], [ -67.659128620144486, 54.49799260450429 ], [ -67.65857619492111, 54.498408609851239 ], [ -67.658373191906477, 54.498666293600536 ], [ -67.658233878147044, 54.499172397953949 ], [ -67.65823920796079, 54.499626491292503 ], [ -67.658310494449594, 54.499887009188733 ], [ -67.658218890586809, 54.500000004875567 ], [ -67.658070008642312, 54.500346000301455 ], [ -67.657450404176487, 54.500693797325766 ], [ -67.657296803836886, 54.50071310408967 ], [ -67.657007480875023, 54.50081700815408 ], [ -67.656621194559662, 54.501066094677938 ], [ -67.65625462648984, 54.501048693470032 ], [ -67.656008105335019, 54.501164112119632 ], [ -67.655853398045892, 54.501163008793561 ], [ -67.655527806550978, 54.501247206707482 ], [ -67.655345692502493, 54.501258885832115 ], [ -67.655149900141396, 54.50115640777851 ], [ -67.654924895985559, 54.501156689899688 ], [ -67.654838595624753, 54.501244297271434 ], [ -67.654836805596602, 54.501334391241308 ], [ -67.654724218116684, 54.501455306123695 ], [ -67.654466495436736, 54.501497191410643 ], [ -67.654326582563115, 54.501630908262214 ], [ -67.654005198812357, 54.501665789992941 ], [ -67.653706416378355, 54.501847697131637 ], [ -67.653424807765617, 54.501963693936212 ], [ -67.653263404281873, 54.502212412609708 ], [ -67.653092593013469, 54.502297589183897 ], [ -67.652690205410025, 54.502391392873847 ], [ -67.652451497339655, 54.502518901062373 ], [ -67.652161407639056, 54.50297470836356 ], [ -67.652160813326972, 54.503085206044105 ], [ -67.651930397533874, 54.503355706822106 ], [ -67.651832715298653, 54.503611389293837 ], [ -67.651588609017352, 54.503767615227126 ], [ -67.651549688018164, 54.504189810840991 ], [ -67.651490799283167, 54.504264609683659 ], [ -67.651359186691508, 54.50430001025579 ], [ -67.651155007737543, 54.504537193503751 ], [ -67.650950205733992, 54.504643499170939 ], [ -67.650835795556688, 54.504854505697665 ], [ -67.650532701522479, 54.505085508933348 ], [ -67.65053260453827, 54.505326913784963 ], [ -67.65060879205511, 54.505427799764824 ], [ -67.650612890815268, 54.505619999488502 ], [ -67.650446713385861, 54.505787005062025 ], [ -67.650389514669186, 54.506013196452301 ], [ -67.650228689949643, 54.506151390309746 ], [ -67.650218505156218, 54.50633981357565 ], [ -67.65012919521449, 54.506497085536175 ], [ -67.649885621039914, 54.506784201291389 ], [ -67.649843283842117, 54.506903695338941 ], [ -67.649225713396135, 54.507533703448097 ], [ -67.649241107482723, 54.507799406784734 ], [ -67.648893982237709, 54.507998599829847 ], [ -67.648834890634603, 54.508314785117278 ], [ -67.648650296017706, 54.508527096349667 ], [ -67.64849900940952, 54.50858741197851 ], [ -67.648379904896686, 54.508716609097924 ], [ -67.6484189958949, 54.509149586946521 ], [ -67.648072388830201, 54.509479695690558 ], [ -67.648056282621781, 54.509565897775182 ], [ -67.647430371352456, 54.509387174550824 ], [ -67.642702000221234, 54.5080322742524 ], [ -67.641110876052821, 54.504588346083047 ], [ -67.63902410648555, 54.500070582537674 ], [ -67.638712362780637, 54.499395583422761 ], [ -67.637005605311884, 54.492254168164756 ], [ -67.632462914319561, 54.485050270977105 ], [ -67.631899143271085, 54.481087052292395 ], [ -67.627877460204445, 54.473586858005227 ], [ -67.620942300726639, 54.468201095383037 ], [ -67.609474440594198, 54.465766181125581 ], [ -67.60048424300733, 54.466096447630683 ], [ -67.592639632556754, 54.469003146060317 ], [ -67.588564560278726, 54.474614053766828 ], [ -67.58646954684589, 54.478864792192731 ], [ -67.586512459775889, 54.479169150643692 ], [ -67.586444027796901, 54.479166021066717 ], [ -67.581682843112915, 54.482871300341934 ], [ -67.586326753236349, 54.489738795727021 ], [ -67.581657854943643, 54.494108527862693 ], [ -67.568441522731462, 54.493267410936056 ], [ -67.552384698407693, 54.488546877859569 ], [ -67.550871370139561, 54.485943597033234 ], [ -67.542594511528435, 54.487540035330646 ], [ -67.531936091694291, 54.490184744696855 ], [ -67.526531580517627, 54.486026393941998 ], [ -67.518272623115749, 54.482805060000778 ], [ -67.50981714193297, 54.481464923500639 ], [ -67.5004055193168, 54.48150655398473 ], [ -67.49999998856029, 54.481784168030764 ], [ -67.496209639891731, 54.484378647994063 ], [ -67.494954485887419, 54.488583768325626 ], [ -67.499115208445332, 54.493738274235959 ], [ -67.499999982883324, 54.49461329114866 ], [ -67.50000001914475, 54.49999999549982 ], [ -67.500000017845252, 54.50694097094199 ], [ -67.499625275603549, 54.507357027458831 ], [ -67.493518276985114, 54.511388855811738 ], [ -67.480932836321969, 54.516793707156566 ], [ -67.473112977946357, 54.520101922357419 ], [ -67.473707393492347, 54.530391704501014 ], [ -67.477241535619839, 54.534352213754246 ], [ -67.482663606691673, 54.543517251651203 ], [ -67.484702555070854, 54.545430450934504 ], [ -67.489303946086991, 54.544943599331752 ], [ -67.497621659720792, 54.545339831722366 ], [ -67.502064713723485, 54.547738144772076 ], [ -67.511473300762631, 54.552512991813231 ], [ -67.516003875788755, 54.555959146477363 ], [ -67.516911333723741, 54.562190234761886 ], [ -67.523370640306865, 54.567237045975546 ], [ -67.526882422483681, 54.570951096909113 ], [ -67.524292298203562, 54.575487937825763 ], [ -67.518919620377247, 54.5763796825361 ], [ -67.513038485621053, 54.577355485594566 ], [ -67.500930809224357, 54.578057905909731 ], [ -67.499999999300101, 54.578752620229771 ], [ -67.491748754825167, 54.584909514605492 ], [ -67.467636124304576, 54.583761526753385 ], [ -67.448331578266746, 54.57569677740409 ], [ -67.429025261835363, 54.569234385609569 ], [ -67.423428417280704, 54.565346562096643 ], [ -67.423096064655809, 54.557871413325799 ], [ -67.415731188978071, 54.553795692405437 ], [ -67.406078891300851, 54.552905099142173 ], [ -67.393945505372031, 54.544903339997624 ], [ -67.39407103894095, 54.540751382325702 ], [ -67.386467068781556, 54.538960723582498 ], [ -67.383730271228444, 54.535742677275074 ], [ -67.382894511552777, 54.532972425725426 ], [ -67.377963147236954, 54.530523686017332 ], [ -67.368641647990458, 54.529613111837875 ], [ -67.364199699487642, 54.525670320347054 ], [ -67.357679756637069, 54.519950068482657 ], [ -67.357796001578777, 54.51740379779713 ], [ -67.349235252580669, 54.516991952195241 ], [ -67.343213663078018, 54.520074635165251 ], [ -67.33530584205225, 54.521103010802683 ], [ -67.329622441112605, 54.518151636170934 ], [ -67.329473204256828, 54.513611649143158 ], [ -67.332275614343956, 54.508803904989719 ], [ -67.334306476606614, 54.505100977405604 ], [ -67.330702207663776, 54.503927526800361 ], [ -67.324070919927408, 54.505417972285997 ], [ -67.320511185311062, 54.509724843247724 ], [ -67.315452889950592, 54.511425001537276 ], [ -67.303513560814679, 54.511979007217015 ], [ -67.293438951666616, 54.506455045491897 ], [ -67.287901360709341, 54.503456409268793 ], [ -67.287980306153884, 54.500036840004832 ], [ -67.288071301079555, 54.496094337724458 ], [ -67.286608980281599, 54.490276771611441 ], [ -67.282075702633236, 54.487271729158564 ], [ -67.272574381125679, 54.486629172930691 ], [ -67.269606981159825, 54.488500611848032 ], [ -67.268871119008509, 54.495085482248086 ], [ -67.262758443694054, 54.49749896283668 ], [ -67.256399311292654, 54.496312905268418 ], [ -67.249741679175727, 54.496343204908186 ], [ -67.244981378676044, 54.500005631452666 ], [ -67.244944651654848, 54.500033909966469 ], [ -67.247455273704489, 54.505136545447158 ], [ -67.248349943097097, 54.510177674662579 ], [ -67.244587549062416, 54.514758197949142 ], [ -67.237065101329833, 54.515227294768565 ], [ -67.229348934326765, 54.515971944302606 ], [ -67.226832478852529, 54.519560394471462 ], [ -67.227812026090149, 54.525266564917601 ], [ -67.234437606082039, 54.528448454043627 ], [ -67.241101045585552, 54.528419060150185 ], [ -67.249170492606353, 54.530332301036808 ], [ -67.25950908487691, 54.533748152508856 ], [ -67.266315030582476, 54.538257557321877 ], [ -67.267793304636655, 54.542470573623675 ], [ -67.263168146135939, 54.547491890284917 ], [ -67.262271340719195, 54.551142714352657 ], [ -67.269061284628123, 54.548565280666807 ], [ -67.277821810335396, 54.548707292199772 ], [ -67.289980023077987, 54.551905348880069 ], [ -67.297106827993673, 54.553590444805508 ], [ -67.302704294755543, 54.555879042706472 ], [ -67.302004430868166, 54.559254071240659 ], [ -67.29257284448623, 54.559277834177138 ], [ -67.281030551043585, 54.560732926321812 ], [ -67.274449599372701, 54.561429448096732 ], [ -67.268502659996841, 54.56517305902549 ], [ -67.270457509952593, 54.56949879055383 ], [ -67.275811620444415, 54.576881889057304 ], [ -67.279918245616003, 54.585257140451453 ], [ -67.280326995473544, 54.59179226063852 ], [ -67.268227474047777, 54.59086324545396 ], [ -67.25195515811447, 54.587979328332075 ], [ -67.241689834689964, 54.585227071175687 ], [ -67.232833258201723, 54.584417375268671 ], [ -67.231175718947469, 54.587566926224589 ], [ -67.231769815842739, 54.593826170957485 ], [ -67.234422953357907, 54.603471336395728 ], [ -67.234892868215596, 54.612277482845435 ], [ -67.229515960263214, 54.615191096574847 ], [ -67.220225566013539, 54.618144098796591 ], [ -67.206410434309362, 54.61648139190013 ], [ -67.1938290875474, 54.615431400793256 ], [ -67.18528916275649, 54.611795093321788 ], [ -67.175778727376368, 54.609538170035023 ], [ -67.16810648325125, 54.61254926548262 ], [ -67.160814412492726, 54.615758140047454 ], [ -67.160292914892167, 54.615820335730007 ], [ -67.160136884403329, 54.616056251491322 ], [ -67.157644186653599, 54.61715287668963 ], [ -67.153470276952774, 54.622283401109819 ], [ -67.144973644483173, 54.622520377117254 ], [ -67.138551009975956, 54.624538659837533 ], [ -67.141141452395857, 54.630310212135583 ], [ -67.142586393170248, 54.636131656312251 ], [ -67.132675889295527, 54.641511112775625 ], [ -67.123456842505803, 54.645121024899098 ], [ -67.126069796205059, 54.6492873228596 ], [ -67.128878344009863, 54.653177617390767 ], [ -67.129003465400515, 54.657719418613887 ], [ -67.117009876603106, 54.661315378684563 ], [ -67.105465507343368, 54.666629202779703 ], [ -67.088706602933016, 54.669090182841245 ], [ -67.076730918875882, 54.67107587994348 ], [ -67.071528513798341, 54.673706273865378 ], [ -67.078252267839062, 54.677563820526132 ], [ -67.082792265986271, 54.680578678569503 ], [ -67.077452816097264, 54.685756384494674 ], [ -67.067656343275473, 54.688583613573208 ], [ -67.062900813837118, 54.692933110182622 ], [ -67.070775463838999, 54.696742186657865 ], [ -67.074168835501311, 54.699806715586149 ], [ -67.073223854595199, 54.705063353899611 ], [ -67.086012361405679, 54.712941069210935 ], [ -67.097999211067162, 54.723527321063479 ], [ -67.110689587232571, 54.73234356000372 ], [ -67.124903155324489, 54.742163021911892 ], [ -67.131558888405152, 54.745352801222836 ], [ -67.137715619276946, 54.750035411384701 ], [ -67.137809354790306, 54.750070307624462 ], [ -67.14962389538529, 54.754467789389935 ], [ -67.157260837437846, 54.756275831792166 ], [ -67.158084689715906, 54.759049308810482 ], [ -67.16342268528625, 54.76095709939397 ], [ -67.17041044239393, 54.761321066522228 ], [ -67.177464092791311, 54.763956019198098 ], [ -67.176445223672545, 54.768549239542395 ], [ -67.175925039008504, 54.771649037685663 ], [ -67.180181159363102, 54.775877899529597 ], [ -67.193233080259617, 54.781861892333353 ], [ -67.205703697925998, 54.788672958977045 ], [ -67.213418531491627, 54.792748814253009 ], [ -67.222140439223409, 54.800927708918621 ], [ -67.22588878251787, 54.808255375987827 ], [ -67.221878529045185, 54.814721154019963 ], [ -67.217622814769413, 54.817584807444284 ], [ -67.218433105038656, 54.82196479997468 ], [ -67.221371956820747, 54.824912916099549 ], [ -67.227982122937618, 54.825825717392483 ], [ -67.235089819090632, 54.825244218902121 ], [ -67.243614378229125, 54.826606727323657 ], [ -67.244729810811918, 54.829768888568665 ], [ -67.254496511982495, 54.83174472964901 ], [ -67.259176463759673, 54.833811910523536 ], [ -67.263431859979988, 54.839644785192519 ], [ -67.268095929489604, 54.843318295333972 ], [ -67.267068821044575, 54.8495198902258 ], [ -67.271611241313522, 54.855741526974661 ], [ -67.282968385810662, 54.862596301240153 ], [ -67.282723270349564, 54.867692858842645 ], [ -67.29238027456698, 54.872213833705615 ], [ -67.304241554021615, 54.877572318207719 ], [ -67.31065288408972, 54.880363469221621 ], [ -67.30915243833023, 54.886453637450749 ], [ -67.31400659117817, 54.8914560274061 ], [ -67.315699466388025, 54.895395493850152 ], [ -67.335143203886332, 54.903489765630667 ], [ -67.334710254040985, 54.908863381647585 ], [ -67.339932076528513, 54.916525801514204 ], [ -67.346986087333349, 54.923971675921592 ], [ -67.354056536457122, 54.929810277894589 ], [ -67.354391752887096, 54.935685213009258 ], [ -67.357726911311104, 54.939684440543537 ], [ -67.370320593068442, 54.941658210542109 ], [ -67.375865637785026, 54.946494063253908 ], [ -67.384490315031258, 54.951725423039676 ], [ -67.393037968291864, 54.954683856942552 ], [ -67.399755673509532, 54.957858958615411 ], [ -67.397706321429141, 54.961567064489387 ], [ -67.398930642655543, 54.965393895804304 ], [ -67.404586082214564, 54.969286681664713 ], [ -67.413334083886809, 54.971967031836691 ], [ -67.414365797376249, 54.976070446455459 ], [ -67.409603021358379, 54.982045042712599 ], [ -67.402925703456475, 54.9859643960501 ], [ -67.401940490259335, 54.988954865024127 ], [ -67.408860025011279, 54.991853023140969 ], [ -67.414336912953758, 54.994414945008735 ], [ -67.416342837285569, 54.997135184765362 ], [ -67.421729062428938, 54.99903151583807 ], [ -67.422279403703712, 54.999777536895309 ], [ -67.422488083469105, 55.000060406665519 ], [ -67.424022537974523, 55.002140250912753 ], [ -67.427565985600467, 55.005861274021029 ], [ -67.43758423029179, 55.007544963226223 ], [ -67.445871821257029, 55.008503828138053 ], [ -67.445351804383023, 55.014821237995697 ], [ -67.444349971085074, 55.021026939428424 ], [ -67.43910451544977, 55.026891591175286 ], [ -67.439649046630336, 55.032490850167548 ], [ -67.449164911096162, 55.038883969072316 ], [ -67.463031421660261, 55.04467458420136 ], [ -67.470634455086966, 55.049011625330493 ], [ -67.468755948753028, 55.057267401923923 ], [ -67.463703871886068, 55.062856917233447 ], [ -67.455004782319037, 55.064060352215407 ], [ -67.447863643875692, 55.063048860371516 ], [ -67.443216741931053, 55.064868946500809 ], [ -67.441341055224626, 55.071517056934425 ], [ -67.438017465537712, 55.077829668657181 ], [ -67.428122964262101, 55.083906779758699 ], [ -67.419314680338275, 55.086049632135158 ], [ -67.4096325288657, 55.08863323743013 ], [ -67.402591206549715, 55.086676663167545 ], [ -67.395263605205798, 55.0843308882055 ], [ -67.388785655909032, 55.084758468921869 ], [ -67.381122606013761, 55.088453279148368 ], [ -67.368438592392735, 55.09130281144985 ], [ -67.356184603737148, 55.088774899363038 ], [ -67.345861274828749, 55.086694657674208 ], [ -67.335691495715935, 55.089159577514401 ], [ -67.322837867545815, 55.089065314438201 ], [ -67.309729348914956, 55.085365473930906 ], [ -67.29565948958799, 55.081439186959273 ], [ -67.286215923423399, 55.078912864668894 ], [ -67.272811816181076, 55.076427253657904 ], [ -67.263103234965868, 55.071902430048674 ], [ -67.253807661911324, 55.065216452417921 ], [ -67.243730256973905, 55.059635449703464 ], [ -67.23397883833421, 55.051227871897986 ], [ -67.236283826986153, 55.044030829871481 ], [ -67.243719020497878, 55.04383760199736 ], [ -67.25730525767122, 55.046050093438247 ], [ -67.26329640476969, 55.04551765499037 ], [ -67.262012068021505, 55.039415735655915 ], [ -67.262742496184131, 55.034429758288567 ], [ -67.268694534163245, 55.02840951849754 ], [ -67.273434845700251, 55.027262358536952 ], [ -67.272792106659807, 55.024211565081409 ], [ -67.257484608939137, 55.021274195232927 ], [ -67.24960948249614, 55.018141083028041 ], [ -67.24214645034445, 55.012847396137317 ], [ -67.232743230312735, 55.008709631602059 ], [ -67.227188471007167, 55.005473191156518 ], [ -67.219250576831143, 55.000065342740889 ], [ -67.219242541618655, 55.000030483558348 ], [ -67.219186963783471, 54.999789197356371 ], [ -67.218151755150942, 54.99529444318528 ], [ -67.215219197260694, 54.990737861866421 ], [ -67.209228183033403, 54.984173488310901 ], [ -67.198266088445266, 54.982243497529254 ], [ -67.18778552136844, 54.980425319571417 ], [ -67.17346248129769, 54.97060852077967 ], [ -67.166696675481475, 54.965147047562979 ], [ -67.157184597427715, 54.956458349051758 ], [ -67.139255197240729, 54.950943612461138 ], [ -67.130059878034999, 54.941035131235999 ], [ -67.11836175598566, 54.931501657325086 ], [ -67.101003944662622, 54.921273444660081 ], [ -67.085093167062951, 54.911382772849272 ], [ -67.076435311838296, 54.905463182302 ], [ -67.074129815197495, 54.904122402770675 ], [ -67.066146743372471, 54.899478729015996 ], [ -67.056510504430889, 54.894937709074988 ], [ -67.049739272727109, 54.889009852231048 ], [ -67.048930586495771, 54.88830170798731 ], [ -67.041353352642645, 54.88166530366653 ], [ -67.040590238746248, 54.875676707118828 ], [ -67.039854658634113, 54.868081494268502 ], [ -67.039008044530149, 54.86731927767633 ], [ -67.033043043852373, 54.861947782450052 ], [ -67.021395361154148, 54.857891139699746 ], [ -67.013013034202913, 54.85396344402379 ], [ -67.003621290713923, 54.847535805810637 ], [ -66.999999982884532, 54.844913135706555 ], [ -66.996987363129648, 54.842730913148358 ], [ -66.988527418316352, 54.838136107362153 ], [ -66.977005750341647, 54.833133827355894 ], [ -66.960513488394142, 54.827267677194598 ], [ -66.947846670658137, 54.822310513653541 ], [ -66.939429276357956, 54.816105672447456 ], [ -66.934470767980145, 54.809757059660321 ], [ -66.931110896173237, 54.805080993311662 ], [ -66.927045152014301, 54.802172965585243 ], [ -66.918505550899482, 54.802392491458441 ], [ -66.913470685336691, 54.804740531271136 ], [ -66.911265666408653, 54.809379241926365 ], [ -66.902526655657468, 54.809873174942346 ], [ -66.897720393465434, 54.809408869102107 ], [ -66.895729971211239, 54.809216538142437 ], [ -66.887352224983758, 54.810764429281058 ], [ -66.881325435197766, 54.813776269416003 ], [ -66.877231123, 54.815391275181007 ], [ -66.875663327041963, 54.816009608221712 ], [ -66.875119121703989, 54.815647074707307 ], [ -66.870939932073256, 54.812862841389872 ], [ -66.859296812757307, 54.807185688803095 ], [ -66.845903583029894, 54.800467885114472 ], [ -66.842926751231857, 54.799481154680286 ], [ -66.840905574637389, 54.79737486031194 ], [ -66.834447756499401, 54.791765566269454 ], [ -66.828377412149422, 54.788975649832828 ], [ -66.823222192436774, 54.785823225073251 ], [ -66.812717450323191, 54.779397240861933 ], [ -66.808746374008422, 54.778480120084154 ], [ -66.799940090228574, 54.776445605589501 ], [ -66.795067974347987, 54.773815099458126 ], [ -66.794923246740296, 54.773772993075134 ], [ -66.787627599309758, 54.769819972194242 ], [ -66.773237703839797, 54.765994483123272 ], [ -66.770234973564811, 54.762118511678402 ], [ -66.768802552941978, 54.756174506655839 ], [ -66.760932910734596, 54.75134682076083 ], [ -66.757828798867024, 54.748605451884686 ], [ -66.755357506961928, 54.746383373061015 ], [ -66.753630293376318, 54.746545287984986 ], [ -66.752411020645681, 54.746659571552343 ], [ -66.75173086920023, 54.748510061661946 ], [ -66.751738006219455, 54.750001961479462 ], [ -66.751745978475967, 54.751661268100804 ], [ -66.754489248840883, 54.75465164101702 ], [ -66.75710183685014, 54.758476549409721 ], [ -66.754331963505862, 54.759251166503546 ], [ -66.74986224012828, 54.758481712250344 ], [ -66.735895912479606, 54.750346954103051 ], [ -66.732678450223702, 54.74663267140668 ], [ -66.720755285574953, 54.738140770351876 ], [ -66.717024721432026, 54.735141131690959 ], [ -66.71207140521247, 54.733931555471031 ], [ -66.708410982994593, 54.734857497622123 ], [ -66.704015946521579, 54.736235534514876 ], [ -66.700868196890141, 54.736261942434929 ], [ -66.698012193651095, 54.734941933162901 ], [ -66.697925189592112, 54.733775974831708 ], [ -66.697719043891382, 54.731014099945064 ], [ -66.696312180045524, 54.725954179857396 ], [ -66.691754977912794, 54.721821191812268 ], [ -66.682388002380037, 54.715069037455017 ], [ -66.67529611189461, 54.709229986919574 ], [ -66.67248976921698, 54.708186716908124 ], [ -66.669112980858117, 54.709672749215599 ], [ -66.66728177273572, 54.711048061040358 ], [ -66.667009190786018, 54.713164643731567 ], [ -66.668784857302413, 54.715671125679854 ], [ -66.665870026754149, 54.717859887601008 ], [ -66.66651499565711, 54.723386685645778 ], [ -66.662814857302649, 54.728867127217072 ], [ -66.672878161419092, 54.736673735400778 ], [ -66.674992618482904, 54.737832262644112 ], [ -66.679512917876963, 54.744915929896983 ], [ -66.686244788132711, 54.749435481854405 ], [ -66.68775095937454, 54.750053154625647 ], [ -66.699744153017704, 54.75496987010947 ], [ -66.711430609900731, 54.758386536400984 ], [ -66.718094529547542, 54.760782264488462 ], [ -66.72634990917031, 54.767890157318035 ], [ -66.727938171486187, 54.780044051513812 ], [ -66.726418287884229, 54.783033590842514 ], [ -66.717828424047468, 54.784724894105317 ], [ -66.716936682089894, 54.78843380284399 ], [ -66.721118848166427, 54.79254024367841 ], [ -66.727761834864353, 54.798685160275397 ], [ -66.733721453836893, 54.805284120188446 ], [ -66.739997202485114, 54.809080860278442 ], [ -66.737380603310314, 54.813200403478071 ], [ -66.732888182531866, 54.81149879286157 ], [ -66.724489523547305, 54.806790384184438 ], [ -66.707139968267342, 54.797650073341458 ], [ -66.690080535268137, 54.787129258382272 ], [ -66.668319279817851, 54.774227460573741 ], [ -66.65942839757713, 54.770217774540569 ], [ -66.654167617124884, 54.774523206153575 ], [ -66.644619209533928, 54.778824197327793 ], [ -66.644385476843695, 54.78062721435434 ], [ -66.647264018623147, 54.785042963686898 ], [ -66.645983033328449, 54.78927870736144 ], [ -66.643258391762927, 54.792545355071631 ], [ -66.638226628436925, 54.795047157871167 ], [ -66.633535486284799, 54.794118411497763 ], [ -66.624035180804654, 54.789958383552744 ], [ -66.61988417052585, 54.787299712606469 ], [ -66.625677602011791, 54.799035591385973 ], [ -66.622095819829511, 54.80002827698867 ], [ -66.613459468070914, 54.80207008466629 ], [ -66.609621868982487, 54.803413911432429 ], [ -66.607089154728996, 54.80838078608447 ], [ -66.603495729893154, 54.811850699844243 ], [ -66.602651097903589, 54.813506310708107 ], [ -66.60766785550193, 54.815961695881676 ], [ -66.618332247410265, 54.8224707610024 ], [ -66.6232147507001, 54.827579202888259 ], [ -66.632000165980699, 54.83569772142441 ], [ -66.633428409312515, 54.841623031093057 ], [ -66.633284278604052, 54.846754874165342 ], [ -66.637698229022746, 54.849061777917697 ], [ -66.642602245249563, 54.849213534776432 ], [ -66.651722942581088, 54.849970310217735 ], [ -66.6531404678895, 54.851965818441229 ], [ -66.651141941403395, 54.85768261633936 ], [ -66.654623142456316, 54.861811002177348 ], [ -66.655732819380646, 54.868111454732158 ], [ -66.656240555432248, 54.870899189531201 ], [ -66.658971850765496, 54.876517879369253 ], [ -66.663611966672946, 54.881976854388817 ], [ -66.669629321004976, 54.886527630338293 ], [ -66.677251388817879, 54.890844613659624 ], [ -66.684469951107616, 54.894236999812563 ], [ -66.689653632206912, 54.897965050600206 ], [ -66.689034213035427, 54.90277473122601 ], [ -66.687243559268282, 54.90771571732806 ], [ -66.688154892356494, 54.910414641950879 ], [ -66.688072869100864, 54.913494287289431 ], [ -66.686514111327114, 54.916631691926867 ], [ -66.682689791047935, 54.91943032692582 ], [ -66.68140817898896, 54.923667784995345 ], [ -66.686568297755215, 54.92842282662221 ], [ -66.694529666511926, 54.934264507729154 ], [ -66.703027508150413, 54.940853920842159 ], [ -66.711222683293713, 54.947369342369591 ], [ -66.714885324740763, 54.95320801750205 ], [ -66.713226231786109, 54.95549537462913 ], [ -66.724843182797386, 54.960764575574295 ], [ -66.738043736764595, 54.966824883655548 ], [ -66.742223698315215, 54.969480209606672 ], [ -66.739748337463638, 54.974877441563997 ], [ -66.735540534272261, 54.975727466515764 ], [ -66.734927221577095, 54.978059454446758 ], [ -66.740228527472027, 54.985115391759692 ], [ -66.74849168150287, 54.989575235031737 ], [ -66.760226740548134, 54.995691880560109 ], [ -66.765639999920012, 54.999754018704735 ], [ -66.765990371571917, 55.000016916120806 ], [ -66.750000013546, 55.00000001287259 ], [ -66.749368343519919, 55.000000699929522 ], [ -66.750402475606379, 55.00676637418924 ], [ -66.747441458879308, 55.009362493803053 ], [ -66.740040670967417, 55.007176111876937 ], [ -66.738256487923806, 55.002203296690041 ], [ -66.736907705289781, 55.000014028937883 ], [ -66.712402995368535, 55.000036097023468 ], [ -66.708805450317712, 55.00464437533504 ], [ -66.699768177044305, 55.000045348629179 ], [ -66.689378157050257, 55.000051886111223 ], [ -66.686013553357213, 55.000053791811524 ], [ -66.683418176614964, 54.995336830726764 ], [ -66.67263614100797, 54.990884897516338 ], [ -66.664403800808429, 54.987871527352858 ], [ -66.656335886936986, 54.981176129182991 ], [ -66.648135606804445, 54.977134914073652 ], [ -66.64452718961256, 54.977931977521244 ], [ -66.638705977980081, 54.979801226629647 ], [ -66.634295550979303, 54.981388635304164 ], [ -66.629946930452888, 54.983048917245746 ], [ -66.627057514303161, 54.984860158732928 ], [ -66.628508801106875, 54.98741649744742 ], [ -66.636157088888112, 54.994537345154868 ], [ -66.643496059125169, 54.999752143729957 ], [ -66.643629213528214, 54.999846703503287 ], [ -66.643983562636294, 55.00006898223311 ], [ -66.652971501899245, 55.005705344488916 ], [ -66.656407421199631, 55.007935881451736 ], [ -66.659157122622332, 55.012307788471389 ], [ -66.659655317753177, 55.015937605193201 ], [ -66.66475842820347, 55.020674386660843 ], [ -66.671683589230184, 55.025547623611089 ], [ -66.676373365972651, 55.027977863633076 ], [ -66.682068665726973, 55.029746727722078 ], [ -66.687482833119262, 55.029743064969729 ], [ -66.692599759742038, 55.029667797724663 ], [ -66.697880386090247, 55.027927080613686 ], [ -66.706041253743336, 55.030386305367635 ], [ -66.710523213385741, 55.032864834496657 ], [ -66.71644455142183, 55.034084069844866 ], [ -66.718276344041982, 55.03612720893549 ], [ -66.721061222624044, 55.039501486417585 ], [ -66.724393242430978, 55.041402676138226 ], [ -66.732720340137789, 55.043397445495302 ], [ -66.735037652663607, 55.044052676625725 ], [ -66.735146313528887, 55.049191154883594 ], [ -66.733371335019001, 55.053076739036506 ], [ -66.732872047442029, 55.058571056464928 ], [ -66.735078215244869, 55.060101677531343 ], [ -66.745913974150355, 55.066102996796779 ], [ -66.74704216934758, 55.067676021813838 ], [ -66.746581715606652, 55.074081625358211 ], [ -66.749942616409072, 55.078594322984777 ], [ -66.755550100352011, 55.086751199189386 ], [ -66.753626561264369, 55.090601857220413 ], [ -66.746788261215897, 55.092074890429522 ], [ -66.74085750216922, 55.088451347609336 ], [ -66.731356491935216, 55.081566959272529 ], [ -66.720940422732028, 55.075464485776202 ], [ -66.699250686077022, 55.06324934493589 ], [ -66.694441807791733, 55.06169521887707 ], [ -66.692295184039793, 55.062484029293373 ], [ -66.694862799121125, 55.069517366524508 ], [ -66.707452760643775, 55.078149884423226 ], [ -66.723721235434198, 55.087259111777946 ], [ -66.732838406584719, 55.092749110671775 ], [ -66.735764573120036, 55.097860236604596 ], [ -66.741261203109701, 55.103284893417154 ], [ -66.750148943431995, 55.109819948483299 ], [ -66.754941653247926, 55.113571290059674 ], [ -66.762765177526319, 55.114838072493583 ], [ -66.767595834137452, 55.114688192739195 ], [ -66.771656367669053, 55.114153804005156 ], [ -66.779651435613005, 55.110849586854542 ], [ -66.788672991693346, 55.118413793051353 ], [ -66.785968844969801, 55.122379383429227 ], [ -66.775588518103589, 55.128724135913139 ], [ -66.767602607074608, 55.135138958736071 ], [ -66.769218388362091, 55.13652686421625 ], [ -66.779719723068908, 55.138931102846605 ], [ -66.77608170179451, 55.144178192807807 ], [ -66.76769444023968, 55.14969638491462 ], [ -66.759751679044129, 55.15050848027969 ], [ -66.752107074856397, 55.148985113489644 ], [ -66.74857701933901, 55.148543606984575 ], [ -66.745729366396645, 55.153177641951899 ], [ -66.746735047372837, 55.15853104437172 ], [ -66.754331394697786, 55.16806357664202 ], [ -66.756968076853539, 55.171900699678751 ], [ -66.757018051735429, 55.177126115829502 ], [ -66.760627027485612, 55.187811898827377 ], [ -66.749104708440228, 55.187270777995302 ], [ -66.741962086124602, 55.188174267551673 ], [ -66.738103254233366, 55.191064189000372 ], [ -66.739408573970508, 55.194082996292089 ], [ -66.755313662909998, 55.205696032068921 ], [ -66.757044434144348, 55.213427927008198 ], [ -66.755201534387481, 55.214994276929772 ], [ -66.748900417619765, 55.215698942594543 ], [ -66.719717271830874, 55.209541967378172 ], [ -66.71063369711834, 55.205167222081748 ], [ -66.693103057763707, 55.191952177513905 ], [ -66.683584123484223, 55.185062058531628 ], [ -66.674868948418577, 55.176356461542916 ], [ -66.67161118769485, 55.175777414345426 ], [ -66.670363298285878, 55.177485029367332 ], [ -66.671846919770658, 55.181451530502365 ], [ -66.685068369233562, 55.202469922490863 ], [ -66.689412053987851, 55.209727433908597 ], [ -66.704656120077715, 55.224402141388914 ], [ -66.707230859629078, 55.227123087698743 ], [ -66.726531928860936, 55.235538503678491 ], [ -66.740232202359735, 55.248029979168308 ], [ -66.743148473214802, 55.250007486748423 ], [ -66.74410759622991, 55.250657817147285 ], [ -66.756958980983597, 55.256625227677539 ], [ -66.767183440839986, 55.261865262578169 ], [ -66.780255321939848, 55.268983656896829 ], [ -66.786357207053243, 55.27314058604086 ], [ -66.796120171628914, 55.281675189358772 ], [ -66.809011687734838, 55.293155743818716 ], [ -66.820562579683738, 55.304315441220673 ], [ -66.823725822446761, 55.306969764635475 ], [ -66.823026792573074, 55.313721128110927 ], [ -66.827664299069568, 55.324945929892706 ], [ -66.828437695829535, 55.32681719248243 ], [ -66.815194588576873, 55.324920807181961 ], [ -66.8148610897331, 55.324720929580302 ], [ -66.81477867703768, 55.324627634597888 ], [ -66.814494509330771, 55.324520327476684 ], [ -66.81437910524447, 55.324509340576299 ], [ -66.814250604633443, 55.324535422877275 ], [ -66.814151896173584, 55.32458994069551 ], [ -66.814168588946913, 55.324789089170515 ], [ -66.800671503640785, 55.322952080673993 ], [ -66.799888691784716, 55.32327537686016 ], [ -66.800593770582438, 55.327854206736738 ], [ -66.802522438460215, 55.331720417821344 ], [ -66.815005102431826, 55.340894279702546 ], [ -66.818329487581011, 55.34839884172635 ], [ -66.818741490411298, 55.355313983269717 ], [ -66.807842930485222, 55.356744027771136 ], [ -66.789262198182897, 55.352542125885428 ], [ -66.778462282139387, 55.352388151552212 ], [ -66.774773728014281, 55.350209575597205 ], [ -66.766372746436375, 55.344605811288602 ], [ -66.762622751908964, 55.340105150323467 ], [ -66.754838138613735, 55.335348100660788 ], [ -66.740036108057723, 55.327919198597989 ], [ -66.734568823661618, 55.321202756479003 ], [ -66.727614583486627, 55.31844525748604 ], [ -66.720983509084562, 55.318372203150481 ], [ -66.70854774235444, 55.316615789874703 ], [ -66.700288034844831, 55.312040107515635 ], [ -66.696940182588776, 55.305323092109234 ], [ -66.699419172861923, 55.292570542225796 ], [ -66.700633626236765, 55.289950629580808 ], [ -66.69742029165532, 55.28617492249311 ], [ -66.689582060697035, 55.280794343775256 ], [ -66.669773483109978, 55.2694447316034 ], [ -66.66446681039514, 55.262056516653878 ], [ -66.658637456304547, 55.255144789750894 ], [ -66.653822512157205, 55.256201419539792 ], [ -66.6444266927342, 55.267101021535147 ], [ -66.639571433652179, 55.268448979378952 ], [ -66.634386346289602, 55.267610345952995 ], [ -66.626572865679279, 55.266042173757263 ], [ -66.621799509034872, 55.268713884930818 ], [ -66.622244690441235, 55.273136338159375 ], [ -66.618034941021264, 55.278151329808757 ], [ -66.607470410117429, 55.274819516960065 ], [ -66.60279262793442, 55.268981383353996 ], [ -66.590947392143875, 55.260220494925953 ], [ -66.581074165771767, 55.252130924445844 ], [ -66.578753626633471, 55.25006055434816 ], [ -66.565688941989052, 55.238399307369441 ], [ -66.555800826691325, 55.235120994237995 ], [ -66.545595020130818, 55.23537989511771 ], [ -66.54074387308151, 55.229795644767293 ], [ -66.531886685566235, 55.219632319333535 ], [ -66.529545147891156, 55.215654744196165 ], [ -66.5220370185707, 55.205814041348852 ], [ -66.519108643365215, 55.20048951410282 ], [ -66.516416567695885, 55.195322129660525 ], [ -66.512304286307838, 55.19423106424842 ], [ -66.511565457563975, 55.200480365022479 ], [ -66.507404059756084, 55.204700175139649 ], [ -66.502552021742545, 55.206041958641222 ], [ -66.500000022120261, 55.205711240225227 ], [ -66.495337975708495, 55.205106902447149 ], [ -66.492748594245739, 55.203377880263254 ], [ -66.488286948831885, 55.197280020106525 ], [ -66.482108514996924, 55.18303333430984 ], [ -66.480489373309481, 55.17832354835641 ], [ -66.47239940365786, 55.167631674035796 ], [ -66.466426246764257, 55.160262408749986 ], [ -66.452561865017259, 55.148372629012265 ], [ -66.444707419379284, 55.140947494506825 ], [ -66.434133841130205, 55.135073068716736 ], [ -66.419657002431649, 55.131164869909973 ], [ -66.411332373744528, 55.122013591501499 ], [ -66.402102665068767, 55.113143695389354 ], [ -66.384600661532787, 55.102665671739473 ], [ -66.372348280069588, 55.09315715782931 ], [ -66.354994999548026, 55.083209203333553 ], [ -66.346112698973556, 55.075318850154019 ], [ -66.333145988115021, 55.06703520671914 ], [ -66.321719713089138, 55.056912841889854 ], [ -66.313528688065077, 55.045265136783883 ], [ -66.310161827739449, 55.040824831054479 ], [ -66.303597166110421, 55.035503166913692 ], [ -66.294065544804184, 55.033930273075413 ], [ -66.282902405399824, 55.032105101888575 ], [ -66.282914603302501, 55.032006696348304 ], [ -66.283104090873366, 55.031866204348148 ], [ -66.283043183401091, 55.031686391604673 ], [ -66.282910218562989, 55.031466197686584 ], [ -66.282538616800963, 55.031087895965392 ], [ -66.282122217649018, 55.030951598528027 ], [ -66.281375499103504, 55.030366985907584 ], [ -66.281212888087268, 55.030097889849209 ], [ -66.281299012218767, 55.029786004172479 ], [ -66.280825291706094, 55.02929789368077 ], [ -66.280441512253233, 55.029018015497364 ], [ -66.280149511975367, 55.028692415153678 ], [ -66.280012192880207, 55.028603298468056 ], [ -66.279778781996157, 55.028355105242902 ], [ -66.27930600113956, 55.027572088651659 ], [ -66.278794991175531, 55.027002286159295 ], [ -66.278382083855135, 55.026693892165284 ], [ -66.278024923400409, 55.026319597892929 ], [ -66.277563808321105, 55.026089400969241 ], [ -66.27746170460388, 55.025979487340912 ], [ -66.27675251037104, 55.0258124069031 ], [ -66.276614694137578, 55.025702803003945 ], [ -66.276213209555948, 55.025590894573263 ], [ -66.276090197341958, 55.025505806195056 ], [ -66.276110607814488, 55.02546061302187 ], [ -66.276422703012557, 55.025384711657615 ], [ -66.276487208836912, 55.02472081168402 ], [ -66.276628010095251, 55.024637893610006 ], [ -66.276618912583217, 55.02454380567481 ], [ -66.267974342245267, 55.014834212322356 ], [ -66.260283841345966, 55.000182646961491 ], [ -66.259934875979184, 55.000010785176151 ], [ -66.259404778946816, 54.99974965535835 ], [ -66.250545360629474, 54.995384875613674 ], [ -66.24774012684415, 54.985245570034934 ], [ -66.247799148340306, 54.978321819941897 ], [ -66.246416016961163, 54.975469042015519 ], [ -66.242273481141396, 54.974453648951219 ], [ -66.239540236621409, 54.977906441124169 ], [ -66.235532017726129, 54.991806982288004 ], [ -66.217321288946323, 54.984525303701346 ], [ -66.214883004907691, 54.981211499086086 ], [ -66.210125377962243, 54.979138698099625 ], [ -66.20567131881981, 54.979956337625836 ], [ -66.196952028393611, 54.981335892656794 ], [ -66.188608309794489, 54.98079529024966 ], [ -66.177890926508425, 54.975445420671164 ], [ -66.167983341339649, 54.973009325896555 ], [ -66.16277024254677, 54.974845911350258 ], [ -66.160748420406605, 54.97897666714789 ], [ -66.161583666544431, 54.98773414603302 ], [ -66.152561241473805, 54.985514853286347 ], [ -66.143581332037556, 54.982298788578731 ], [ -66.137009404327372, 54.977259529500991 ], [ -66.121464878637596, 54.970411151245386 ], [ -66.116671725439758, 54.967921396926926 ], [ -66.111119280710554, 54.963633802580489 ], [ -66.106708003412393, 54.959224564922309 ], [ -66.099153289865924, 54.954341153415157 ], [ -66.087738773454319, 54.94971154983994 ], [ -66.074539522624136, 54.939505323357317 ], [ -66.068913801755187, 54.933685527662526 ], [ -66.064490355637744, 54.929068442191742 ], [ -66.059074629280317, 54.926017474531974 ], [ -66.04843486367291, 54.920364281372088 ], [ -66.04082558958055, 54.919084349534394 ], [ -66.037258687755184, 54.920818702903155 ], [ -66.036431100217428, 54.923332166956783 ], [ -66.040659961309927, 54.92820523211698 ], [ -66.046303663286764, 54.932824005054684 ], [ -66.048995450490082, 54.937416587316299 ], [ -66.042407584528107, 54.94061899531637 ], [ -66.031221991079079, 54.94248168485715 ], [ -66.023395887579312, 54.941953343066061 ], [ -66.002196870213425, 54.933577983274155 ], [ -66.000000013837891, 54.93255756139326 ], [ -65.996615492260133, 54.930985294121953 ], [ -65.986595148388133, 54.931520812551504 ], [ -65.976577190518512, 54.931350980879564 ], [ -65.965130585427943, 54.929818082050922 ], [ -65.956601315041553, 54.936765676442633 ], [ -65.946001667116633, 54.934333176937358 ], [ -65.938989695990855, 54.93621706049737 ], [ -65.931664287732573, 54.940302002153246 ], [ -65.93163384605657, 54.940287166361287 ], [ -65.931007507471648, 54.939982190801473 ], [ -65.929200222958372, 54.939470494675042 ], [ -65.928383701575385, 54.93928550752689 ], [ -65.928306604581579, 54.939263596655273 ], [ -65.928218213446954, 54.939367210254922 ], [ -65.928157502691604, 54.939662202646957 ], [ -65.924699988934179, 54.940060671873667 ], [ -65.919047973826963, 54.937604875692386 ], [ -65.913575547166943, 54.935336051727084 ], [ -65.888007709011575, 54.925339852150493 ], [ -65.871212621209153, 54.923470423079785 ], [ -65.859935235006205, 54.925898480561152 ], [ -65.849845423742963, 54.927210876406342 ], [ -65.839270759967079, 54.914287025662837 ], [ -65.839321225384936, 54.914217556611305 ], [ -65.83862044362921, 54.907956682925494 ], [ -65.844087137835743, 54.902108443208547 ], [ -65.855427495679052, 54.896226200877756 ], [ -65.857233905538266, 54.892967680363995 ], [ -65.844770769430198, 54.885821546580772 ], [ -65.836647319743818, 54.881976104202295 ], [ -65.836386606176745, 54.874652654078155 ], [ -65.844695919648288, 54.861509464583918 ], [ -65.848550878383861, 54.858240064016194 ], [ -65.853071823690399, 54.855943588472336 ], [ -65.850645902009518, 54.850801259810723 ], [ -65.838314875314609, 54.836527531251022 ], [ -65.830449441681722, 54.830727727287872 ], [ -65.819060417863028, 54.824043809590691 ], [ -65.787038161182394, 54.809055191613574 ], [ -65.777425219601326, 54.802809649012445 ], [ -65.771995190268697, 54.796807060616828 ], [ -65.765699862226654, 54.789174629898447 ], [ -65.757024628785942, 54.786791457317214 ], [ -65.752364723003438, 54.782089731957733 ], [ -65.746655574875163, 54.775308225454921 ], [ -65.742975194436582, 54.769541079436635 ], [ -65.733060758344024, 54.763716088962269 ], [ -65.732499247799311, 54.759137099452694 ], [ -65.724632943986492, 54.750599098190335 ], [ -65.723977128750789, 54.750026499904919 ], [ -65.713592760510124, 54.740956588814889 ], [ -65.713506671211647, 54.739220233719195 ], [ -65.71598607329355, 54.735004495060757 ], [ -65.71955758068502, 54.732577208502974 ], [ -65.720470074468466, 54.731597151835892 ], [ -65.713273034201549, 54.724032423222845 ], [ -65.706209725825914, 54.717912425571775 ], [ -65.693172801036681, 54.708164034476205 ], [ -65.690115312184105, 54.711527017347223 ], [ -65.669669844880957, 54.718766495011359 ], [ -65.662120308698348, 54.723919380765089 ], [ -65.656369760511012, 54.727610401282561 ], [ -65.65120427663706, 54.733063917266847 ], [ -65.648533834774852, 54.735213579265533 ], [ -65.650960674424482, 54.740771870345803 ], [ -65.65095465569901, 54.747934631187569 ], [ -65.649341933477515, 54.7500683445679 ], [ -65.646984527488101, 54.753186844046859 ], [ -65.632064895709462, 54.754458067312953 ], [ -65.628292245114338, 54.750071001445761 ], [ -65.627516746149752, 54.749169058579049 ], [ -65.621278954674125, 54.738506411577241 ], [ -65.601608377072964, 54.737761072851853 ], [ -65.597142223088753, 54.739051343402828 ], [ -65.592553701182197, 54.743036009094695 ], [ -65.562070549938909, 54.739743104180583 ], [ -65.562422209027204, 54.733067762593137 ], [ -65.5573875082965, 54.730274470412368 ], [ -65.548782333225006, 54.729198715009815 ], [ -65.535699511673798, 54.73011413371767 ], [ -65.5290223019622, 54.73316244554016 ], [ -65.513598401614857, 54.736005191817583 ], [ -65.503963711481887, 54.736280013884695 ], [ -65.499999975728784, 54.735335377760286 ], [ -65.497757126057508, 54.734800770479467 ], [ -65.494721692854853, 54.731906475866211 ], [ -65.487352987933207, 54.728514092960971 ], [ -65.471421735394216, 54.727888063696334 ], [ -65.4633572544315, 54.727245817363453 ], [ -65.455530319274715, 54.728583246031711 ], [ -65.45225607764489, 54.732193540535633 ], [ -65.453547874204446, 54.737373095861521 ], [ -65.450616902152149, 54.741677504888592 ], [ -65.448162114891161, 54.743981531273697 ], [ -65.440176309487953, 54.746895287069584 ], [ -65.431686716976913, 54.746345215048237 ], [ -65.429114434400176, 54.748113937120927 ], [ -65.429474501118023, 54.750057562197036 ], [ -65.431060525240852, 54.758615829916955 ], [ -65.433924131505279, 54.770665546033229 ], [ -65.434619797006405, 54.784183462946459 ], [ -65.448592649529473, 54.79451652134069 ], [ -65.456030828653965, 54.79691675694049 ], [ -65.466913190854811, 54.801910895023184 ], [ -65.47373650471863, 54.807184065593546 ], [ -65.483138974603847, 54.816648726300997 ], [ -65.486655204799987, 54.820068727013556 ], [ -65.4892208278672, 54.827490439323938 ], [ -65.487294642738462, 54.834376793204626 ], [ -65.480371132324052, 54.838174510643462 ], [ -65.469248230132422, 54.838984389601777 ], [ -65.463843081656762, 54.84124778811541 ], [ -65.461543733559196, 54.846322329885723 ], [ -65.456335714704537, 54.849242333746062 ], [ -65.411376404619503, 54.84183699756732 ], [ -65.412422030051232, 54.838868483074052 ], [ -65.413670022026167, 54.829683939626328 ], [ -65.411692058866905, 54.823114088411224 ], [ -65.407548944746381, 54.819833308697255 ], [ -65.400603116400688, 54.819072166551209 ], [ -65.391683172373604, 54.825692772825079 ], [ -65.384573989407684, 54.829944680813604 ], [ -65.378587422054906, 54.829528493919568 ], [ -65.373280096049214, 54.82776865167996 ], [ -65.368362118236575, 54.825501161554399 ], [ -65.361925052953367, 54.820418077803758 ], [ -65.355839651957368, 54.818761401415657 ], [ -65.351309079264936, 54.821243749326932 ], [ -65.351100704387164, 54.821762356768211 ], [ -65.348643809621151, 54.823174235676063 ], [ -65.345377887587759, 54.825375214876573 ], [ -65.343091163030365, 54.829041108107788 ], [ -65.34173063606363, 54.832184907609353 ], [ -65.340150011983738, 54.835272489163344 ], [ -65.339228764596683, 54.83852875308024 ], [ -65.338404801887222, 54.841658100959641 ], [ -65.338852808230797, 54.845871869069498 ], [ -65.341219810454618, 54.8483123096646 ], [ -65.335790672340238, 54.851967804810705 ], [ -65.325695256156138, 54.848678012756928 ], [ -65.320202541792654, 54.842821735260664 ], [ -65.316368461150361, 54.83526501004512 ], [ -65.309494316047889, 54.827333996979014 ], [ -65.304867233310716, 54.819674183755666 ], [ -65.300848380180128, 54.816924569407362 ], [ -65.296472321606885, 54.817560011655502 ], [ -65.29631275882376, 54.81758319854125 ], [ -65.29626336054848, 54.817642375144345 ], [ -65.292963656098536, 54.818942413545571 ], [ -65.290342103193396, 54.82067036292645 ], [ -65.288731743741167, 54.822284212560525 ], [ -65.28799651867952, 54.825402486306814 ], [ -65.289000913828829, 54.827580014958393 ], [ -65.289782544833159, 54.829807111444012 ], [ -65.291562281477923, 54.833839342546902 ], [ -65.291593260042816, 54.833978035152668 ], [ -65.291077100086753, 54.840118874571502 ], [ -65.282733206337781, 54.844355256199222 ], [ -65.267194842628385, 54.848366046608675 ], [ -65.242492110796704, 54.849922457164915 ], [ -65.227000847386904, 54.84908251038388 ], [ -65.216849590854224, 54.846778060671355 ], [ -65.209623123428173, 54.847957779423538 ], [ -65.205435618740921, 54.851335908116241 ], [ -65.200623483456141, 54.85779342362774 ], [ -65.19945986894021, 54.862252991420547 ], [ -65.199587130733647, 54.863905721260231 ], [ -65.205638117319708, 54.866979702383411 ], [ -65.206337124734802, 54.867665580572869 ], [ -65.201040507617108, 54.870658080857567 ], [ -65.202207652794485, 54.873691809188273 ], [ -65.201658468137225, 54.880537069000113 ], [ -65.200613730362832, 54.881888697338582 ], [ -65.194756820123004, 54.886965399882797 ], [ -65.189872770335157, 54.893507477255319 ], [ -65.18529797131356, 54.899420479783686 ], [ -65.178782249239276, 54.90534125827007 ], [ -65.173642500677218, 54.914249278256868 ], [ -65.173633434941763, 54.917893057547623 ], [ -65.177807630015849, 54.924536113456348 ], [ -65.180304192439593, 54.930849143435147 ], [ -65.172892874846227, 54.933604321346756 ], [ -65.159932139266601, 54.931489048792137 ], [ -65.148635946046994, 54.929496108214899 ], [ -65.13955621326609, 54.928274652557079 ], [ -65.134517331202758, 54.928193674164966 ], [ -65.12826603083812, 54.933980722282541 ], [ -65.122854673498281, 54.941402742734397 ], [ -65.122343298602971, 54.947046579452341 ], [ -65.124709194114871, 54.955558776245041 ], [ -65.126449345811736, 54.96147803678496 ], [ -65.115899286473848, 54.962816796123292 ], [ -65.105004716907544, 54.96437008458588 ], [ -65.091779057048939, 54.968463979977386 ], [ -65.085814686511711, 54.969562791858571 ], [ -65.079434186138201, 54.968932361202405 ], [ -65.07635262596979, 54.968138184815771 ], [ -65.074250609746713, 54.961109121057852 ], [ -65.071750185176342, 54.955497645087945 ], [ -65.070601656358591, 54.953579638192821 ], [ -65.061311174752063, 54.954426960610981 ], [ -65.052718075844027, 54.955960495165364 ], [ -65.048151127945459, 54.955491414081038 ], [ -65.043388383780979, 54.952335624765801 ], [ -65.042504535885584, 54.950079748162196 ], [ -65.04153050545878, 54.946583951803966 ], [ -65.040242791626156, 54.943716812396246 ], [ -65.036083617507785, 54.940918886759768 ], [ -65.028033575324429, 54.937013724611589 ], [ -65.017721362191082, 54.932623978252636 ], [ -65.012622576340192, 54.931710839479983 ], [ -65.012565554852657, 54.931722527410898 ], [ -65.009560616161991, 54.930964233536471 ], [ -65.005418470145401, 54.931473813226702 ], [ -65.001670551458815, 54.931797779938726 ], [ -64.999999992706734, 54.932116114751125 ], [ -64.999166356007819, 54.93227494079381 ], [ -64.998151288716244, 54.932468333734136 ], [ -64.99333420032147, 54.933521697544343 ], [ -64.989471701992912, 54.933671905454212 ], [ -64.984882777163264, 54.93507162654614 ], [ -64.980874942874493, 54.936046609529285 ], [ -64.971953582021854, 54.937400335369837 ], [ -64.971900558802503, 54.937395576207408 ], [ -64.953919380260373, 54.932227921030787 ], [ -64.9432585415706, 54.927839643916251 ], [ -64.92691330300714, 54.921263688333021 ], [ -64.915038866718859, 54.920005800034254 ], [ -64.91233458425522, 54.911854815222775 ], [ -64.906480413135881, 54.910565773249502 ], [ -64.904735873701625, 54.905576329692096 ], [ -64.902570458787892, 54.901640377127464 ], [ -64.895766277584357, 54.898455012209631 ], [ -64.894464675358435, 54.897131632076878 ], [ -64.892879602084875, 54.895617893687337 ], [ -64.889666585213732, 54.894231130757994 ], [ -64.886138929188547, 54.893368055996781 ], [ -64.883074770545676, 54.893010959019705 ], [ -64.880148803419289, 54.892965130989822 ], [ -64.875400234671702, 54.893050395737184 ], [ -64.87170904632589, 54.892639806804219 ], [ -64.86699264399715, 54.889759006384637 ], [ -64.865142831589907, 54.888340745925667 ], [ -64.862397645689242, 54.886358685139925 ], [ -64.86021021624984, 54.885127669897294 ], [ -64.856124738533637, 54.882906113502713 ], [ -64.852881870819274, 54.880463370621243 ], [ -64.850475912393051, 54.878293740382269 ], [ -64.848430874546239, 54.876273211289835 ], [ -64.84695364593766, 54.873914261972253 ], [ -64.846926345133184, 54.873770309417836 ], [ -64.851487221787096, 54.868212139459359 ], [ -64.855815194691772, 54.86166282962089 ], [ -64.861691976112965, 54.854936151232629 ], [ -64.858401548587025, 54.848843117298145 ], [ -64.860719847947621, 54.846656081220097 ], [ -64.865493632254939, 54.8467380624394 ], [ -64.866596239353612, 54.844815550537135 ], [ -64.864323994602557, 54.842827014715596 ], [ -64.861490326163306, 54.841040848656782 ], [ -64.856820611584112, 54.8400550441918 ], [ -64.845996204566092, 54.844093388259708 ], [ -64.839298049276323, 54.845951187032256 ], [ -64.837286188679457, 54.844146050747774 ], [ -64.838095722697446, 54.840285455893252 ], [ -64.834196228584361, 54.837289079854351 ], [ -64.830105314430426, 54.83633666999021 ], [ -64.827189001954096, 54.836970885244902 ], [ -64.825573466066885, 54.841086459190905 ], [ -64.824765870166388, 54.846227730980942 ], [ -64.82159298462507, 54.847958568787575 ], [ -64.815867695773321, 54.849047926821164 ], [ -64.812608870935222, 54.846593086983965 ], [ -64.806506994968814, 54.840259813473729 ], [ -64.803143905710428, 54.835303344826919 ], [ -64.800706782317221, 54.8325722378855 ], [ -64.795726158027634, 54.831379211826331 ], [ -64.792806301887367, 54.831937413865489 ], [ -64.790536422805232, 54.834098244607475 ], [ -64.791002695309899, 54.837636373083669 ], [ -64.790588637172064, 54.839621766307765 ], [ -64.789110103900867, 54.841989808581502 ], [ -64.786535464888473, 54.843079262975799 ], [ -64.783872438257319, 54.842823082594286 ], [ -64.778184061133814, 54.840342144038416 ], [ -64.771487811470209, 54.836715069873655 ], [ -64.761114250688749, 54.829528144476676 ], [ -64.76036436430627, 54.828716665366727 ], [ -64.758470857051606, 54.826667437233077 ], [ -64.752115118558734, 54.818598715766022 ], [ -64.747874831449593, 54.813994295327191 ], [ -64.747877277954757, 54.813985430750691 ], [ -64.748739008994264, 54.810845141921639 ], [ -64.750301935214381, 54.808344947571527 ], [ -64.753676376965302, 54.804457182414026 ], [ -64.754581236587896, 54.803414490416664 ], [ -64.759513165170503, 54.799702992260094 ], [ -64.76334864044297, 54.79873504298881 ], [ -64.766298122490454, 54.797990572548834 ], [ -64.769773859878455, 54.797156100326582 ], [ -64.768479841724371, 54.793674344833477 ], [ -64.768389014169017, 54.791361557974369 ], [ -64.768355149102348, 54.790499201594663 ], [ -64.772649754660065, 54.789646814441113 ], [ -64.776245225537323, 54.788145505094398 ], [ -64.772520331714148, 54.782629959668242 ], [ -64.767020483131844, 54.776299263279824 ], [ -64.765319060113882, 54.77410709273213 ], [ -64.757168613104312, 54.769873048040047 ], [ -64.752327777943066, 54.767321818020747 ], [ -64.75960772927229, 54.765741393284031 ], [ -64.766341475388941, 54.764599235445999 ], [ -64.772027179487623, 54.76248349688413 ], [ -64.782084150991636, 54.763259836975813 ], [ -64.783367339199984, 54.759058107595919 ], [ -64.785164481706076, 54.75394400969936 ], [ -64.792337937914425, 54.754545372364255 ], [ -64.799999097002384, 54.756321225000626 ], [ -64.801029265820588, 54.755776796596983 ], [ -64.796823548677779, 54.752929001051818 ], [ -64.794237945385575, 54.750041393025214 ], [ -64.793283785456907, 54.748975630762857 ], [ -64.789153064296599, 54.744750618217019 ], [ -64.785386030107887, 54.739806157285834 ], [ -64.780438848154247, 54.735598842881842 ], [ -64.778086893040467, 54.733468774519977 ], [ -64.769672105150306, 54.730095628636491 ], [ -64.763715820145222, 54.729229369191572 ], [ -64.757261545108278, 54.730792170534357 ], [ -64.734894576136668, 54.735969650024316 ], [ -64.732075204888872, 54.729058952565666 ], [ -64.730953807213126, 54.725621162603034 ], [ -64.722317545395498, 54.723814267312328 ], [ -64.711121149171206, 54.722962187661018 ], [ -64.699363465440172, 54.723590895182006 ], [ -64.687800279767629, 54.726016277531365 ], [ -64.684745366764616, 54.733478280189033 ], [ -64.679968374571715, 54.735712552950112 ], [ -64.670315586808726, 54.73468158725813 ], [ -64.660119288791265, 54.732807504561841 ], [ -64.6502601805783, 54.730597545474062 ], [ -64.640947545140435, 54.726641985950756 ], [ -64.634482461714313, 54.724633987640566 ], [ -64.626308710801808, 54.722324203176314 ], [ -64.622899354770396, 54.721874031448849 ], [ -64.61968126685322, 54.722826833191867 ], [ -64.615942006344753, 54.724768951994996 ], [ -64.611392001513266, 54.726421576041616 ], [ -64.605454415831261, 54.727857495916425 ], [ -64.60033881058564, 54.728909381691501 ], [ -64.597631946493877, 54.728719474659812 ], [ -64.593062322427997, 54.727435381897507 ], [ -64.586344992216908, 54.725582639733894 ], [ -64.586202100290933, 54.725568680444653 ], [ -64.57956430504332, 54.723167124047166 ], [ -64.569401157816088, 54.718960732034787 ], [ -64.562069532646191, 54.715503245600871 ], [ -64.556882472606716, 54.713662282260117 ], [ -64.55263372965905, 54.715216507287252 ], [ -64.550535551100694, 54.719904900608633 ], [ -64.54703541587989, 54.723056243950523 ], [ -64.53626042698194, 54.729290693732125 ], [ -64.530691216888599, 54.733525381048047 ], [ -64.528956923974306, 54.737495079488525 ], [ -64.536497630887666, 54.738911880419501 ], [ -64.547064263261348, 54.741596178647029 ], [ -64.554816272877716, 54.744868911874406 ], [ -64.548509998951431, 54.750044427974601 ], [ -64.534187066762797, 54.761792700419207 ], [ -64.532072185235165, 54.761286110088612 ], [ -64.52895557567561, 54.759877129338172 ], [ -64.524360997528277, 54.757026954462788 ], [ -64.519815881342382, 54.753606596100319 ], [ -64.514188566146217, 54.751297797385334 ], [ -64.499999999299121, 54.751447209853545 ], [ -64.498130162457429, 54.751466748985642 ], [ -64.474805015014041, 54.752151717758615 ], [ -64.475169641715368, 54.754231158679296 ], [ -64.48337683884985, 54.767256829546142 ], [ -64.485475827585432, 54.770962810653977 ], [ -64.483905121730018, 54.772178446777232 ], [ -64.471493087119853, 54.770281734019754 ], [ -64.473320938606534, 54.773566335525373 ], [ -64.480543426709261, 54.777933400934828 ], [ -64.479944991991559, 54.783180468198324 ], [ -64.481260119326535, 54.783511506204391 ], [ -64.496383387113255, 54.787316810981423 ], [ -64.496336749292553, 54.787332030618892 ], [ -64.496123136700746, 54.787628810493274 ], [ -64.496029824577207, 54.787673021103721 ], [ -64.495132842636806, 54.787836634196339 ], [ -64.495053637897655, 54.787885018218617 ], [ -64.494865339806722, 54.788034707441824 ], [ -64.494864223042612, 54.788075725673501 ], [ -64.494697240173437, 54.788221517524903 ], [ -64.494604524481673, 54.78824522877229 ], [ -64.494473048377387, 54.788391319342963 ], [ -64.493676616286777, 54.788760612136237 ], [ -64.49366451467732, 54.788769140366391 ], [ -64.493481520219959, 54.788897910964955 ], [ -64.493496637779288, 54.789119112627112 ], [ -64.493604032204246, 54.789337029040809 ], [ -64.494125547640564, 54.789431927299447 ], [ -64.494135367275206, 54.789471962891064 ], [ -64.49414463555064, 54.789509809498362 ], [ -64.493975585677759, 54.789659945969589 ], [ -64.493788855004638, 54.789825819773739 ], [ -64.493817983408817, 54.789845371413215 ], [ -64.494233923193278, 54.790124705070404 ], [ -64.494657126014417, 54.790190009191164 ], [ -64.495086520759585, 54.790030212448954 ], [ -64.495392225185412, 54.78998801873216 ], [ -64.495604146772948, 54.790010425057858 ], [ -64.495701349838725, 54.790080917093512 ], [ -64.495681147450341, 54.790301723410828 ], [ -64.496016036859331, 54.790484917033368 ], [ -64.495884523973501, 54.790631116026404 ], [ -64.495057222700979, 54.79032050478498 ], [ -64.494958338406732, 54.790311422942622 ], [ -64.493935929825767, 54.790396231563562 ], [ -64.493499838733641, 54.790543633613638 ], [ -64.493226659535623, 54.790541110363229 ], [ -64.49293324415747, 54.790538425897601 ], [ -64.491229735834139, 54.790665913094465 ], [ -64.490920517065504, 54.790830825776276 ], [ -64.490717636514461, 54.790996817686512 ], [ -64.490325127427354, 54.791611230595016 ], [ -64.490261048570801, 54.791880826048931 ], [ -64.490276459291451, 54.791943838923046 ], [ -64.487146505645342, 54.793053633440685 ], [ -64.486069271924578, 54.793435571792578 ], [ -64.479053332998006, 54.792441180396011 ], [ -64.468330025850335, 54.791114825013999 ], [ -64.467658403781371, 54.791067527820516 ], [ -64.467340938733059, 54.791023627466942 ], [ -64.466779631805352, 54.79083411022998 ], [ -64.466235036934293, 54.790804420755371 ], [ -64.465701520803904, 54.790881209366432 ], [ -64.465454221761206, 54.790858411338682 ], [ -64.465393141273708, 54.790767715571036 ], [ -64.464913113932482, 54.79070592916915 ], [ -64.464837906095454, 54.79061102032847 ], [ -64.464373803548852, 54.790492021192897 ], [ -64.463829832540327, 54.790441821686784 ], [ -64.462957713217932, 54.790220720464887 ], [ -64.462312533864932, 54.790243229050446 ], [ -64.460325935525347, 54.790604920606839 ], [ -64.459999924965274, 54.790610008074943 ], [ -64.458935604298176, 54.790423917984789 ], [ -64.458554024634552, 54.790391619282595 ], [ -64.457596838391353, 54.79042342177722 ], [ -64.457358023675468, 54.790351516594406 ], [ -64.457138226447654, 54.790357616537904 ], [ -64.456812448790501, 54.790440774734094 ], [ -64.45676720344413, 54.790452324052076 ], [ -64.456548026426432, 54.790437924705891 ], [ -64.456307065299171, 54.790275513063449 ], [ -64.456044098639239, 54.790224325838366 ], [ -64.455288806527065, 54.790131116400921 ], [ -64.454501130832625, 54.790430620527161 ], [ -64.446931554026833, 54.789999966543867 ], [ -64.439888295775333, 54.788760479495238 ], [ -64.435245220397931, 54.787943077499364 ], [ -64.421783066447546, 54.787862278438183 ], [ -64.409322346977632, 54.789563331119211 ], [ -64.397474582482161, 54.790492953034303 ], [ -64.391605985530717, 54.788229595063882 ], [ -64.385837986821954, 54.781791143451514 ], [ -64.384108158925727, 54.780163039408599 ], [ -64.379062222479348, 54.779401478029435 ], [ -64.375772095047054, 54.779829008598 ], [ -64.36263107576886, 54.777844084252372 ], [ -64.353182529484926, 54.775322726372075 ], [ -64.343933574843419, 54.772552323349274 ], [ -64.336139842131232, 54.769265896361865 ], [ -64.33032791450384, 54.76741185583851 ], [ -64.322767239388213, 54.764487431021315 ], [ -64.317385933082775, 54.762747467970691 ], [ -64.312863494816213, 54.761236821685273 ], [ -64.306624888969054, 54.7592667846884 ], [ -64.302500349999079, 54.757259389221829 ], [ -64.294681675096697, 54.753359022878293 ], [ -64.294527847135058, 54.753273763287837 ], [ -64.297027246547074, 54.750043395369339 ], [ -64.29849036222636, 54.748152070596205 ], [ -64.300748081357668, 54.741492229281 ], [ -64.295789425451389, 54.735483077244915 ], [ -64.288194965059617, 54.731027314081658 ], [ -64.275578437844075, 54.727968933224467 ], [ -64.264420223399298, 54.729013370735828 ], [ -64.249939812198605, 54.729326845297884 ], [ -64.238943802684446, 54.729120592644847 ], [ -64.234228358954027, 54.727692964021578 ], [ -64.236735352573362, 54.723521305506203 ], [ -64.237807605269367, 54.720094929386356 ], [ -64.234281537403064, 54.717532974361966 ], [ -64.226109325249524, 54.719375014103498 ], [ -64.215329136889196, 54.723423045792686 ], [ -64.203783781371087, 54.728072614105479 ], [ -64.196509759313656, 54.729831951346696 ], [ -64.190189080683425, 54.727970246571246 ], [ -64.18661724213608, 54.724424365569206 ], [ -64.184914120850124, 54.722027405262992 ], [ -64.177634946119142, 54.721360550747974 ], [ -64.178664506512433, 54.716952457516534 ], [ -64.183503556706711, 54.714054705965118 ], [ -64.187760149925708, 54.710838658634458 ], [ -64.180669094750954, 54.704729246847066 ], [ -64.175969685995511, 54.701201820297605 ], [ -64.178188057473378, 54.695660277481217 ], [ -64.180688856991509, 54.693587585222225 ], [ -64.171271966939273, 54.690727351941547 ], [ -64.164741307194774, 54.68670523424877 ], [ -64.158575462658703, 54.680841934498453 ], [ -64.145343243959601, 54.676141123835215 ], [ -64.14272858153231, 54.673496410861453 ], [ -64.145609476804651, 54.669911259460363 ], [ -64.14184981278531, 54.666957399840918 ], [ -64.129009462950535, 54.665590616604625 ], [ -64.118398320960196, 54.663531630861591 ], [ -64.106154763054974, 54.660383448348149 ], [ -64.102765177006134, 54.655587745719352 ], [ -64.105173956351464, 54.646703563615269 ], [ -64.108969971954366, 54.638518350751774 ], [ -64.113025182587577, 54.633474232854446 ], [ -64.111786390213197, 54.626351694793406 ], [ -64.108504940060612, 54.618999500422298 ], [ -64.107328934861997, 54.613186614272706 ], [ -64.09838050889087, 54.612541413392563 ], [ -64.093212609991326, 54.617929788305347 ], [ -64.086106738400758, 54.622955104274801 ], [ -64.079947007914257, 54.6216095748591 ], [ -64.071944785474244, 54.617016156490187 ], [ -64.054277177747622, 54.600908292904521 ], [ -64.047617731274897, 54.600879115036783 ], [ -64.043453646705657, 54.60362882172177 ], [ -64.035102209804705, 54.607030759977199 ], [ -64.029045244481324, 54.60491418549806 ], [ -64.02396488032322, 54.605156010930429 ], [ -64.021932816487165, 54.604412968444876 ], [ -64.008632809215413, 54.602253403444784 ], [ -64.004000261399668, 54.602125792351586 ], [ -64.000032435962297, 54.604281263873652 ], [ -63.999999971715788, 54.604283604278358 ], [ -63.992044795438218, 54.604858031137702 ], [ -63.984870615747063, 54.608567089325092 ], [ -63.978829680176773, 54.615010906704931 ], [ -63.974422536238613, 54.620120236278566 ], [ -63.966481781079317, 54.619252987753917 ], [ -63.954317122610654, 54.614646062388978 ], [ -63.942397781248381, 54.610427473304995 ], [ -63.934335482408223, 54.606611480920265 ], [ -63.923471482796792, 54.605913779125324 ], [ -63.911439155352362, 54.604248673271655 ], [ -63.901837737559795, 54.60130366576881 ], [ -63.897863423540898, 54.600703821961453 ], [ -63.89975778270091, 54.605591076184965 ], [ -63.892842840150131, 54.610338641819318 ], [ -63.883455231592372, 54.612630243807779 ], [ -63.877371210912102, 54.612910329395199 ], [ -63.877507662793946, 54.613028534787851 ], [ -63.873440833166185, 54.615728561748618 ], [ -63.877376126212589, 54.618985256690415 ], [ -63.870073412315691, 54.623352023506868 ], [ -63.863451558269496, 54.622632861052672 ], [ -63.849636943108742, 54.627107096639421 ], [ -63.848372140439338, 54.627324359022012 ], [ -63.834583302023148, 54.629867330861948 ], [ -63.830749068111153, 54.63286660113792 ], [ -63.835204263585105, 54.637000531915078 ], [ -63.834351308918677, 54.64113957252021 ], [ -63.825478169823405, 54.642436579876815 ], [ -63.819648087566989, 54.640678973319503 ], [ -63.817137985115558, 54.64582247821965 ], [ -63.813377233290872, 54.650785803034765 ], [ -63.801671524522213, 54.649038555134645 ], [ -63.788027192856241, 54.643842546832737 ], [ -63.780455117992794, 54.640794941614061 ], [ -63.764512712751625, 54.637394567647114 ], [ -63.752222684629508, 54.631915169179784 ], [ -63.742757932001147, 54.626399290151078 ], [ -63.732587871727347, 54.623118915892618 ], [ -63.727653420848512, 54.627110729156023 ], [ -63.712625413684016, 54.624950763383978 ], [ -63.725344728905213, 54.651777580873656 ], [ -63.723848886142108, 54.659798580308326 ], [ -63.744036013864047, 54.669922696848722 ], [ -63.763099625073565, 54.673684838761467 ], [ -63.768058696094172, 54.68310725066339 ], [ -63.759710491551203, 54.685584156487508 ], [ -63.768947277789771, 54.699843830343973 ], [ -63.803894656122239, 54.716736496360674 ], [ -63.802959712645105, 54.725642066775528 ], [ -63.832835246565224, 54.736367094992602 ], [ -63.856103470769376, 54.750069425007666 ], [ -63.860650432082359, 54.752745338052343 ], [ -63.879708321076905, 54.755006398680841 ], [ -63.884465070947961, 54.758498991290253 ], [ -63.895810713220776, 54.760121657998383 ], [ -63.88974123488515, 54.768358774086224 ], [ -63.924009339873912, 54.778407386682296 ], [ -63.910069613705964, 54.788535510005524 ], [ -63.890839937587117, 54.788801914412552 ], [ -63.903664391093173, 54.801078014990281 ], [ -63.885619403255312, 54.80073894823289 ], [ -63.871818043700166, 54.800477621775379 ], [ -63.869005236076447, 54.807039074943582 ], [ -63.847963949428021, 54.807174181981253 ], [ -63.848171839171179, 54.812360382013381 ], [ -63.829570690589264, 54.812607530642843 ], [ -63.817161538486175, 54.816921865073716 ], [ -63.818146164559927, 54.82891802563438 ], [ -63.82786264568189, 54.847323603075054 ], [ -63.849032113470372, 54.862611284703185 ], [ -63.842170141130083, 54.871006265265123 ], [ -63.852658051535236, 54.87605608221368 ], [ -63.852250985344213, 54.885106732749151 ], [ -63.838023160088113, 54.883071984635677 ], [ -63.846210474856939, 54.89482593077873 ], [ -63.828965520493021, 54.901134126427856 ], [ -63.837733538879071, 54.914512773064082 ], [ -63.812699886416787, 54.919438499086603 ], [ -63.79957267936156, 54.926133492811111 ], [ -63.824099075512549, 54.934267497935849 ], [ -63.829816889481414, 54.942052304203109 ], [ -63.820518333412906, 54.947958103513152 ], [ -63.791710801050513, 54.955894476641575 ], [ -63.784313695317081, 54.94783235473291 ], [ -63.751900296302573, 54.942308842138466 ], [ -63.73850365039057, 54.935356678753109 ], [ -63.725960787126738, 54.930468738254682 ], [ -63.715994987926798, 54.925548200877799 ], [ -63.696418668033431, 54.925339186603722 ], [ -63.693805003819861, 54.909948606110333 ], [ -63.684862090877452, 54.904568568511245 ], [ -63.661282815978176, 54.899952489170275 ], [ -63.663452901258253, 54.910455107285046 ], [ -63.645783838981728, 54.905618237319523 ], [ -63.630723573488687, 54.909200950998567 ], [ -63.619586467169661, 54.899540619365069 ], [ -63.591443709031289, 54.896592141718742 ], [ -63.604427917925697, 54.90786569801007 ], [ -63.612298411991688, 54.919936895216331 ], [ -63.604529659059942, 54.926251538310837 ], [ -63.583593429965177, 54.923813393521158 ], [ -63.57787334521246, 54.929955476646967 ], [ -63.590024850547067, 54.93530917669635 ], [ -63.602006451258731, 54.939328909048498 ], [ -63.596039403693723, 54.945771473260081 ], [ -63.61134320873046, 54.948863828758405 ], [ -63.599060384676577, 54.951373198572128 ], [ -63.597524601626951, 54.959398131485813 ], [ -63.612539413440722, 54.969018861481068 ], [ -63.611005846439866, 54.977044310324757 ], [ -63.586917949656971, 54.973751507119466 ], [ -63.573161117419168, 54.978795305664065 ], [ -63.576302953057791, 54.988104366007136 ], [ -63.55753451959, 54.989937849968619 ], [ -63.55759771233356, 54.999873757238369 ], [ -63.558750202153874, 55.000050779610945 ], [ -63.581972789236858, 55.003615063816376 ], [ -63.606129838730027, 55.008391720814295 ], [ -63.595983914993731, 55.021407525522513 ], [ -63.575733742238704, 55.02578178552514 ], [ -63.556391999555025, 55.034443912747257 ], [ -63.575499856449028, 55.04224794712195 ], [ -63.573431028248486, 55.05398810225325 ], [ -63.587609798890476, 55.060805405331493 ], [ -63.606488090485172, 55.061190663451868 ], [ -63.616055161324411, 55.068945682534057 ], [ -63.602863116729857, 55.076360959020853 ], [ -63.611366864873787, 55.090803776441462 ], [ -63.605153095600741, 55.098290000874599 ], [ -63.591602125049235, 55.095324170447867 ], [ -63.58540810260039, 55.103550813696984 ], [ -63.586075273179588, 55.11585637657069 ], [ -63.602296465066999, 55.128733278068495 ], [ -63.573699353123025, 55.133051139226978 ], [ -63.565130860172488, 55.140264337889882 ], [ -63.573409713279219, 55.155753130685554 ], [ -63.54154997279911, 55.160097839689385 ], [ -63.523923806795644, 55.168144659998376 ], [ -63.531385752702043, 55.174595410536213 ], [ -63.555956422795518, 55.172853501765054 ], [ -63.562918355718047, 55.187616379257172 ], [ -63.537386338411778, 55.192040518996222 ], [ -63.513144557659054, 55.196445608079387 ], [ -63.502956228324443, 55.20248432581343 ], [ -63.500000011530176, 55.202009546755576 ], [ -63.48992066338883, 55.200390064680604 ], [ -63.452611406637622, 55.201944599119543 ], [ -63.445866482727716, 55.210763790902718 ], [ -63.431871190567698, 55.211342656420847 ], [ -63.425814082494924, 55.226237770707158 ], [ -63.412526162816981, 55.233633039657164 ], [ -63.422663455790754, 55.243034696730462 ], [ -63.402834442564689, 55.24900645807454 ], [ -63.402801494187493, 55.250066698423964 ], [ -63.402562351713371, 55.25776388255894 ], [ -63.432368532311536, 55.255259224924465 ], [ -63.445895009365088, 55.251420320357298 ], [ -63.46263560822981, 55.255264694967586 ], [ -63.469062841445918, 55.250030424972934 ], [ -63.474806226410578, 55.245351514010515 ], [ -63.490362741418686, 55.244454905468807 ], [ -63.499999975742682, 55.237864438778622 ], [ -63.508418460337758, 55.232104890409772 ], [ -63.547410472744168, 55.225469003692844 ], [ -63.563312515363755, 55.243403836013371 ], [ -63.578145507567847, 55.236418621981613 ], [ -63.597688976946202, 55.238431639675966 ], [ -63.609093881195612, 55.23014436939129 ], [ -63.62409628439174, 55.23606112438884 ], [ -63.622503123604162, 55.242608248969525 ], [ -63.608324327638712, 55.245734032320399 ], [ -63.602655767885899, 55.250067909785216 ], [ -63.601234281159172, 55.251154521045287 ], [ -63.63050341071957, 55.256170827195731 ], [ -63.638639143751298, 55.251033325135865 ], [ -63.652698445844813, 55.251911759329353 ], [ -63.663545435812026, 55.257426024360406 ], [ -63.679475057746473, 55.266886879473311 ], [ -63.668493993447406, 55.272357427179145 ], [ -63.657260251932691, 55.278126664755725 ], [ -63.640118705887147, 55.278619328376614 ], [ -63.644078306040264, 55.287775632305035 ], [ -63.615762768498776, 55.296256835258419 ], [ -63.587884750959333, 55.30264833522034 ], [ -63.569509848553373, 55.297652224645155 ], [ -63.551678755757244, 55.301255173061655 ], [ -63.542063903024037, 55.309667194835491 ], [ -63.533366593839524, 55.306195955854143 ], [ -63.522555521538969, 55.309869530698201 ], [ -63.526324138446327, 55.313837865992099 ], [ -63.526191010994864, 55.317846408041518 ], [ -63.532681192216018, 55.325496899298273 ], [ -63.553879716591986, 55.320970935415374 ], [ -63.59083135910582, 55.320722942644046 ], [ -63.598286607502757, 55.325687736087865 ], [ -63.59072848906559, 55.333191395532047 ], [ -63.580366766079734, 55.33478796439379 ], [ -63.574406938663969, 55.339601694213037 ], [ -63.560840999223956, 55.338856036344055 ], [ -63.551922384322424, 55.344887356466806 ], [ -63.529947842387045, 55.341851441866147 ], [ -63.507729669752649, 55.34757066578252 ], [ -63.500000001587878, 55.34822868576947 ], [ -63.482010255079942, 55.349758022173035 ], [ -63.470682873872256, 55.34556547140749 ], [ -63.442249580074431, 55.344059731519408 ], [ -63.399834354573116, 55.354549534805614 ], [ -63.357839238839134, 55.362199501111583 ], [ -63.350661949659631, 55.356919235862513 ], [ -63.341431567486566, 55.362491040698011 ], [ -63.324848694713189, 55.366046935465214 ], [ -63.333660382034346, 55.383931256380393 ], [ -63.326016124585799, 55.400620878029606 ], [ -63.319786893706912, 55.41180634610101 ], [ -63.336956317771829, 55.409878806652699 ], [ -63.351795728775556, 55.418359716503417 ], [ -63.373347944579237, 55.409708433843171 ], [ -63.393038293264169, 55.404780960270003 ], [ -63.403554743161443, 55.407653539717316 ], [ -63.434910143453116, 55.400384194453785 ], [ -63.432540725451076, 55.408570817003408 ], [ -63.449078571702252, 55.411975866487154 ], [ -63.450121099278284, 55.420724038757243 ], [ -63.470971767894824, 55.41977956258313 ], [ -63.478566698584508, 55.429205559230326 ], [ -63.500000006598867, 55.423241989647082 ], [ -63.510657230194717, 55.420274502457126 ], [ -63.534376448013354, 55.427453752641973 ], [ -63.549039213566466, 55.420769065879036 ], [ -63.56634354114999, 55.427118036741554 ], [ -63.578391228531572, 55.420457255383674 ], [ -63.603980889779081, 55.428492495802885 ], [ -63.630931702960197, 55.43027165044024 ], [ -63.644523594926312, 55.423289340106045 ], [ -63.665397051740833, 55.423050567944401 ], [ -63.690899980209025, 55.428098024860361 ], [ -63.736706707830443, 55.438239287376021 ], [ -63.738375309759213, 55.447869229229283 ], [ -63.749350576239415, 55.454861546512916 ], [ -63.76738048151968, 55.454935755629059 ], [ -63.780591434809224, 55.465460797875281 ], [ -63.792682824978201, 55.46723860470572 ], [ -63.780130838746274, 55.473781255980313 ], [ -63.775471358732439, 55.481709009428094 ], [ -63.756121471240327, 55.481652210556682 ], [ -63.740806091774303, 55.491491122408107 ], [ -63.725955885270565, 55.493007441723982 ], [ -63.720095241854963, 55.500029370383437 ], [ -63.716440830785466, 55.504406419684244 ], [ -63.691482710596183, 55.508711307207875 ], [ -63.686477004694702, 55.518570064574732 ], [ -63.689085345013957, 55.52551851418302 ], [ -63.684031892356771, 55.537753948689087 ], [ -63.670666920680922, 55.537463558089847 ], [ -63.665472806416489, 55.545987583680265 ], [ -63.666202072778603, 55.559047007229104 ], [ -63.664933247834405, 55.567526186054849 ], [ -63.68147601259664, 55.575651215201496 ], [ -63.674904538546748, 55.589687217078669 ], [ -63.662646180301053, 55.598887534217603 ], [ -63.673176394433142, 55.607231738713068 ], [ -63.682687465313165, 55.609052231717108 ], [ -63.687746419128736, 55.625478947808361 ], [ -63.680224762821005, 55.635220517790671 ], [ -63.661654101467732, 55.637216753447788 ], [ -63.648677405880385, 55.634096884202471 ], [ -63.643690095460805, 55.641579438017828 ], [ -63.668497502769164, 55.65228810718218 ], [ -63.715982406033092, 55.657673676320478 ], [ -63.738302690839944, 55.650424449045168 ], [ -63.764615776664492, 55.651587948637534 ], [ -63.76515370171677, 55.658711019300874 ], [ -63.752022735329213, 55.658872434748659 ], [ -63.751192389164451, 55.671508337619251 ], [ -63.73573718981509, 55.67288450748444 ], [ -63.723102998608049, 55.679423692255973 ], [ -63.704933086701672, 55.678599956183589 ], [ -63.710043288467176, 55.688788870080927 ], [ -63.72791069765973, 55.695408814390298 ], [ -63.71960193538176, 55.705312440190269 ], [ -63.723432781214214, 55.716259481222039 ], [ -63.711147047084282, 55.718485501045066 ], [ -63.709410431458821, 55.721328619547975 ], [ -63.724215388072011, 55.723083613073115 ], [ -63.725138660353473, 55.72663791505073 ], [ -63.702521262034885, 55.727203563628436 ], [ -63.698206829034085, 55.731562401994822 ], [ -63.725837406017632, 55.73821709612632 ], [ -63.71402091577886, 55.739100794767111 ], [ -63.700997397748978, 55.742968635661867 ], [ -63.703481037739451, 55.750041965512608 ], [ -63.70541380218323, 55.755544477426945 ], [ -63.682137601786046, 55.752993771268713 ], [ -63.674200580505385, 55.759325111157267 ], [ -63.679475556226976, 55.773972407103322 ], [ -63.666530471559774, 55.787789765117125 ], [ -63.675384568152126, 55.791996808604218 ], [ -63.705533196322769, 55.787188423226922 ], [ -63.717143467443911, 55.780365210585032 ], [ -63.740692113957664, 55.782608615981928 ], [ -63.75011485323661, 55.78769443168445 ], [ -63.768398849762448, 55.789996163391471 ], [ -63.761282700434727, 55.796918378313116 ], [ -63.777022753805319, 55.801478761160148 ], [ -63.770158172354286, 55.808101429965035 ], [ -63.780377252914612, 55.813026702529179 ], [ -63.772812413074504, 55.822035778811895 ], [ -63.755354681728669, 55.821061615462703 ], [ -63.749968605367926, 55.825139148014941 ], [ -63.752921214721205, 55.833275664203967 ], [ -63.766628212026056, 55.839497306617986 ], [ -63.752901969964576, 55.846500740946752 ], [ -63.771468629905733, 55.848501983516449 ], [ -63.773612581171164, 55.85605402521071 ], [ -63.795478043770167, 55.861131262529369 ], [ -63.813016104654501, 55.86358458209007 ], [ -63.845098695005753, 55.879073405985416 ], [ -63.843734954955998, 55.887710599363771 ], [ -63.83006580471708, 55.896209481980954 ], [ -63.825109950017193, 55.904446958583769 ], [ -63.854441670694854, 55.910012438457613 ], [ -63.849428229748945, 55.916765792997026 ], [ -63.83339625188006, 55.919499854501183 ], [ -63.809707661454574, 55.922774683174111 ], [ -63.792582799436715, 55.931461707066013 ], [ -63.771578781513412, 55.929195846501294 ], [ -63.75083482074082, 55.933610952371076 ], [ -63.733941897011498, 55.928018482089435 ], [ -63.723976778039372, 55.930515430482544 ], [ -63.717358929559744, 55.937579208313785 ], [ -63.706601412139356, 55.940232639446911 ], [ -63.70364061516581, 55.946063694478433 ], [ -63.713243522455343, 55.94788290332545 ], [ -63.712395936093131, 55.953540700452933 ], [ -63.688091977602106, 55.948176894896193 ], [ -63.68140940929662, 55.953753184765922 ], [ -63.68647047758585, 55.961720661662007 ], [ -63.675468065852002, 55.961550047605101 ], [ -63.668072438548982, 55.969511900640462 ], [ -63.654652275786589, 55.972190733283583 ], [ -63.635589757088766, 55.965269944246685 ], [ -63.624537295477957, 55.967472954759508 ], [ -63.627140336609642, 55.973686672859543 ], [ -63.612696878256152, 55.977560830074559 ], [ -63.598275710177425, 55.982176072185787 ], [ -63.605788375255656, 55.987809624781129 ], [ -63.599397094634732, 55.991676424063911 ], [ -63.584486709216961, 55.98990401563757 ], [ -63.574619273808253, 56.000057653455158 ], [ -63.573978214859515, 56.00071708036667 ], [ -63.563009934906319, 56.00588594060536 ], [ -63.526649164854142, 56.005368605849291 ], [ -63.505036551609308, 56.001423917855455 ], [ -63.503235386168775, 56.00000350489902 ], [ -63.501778424489473, 55.998854483236833 ], [ -63.500000028988332, 55.997451768525679 ], [ -63.498985396692575, 55.996651451215655 ], [ -63.487360422763423, 55.987478597243545 ], [ -63.471991305396195, 55.987776743945105 ], [ -63.470194549262274, 55.998346712376019 ], [ -63.473257577810188, 56.000026300134977 ], [ -63.491243156274685, 56.009883798164928 ], [ -63.48637978824631, 56.015579605963438 ], [ -63.467161727520235, 56.011901437651794 ], [ -63.459754343059693, 56.021336419725905 ], [ -63.443545120014662, 56.029516404171254 ], [ -63.495771826638567, 56.040012957661915 ], [ -63.499999977306928, 56.038819863420166 ], [ -63.51050926024439, 56.035853363464895 ], [ -63.520965818117929, 56.039018599024736 ], [ -63.548592541076317, 56.031304534937 ], [ -63.577584038270921, 56.025055749743089 ], [ -63.585159713572999, 56.029286016552447 ], [ -63.60097940832506, 56.026143581739476 ], [ -63.603276252085095, 56.031172695608269 ], [ -63.617997512017489, 56.026999227888538 ], [ -63.636721292976624, 56.023522707524414 ], [ -63.690424939343089, 56.043873458931742 ], [ -63.683033860104977, 56.059567597088801 ], [ -63.696506071195188, 56.064614951341461 ], [ -63.714364056805707, 56.066041386485296 ], [ -63.714842199868798, 56.071684928008878 ], [ -63.731262805357964, 56.070152375480767 ], [ -63.750080216220887, 56.061898663300589 ], [ -63.774199479998352, 56.053576746707613 ], [ -63.791175657739103, 56.05292059383661 ], [ -63.823273271479273, 56.04523187640892 ], [ -63.83787376076458, 56.045044939115343 ], [ -63.821372895628834, 56.063839056696914 ], [ -63.822840213702186, 56.073781148755614 ], [ -63.811050638185286, 56.084634860001692 ], [ -63.818666792860562, 56.088850030144144 ], [ -63.835374911722923, 56.087744827409956 ], [ -63.839628080687064, 56.100625072372402 ], [ -63.863879325023802, 56.092133149132664 ], [ -63.882550282464479, 56.087129727956714 ], [ -63.887580566759574, 56.092861414781183 ], [ -63.862980650223975, 56.108797057801965 ], [ -63.838266895316892, 56.122498829855267 ], [ -63.84254241001814, 56.125994017318405 ], [ -63.843898778761819, 56.127102679428475 ], [ -63.856178766730665, 56.137136179081395 ], [ -63.88369470704729, 56.137032387109194 ], [ -63.904663389966636, 56.12606275138765 ], [ -63.916863539409775, 56.119445207654394 ], [ -63.929597187419731, 56.11162879951231 ], [ -63.938352199418681, 56.09777286738268 ], [ -63.948522944514885, 56.091185161815659 ], [ -63.953088187107603, 56.088227136160285 ], [ -63.964715266185308, 56.089969511068567 ], [ -63.969330947497824, 56.090660820162633 ], [ -63.972654489082835, 56.086063943328725 ], [ -63.99319214226864, 56.075797237545906 ], [ -64.000000010392, 56.073461368215661 ], [ -64.018053752785136, 56.0672634966052 ], [ -64.034666931362224, 56.070144579092343 ], [ -64.035759815547848, 56.082171901248977 ], [ -64.030807534974102, 56.086598967238317 ], [ -64.022737942432187, 56.093810011515345 ], [ -64.014281326165928, 56.100771746828784 ], [ -64.002133308726542, 56.102730308119234 ], [ -64.00528919238424, 56.119338599288817 ], [ -64.014184947594529, 56.127537853466976 ], [ -64.008550496413264, 56.138176375069435 ], [ -64.023934271667386, 56.142564528026099 ], [ -64.035963316365979, 56.154881042165393 ], [ -64.019528208034956, 56.159580489444124 ], [ -64.015303207879086, 56.166184513891437 ], [ -64.004703463572469, 56.173325802420116 ], [ -63.99999999121821, 56.174503203467481 ], [ -63.97887083845233, 56.179789094195854 ], [ -63.950044460752416, 56.185098160138907 ], [ -63.89998348139202, 56.199162147103188 ], [ -63.862933859590157, 56.212588882775144 ], [ -63.862933320829015, 56.21258908926152 ], [ -63.863014711831553, 56.212675723080864 ], [ -63.874390256804752, 56.224782689320939 ], [ -63.895384848587078, 56.222571792445059 ], [ -63.911492365182312, 56.230833310283849 ], [ -63.914233952107658, 56.244776469718325 ], [ -63.913861407342154, 56.250061777892689 ], [ -63.912911313664992, 56.263534160795196 ], [ -63.934892766997045, 56.271119290392029 ], [ -63.953074066673089, 56.265217862462165 ], [ -63.967109880165708, 56.256396683841409 ], [ -63.999999995810839, 56.263222840461353 ], [ -64.022150472652953, 56.267813275407889 ], [ -64.075578098412123, 56.256024240876449 ], [ -64.087377182107588, 56.256889260876484 ], [ -64.090495849576186, 56.279897805143271 ], [ -64.111262119241161, 56.288955697730415 ], [ -64.11726254797864, 56.2967483618392 ], [ -64.13038159316379, 56.302349335764653 ], [ -64.148629234447142, 56.303406772974014 ], [ -64.143438113789315, 56.311966390627788 ], [ -64.12602281979963, 56.31699443541509 ], [ -64.109434359245867, 56.322602360267702 ], [ -64.098192406509185, 56.333631753071565 ], [ -64.107489664025934, 56.343012490878749 ], [ -64.099352133386404, 56.351912604421166 ], [ -64.115859424565528, 56.366093903160007 ], [ -64.127843922905541, 56.369928215056817 ], [ -64.110402813349239, 56.385964024313516 ], [ -64.115355872735563, 56.402106283659343 ], [ -64.132783598586911, 56.401840604916465 ], [ -64.143694599704574, 56.405392610147324 ], [ -64.158106305541978, 56.419751074263864 ], [ -64.177984873101835, 56.425243570470407 ], [ -64.164328022556063, 56.431260283433808 ], [ -64.152740169875628, 56.441112116766661 ], [ -64.137314833057573, 56.433463619192551 ], [ -64.119360317943929, 56.428827568030911 ], [ -64.095500863385013, 56.424128673639139 ], [ -64.064357331558909, 56.424144808316754 ], [ -64.044821690613389, 56.419818226221146 ], [ -64.02057364256035, 56.417936633347132 ], [ -64.011128810414036, 56.411078856788905 ], [ -64.000000009752043, 56.409317355454753 ], [ -63.993015978018278, 56.408211268541521 ], [ -63.980472322574904, 56.409726445730051 ], [ -63.965755076234053, 56.410675263838741 ], [ -63.952012210021039, 56.421428265089347 ], [ -63.901841630251717, 56.440704067861645 ], [ -63.886471095148238, 56.433021943033417 ], [ -63.874230194246543, 56.4419604451341 ], [ -63.872916543129762, 56.448970441975902 ], [ -63.885445309177982, 56.459221461593813 ], [ -63.88371695799173, 56.469064256299738 ], [ -63.897693437887426, 56.46902877835101 ], [ -63.912753425194744, 56.463025420488471 ], [ -63.92349766338122, 56.462881175997254 ], [ -63.930632407098706, 56.46620704043638 ], [ -63.931154321026391, 56.474978819188834 ], [ -63.944329455688973, 56.49310197374546 ], [ -63.940417222627772, 56.500049324017326 ], [ -63.939093681613265, 56.502399014392857 ], [ -63.941379855808677, 56.511445044837139 ], [ -63.931062987396032, 56.533757550223058 ], [ -63.955887733991936, 56.546812808504022 ], [ -63.96417992706774, 56.557413714032513 ], [ -63.982571539956858, 56.564748564189223 ], [ -63.999999982658728, 56.578020256178654 ], [ -64.001570880965033, 56.579215868643232 ], [ -64.004016152125644, 56.591236681590075 ], [ -64.050461398066346, 56.606348057347979 ], [ -64.053329707856719, 56.615534542850824 ], [ -64.033650578609922, 56.633233895697515 ], [ -64.039948517090806, 56.640734506998726 ], [ -64.030525074951726, 56.64712168145666 ], [ -64.024858018863696, 56.653007985161366 ], [ -64.051017486656662, 56.657543564456944 ], [ -64.090836278751766, 56.653832974068855 ], [ -64.094522095143915, 56.662858487497765 ], [ -64.128233400445978, 56.682895067700578 ], [ -64.133981265406248, 56.695015009786296 ], [ -64.145314397047699, 56.699754843029631 ], [ -64.118107544316771, 56.723988053496086 ], [ -64.112371659042353, 56.733900325904379 ], [ -64.099443131681682, 56.743622061351196 ], [ -64.076282030916133, 56.746495681801271 ], [ -64.075379037182927, 56.750056836040088 ], [ -64.07400817834403, 56.755462025463629 ], [ -64.085389167063184, 56.76095216323931 ], [ -64.07890733950768, 56.767003173150918 ], [ -64.012759544997607, 56.778676862436512 ], [ -64.001978691580447, 56.797588698762887 ], [ -64.008918545027342, 56.80672247803178 ], [ -64.009878410867614, 56.835492374798207 ], [ -64.009926606771003, 56.836934687741618 ], [ -64.012977960718928, 56.849846418325001 ], [ -64.003478675417128, 56.86174373753672 ], [ -63.999999987947774, 56.861633884668088 ], [ -63.983876854943681, 56.861123452873628 ], [ -63.948019641697563, 56.867719745362351 ], [ -63.918811467321916, 56.871238601205313 ], [ -63.899498848300951, 56.877300951604063 ], [ -63.874358079276355, 56.87450103142195 ], [ -63.85915624307966, 56.868740028449757 ], [ -63.857146841579883, 56.872637143068985 ], [ -63.867395988196726, 56.883376111660645 ], [ -63.863890620562643, 56.896822904245461 ], [ -63.878619371353963, 56.903930096948095 ], [ -63.899927659259497, 56.905737443404774 ], [ -63.908019637362877, 56.897887502198877 ], [ -63.918093967005795, 56.904157586904404 ], [ -63.917294334688172, 56.916826200984282 ], [ -63.908099828968943, 56.927521104125518 ], [ -63.914362548094481, 56.939799099045821 ], [ -63.911778949498419, 56.955321726102881 ], [ -63.914129473921591, 56.977630626226393 ], [ -63.907869693872243, 56.984117407537596 ], [ -63.886999888325946, 56.980964501828652 ], [ -63.857774013080167, 56.999212412000027 ], [ -63.859922832569787, 57.000066039622567 ], [ -63.891934772551089, 57.012773549093083 ], [ -63.891933830172015, 57.012787475067846 ], [ -63.889693079208449, 57.045869285457229 ], [ -63.898572044417776, 57.055137895622543 ], [ -63.891514663681576, 57.062528649924566 ], [ -63.892068473207637, 57.075183032183851 ], [ -63.890083399988065, 57.086083059136463 ], [ -63.881684263787633, 57.087979204420499 ], [ -63.839765120000941, 57.080170273382166 ], [ -63.820148408743592, 57.075498911180546 ], [ -63.811809789691679, 57.078878814189082 ], [ -63.807387151029971, 57.090998818374096 ], [ -63.798718684995208, 57.106447855114261 ], [ -63.785754303803934, 57.117479461541677 ], [ -63.764885510511078, 57.139925627166804 ], [ -63.779748264518361, 57.161796552264583 ], [ -63.77936574578721, 57.179380850793777 ], [ -63.770985000238575, 57.196018312879332 ], [ -63.750097130188522, 57.209078122733516 ], [ -63.737137403558265, 57.221595581717864 ], [ -63.741466856619581, 57.240765569333711 ], [ -63.756898250462193, 57.250007144506597 ], [ -63.759769630410219, 57.2517260107768 ], [ -63.779599706771101, 57.259387601387616 ], [ -63.809136377052909, 57.262159708210952 ], [ -63.818737857074048, 57.25503878674116 ], [ -63.821377981201096, 57.250054334054916 ], [ -63.826124016757738, 57.241090383264101 ], [ -63.844717048982396, 57.225958953637388 ], [ -63.841600613541445, 57.210800298771929 ], [ -63.84598684958879, 57.204189626506782 ], [ -63.861243392814202, 57.201464332901395 ], [ -63.872385624731557, 57.192531974790043 ], [ -63.88407487134144, 57.196255856753403 ], [ -63.873389762083484, 57.209355435145902 ], [ -63.866975401376479, 57.226124966411241 ], [ -63.873733513423126, 57.242578121235979 ], [ -63.876310316105467, 57.250066566583598 ], [ -63.881445326506885, 57.264979626950108 ], [ -63.883373482796827, 57.277620959587786 ], [ -63.869384140256031, 57.297618919687189 ], [ -63.865671759697982, 57.31361127865604 ], [ -63.855820776774344, 57.334301216213106 ], [ -63.824335101757448, 57.339164057592946 ], [ -63.801725888593651, 57.332287118680469 ], [ -63.79737631545995, 57.340387143975413 ], [ -63.785498829770582, 57.353197420538606 ], [ -63.768192475718124, 57.35817241930161 ], [ -63.741978555066623, 57.357734515782099 ], [ -63.714619354470898, 57.363264939173739 ], [ -63.70130115943806, 57.368333581978362 ], [ -63.708272083537693, 57.384499270852089 ], [ -63.723440942343821, 57.398335999255906 ], [ -63.710305510239124, 57.422630003835707 ], [ -63.716439630265249, 57.438210140044475 ], [ -63.731457194399233, 57.426561915395055 ], [ -63.75938915703756, 57.438530199396581 ], [ -63.761260859453223, 57.439331668611828 ], [ -63.758275835490522, 57.454420916059668 ], [ -63.765740691702007, 57.464618000091136 ], [ -63.775221383538941, 57.493572794754222 ], [ -63.772880910213992, 57.500022006440553 ], [ -63.76750313083086, 57.514831457651184 ], [ -63.75339404612658, 57.515294908543552 ], [ -63.751168606382258, 57.535743572463225 ], [ -63.765490260189267, 57.560770261077892 ], [ -63.771102594465141, 57.579339665314599 ], [ -63.771915905789854, 57.592449771600904 ], [ -63.758275487674538, 57.591566157282983 ], [ -63.745575065865879, 57.579488682513528 ], [ -63.732620378289162, 57.588732024147752 ], [ -63.730613612887083, 57.601129290610245 ], [ -63.699505727455659, 57.615346260224129 ], [ -63.684602044247022, 57.603435568742754 ], [ -63.670277839086999, 57.621185466455053 ], [ -63.64995148741766, 57.620063890227613 ], [ -63.644923051911412, 57.634281532803399 ], [ -63.622966204223133, 57.641969172350827 ], [ -63.616610354807278, 57.650683325496303 ], [ -63.598727324354321, 57.663840480409142 ], [ -63.594499422808518, 57.685652699042414 ], [ -63.609486066728067, 57.692058594124909 ], [ -63.59695994858798, 57.707695222839043 ], [ -63.596023544746537, 57.712917074153125 ], [ -63.59487004863518, 57.719347300935532 ], [ -63.596770436417408, 57.741247650346253 ], [ -63.623196061897112, 57.739482252530884 ], [ -63.632565877650265, 57.72894539044615 ], [ -63.652505717940961, 57.732908219410064 ], [ -63.668055702603667, 57.72394229759383 ], [ -63.659951244226974, 57.71597788868015 ], [ -63.659417218732059, 57.701817977271809 ], [ -63.672434783581338, 57.692580905902346 ], [ -63.685131828102783, 57.696914895724234 ], [ -63.68544531028045, 57.683342525971163 ], [ -63.692612040372545, 57.652696936384118 ], [ -63.702777403179105, 57.663766329630164 ], [ -63.735290898409268, 57.662801881046718 ], [ -63.748551058305672, 57.674279574816154 ], [ -63.744814166642271, 57.688637269456521 ], [ -63.751394178213317, 57.699893859681055 ], [ -63.753630485623162, 57.720744369491236 ], [ -63.773132878396289, 57.700236581806784 ], [ -63.789873064900114, 57.687512821027404 ], [ -63.804225088608256, 57.684507884352868 ], [ -63.813355748998184, 57.689765801655 ], [ -63.820711513072986, 57.705632136370319 ], [ -63.847476419076095, 57.719022897769392 ], [ -63.866083958895082, 57.711185678585338 ], [ -63.883421663028059, 57.712607345220029 ], [ -63.906372061871942, 57.750061525968476 ], [ -63.907178356857607, 57.751375860394418 ], [ -63.90114153438072, 57.762936941082977 ], [ -63.908187674087564, 57.776865611880964 ], [ -63.903845254716316, 57.798249068076579 ], [ -63.912355576814093, 57.80112254094167 ], [ -63.927371114760547, 57.793470507500921 ], [ -63.938596251970324, 57.788551008979624 ], [ -63.945711454530532, 57.791440395770415 ], [ -63.953635501212275, 57.799688010920299 ], [ -63.972347893358943, 57.799587809337758 ], [ -63.997248913981089, 57.812078691058304 ], [ -64.000000023994886, 57.810274449794981 ], [ -64.011877533239598, 57.80248192787429 ], [ -64.020879511001226, 57.809517414854213 ], [ -64.029833575659993, 57.804023823389805 ], [ -64.033968675258649, 57.791437375788341 ], [ -64.023284326270115, 57.778460387381777 ], [ -64.025951877683326, 57.764403575185554 ], [ -64.072001289892867, 57.770020343219173 ], [ -64.092071018326436, 57.794343026348351 ], [ -64.091229299219947, 57.797377752536988 ], [ -64.091874030340207, 57.800441682933531 ], [ -64.090849743720185, 57.801832217459555 ], [ -64.091087860646169, 57.802343161637936 ], [ -64.092232456472829, 57.802682985937246 ], [ -64.097642115677658, 57.803088406976642 ], [ -64.107613832366937, 57.804955900568082 ], [ -64.116675411543923, 57.811139398515401 ], [ -64.121367014384631, 57.826285598224352 ], [ -64.137411962530791, 57.855287112313228 ], [ -64.156596538476506, 57.890208815768261 ], [ -64.157969352479711, 57.916296170695226 ], [ -64.162525385401793, 57.922941784538594 ], [ -64.184702584005706, 57.92603963595473 ], [ -64.190431324621201, 57.930747906693611 ], [ -64.19287754473045, 57.94058644798401 ], [ -64.204661835616605, 57.973629709437667 ], [ -64.227438647749963, 57.989543482825255 ], [ -64.227828745730363, 58.000021080505576 ], [ -64.228032825663817, 58.005500273518258 ], [ -64.234903418673426, 58.012673261870248 ], [ -64.235918629325582, 58.013732908664501 ], [ -64.238174141822967, 58.01608676372696 ], [ -64.238667985556091, 58.025032340813723 ], [ -64.218507640734686, 58.036983293854405 ], [ -64.233686139844565, 58.041822701536006 ], [ -64.238934087740603, 58.040879974348698 ], [ -64.241872584687414, 58.040351960369087 ], [ -64.250960325086041, 58.038718518380996 ], [ -64.258590449832155, 58.048185938555456 ], [ -64.259798250580502, 58.049684098399851 ], [ -64.269257714161483, 58.061412355251861 ], [ -64.277733338172368, 58.046952084099779 ], [ -64.299266088835424, 58.044519410390059 ], [ -64.320507802158048, 58.061487993157172 ], [ -64.353910748539533, 58.069299297699516 ], [ -64.387147698669523, 58.06934378037834 ], [ -64.412283205877131, 58.061159167241485 ], [ -64.433091441266583, 58.069908092936295 ], [ -64.426883204057674, 58.0882226521258 ], [ -64.435394879178872, 58.098375319749316 ], [ -64.433672517503169, 58.116315457737549 ], [ -64.425069156678788, 58.130194259240866 ], [ -64.430891503414401, 58.15621593125897 ], [ -64.421798286916001, 58.173835230327725 ], [ -64.421732517793714, 58.186673666321681 ], [ -64.389534353664402, 58.196471333565974 ], [ -64.373562816019174, 58.208380596784266 ], [ -64.319117812808173, 58.21807812761319 ], [ -64.271197048402016, 58.221080419687539 ], [ -64.247503821089722, 58.227421442249089 ], [ -64.241282693144399, 58.237668218900559 ], [ -64.21777697694948, 58.247732199722577 ], [ -64.217674046167133, 58.250029155769219 ], [ -64.21714072438634, 58.261922863010597 ], [ -64.208543716804371, 58.275637867655647 ], [ -64.21698542589634, 58.287451727898258 ], [ -64.196909500098172, 58.29357810766011 ], [ -64.198191338343435, 58.311920556716409 ], [ -64.191072345524461, 58.314602441253101 ], [ -64.189368945604713, 58.315244035743525 ], [ -64.184569140807824, 58.317051615268269 ], [ -64.178205299871848, 58.330582456043842 ], [ -64.186768670252533, 58.336724615376909 ], [ -64.175516502370542, 58.343909230792264 ], [ -64.172222670775838, 58.361873267121759 ], [ -64.158507128191033, 58.371033758658299 ], [ -64.139088872879256, 58.369228100386138 ], [ -64.11924872845276, 58.364738166269781 ], [ -64.097996432631945, 58.376836514667389 ], [ -64.072137186281296, 58.365706301707405 ], [ -64.061668244307981, 58.360926119398613 ], [ -64.030529775937708, 58.365983791632686 ], [ -64.022538934297742, 58.37101921559119 ], [ -64.028565240596777, 58.389448925579451 ], [ -64.020997373749267, 58.408960036548841 ], [ -64.013201006136285, 58.423995258104135 ], [ -64.000000020687878, 58.425377551645234 ], [ -63.998477045535971, 58.425536918753728 ], [ -63.986578551327838, 58.444357918333495 ], [ -63.964103658000717, 58.438831651088321 ], [ -63.941104815349043, 58.440175766668709 ], [ -63.924239382768533, 58.444871158187027 ], [ -63.910413945262349, 58.441463756710625 ], [ -63.881113275411415, 58.42943966126321 ], [ -63.847154038972967, 58.450010902660999 ], [ -63.843096540228082, 58.46782622749344 ], [ -63.822267385499622, 58.473749512534965 ], [ -63.80785005026317, 58.489746102828057 ], [ -63.823576779386485, 58.497323373536808 ], [ -63.836924494517135, 58.500058319092027 ], [ -63.858691899614193, 58.504514407805374 ], [ -63.859151591229711, 58.521231327615574 ], [ -63.848847092060751, 58.533450786567741 ], [ -63.849714389335944, 58.546579881399609 ], [ -63.862555499419472, 58.552694910317904 ], [ -63.858194063250274, 58.563797646732752 ], [ -63.8871291157946, 58.571654476711203 ], [ -63.907366072216568, 58.573492087948274 ], [ -63.946692810564429, 58.558805165544335 ], [ -63.951861700978547, 58.541267722217633 ], [ -63.973578986694719, 58.529636084706283 ], [ -63.99999998115436, 58.53085533540596 ], [ -64.008774763131683, 58.531258995298025 ], [ -64.034081680892044, 58.523450416913356 ], [ -64.046939807523572, 58.535070829605203 ], [ -64.067184477858206, 58.534492289193196 ], [ -64.074695906001864, 58.547379028566716 ], [ -64.104943467540323, 58.563230008487125 ], [ -64.111050377938625, 58.581660752289885 ], [ -64.092785394272639, 58.587893167012247 ], [ -64.11585187167104, 58.60235055691615 ], [ -64.10932978666338, 58.619916801130714 ], [ -64.107926733900172, 58.639650687126 ], [ -64.078869777902597, 58.653949394651313 ], [ -64.076618824442846, 58.665928969344094 ], [ -64.060031340730788, 58.683633450361739 ], [ -64.047222191267196, 58.702628471308429 ], [ -64.046408288865138, 58.702737339676759 ], [ -64.040677775265962, 58.70350358241911 ], [ -64.033538114861059, 58.704457816102064 ], [ -64.016157219028813, 58.69543222638378 ], [ -64.000000020522805, 58.691493249259004 ], [ -63.984216705413616, 58.687642473879507 ], [ -63.964837290015822, 58.690285757850965 ], [ -63.95025377006229, 58.685247329097272 ], [ -63.931059993365437, 58.701025695449239 ], [ -63.909965176562004, 58.710253500157215 ], [ -63.875029198820016, 58.705758449417921 ], [ -63.85509666425753, 58.696443063742073 ], [ -63.840682962876734, 58.701395842241546 ], [ -63.835615404794552, 58.710118666793605 ], [ -63.811020695588084, 58.71220210170619 ], [ -63.794276597342787, 58.703287445494809 ], [ -63.780430904153782, 58.708375745127221 ], [ -63.754373873481434, 58.716737061282991 ], [ -63.73648453803434, 58.714547947184144 ], [ -63.728822945031574, 58.706842121026547 ], [ -63.718355345579148, 58.70638521472906 ], [ -63.694919584849636, 58.719633170509965 ], [ -63.669554001032445, 58.717066712170038 ], [ -63.660684263864354, 58.72522472580313 ], [ -63.629845241540977, 58.714643018152714 ], [ -63.619283531607934, 58.723860622288356 ], [ -63.572469877280305, 58.731496011096404 ], [ -63.56170816366091, 58.727718005210065 ], [ -63.553308823123814, 58.733772739201598 ], [ -63.506793949486699, 58.742574628654822 ], [ -63.499999995343472, 58.749082618155946 ], [ -63.499041069541498, 58.750000968826086 ], [ -63.494828441692434, 58.754034544915569 ], [ -63.467504073522811, 58.762047079371811 ], [ -63.492157355829278, 58.768545213459269 ], [ -63.499999997711342, 58.778869237386388 ], [ -63.512786047891865, 58.795686112189536 ], [ -63.53451353048483, 58.816242789461675 ], [ -63.550279838091498, 58.82236580182574 ], [ -63.550785079866813, 58.836550116028533 ], [ -63.59534114419435, 58.857175760305978 ], [ -63.617757780136664, 58.855307949664912 ], [ -63.635955096123432, 58.848699677972967 ], [ -63.661121035139445, 58.854712185561688 ], [ -63.680324277570129, 58.866459325794679 ], [ -63.679938274885018, 58.878562729620086 ], [ -63.70999684130296, 58.887053192440312 ], [ -63.725463078730002, 58.877174676499948 ], [ -63.777683327198702, 58.884058759521437 ], [ -63.799285983139015, 58.856473840167155 ], [ -63.812137958725437, 58.84706279433221 ], [ -63.835283357528425, 58.849030314259217 ], [ -63.850801831505983, 58.835102116640073 ], [ -63.862186034557645, 58.831977211729637 ], [ -63.897871310772032, 58.837365306038485 ], [ -63.957161639400752, 58.826905559680867 ], [ -63.975472285428054, 58.830253248362403 ], [ -63.995402752792309, 58.813709143151577 ], [ -64.000000022793614, 58.814269182685813 ], [ -64.019738757410067, 58.816671597182662 ], [ -64.045337573072956, 58.810350373072311 ], [ -64.038586098792166, 58.802076842914595 ], [ -64.04630107210437, 58.789573493435945 ], [ -64.0718737495325, 58.783246950958528 ], [ -64.069708783911025, 58.769086195193729 ], [ -64.087147958887158, 58.75599745781863 ], [ -64.094096400973058, 58.756945711569003 ], [ -64.122005573586392, 58.750063786054092 ], [ -64.137792863164506, 58.746166875645748 ], [ -64.144463443772352, 58.750062292679324 ], [ -64.158267033912537, 58.758119178915464 ], [ -64.16560795035123, 58.76891676897975 ], [ -64.17878497502835, 58.789039590308896 ], [ -64.200125740256212, 58.779461670751964 ], [ -64.229704568455546, 58.783648475559517 ], [ -64.237528492476528, 58.805042062945077 ], [ -64.230240829828077, 58.829055751814678 ], [ -64.226573242545626, 58.845843854536994 ], [ -64.233656709181389, 58.864113344833633 ], [ -64.246336612693526, 58.869000613977768 ], [ -64.287417748958106, 58.883458355132603 ], [ -64.28761262204462, 58.896753130303303 ], [ -64.332540164089181, 58.904562760556878 ], [ -64.350261670898959, 58.891877468337981 ], [ -64.378702365232428, 58.903819115847362 ], [ -64.400294226013699, 58.902718167420133 ], [ -64.405913478047452, 58.890820993236119 ], [ -64.420602664998981, 58.890278544036683 ], [ -64.426397967698492, 58.9045267755073 ], [ -64.455800990184329, 58.908216671513571 ], [ -64.476433475223743, 58.903382830459698 ], [ -64.500000003423693, 58.891919050558535 ], [ -64.508910467095205, 58.887581374998852 ], [ -64.550182519937152, 58.887455429582317 ], [ -64.557178805043847, 58.897194025832754 ], [ -64.579628554368099, 58.904713642571942 ], [ -64.614768163736017, 58.907515592056328 ], [ -64.632427706506647, 58.933345720733151 ], [ -64.651650200899155, 58.943752041864599 ], [ -64.681299636044955, 58.947982547190037 ], [ -64.70258957833785, 58.946386101527267 ], [ -64.730669930387961, 58.950784036630672 ], [ -64.756231631188101, 58.940278214534928 ], [ -64.750291988517773, 58.934115686448656 ], [ -64.765732786410823, 58.923802815425745 ], [ -64.820713512396381, 58.916892719728963 ], [ -64.832057449249646, 58.921748317234062 ], [ -64.839269682041703, 58.936999027838837 ], [ -64.856311354367008, 58.932919780364955 ], [ -64.857028219581366, 58.938585149768024 ], [ -64.868537848866936, 58.941640787659409 ], [ -64.889111464190108, 58.938382156386332 ], [ -64.879440464832001, 58.951882497018381 ], [ -64.848578003386308, 58.953104493676904 ], [ -64.832913573372863, 58.956407689832488 ], [ -64.842098431790816, 58.966986016861469 ], [ -64.840350127531337, 58.980324316544987 ], [ -64.862218547110643, 58.986162859315812 ], [ -64.870088449804882, 58.998261213629689 ], [ -64.869573515404056, 59.000000145863339 ], [ -64.865015902264417, 59.01540497336984 ], [ -64.843632929953955, 59.016283355207591 ], [ -64.829440913139379, 59.020303711546156 ], [ -64.840792978102783, 59.032484581354197 ], [ -64.832006578235536, 59.035201139025183 ], [ -64.821748575990441, 59.049307279567955 ], [ -64.796989457241111, 59.063697915242038 ], [ -64.779238807887396, 59.074957441028651 ], [ -64.752495034463735, 59.070541974867126 ], [ -64.724871061872733, 59.076003592292551 ], [ -64.68325693103246, 59.074695388598002 ], [ -64.679273142599584, 59.046966820950644 ], [ -64.670275211200448, 59.038614429427597 ], [ -64.650155010952304, 59.041229087165931 ], [ -64.630684885373626, 59.040689639567852 ], [ -64.61660051281865, 59.034070710477842 ], [ -64.595788230955961, 59.035044890640727 ], [ -64.570619539850853, 59.027274787653631 ], [ -64.544955627656407, 59.009644329166832 ], [ -64.522760760702951, 59.002560160529555 ], [ -64.506784579135442, 59.019725801759655 ], [ -64.499999998762164, 59.019504986603231 ], [ -64.49778082576502, 59.019432696558106 ], [ -64.471271678390735, 59.000000124638944 ], [ -64.481292144165081, 58.988330678710277 ], [ -64.460301091120684, 58.981514253257863 ], [ -64.43678779982676, 58.994313803186024 ], [ -64.424171006221229, 58.991684766622633 ], [ -64.402664245021583, 59.000000097890023 ], [ -64.38770532323052, 59.006183814331017 ], [ -64.345334585305849, 59.004925367283285 ], [ -64.294382550461521, 59.000498683103331 ], [ -64.261791154520353, 59.012956565535006 ], [ -64.273616644288595, 59.022040267408535 ], [ -64.294564876420921, 59.0432358469346 ], [ -64.315175988569976, 59.065629763176176 ], [ -64.360840687509111, 59.067295349297744 ], [ -64.363514058362483, 59.087428949414246 ], [ -64.376027887409634, 59.092607559274455 ], [ -64.416961356932248, 59.087603772237216 ], [ -64.450457831309038, 59.102889267910179 ], [ -64.490309140935764, 59.099075068522488 ], [ -64.498048755475267, 59.10641597774719 ], [ -64.483985608102216, 59.118165982941683 ], [ -64.491271963602472, 59.136427039221971 ], [ -64.486657766122974, 59.152799034467428 ], [ -64.472714698430579, 59.180391198907543 ], [ -64.499999981477274, 59.19400701508485 ], [ -64.503421818673189, 59.195713349015257 ], [ -64.521847460564501, 59.196741120860274 ], [ -64.511350586792361, 59.238930377097589 ], [ -64.500000009091423, 59.248004872151924 ], [ -64.497500358832497, 59.250002493848569 ], [ -64.488603468883227, 59.257110069673374 ], [ -64.500000010216638, 59.266291427653215 ], [ -64.516964191649166, 59.279946938854089 ], [ -64.543536274826664, 59.310435058791882 ], [ -64.542623314723258, 59.318674286507928 ], [ -64.527792008499048, 59.319978387136381 ], [ -64.511378719974871, 59.335063221558549 ], [ -64.500000022542295, 59.341279148896504 ], [ -64.494423992301023, 59.344323954820609 ], [ -64.493302747918094, 59.349576142964054 ], [ -64.499999995861657, 59.352057744565485 ], [ -64.525717503193107, 59.361580399170158 ], [ -64.538338966759653, 59.370781933916966 ], [ -64.524051263791677, 59.385084498141893 ], [ -64.528268109816239, 59.395628211433248 ], [ -64.516500344822134, 59.403905389418696 ], [ -64.500000000530406, 59.404187532697627 ], [ -64.495994576385385, 59.404255695335294 ], [ -64.460725488883014, 59.412177108371793 ], [ -64.472559070941017, 59.418258940847416 ], [ -64.50000001491037, 59.421578714843861 ], [ -64.511598364775935, 59.422979852795997 ], [ -64.499999994141817, 59.430041470958102 ], [ -64.466845510574601, 59.450204922607753 ], [ -64.458024688602507, 59.459174817270387 ], [ -64.426076254918272, 59.464936944213541 ], [ -64.407199041835185, 59.477806105582864 ], [ -64.386963197966693, 59.473796924328248 ], [ -64.380821622525673, 59.483764755900495 ], [ -64.36935058892881, 59.488434213627848 ], [ -64.353580374176261, 59.500060622059536 ], [ -64.349655887564765, 59.502952346945484 ], [ -64.338153246569902, 59.500057029002505 ], [ -64.327852072392417, 59.497462765532468 ], [ -64.327212306009258, 59.500053312841594 ], [ -64.324069310403971, 59.512774127207649 ], [ -64.385805897204293, 59.523760727947312 ], [ -64.419039379045813, 59.532643856269026 ], [ -64.43376621240364, 59.541973597712051 ], [ -64.449550500091448, 59.530945757050368 ], [ -64.462900090828043, 59.523396081935012 ], [ -64.49999997799776, 59.521529481424977 ], [ -64.503092589808645, 59.521373386286861 ], [ -64.509351506279586, 59.513639809484701 ], [ -64.505301193617996, 59.501296407430004 ], [ -64.524306476866172, 59.500021935423725 ], [ -64.532242632445005, 59.499488833770364 ], [ -64.561462414047497, 59.487914931213169 ], [ -64.578835243482644, 59.471010142180667 ], [ -64.589672625036741, 59.466182661119568 ], [ -64.626767226142562, 59.481970390621228 ], [ -64.636133258506177, 59.477165214228627 ], [ -64.642814170691366, 59.459247607368063 ], [ -64.679834930436158, 59.446905143389728 ], [ -64.694432753079667, 59.45800092529845 ], [ -64.71730501647987, 59.46146266979158 ], [ -64.728552563556107, 59.466635403625332 ], [ -64.736924660234038, 59.480685680044004 ], [ -64.753947922047942, 59.488289775243373 ], [ -64.763092607368847, 59.496640750148167 ], [ -64.763287182683158, 59.500012556451018 ], [ -64.76414507291895, 59.514868004355108 ], [ -64.804199477887167, 59.525015850904438 ], [ -64.803131450849563, 59.534310283045542 ], [ -64.82275527126302, 59.540659263651825 ], [ -64.839629583585975, 59.553341987551747 ], [ -64.86919130613704, 59.546923114261844 ], [ -64.892205848890683, 59.562468700885105 ], [ -64.939439237307553, 59.567046009438776 ], [ -64.933099372214457, 59.58043470621589 ], [ -64.932288539576248, 59.58214626975677 ], [ -64.931743739909749, 59.583296119084139 ], [ -64.927059771742549, 59.593178882795598 ], [ -64.868706566891746, 59.586424174433098 ], [ -64.85980839001347, 59.591537326097558 ], [ -64.882539722479294, 59.61068197277153 ], [ -64.898259490142578, 59.641783277307496 ], [ -64.889508054344716, 59.662155489378286 ], [ -64.871655978586787, 59.668345996814089 ], [ -64.824920992352887, 59.675997593496795 ], [ -64.821825021373812, 59.677372697056796 ], [ -64.787562944920055, 59.692577655413849 ], [ -64.760485449673652, 59.706558158554571 ], [ -64.749431897203365, 59.717239373937993 ], [ -64.774308308991962, 59.725145761410616 ], [ -64.801534963932738, 59.724773687125783 ], [ -64.810202902207138, 59.729693132525703 ], [ -64.800403581479614, 59.73632705811869 ], [ -64.799337293945541, 59.737048722870014 ], [ -64.797235539827739, 59.73847102241217 ], [ -64.793397200459381, 59.75003555528567 ], [ -64.789986694817514, 59.760304054159135 ], [ -64.813957665562782, 59.783033488713926 ], [ -64.813989195069823, 59.795152234081179 ], [ -64.799722365368694, 59.798868453948941 ], [ -64.78847380192272, 59.80327346275191 ], [ -64.792115468058043, 59.812181154576855 ], [ -64.825224529209578, 59.825607978669183 ], [ -64.816731825556957, 59.835049424224927 ], [ -64.794961139743506, 59.834121623936447 ], [ -64.796953959173521, 59.840816700325611 ], [ -64.77808564162298, 59.8528478905288 ], [ -64.736944463003965, 59.855568365608079 ], [ -64.739201473283316, 59.861960129626958 ], [ -64.766554108339193, 59.869675435891473 ], [ -64.756166293271193, 59.886031592835131 ], [ -64.741521600629781, 59.889298937737671 ], [ -64.704192165508914, 59.883707053861251 ], [ -64.683776123057058, 59.877198416189934 ], [ -64.666414970623762, 59.888287006879857 ], [ -64.658731274694787, 59.901592926897756 ], [ -64.640977049527194, 59.907448062461626 ], [ -64.637031272905233, 59.919039873916667 ], [ -64.62679818796768, 59.930294630084553 ], [ -64.634058854989448, 59.936000958581481 ], [ -64.663579226234901, 59.927690511763537 ], [ -64.669418486318037, 59.930128640668222 ], [ -64.661458240002077, 59.93969934784436 ], [ -64.662230462033548, 59.952553964123986 ], [ -64.69312059558915, 59.958876384105785 ], [ -64.709458772218184, 59.953788241286297 ], [ -64.732191277276002, 59.950524521768337 ], [ -64.747420559075991, 59.954729741998925 ], [ -64.741630549327255, 59.96516333965009 ], [ -64.747099780563133, 59.974488827931417 ], [ -64.782776499383516, 59.980401411858352 ], [ -64.800262297394184, 59.973432982895609 ], [ -64.802075230018019, 59.972710193469183 ], [ -64.806830573435235, 59.970814004776706 ], [ -64.840228437607678, 59.970319076991053 ], [ -64.860976970982733, 59.995206314291813 ], [ -64.863138783845599, 60.000000019001867 ], [ -64.870740670255685, 60.016865414172749 ], [ -64.877401640295616, 60.025695271165155 ], [ -64.880090811329097, 60.029258603439054 ], [ -64.882090581569429, 60.031907887954169 ], [ -64.887671486538096, 60.041975138823737 ], [ -64.923643294536674, 60.06146512289709 ], [ -64.92040317074796, 60.06587061033008 ], [ -64.895875536749713, 60.066209293265771 ], [ -64.864723872879736, 60.058441144800256 ], [ -64.819806172492633, 60.050482115505687 ], [ -64.804092966138768, 60.052429510358579 ], [ -64.783235498835339, 60.057615334331373 ], [ -64.742713986758744, 60.056131130307271 ], [ -64.717856900608197, 60.064074253447544 ], [ -64.706332600182165, 60.074312974898675 ], [ -64.707986847422717, 60.084609144640119 ], [ -64.726712024496777, 60.094740999592659 ], [ -64.756892864096443, 60.101227803467317 ], [ -64.75747643879788, 60.101353147100397 ], [ -64.763716627470359, 60.104498389578538 ], [ -64.768070387325636, 60.106692259071991 ], [ -64.767296137014242, 60.108353167468252 ], [ -64.735304563288466, 60.109548539320443 ], [ -64.705475606619927, 60.107553348032688 ], [ -64.686362471533045, 60.107548152579085 ], [ -64.684082967356588, 60.107547344031261 ], [ -64.681191340458241, 60.107546252545092 ], [ -64.672032128121785, 60.113548498181487 ], [ -64.657785280973741, 60.111409952298288 ], [ -64.633072861024431, 60.105415012272402 ], [ -64.603395380247918, 60.109678932762606 ], [ -64.593715864460009, 60.117031273183102 ], [ -64.598822090288721, 60.142833075078094 ], [ -64.594186475152256, 60.149498856942799 ], [ -64.602518774443666, 60.155802102208973 ], [ -64.601335587880641, 60.159401617703956 ], [ -64.602471053148278, 60.167014621731468 ], [ -64.614455310908795, 60.170845852050277 ], [ -64.64124234922393, 60.167379788906672 ], [ -64.661566948110348, 60.17016036732732 ], [ -64.682493807075133, 60.181158826702912 ], [ -64.692331392636959, 60.180082624042605 ], [ -64.697873153522536, 60.172655465393227 ], [ -64.698823866794868, 60.171380950813408 ], [ -64.698897520054715, 60.171282233797285 ], [ -64.700331763247192, 60.170993555994805 ], [ -64.705836612706648, 60.169885383492073 ], [ -64.733229973405429, 60.164366236581259 ], [ -64.745562506175489, 60.168628046219951 ], [ -64.749879573014283, 60.188155583780343 ], [ -64.780241340261327, 60.196119309592667 ], [ -64.784146527850751, 60.203978996190543 ], [ -64.840659238407582, 60.22295954919624 ], [ -64.863941266765082, 60.228196803111899 ], [ -64.873388064195353, 60.237293781153838 ], [ -64.869409667015745, 60.24410786439779 ], [ -64.857833676234947, 60.250059901332641 ], [ -64.8527656794856, 60.252664695295948 ], [ -64.862258547096886, 60.258468521629723 ], [ -64.853777824672903, 60.269411461865737 ], [ -64.841638968448464, 60.272190811231376 ], [ -64.807260789020134, 60.275842422403535 ], [ -64.753536458406799, 60.286881068866897 ], [ -64.723425872865292, 60.291478301514111 ], [ -64.70741220570963, 60.303297109922134 ], [ -64.699212236785499, 60.302547910130073 ], [ -64.680979488406578, 60.296590280952266 ], [ -64.655215424768102, 60.294806010870104 ], [ -64.643662526794373, 60.297705418288459 ], [ -64.597271153769611, 60.300613842620393 ], [ -64.581224745815774, 60.30837518592076 ], [ -64.563321940062892, 60.30688586496084 ], [ -64.529743087993381, 60.296677854631348 ], [ -64.524763774436025, 60.299812163640844 ], [ -64.522512337780682, 60.301229100262063 ], [ -64.517475898826888, 60.304398201880808 ], [ -64.515571039071787, 60.305596604758762 ], [ -64.516173167942938, 60.307906981670627 ], [ -64.518018442553611, 60.314985433870476 ], [ -64.535031901031445, 60.334308256989935 ], [ -64.533984585575396, 60.3410616447661 ] ] ] } },
{ "type": "Feature", "properties": { "FED_NUM": 10005, "ED_NAMEE": "Long Range Mountains", "ED_NAMEF": "Long Range Mountains", "REP_ORDER": "2023", "SHAPE_AREA": 57888760921.199997, "SHAPE_LEN": 1489363.13103, "NUM_CF": null, "CF_NOMFR": null, "CF_NOMAN": null, "DEC_REP": null, "PROV_CODE": "10", "PROV_NAME": "NL" }, "geometry": { "type": "Polygon", "coordinates": [ [ [ -57.524421019018355, 51.197478979076273 ], [ -57.499999997235577, 51.202816004816306 ], [ -57.318258555437701, 51.242307664033781 ], [ -57.282481653569718, 51.250034855396272 ], [ -57.262625730690736, 51.254316743025001 ], [ -57.200444336979317, 51.267695286615925 ], [ -57.151777484692005, 51.278133674897191 ], [ -57.109571464582515, 51.28716326420011 ], [ -56.832282065790707, 51.398861793724258 ], [ -56.595495200809239, 51.493186178780945 ], [ -56.393366739506916, 51.572939576516589 ], [ -55.975808832414764, 51.735487661506355 ], [ -55.7679728027328, 51.741788639013258 ], [ -55.767885205048337, 51.741791212497006 ], [ -55.58278857010562, 51.747977531940322 ], [ -55.553320946069974, 51.748931310911665 ], [ -55.519304774799252, 51.750021731776258 ], [ -55.499999998733976, 51.750635523937987 ], [ -55.238440298598476, 51.75859155395041 ], [ -55.23939037893394, 51.754471056443819 ], [ -55.24038865046851, 51.750011268736031 ], [ -55.267270821602871, 51.629555709013417 ], [ -55.275599694550991, 51.592093522104811 ], [ -55.279683099375923, 51.572995399483545 ], [ -55.283446799412623, 51.55537709125182 ], [ -55.294589713754696, 51.503128962955657 ], [ -55.295246461263055, 51.500045453208962 ], [ -55.299495181619506, 51.480086225324627 ], [ -55.305509103170365, 51.467000273433776 ], [ -55.328824234970305, 51.416188261363494 ], [ -55.338486830910405, 51.395092712632412 ], [ -55.34729473792251, 51.375843998641557 ], [ -55.363434033981441, 51.338904575776091 ], [ -55.376222316010058, 51.309587467537149 ], [ -55.394738664313692, 51.26706413205337 ], [ -55.403516026105521, 51.250073069716386 ], [ -55.413781158481598, 51.229740630021368 ], [ -55.413568835788475, 51.229710709459695 ], [ -55.500000009193613, 51.041900802837411 ], [ -55.500000010395183, 51.011487412168762 ], [ -55.499704156570665, 51.000002967417622 ], [ -55.499704067127055, 51.000000377735233 ], [ -55.499519557058974, 50.992835233558083 ], [ -55.495481683939481, 50.835429235410004 ], [ -55.486597951014851, 50.833251505602945 ], [ -55.451741208948981, 50.824697177370005 ], [ -55.455198151563735, 50.750045848396823 ], [ -55.455220676463355, 50.748196589310211 ], [ -55.455232794935071, 50.747202261638819 ], [ -55.500000022988495, 50.730915525374883 ], [ -55.500000003992454, 50.722817641385653 ], [ -55.495222160859363, 50.649932555728682 ], [ -55.500000002487681, 50.53765191640354 ], [ -55.59139055798191, 50.51666287635976 ], [ -55.660811999832646, 50.500071910819052 ], [ -55.695123439583647, 50.491849331176731 ], [ -55.79325903588655, 50.46724983631681 ], [ -55.950042019118015, 50.427328286302846 ], [ -56.000000007022429, 50.414654364364495 ], [ -56.000004170810385, 50.414653297314587 ], [ -56.001892446791373, 50.414173627364107 ], [ -56.073989681921141, 50.395824139655929 ], [ -56.183342287325452, 50.321814077357004 ], [ -56.200001302672391, 50.31069664391039 ], [ -56.290666493848313, 50.250042906240388 ], [ -56.293230648074264, 50.248323872681908 ], [ -56.293491367075447, 50.248086504578332 ], [ -56.41894762513062, 50.133491598681914 ], [ -56.437967875978195, 50.116051846846943 ], [ -56.438048404125645, 50.115980412848202 ], [ -56.499999982208706, 50.035956273851987 ], [ -56.505573249198342, 50.028741004404459 ], [ -56.527554042231742, 50.000258071378695 ], [ -56.527728970943308, 50.000031232491935 ], [ -56.539715578290554, 49.984481104089234 ], [ -56.648329613858593, 49.843009544949489 ], [ -56.660498622472836, 49.827095235815577 ], [ -56.662729876746766, 49.824714075475505 ], [ -56.665699104838552, 49.821544924007775 ], [ -56.668789698763689, 49.818245622940694 ], [ -56.700959030860858, 49.783868954657429 ], [ -56.730345609561375, 49.752410197161453 ], [ -56.73257571396109, 49.750020649139202 ], [ -56.732578663320176, 49.750017499612305 ], [ -56.738138365076516, 49.744058961676444 ], [ -56.754099860538005, 49.71209145813323 ], [ -56.761682937907167, 49.696887182994871 ], [ -56.774088615850587, 49.671989688424773 ], [ -56.792494095488024, 49.634996742661194 ], [ -56.792388293167257, 49.634932649316418 ], [ -56.794603532623441, 49.632382548440383 ], [ -56.804479862136311, 49.619615905998764 ], [ -56.790934099448954, 49.611960806660278 ], [ -56.834420175570621, 49.539347617471918 ], [ -56.84642699247663, 49.519253537306646 ], [ -56.84771688250629, 49.504918461759267 ], [ -56.868647660308142, 49.427704960508329 ], [ -56.881719484115266, 49.379548746662607 ], [ -56.884211103092952, 49.370331464930764 ], [ -56.905135004963725, 49.293408099722889 ], [ -56.917909077348234, 49.244466756064817 ], [ -56.924820294475623, 49.219607455934529 ], [ -56.943649533570294, 49.149367444662161 ], [ -56.993163009136239, 48.963607416798624 ], [ -57.066875008244821, 48.850369516453114 ], [ -57.240750696276052, 48.58078349618188 ], [ -57.251566332494669, 48.552687510923683 ], [ -57.263322612364931, 48.522107446963453 ], [ -57.280425424514078, 48.477545033920308 ], [ -57.290362046007921, 48.45161333521861 ], [ -57.367192765423013, 48.250081690265333 ], [ -57.380589215270504, 48.214755094527575 ], [ -57.380592524675308, 48.214746409129724 ], [ -57.412279657008611, 48.130964220226083 ], [ -57.520139337875769, 47.843415130039666 ], [ -57.100689875203152, 47.736106869153659 ], [ -57.100688818047367, 47.736106614825644 ], [ -56.985893126664713, 47.707269126779146 ], [ -56.863915473750886, 47.675188673985545 ], [ -56.774227724490828, 47.651573572511175 ], [ -56.774080521103407, 47.651515656159354 ], [ -56.775642439298664, 47.649046988504331 ], [ -56.773132273412301, 47.643380729046122 ], [ -56.772277966645156, 47.636110712832902 ], [ -56.770106003176593, 47.632212088213642 ], [ -56.766383570799746, 47.625528884046311 ], [ -56.74941376630688, 47.622886940612183 ], [ -56.744504148049089, 47.619752403870898 ], [ -56.743151997236822, 47.615717704565625 ], [ -56.750151269417877, 47.606952771651187 ], [ -56.746892074716911, 47.599697886776404 ], [ -56.729119930808345, 47.587527274081332 ], [ -56.70495073689446, 47.579500856721012 ], [ -56.704284219753291, 47.579279379469781 ], [ -56.43873607066903, 47.439279424774014 ], [ -56.438921161912695, 47.439188257944792 ], [ -56.440577251143111, 47.439293422757821 ], [ -56.473298946822226, 47.431660447102395 ], [ -56.490041746514976, 47.428002739808491 ], [ -56.499999993303632, 47.423944086020946 ], [ -56.507130219750145, 47.421036979848616 ], [ -56.550104884252548, 47.415894029724804 ], [ -56.560002570459616, 47.414431377665387 ], [ -56.624894062454601, 47.39869771170568 ], [ -56.698583621304415, 47.382872658996888 ], [ -56.703239453702388, 47.381870488313012 ], [ -56.820789727095921, 47.354578435439251 ], [ -56.838786393906119, 47.354123749919736 ], [ -56.869981343194709, 47.355605322093297 ], [ -56.922062282304573, 47.358055492198453 ], [ -56.950170774576797, 47.359278448241753 ], [ -57.000000002373106, 47.37187851352742 ], [ -57.009835906804923, 47.374358391531651 ], [ -57.066688445066333, 47.390651424970315 ], [ -57.076849807047346, 47.393360993640009 ], [ -57.151841882640412, 47.40686864966176 ], [ -57.274463819112206, 47.428826506730005 ], [ -57.274927650849129, 47.428905283333357 ], [ -57.39554303178523, 47.44930237084926 ], [ -57.500000002630301, 47.468111464596198 ], [ -57.501177531785409, 47.468322756922092 ], [ -57.517642786012587, 47.471275366727809 ], [ -57.680077612789809, 47.499583951604073 ], [ -57.68285595099826, 47.500065404038182 ], [ -57.714488371688766, 47.506234692209375 ], [ -57.714426302139621, 47.506166018148797 ], [ -57.920259056316418, 47.560853176085658 ], [ -57.99806632020676, 47.581375297149584 ], [ -58.000000015877141, 47.581335100185925 ], [ -58.000004528893008, 47.581335001333457 ], [ -58.000006225340925, 47.58133496588507 ], [ -58.139496564086549, 47.578331011497582 ], [ -58.327251217171373, 47.573367067268883 ], [ -58.3735427228101, 47.572484259152205 ], [ -58.390459787584945, 47.572047076916199 ], [ -58.419804923336073, 47.571281500620088 ], [ -58.465975682275968, 47.56983024575878 ], [ -58.500000002523436, 47.568856348047802 ], [ -58.500000325797892, 47.568856327053346 ], [ -58.525887863830285, 47.568107058398461 ], [ -58.525889344365119, 47.56812206915987 ], [ -58.662604013774072, 47.564585363656988 ], [ -58.693735005142116, 47.563752148451677 ], [ -58.84365521488693, 47.559594721704698 ], [ -58.8440903116269, 47.559560455115232 ], [ -58.848016645863225, 47.558231551339397 ], [ -58.881123221397978, 47.547397260963017 ], [ -58.886395178356224, 47.545652186524094 ], [ -58.912964932388498, 47.536850855371625 ], [ -58.921501367214482, 47.534020839219657 ], [ -58.961854446439652, 47.520627768643159 ], [ -58.999995216789188, 47.508889298528594 ], [ -58.999999990588606, 47.508887845932513 ], [ -59.000603001319497, 47.508702080195377 ], [ -59.000686723075987, 47.508676288216513 ], [ -59.026827980637108, 47.509193871712483 ], [ -59.032092952839953, 47.509297231197479 ], [ -59.037805717473866, 47.509389590488375 ], [ -59.044744182273412, 47.509446736727568 ], [ -59.051682665391517, 47.509503370156793 ], [ -59.058673851785763, 47.509535478881688 ], [ -59.065665062719468, 47.509567101784697 ], [ -59.072758390505278, 47.509593163531882 ], [ -59.079901140722221, 47.509637687040701 ], [ -59.082074278360004, 47.509653720631249 ], [ -59.087419324993107, 47.509427722068601 ], [ -59.094916005833177, 47.509164725349294 ], [ -59.102451317159833, 47.508893879795728 ], [ -59.110063894918859, 47.508607862553546 ], [ -59.11767313565764, 47.508364216141572 ], [ -59.125387611087312, 47.508071924486075 ], [ -59.128179754773143, 47.507970487426824 ], [ -59.132410992007649, 47.507668930557827 ], [ -59.139700796487148, 47.50710231512177 ], [ -59.147011882747833, 47.506587574512373 ], [ -59.154322794276119, 47.506072265574062 ], [ -59.161766744925544, 47.505474802827919 ], [ -59.169210540453669, 47.504876741548721 ], [ -59.174795624289168, 47.504147573103339 ], [ -59.177003012270134, 47.503859280081159 ], [ -59.184911177163599, 47.502819275748088 ], [ -59.192818941787436, 47.501778631797357 ], [ -59.202650025921393, 47.500749605226211 ], [ -59.264291395730922, 47.553406867060168 ], [ -59.308154165770198, 47.589672031051705 ], [ -59.312362138708167, 47.594228314291399 ], [ -59.314667851008402, 47.596631744673765 ], [ -59.336203461749285, 47.619065378482269 ], [ -59.339636356700716, 47.636200996110141 ], [ -59.342701815407295, 47.651416596042907 ], [ -59.345482525698181, 47.671796437476445 ], [ -59.349563250768796, 47.721770616275776 ], [ -59.350691519039458, 47.750069498574753 ], [ -59.350691935513424, 47.750079711665023 ], [ -59.348377288820792, 47.757055148910872 ], [ -59.353301284847369, 47.764149783456332 ], [ -59.360476249874857, 47.774483428212982 ], [ -59.371944349384719, 47.790029036632291 ], [ -59.375934764350546, 47.797993263139162 ], [ -59.386291324039298, 47.818649903322203 ], [ -59.389971067957319, 47.825984676966982 ], [ -59.397469976251244, 47.839407303668025 ], [ -59.405669239298895, 47.854073991075026 ], [ -59.407630740777442, 47.857581208079957 ], [ -59.407939283381303, 47.85813287792017 ], [ -59.417826982293512, 47.875803305561128 ], [ -59.418988924454894, 47.877878873880427 ], [ -59.423468132966399, 47.887188348647044 ], [ -59.427861451040243, 47.907363734323773 ], [ -59.430005056451705, 47.917201427341936 ], [ -59.430577416322045, 47.91881376207953 ], [ -59.420579573831688, 47.948900313258115 ], [ -59.462131783100396, 48.000042387595087 ], [ -59.463039526219319, 48.00004154000505 ], [ -59.465383645975493, 48.000039325982058 ], [ -59.465382094949554, 48.000042291731276 ], [ -59.459269637950726, 48.011564059650063 ], [ -59.453689236077487, 48.01772771004768 ], [ -59.447852282942193, 48.023570447682587 ], [ -59.444774344220377, 48.026577477414477 ], [ -59.441633317273087, 48.02964560937874 ], [ -59.435694364690633, 48.035651014785259 ], [ -59.430387790913869, 48.041343429337779 ], [ -59.425238819601887, 48.046845065383657 ], [ -59.419754471905733, 48.052746826202942 ], [ -59.418670336687391, 48.053866951033477 ], [ -59.408030993309353, 48.06191524467588 ], [ -59.400968123007935, 48.06737582010183 ], [ -59.393899976767187, 48.072884772972714 ], [ -59.386757233084793, 48.078391001685837 ], [ -59.3796285574495, 48.083877782048098 ], [ -59.373767468378944, 48.088338210104624 ], [ -59.365090769218597, 48.094195795551485 ], [ -59.357439075413645, 48.099361598264736 ], [ -59.349757053507822, 48.104516190580384 ], [ -59.348807986377317, 48.105155563088466 ], [ -59.345722758265126, 48.107233866820522 ], [ -59.342127987577484, 48.109515524881914 ], [ -59.334141830465221, 48.114581200263046 ], [ -59.326210660370577, 48.119667689981597 ], [ -59.318083870314901, 48.124806089053216 ], [ -59.311330510416973, 48.129107872629767 ], [ -59.304543802456365, 48.133447298412747 ], [ -59.253460662074765, 48.163648566362866 ], [ -59.153298357122075, 48.208216348986589 ], [ -59.087645411834608, 48.237266533607468 ], [ -59.065475970876363, 48.247057640034583 ], [ -59.05690200530934, 48.250057691736103 ], [ -59.060689610713411, 48.25006031971661 ], [ -59.067959363743128, 48.250064956652444 ], [ -59.070469078746548, 48.252152950172153 ], [ -59.071512100241833, 48.253485970816293 ], [ -59.091176903360591, 48.269915755215202 ], [ -59.126203014634427, 48.291589489405027 ], [ -59.145312040327333, 48.302628227734687 ], [ -59.153503876261126, 48.308998870951491 ], [ -59.176567975585542, 48.32714225572451 ], [ -59.19880832297617, 48.344339150704414 ], [ -59.219177593138127, 48.359885000293112 ], [ -59.229811585638899, 48.366300079114495 ], [ -59.248690171217426, 48.380023669376179 ], [ -59.262347656178733, 48.395219219611207 ], [ -59.276332499271263, 48.415452470829507 ], [ -59.280756486106988, 48.428822763321662 ], [ -59.283872812897634, 48.438188946809149 ], [ -59.288414465468797, 48.450666392188204 ], [ -59.288485389698117, 48.450676065350088 ], [ -59.288432981225711, 48.450717201334925 ], [ -59.296280417316765, 48.46055172378054 ], [ -59.297876403226191, 48.464337687657967 ], [ -59.297404207817024, 48.468679560737741 ], [ -59.294151370336792, 48.473709940657635 ], [ -59.278093433108261, 48.488441642481526 ], [ -59.267125477376801, 48.498564659149757 ], [ -59.266142837735266, 48.500019717767501 ], [ -59.263182647643887, 48.504402395723666 ], [ -59.259602964685548, 48.514298616126638 ], [ -59.259359738968357, 48.529232768422766 ], [ -59.256797755856745, 48.541705471611039 ], [ -59.253560865457743, 48.553032022716287 ], [ -59.252316406295392, 48.557385160113888 ], [ -59.245649600406601, 48.571385597168174 ], [ -59.238570839321433, 48.58350475551029 ], [ -59.22230658143873, 48.603833625094701 ], [ -59.201302069558622, 48.629714552769521 ], [ -59.192369194890063, 48.639199529913157 ], [ -59.180437431633059, 48.65186129621673 ], [ -59.171710673930129, 48.6599799484922 ], [ -59.167241215967259, 48.663101120628092 ], [ -59.141033995993659, 48.67473276512893 ], [ -59.114005315080639, 48.685902456047764 ], [ -59.111189514967251, 48.687065369745518 ], [ -59.096146261681575, 48.69007781502183 ], [ -59.078336864358683, 48.693145112795655 ], [ -59.072753167922357, 48.694106054609257 ], [ -59.015203658180077, 48.70612816125653 ], [ -58.99999999207985, 48.709230790834503 ], [ -58.999996709405423, 48.709231445472106 ], [ -58.999394589638023, 48.70935426217661 ], [ -58.984271883602176, 48.714860184477658 ], [ -58.970785866838114, 48.720529068665002 ], [ -58.935744275235926, 48.735243485548907 ], [ -58.9003615790037, 48.749778911266922 ], [ -58.900052104402548, 48.750073304953489 ], [ -58.900047199685957, 48.750077955876968 ], [ -58.887857670192702, 48.761669232624463 ], [ -58.866943352808981, 48.781394285542021 ], [ -58.835062627286966, 48.806440433902459 ], [ -58.817521538806218, 48.819138190170932 ], [ -58.816046744413093, 48.820181739415318 ], [ -58.756242433269684, 48.862313386084246 ], [ -58.693972862664268, 48.891013722727287 ], [ -58.618509515327744, 48.924199585697231 ], [ -58.583459396910278, 48.947318154511436 ], [ -58.573379086805147, 48.953980393496046 ], [ -58.499996360062745, 49.007738090312017 ], [ -58.499996346997186, 49.016676763993324 ], [ -58.499996339106346, 49.033343376854354 ], [ -58.499996348709921, 49.050010072308822 ], [ -58.499996347303906, 49.066676779042226 ], [ -58.499996345530469, 49.083343381235238 ], [ -58.499996341673629, 49.100010084969782 ], [ -58.499996372049033, 49.10263459525617 ], [ -58.499996380285729, 49.116676787302247 ], [ -58.499996365038122, 49.133343391137473 ], [ -58.499996347693859, 49.150010093222271 ], [ -58.499996370060373, 49.157936857181362 ], [ -58.499996362439227, 49.165233437617516 ], [ -58.499996353223686, 49.166676812844088 ], [ -58.499996378033565, 49.183343399014497 ], [ -58.468610440864829, 49.216470771897114 ], [ -58.444063419034762, 49.250048969292756 ], [ -58.444058402173525, 49.250055863662276 ], [ -58.443224866382771, 49.251195033239618 ], [ -58.371620915674505, 49.343353936781519 ], [ -58.249126925357416, 49.500001106175844 ], [ -58.163010625994332, 49.609383922842078 ], [ -58.108714945305252, 49.655241766063831 ], [ -57.999999980900178, 49.746688934651189 ], [ -57.999994204591836, 49.746693815588813 ], [ -57.996259704550184, 49.749826343871995 ], [ -57.996248556770311, 49.750004426253525 ], [ -57.996248526187571, 49.750004713590677 ], [ -57.994167963051048, 49.783257631013434 ], [ -57.992248372834887, 49.813893449084823 ], [ -57.978983016198114, 49.848442664220329 ], [ -57.971121336870446, 49.867260232353665 ], [ -57.963321421850452, 49.885780675561534 ], [ -57.942837535859148, 49.934341808698051 ], [ -57.935216256221082, 49.95238134358862 ], [ -57.932276712133074, 49.95933506192992 ], [ -57.929984180321313, 49.964756702003697 ], [ -57.914055695494149, 50.000068824658257 ], [ -57.914054494504789, 50.000071452026184 ], [ -57.914051912441188, 50.000077207215831 ], [ -57.910609210415807, 50.007701619126266 ], [ -57.827095073183678, 50.060459975226756 ], [ -57.790513623663863, 50.085195030704838 ], [ -57.737257255210345, 50.205249386083892 ], [ -57.736607394455, 50.206730628927005 ], [ -57.71758870706158, 50.250035544428677 ], [ -57.712350042091181, 50.261948158756447 ], [ -57.684068995456599, 50.289494899046915 ], [ -57.632419184350724, 50.339693567877127 ], [ -57.543716743083174, 50.430727530314918 ], [ -57.539801027965943, 50.434844375232437 ], [ -57.539699042375254, 50.434953120613478 ], [ -57.500422242531783, 50.475634185464145 ], [ -57.499999987183941, 50.475613675287335 ], [ -57.499999995801019, 50.475815092738763 ], [ -57.581499446561182, 50.480306520012547 ], [ -57.573321186771899, 50.500064951522802 ], [ -57.529996790610369, 50.604426026542733 ], [ -57.517434365632219, 50.63458974646867 ], [ -57.511948846528043, 50.647747374240808 ], [ -57.509446495512542, 50.652581494844007 ], [ -57.508953222933236, 50.653534272788093 ], [ -57.499999995914841, 50.670820141691884 ], [ -57.49087739288661, 50.688418051695862 ], [ -57.47856756207954, 50.712140278346098 ], [ -57.467612013774662, 50.73322952812385 ], [ -57.458869660877198, 50.750042838849616 ], [ -57.455258143077678, 50.756374673579984 ], [ -57.407643444527842, 50.797356423254904 ], [ -57.400015265672849, 50.803912639976559 ], [ -57.399965338253978, 50.804157192345905 ], [ -57.3641489112917, 50.833029237461439 ], [ -57.3554472851905, 50.840304997598949 ], [ -57.32890972622107, 50.863095090996673 ], [ -57.305675811936574, 50.882668150321884 ], [ -57.284430212815259, 50.900744341014388 ], [ -57.262682203791059, 50.919227641392197 ], [ -57.247400771649552, 50.932202809357094 ], [ -57.223327364079843, 50.952622468502696 ], [ -57.202178183606975, 50.97054098451548 ], [ -57.188717259433346, 50.981935611993144 ], [ -57.181838001101461, 50.987755855286878 ], [ -57.16796653829762, 50.999485669158254 ], [ -57.167937931356192, 51.00006835532426 ], [ -57.167937106240892, 51.000085168288422 ], [ -57.16791466831463, 51.000542325990978 ], [ -57.166855711087585, 51.022109034738925 ], [ -57.174381728722103, 51.032808315557546 ], [ -57.183481245545522, 51.041366137411046 ], [ -57.186219181635423, 51.043940262024819 ], [ -57.187540331084463, 51.045182218919173 ], [ -57.190970631534476, 51.048406520544063 ], [ -57.195407557330249, 51.052576045360354 ], [ -57.255108878854621, 51.094247085058967 ], [ -57.274564327962622, 51.102877637836791 ], [ -57.296631577823973, 51.11265805912177 ], [ -57.391631137319258, 51.148135911643955 ], [ -57.40413947457845, 51.152796149057657 ], [ -57.500000000133184, 51.188426043853937 ], [ -57.510237645883336, 51.192222360124532 ], [ -57.523782772794803, 51.197242506272637 ], [ -57.524421019018355, 51.197478979076273 ] ] ] } },
{ "type": "Feature", "properties": { "FED_NUM": 10006, "ED_NAMEE": "St. John's East", "ED_NAMEF": "St. John’s-Est", "REP_ORDER": "2023", "SHAPE_AREA": 905358970.29799998, "SHAPE_LEN": 131759.09777, "NUM_CF": null, "CF_NOMFR": null, "CF_NOMAN": null, "DEC_REP": null, "PROV_CODE": "10", "PROV_NAME": "NL" }, "geometry": { "type": "Polygon", "coordinates": [ [ [ -52.961965663469179, 47.804457532186902 ], [ -52.825794565637644, 47.877551613930891 ], [ -52.76975538102257, 47.819777683174152 ], [ -52.725971171813093, 47.78156697265883 ], [ -52.689940232992825, 47.750060488859731 ], [ -52.689927260222582, 47.750049127913954 ], [ -52.670398915007311, 47.732951668071379 ], [ -52.620543612056039, 47.689227407853778 ], [ -52.651177947288872, 47.578154034367572 ], [ -52.65285960875034, 47.57204126767386 ], [ -52.655318194898534, 47.563101427982211 ], [ -52.656733711551723, 47.557501322693774 ], [ -52.680606903750856, 47.560936572594358 ], [ -52.691835473855058, 47.562373801444565 ], [ -52.704761606856458, 47.554900941438426 ], [ -52.710509318250985, 47.551576741037678 ], [ -52.712120287864749, 47.55261968974979 ], [ -52.712254939779235, 47.552706847816061 ], [ -52.712316505788692, 47.553371808287757 ], [ -52.712353604126932, 47.553484386202534 ], [ -52.712397749779541, 47.553625747558719 ], [ -52.712537794606646, 47.554043303658702 ], [ -52.712728511267457, 47.554392494181485 ], [ -52.712820496420264, 47.554560983506761 ], [ -52.713099377492796, 47.554961800909986 ], [ -52.713429203696954, 47.555289656005051 ], [ -52.713607699126456, 47.555467110003242 ], [ -52.713868290192231, 47.555715095425882 ], [ -52.713896098613141, 47.555750688460165 ], [ -52.714265987499978, 47.556087107423942 ], [ -52.71432150031324, 47.556158305575721 ], [ -52.714601008314382, 47.556576995626138 ], [ -52.714648202440976, 47.556801202234475 ], [ -52.714602106330318, 47.557017892444641 ], [ -52.714402701821676, 47.557425796724004 ], [ -52.71506911069212, 47.557478803226999 ], [ -52.715682879188876, 47.557550601422392 ], [ -52.716777682259675, 47.557696201226968 ], [ -52.7175644857221, 47.557774398974509 ], [ -52.71916521254078, 47.557912210524123 ], [ -52.720057303251522, 47.557988992248113 ], [ -52.720012879418185, 47.558041699905139 ], [ -52.719711813950944, 47.55839909146939 ], [ -52.718329212256172, 47.560021494721177 ], [ -52.717362675553723, 47.561125034691166 ], [ -52.717227100856697, 47.561279809951657 ], [ -52.718315493338487, 47.561227490120885 ], [ -52.718965985184255, 47.561199694172636 ], [ -52.72012199827433, 47.561182410049938 ], [ -52.722132480480347, 47.561120141967656 ], [ -52.72249615953681, 47.561114111378579 ], [ -52.722688034440715, 47.561137534834494 ], [ -52.722904321300419, 47.561088815365196 ], [ -52.72378217867638, 47.560911500291084 ], [ -52.724840997893978, 47.560769586576804 ], [ -52.725315803854627, 47.560654397352792 ], [ -52.725491554956839, 47.560593536571439 ], [ -52.725723321349072, 47.560513297781391 ], [ -52.726141097456981, 47.560282083884879 ], [ -52.727218812102741, 47.559501004697779 ], [ -52.72768849064127, 47.559232991762094 ], [ -52.728174510806141, 47.559054709418447 ], [ -52.7285709981427, 47.558985705945545 ], [ -52.729708697704041, 47.558815589358531 ], [ -52.730409882960913, 47.558715001468649 ], [ -52.73093165472774, 47.558618112504242 ], [ -52.731122290222793, 47.558551293108252 ], [ -52.732096299948267, 47.558257696772863 ], [ -52.734002679830326, 47.557617004261687 ], [ -52.735603202978993, 47.557376809437976 ], [ -52.736301716041908, 47.557195298773067 ], [ -52.736707409550498, 47.557000099349288 ], [ -52.737266204374905, 47.556613787793758 ], [ -52.737879190301491, 47.557063401300923 ], [ -52.73857698624257, 47.557664692627519 ], [ -52.740439394606277, 47.5565025890592 ], [ -52.741476801717425, 47.556117991811682 ], [ -52.742715215549005, 47.555784203348686 ], [ -52.743603292845897, 47.555707689163924 ], [ -52.744558382562346, 47.555648202116458 ], [ -52.745327782269342, 47.555600501818745 ], [ -52.74527238588049, 47.555934304837912 ], [ -52.745226894563295, 47.556564887172449 ], [ -52.745330621898397, 47.557169829160877 ], [ -52.745342284832127, 47.55723800055361 ], [ -52.745501610784984, 47.557631511492836 ], [ -52.745810290278754, 47.558121688287621 ], [ -52.746129602540158, 47.558530704075274 ], [ -52.7469250923061, 47.559265485574549 ], [ -52.747296537052158, 47.559602291530403 ], [ -52.747471143805889, 47.559795517041195 ], [ -52.747730729165923, 47.560082803037659 ], [ -52.747833400079436, 47.560196397402002 ], [ -52.748111399670492, 47.56056111532488 ], [ -52.748181383801516, 47.560667994266815 ], [ -52.748251482545605, 47.560774896557824 ], [ -52.748349817762666, 47.560742399822324 ], [ -52.748422417951623, 47.560718399578022 ], [ -52.74883039911667, 47.560595193446204 ], [ -52.749587600330109, 47.560178703098579 ], [ -52.750252390044395, 47.559838395096044 ], [ -52.750787000609456, 47.559564812827013 ], [ -52.751697701072302, 47.559273608043654 ], [ -52.752078804967198, 47.559141803312585 ], [ -52.752327195908933, 47.559087804597993 ], [ -52.756579077822195, 47.55816420085673 ], [ -52.757673403490259, 47.557895414300454 ], [ -52.759424192280974, 47.557382691750853 ], [ -52.766703997006843, 47.555264090495754 ], [ -52.769006783072541, 47.554571802670601 ], [ -52.769989888716268, 47.554187201041564 ], [ -52.770745402250505, 47.553854799729642 ], [ -52.772599171414008, 47.553039274520366 ], [ -52.773137355391214, 47.552798878248971 ], [ -52.773464201480785, 47.552652412056865 ], [ -52.773906869037049, 47.552453997231773 ], [ -52.774405678288566, 47.552230435820803 ], [ -52.774823184247921, 47.552043295146007 ], [ -52.775354000920103, 47.551808290890953 ], [ -52.775495516168313, 47.551749106121747 ], [ -52.775630806425397, 47.551685790073748 ], [ -52.777350603011008, 47.550924391370039 ], [ -52.77914790528235, 47.550128603603426 ], [ -52.781522697724697, 47.549077209225047 ], [ -52.781808303912918, 47.548950689257822 ], [ -52.784847110097893, 47.547747301837234 ], [ -52.785671509141814, 47.54742078946262 ], [ -52.787932016294342, 47.54667469412238 ], [ -52.790362477856846, 47.545844900412447 ], [ -52.791634703384425, 47.545348092328155 ], [ -52.793995590769732, 47.544302601066349 ], [ -52.799165718719742, 47.542107195504499 ], [ -52.799846517444394, 47.541818103315613 ], [ -52.803731692732555, 47.540107396329155 ], [ -52.804127305267031, 47.539933211237162 ], [ -52.804624110728668, 47.539721597901405 ], [ -52.806825299121172, 47.538783903613194 ], [ -52.807796608633346, 47.538435704869308 ], [ -52.80924449865487, 47.538034894787678 ], [ -52.810576002709801, 47.537799092082437 ], [ -52.810717111181262, 47.537774121539819 ], [ -52.811646246600993, 47.537609565795499 ], [ -52.811676492399044, 47.537604187453688 ], [ -52.811916901644665, 47.537561636180328 ], [ -52.815402097914578, 47.536944544639915 ], [ -52.818172591503227, 47.536453891231744 ], [ -52.819968981331826, 47.536146499393666 ], [ -52.820522804151999, 47.536020703348584 ], [ -52.821889675135509, 47.535707704253461 ], [ -52.821891605378553, 47.535707312789349 ], [ -52.824261745954054, 47.539741783909932 ], [ -52.82534572641682, 47.541582065744109 ], [ -52.825455366850846, 47.542335003851278 ], [ -52.826122435175542, 47.543132771597008 ], [ -52.826569173341966, 47.543326862544014 ], [ -52.82794752906532, 47.543690580714639 ], [ -52.830471839180447, 47.544332916143283 ], [ -52.834280316016191, 47.544787446853505 ], [ -52.835485444574871, 47.544935832419 ], [ -52.836006805296257, 47.544977635853854 ], [ -52.836583774075677, 47.544996770077248 ], [ -52.837192685394712, 47.544982886382591 ], [ -52.837525959433925, 47.545010418678665 ], [ -52.838134997680072, 47.544950530536674 ], [ -52.838731856650774, 47.544840585305401 ], [ -52.839418867641712, 47.544726130590185 ], [ -52.840234151387634, 47.544514384658711 ], [ -52.84150051075158, 47.544046490100868 ], [ -52.842840782828709, 47.543927198047122 ], [ -52.843026818696572, 47.544077202989136 ], [ -52.845019311134749, 47.543481221003624 ], [ -52.846024408262053, 47.543420810396974 ], [ -52.848144833386854, 47.542769468192212 ], [ -52.84977892199985, 47.542405379829923 ], [ -52.851585941635108, 47.541818937616647 ], [ -52.852727730646087, 47.541283147240989 ], [ -52.853778204044175, 47.540748257674295 ], [ -52.853792022459722, 47.54074122288155 ], [ -52.854495489408855, 47.540382998396709 ], [ -52.854554874477785, 47.54036244239856 ], [ -52.856217330680344, 47.540212401274431 ], [ -52.857389041403849, 47.540055846688155 ], [ -52.858879231034038, 47.539637947555171 ], [ -52.860313081315752, 47.538732444023452 ], [ -52.861083159317225, 47.538352696851121 ], [ -52.862005461743721, 47.538029623222812 ], [ -52.86295157602423, 47.537711490871068 ], [ -52.864078822677087, 47.537435967491611 ], [ -52.864174826750613, 47.537603760395932 ], [ -52.864660971400653, 47.538181805576684 ], [ -52.865398092596536, 47.539132827742698 ], [ -52.866096675242652, 47.539796798422465 ], [ -52.867171903411581, 47.540757094096044 ], [ -52.867205320142581, 47.540740028804855 ], [ -52.867211519214898, 47.540736859823042 ], [ -52.867515334442089, 47.540956888618396 ], [ -52.8679124432986, 47.541151641778981 ], [ -52.871033346623435, 47.539446152550198 ], [ -52.871129913108355, 47.539671103654094 ], [ -52.871232791127525, 47.539850864719838 ], [ -52.871363615385803, 47.540065709470881 ], [ -52.871452950674353, 47.540413374625537 ], [ -52.87157423037948, 47.540885206159246 ], [ -52.871649273390567, 47.541324110639799 ], [ -52.871766165609735, 47.541815622579087 ], [ -52.871792629537318, 47.542257155568656 ], [ -52.870869228318142, 47.542824549325097 ], [ -52.87201645485122, 47.54348235230556 ], [ -52.872817463636366, 47.543075732003693 ], [ -52.873291378898223, 47.543446961681759 ], [ -52.873887430450715, 47.543096046192055 ], [ -52.874303229762845, 47.54344342733669 ], [ -52.874345958846312, 47.543479115469992 ], [ -52.874938480118793, 47.543877303253581 ], [ -52.875719834916246, 47.544423389755934 ], [ -52.875852528076294, 47.544499611836166 ], [ -52.875929239503151, 47.544659429151082 ], [ -52.876274919855213, 47.544890091936061 ], [ -52.877074891885947, 47.545105972276907 ], [ -52.877127475783695, 47.545112149403948 ], [ -52.877534515614357, 47.545273137867369 ], [ -52.877815847448595, 47.545351488477216 ], [ -52.878414498821762, 47.545518264855197 ], [ -52.879238784507599, 47.545693378982492 ], [ -52.879832310084602, 47.545802074341886 ], [ -52.88025738787762, 47.545881619079246 ], [ -52.880084481688378, 47.546171802249468 ], [ -52.88001921145603, 47.546281489918535 ], [ -52.87954798871926, 47.546599593041158 ], [ -52.879240596439026, 47.546807092208923 ], [ -52.879125019102489, 47.546931898575302 ], [ -52.878664792466076, 47.54742840137839 ], [ -52.878636682298961, 47.547450309774575 ], [ -52.877013863419116, 47.547264213494707 ], [ -52.876737474089829, 47.547232603121572 ], [ -52.876494130350416, 47.54720479744396 ], [ -52.876747150119144, 47.547054989049364 ], [ -52.877222223470262, 47.546773672080228 ], [ -52.87663052542861, 47.546862267071468 ], [ -52.875522555488445, 47.547028206249287 ], [ -52.875495096688965, 47.547304770570932 ], [ -52.875481723851998, 47.54743949013919 ], [ -52.875693104268414, 47.547498553457118 ], [ -52.875478712284561, 47.548281870059029 ], [ -52.875475117448474, 47.548378892167086 ], [ -52.875520509338287, 47.548444394665914 ], [ -52.875627718733135, 47.548528373082156 ], [ -52.875714446710354, 47.54856967562457 ], [ -52.875881467653691, 47.548627257536381 ], [ -52.875443946058851, 47.550218107153356 ], [ -52.875390309704009, 47.550182163088941 ], [ -52.874847727547923, 47.549934172817942 ], [ -52.874695934910307, 47.549861884174106 ], [ -52.874602426347387, 47.549905124063926 ], [ -52.874573918606977, 47.549979319685242 ], [ -52.874577973083866, 47.550069022625408 ], [ -52.874623334525744, 47.550134511304471 ], [ -52.874717476902624, 47.550212642056621 ], [ -52.874756726077905, 47.550261944571105 ], [ -52.87486614869762, 47.550356941165717 ], [ -52.875048801138881, 47.550539318109948 ], [ -52.875945275513942, 47.551434385739334 ], [ -52.875414548839785, 47.551653619058861 ], [ -52.875198665429053, 47.55174278745762 ], [ -52.874629665260251, 47.551977841057123 ], [ -52.875151433633221, 47.552517741925747 ], [ -52.875398677532679, 47.552736901745313 ], [ -52.875241585776656, 47.55281055825094 ], [ -52.875052689570239, 47.553182989455813 ], [ -52.874936992938451, 47.553411079357936 ], [ -52.87485657775089, 47.553985947822461 ], [ -52.875179887366059, 47.554109574838058 ], [ -52.878044562077335, 47.553935353899455 ], [ -52.878046683751059, 47.553938862913434 ], [ -52.878387532836321, 47.553916463601446 ], [ -52.878562843765948, 47.554137462147736 ], [ -52.881628485009209, 47.55800163611373 ], [ -52.88281417145889, 47.559495931833183 ], [ -52.882772910005436, 47.559801780010446 ], [ -52.882720915692779, 47.562701082365024 ], [ -52.883215474870106, 47.56475548025751 ], [ -52.8833994141239, 47.565519535416612 ], [ -52.883688108506405, 47.566856313048888 ], [ -52.884151053000977, 47.568999754940982 ], [ -52.884455956347935, 47.570411207781632 ], [ -52.887061047828013, 47.574405578458439 ], [ -52.890349971152922, 47.577992379957109 ], [ -52.893000308482605, 47.580776945504006 ], [ -52.893014350655562, 47.580930170578988 ], [ -52.893282548127161, 47.581526580106093 ], [ -52.893486582925213, 47.581726198052607 ], [ -52.893811602985231, 47.58224709142219 ], [ -52.894521358569648, 47.582731183628617 ], [ -52.894629347208436, 47.582919375845648 ], [ -52.894660230946172, 47.582972824526891 ], [ -52.894930912068951, 47.583129766744094 ], [ -52.895680317586383, 47.583556520355259 ], [ -52.89619549621132, 47.583770362945181 ], [ -52.896704189903716, 47.584079404257501 ], [ -52.896768411678188, 47.584040204720992 ], [ -52.896911294490828, 47.583843400419056 ], [ -52.896984602842934, 47.583575999363177 ], [ -52.897109905963724, 47.583539988553049 ], [ -52.897209692175089, 47.58346788769714 ], [ -52.897118280778372, 47.583329001368085 ], [ -52.897420089735199, 47.583023292771728 ], [ -52.897389017735399, 47.582904794824067 ], [ -52.89768138910042, 47.582650910775442 ], [ -52.897538007941336, 47.582382496121376 ], [ -52.897564813189952, 47.582272003592891 ], [ -52.898119503579416, 47.581804792218101 ], [ -52.898531891920378, 47.581126589825637 ], [ -52.898640904674956, 47.581104695977068 ], [ -52.898694383083637, 47.580985496986237 ], [ -52.898666724193276, 47.58093689590401 ], [ -52.898908102929497, 47.580712705437278 ], [ -52.89894298892591, 47.580595096277904 ], [ -52.899142593825907, 47.580450886084328 ], [ -52.899096515248473, 47.580199799974714 ], [ -52.899150087345966, 47.579978709218217 ], [ -52.899409987206646, 47.579752899109558 ], [ -52.899329100652608, 47.57961961530998 ], [ -52.899571698894285, 47.579350693749262 ], [ -52.899913896863033, 47.579111588078483 ], [ -52.900049700629154, 47.578979201029533 ], [ -52.900646814032903, 47.577922201610249 ], [ -52.900798895125256, 47.577775603186012 ], [ -52.9008384026085, 47.57768308771773 ], [ -52.900749406497724, 47.577454789437084 ], [ -52.900831999869396, 47.577237607554444 ], [ -52.901188391220998, 47.576768007781013 ], [ -52.901452805489427, 47.576669306050405 ], [ -52.901707001876169, 47.576361191339693 ], [ -52.901864804269806, 47.576194988216507 ], [ -52.901883483042077, 47.576091507520154 ], [ -52.902091202900273, 47.575940205956684 ], [ -52.902118014159157, 47.575829694086075 ], [ -52.902202701146464, 47.575727000073762 ], [ -52.902546092012692, 47.575443193987276 ], [ -52.902930298345581, 47.575022185823315 ], [ -52.903056702164058, 47.574941486516842 ], [ -52.90321090169067, 47.57490938789654 ], [ -52.903332813231742, 47.574701699658675 ], [ -52.903128015425118, 47.574457594189241 ], [ -52.903132791174919, 47.574278800710211 ], [ -52.90325809916741, 47.574140807616068 ], [ -52.903462320741284, 47.574021699198163 ], [ -52.903640778207617, 47.573968503826677 ], [ -52.904068797900884, 47.573684010486396 ], [ -52.903942809125631, 47.573458804367945 ], [ -52.90417259938252, 47.573171887702415 ], [ -52.904158813120262, 47.573096598124494 ], [ -52.904082497243728, 47.57288639535534 ], [ -52.904167282986776, 47.572681698831637 ], [ -52.904198888272006, 47.572494307643659 ], [ -52.903993002968846, 47.572091015737023 ], [ -52.903997001797904, 47.571651007250871 ], [ -52.904058616531294, 47.57152479315144 ], [ -52.904052892029618, 47.571442407800724 ], [ -52.904202908742576, 47.570977409389634 ], [ -52.904083996551009, 47.570585999804017 ], [ -52.904227983093939, 47.570344507814049 ], [ -52.904523789388399, 47.570058301574051 ], [ -52.905784582179152, 47.569181396871301 ], [ -52.906155803229638, 47.568844311265195 ], [ -52.906444523171274, 47.568724397698126 ], [ -52.906417906845704, 47.568631112100782 ], [ -52.906740512356805, 47.568234405815069 ], [ -52.907058300617329, 47.568016494319245 ], [ -52.907132499674461, 47.56801031094588 ], [ -52.907182399099547, 47.567923186272736 ], [ -52.907351699205563, 47.567819804015379 ], [ -52.90746548338597, 47.567619105983013 ], [ -52.907564015352101, 47.567591706407377 ], [ -52.907637105496484, 47.567528194868828 ], [ -52.907644194808192, 47.567361913254175 ], [ -52.907448615053028, 47.567168105925226 ], [ -52.907571709237914, 47.566915598113702 ], [ -52.907680698822276, 47.566791687015858 ], [ -52.908086617498952, 47.566540998580976 ], [ -52.908166596059736, 47.566515112598438 ], [ -52.908272103091306, 47.56642339520188 ], [ -52.908558498522616, 47.566290983953365 ], [ -52.909011979938001, 47.56594060376986 ], [ -52.909088488395611, 47.56584499568558 ], [ -52.909007784318014, 47.565507693991421 ], [ -52.909247674741216, 47.565430203315607 ], [ -52.909268707921349, 47.565339190790844 ], [ -52.909442625568708, 47.565260897177176 ], [ -52.909588593966802, 47.565235791536679 ], [ -52.909675603379242, 47.565145708899642 ], [ -52.909682706126659, 47.564979407819052 ], [ -52.909586608026494, 47.564917409588666 ], [ -52.909555481390797, 47.564799001692059 ], [ -52.90983631564405, 47.564380299605567 ], [ -52.909812198303527, 47.564197497897219 ], [ -52.909963999050234, 47.564152903593218 ], [ -52.910021910045586, 47.564160802107168 ], [ -52.910157485433089, 47.564130193268397 ], [ -52.91017971909438, 47.563994601649917 ], [ -52.910149591820456, 47.56393340604339 ], [ -52.910347915817709, 47.563833903421809 ], [ -52.910402600853523, 47.563567986139624 ], [ -52.910334402215362, 47.563452715008964 ], [ -52.910407492197436, 47.563287195792469 ], [ -52.910909895438415, 47.562588711170164 ], [ -52.910962408615354, 47.562310305056037 ], [ -52.911145710474294, 47.562078202091634 ], [ -52.911225592107478, 47.562052397592353 ], [ -52.911372222145623, 47.561517497065815 ], [ -52.91143171787882, 47.561072897820289 ], [ -52.911670496805463, 47.560938090817331 ], [ -52.911807706693082, 47.560455013681896 ], [ -52.911845106222053, 47.560146008156316 ], [ -52.912023809720942, 47.559888900702653 ], [ -52.912192285046977, 47.559320406038239 ], [ -52.912402397821275, 47.558977697843318 ], [ -52.912459394665454, 47.558724383208563 ], [ -52.912595215671182, 47.55849000743364 ], [ -52.912670480932796, 47.558438998596678 ], [ -52.913010424246515, 47.557983496853254 ], [ -52.913007100131004, 47.557811811352465 ], [ -52.913127998481684, 47.557342786985878 ], [ -52.914118005778562, 47.555507308198521 ], [ -52.914201620626585, 47.555245398840796 ], [ -52.914296709072204, 47.555148212665891 ], [ -52.914345499129681, 47.555003906254711 ], [ -52.914416401417753, 47.554875891844382 ], [ -52.91465651538158, 47.554442501300535 ], [ -52.914789889925395, 47.554297394729765 ], [ -52.915048909872738, 47.553504702533502 ], [ -52.915094320135815, 47.553395383712051 ], [ -52.91574948245129, 47.553514559114866 ], [ -52.91547453394697, 47.55570476138854 ], [ -52.916949178717019, 47.555349188204666 ], [ -52.91782010898784, 47.554221766553574 ], [ -52.918151154836664, 47.552331677042055 ], [ -52.918554275144615, 47.549137282270372 ], [ -52.920418874309377, 47.546557886109007 ], [ -52.923705858226207, 47.544182283034914 ], [ -52.927636603027963, 47.542310323387916 ], [ -52.930678045024386, 47.541631053798163 ], [ -52.933217438175539, 47.541334855848341 ], [ -52.93426678486054, 47.541210467253443 ], [ -52.938269770594843, 47.541849543423552 ], [ -52.940249452531866, 47.541289925548234 ], [ -52.943664759870217, 47.539461539026988 ], [ -52.94470365101251, 47.538905304611092 ], [ -52.946580912525391, 47.537751984626532 ], [ -52.946950430590498, 47.537524950359 ], [ -52.946959606850584, 47.537524723166825 ], [ -52.947863475054952, 47.537502733808601 ], [ -52.95137673636939, 47.5374171233384 ], [ -52.955397159591847, 47.536800441362907 ], [ -52.958178937476035, 47.535559869720579 ], [ -52.959297861447169, 47.53506082568996 ], [ -52.961583571928465, 47.533304197502609 ], [ -52.96283400894302, 47.53177867941541 ], [ -52.963353602569875, 47.531144755801428 ], [ -52.96521783168334, 47.528556422732727 ], [ -52.968426330009905, 47.526132991079123 ], [ -52.970452544365983, 47.524963831706138 ], [ -52.979548724948202, 47.519718273930827 ], [ -52.9808659838979, 47.518958463597514 ], [ -52.9999999960041, 47.524621999358438 ], [ -53.03173529289306, 47.53400381818674 ], [ -53.035800306935499, 47.535204510212075 ], [ -53.042735724515929, 47.541535219554035 ], [ -53.106226994774218, 47.599387752491147 ], [ -53.086920263042551, 47.626251401061985 ], [ -53.083806566434063, 47.631170502337582 ], [ -53.073738514793547, 47.664681000124482 ], [ -53.073712772498602, 47.664686653577107 ], [ -53.073702267031273, 47.664726440076031 ], [ -53.070060234916667, 47.669296215140086 ], [ -53.040154773878562, 47.70678035024126 ], [ -53.018102430153803, 47.734376856206083 ], [ -53.009720044310221, 47.74485679129446 ], [ -52.972251927729765, 47.791634437415311 ], [ -52.962939573760032, 47.803243796510628 ], [ -52.961965663469179, 47.804457532186902 ] ] ] } },
{ "type": "Feature", "properties": { "FED_NUM": 10007, "ED_NAMEE": "Terra Nova—The Peninsulas", "ED_NAMEF": "Terra Nova—Les Péninsules", "REP_ORDER": "2023", "SHAPE_AREA": 37814372987.599998, "SHAPE_LEN": 1156696.9002799999, "NUM_CF": null, "CF_NOMFR": null, "CF_NOMAN": null, "DEC_REP": null, "PROV_CODE": "10", "PROV_NAME": "NL" }, "geometry": { "type": "Polygon", "coordinates": [ [ [ -54.435232500844535, 49.476829386336171 ], [ -54.399994828678899, 49.479852180464945 ], [ -54.167387397127904, 49.499476936157137 ], [ -54.166170247091934, 49.500071313755441 ], [ -54.166162668480453, 49.50007500255925 ], [ -54.159686159746016, 49.503237089200034 ], [ -54.130861541910036, 49.5196356425133 ], [ -54.122489154642089, 49.524566251739834 ], [ -54.074551649831001, 49.552762568408781 ], [ -54.033902900432544, 49.576063366277417 ], [ -54.005982199467475, 49.592663376299441 ], [ -54.000009270943472, 49.596033864700942 ], [ -54.000000005595865, 49.59603908361531 ], [ -53.999990032572136, 49.596044706205078 ], [ -53.982684663060184, 49.605805103387283 ], [ -53.973016407855212, 49.611254883223637 ], [ -53.94023748002018, 49.629931961739686 ], [ -53.887025836283023, 49.661283361090291 ], [ -53.872447996918936, 49.670160520938985 ], [ -53.853318980531519, 49.681800433345416 ], [ -53.84982069725541, 49.683928081940351 ], [ -53.825335227743935, 49.695277584342662 ], [ -53.789518780137939, 49.711577111660063 ], [ -53.718139316654096, 49.744386690864147 ], [ -53.706041884861072, 49.749604402251954 ], [ -53.705561628717874, 49.750046519342419 ], [ -53.673993747961681, 49.779083618811626 ], [ -53.623298836290282, 49.824689340050675 ], [ -53.572976768931618, 49.870102741443077 ], [ -53.533204438795686, 49.905498670969635 ], [ -53.49999999746499, 49.895269234333362 ], [ -53.330674709634643, 49.832692843621111 ], [ -53.110329246306797, 49.775051403292494 ], [ -53.100374880072522, 49.756002065122033 ], [ -53.100595852472466, 49.75007656097894 ], [ -53.103646023248963, 49.668126213700013 ], [ -53.113075375719021, 49.615808648045359 ], [ -53.113308389723144, 49.614514391422404 ], [ -53.122314418106775, 49.56442716559846 ], [ -53.139956213614923, 49.500078852826228 ], [ -53.163356981818787, 49.41443353266181 ], [ -53.197452950824967, 49.328255744944421 ], [ -53.197285603948288, 49.328267691326054 ], [ -53.224160792974637, 49.25002979448184 ], [ -53.242645647289073, 49.19605491684144 ], [ -53.254196147444084, 49.162260647893518 ], [ -53.264110733227405, 49.133211329119511 ], [ -53.283124184067752, 49.077395570115961 ], [ -53.290378698518268, 49.0567020950974 ], [ -53.310008865905736, 49.053425374743242 ], [ -53.339511425073816, 49.048443054853415 ], [ -53.385530574082146, 49.041053549352846 ], [ -53.431333861477263, 49.031782874155311 ], [ -53.464739941938362, 49.021475216296061 ], [ -53.486597548564085, 49.010878781157423 ], [ -53.493567760278985, 49.005137453238582 ], [ -53.498579911659249, 49.000001829065418 ], [ -53.49858173945659, 48.999999132217013 ], [ -53.500000009337811, 48.997897346229941 ], [ -53.505494988323555, 48.989752152084719 ], [ -53.513485683719971, 48.972876373401235 ], [ -53.520095955657432, 48.961496743569484 ], [ -53.525222437950546, 48.952667193863775 ], [ -53.529224699024113, 48.940879620569021 ], [ -53.533623594942668, 48.927683638280271 ], [ -53.534869711076198, 48.915708875345238 ], [ -53.539360927465999, 48.890755353389636 ], [ -53.542746753484423, 48.8524838268848 ], [ -53.543035648016208, 48.849215234523172 ], [ -53.543214288661879, 48.827758242496458 ], [ -53.5426396864287, 48.806023489634867 ], [ -53.543543778107448, 48.763868315506961 ], [ -53.54364918653377, 48.759743551636383 ], [ -53.543896917672043, 48.750047028073382 ], [ -53.5438970351926, 48.750042159363112 ], [ -53.544079573917166, 48.742894294643754 ], [ -53.544040484926164, 48.720469762018404 ], [ -53.54440305302046, 48.698480647459803 ], [ -53.539016040872411, 48.679796319850965 ], [ -53.533443771847523, 48.674092710106088 ], [ -53.525379664569734, 48.666280884182143 ], [ -53.52358195100431, 48.665461306561106 ], [ -53.517915792921492, 48.66549040957397 ], [ -53.517910279243637, 48.66550241203683 ], [ -53.506309522940001, 48.665206960210099 ], [ -53.499999987801729, 48.665320914173677 ], [ -53.499999353341956, 48.665320936259718 ], [ -53.498180776408148, 48.665353710093029 ], [ -53.456300021641447, 48.674512796179883 ], [ -53.419756910015614, 48.682244406006667 ], [ -53.394855604883595, 48.687950876480308 ], [ -53.350102576450851, 48.697521766192921 ], [ -53.27962015371665, 48.71254481160544 ], [ -53.267361813785165, 48.715151327081173 ], [ -53.1145248948377, 48.748147626764116 ], [ -53.075790739999533, 48.744643325710804 ], [ -53.06358632601038, 48.743283083860668 ], [ -53.012264815485722, 48.737545207089845 ], [ -53.006193805584672, 48.735173952481219 ], [ -53.00000005175653, 48.732335325750363 ], [ -52.999995993698093, 48.732333476665154 ], [ -52.999223347968481, 48.72594864999428 ], [ -52.997872375111108, 48.713551053195857 ], [ -52.996976597452182, 48.683593730388473 ], [ -52.995905873908541, 48.655288700371131 ], [ -52.994840666763942, 48.639333453769559 ], [ -52.995757906609981, 48.628914370089355 ], [ -52.994841554157283, 48.61891317911472 ], [ -52.994579523833309, 48.616757742376464 ], [ -52.993459610643818, 48.607542205655186 ], [ -52.993730113086201, 48.604322381235512 ], [ -52.993012360337175, 48.595452179128799 ], [ -52.991641234375024, 48.57024433330141 ], [ -52.991771246671789, 48.567651783625472 ], [ -52.992101086719103, 48.562729916000457 ], [ -52.993214025117673, 48.554596812889727 ], [ -52.993404821314627, 48.547995903203322 ], [ -52.99400511618267, 48.538702350204147 ], [ -52.994801452157056, 48.532268366092509 ], [ -52.994801442880821, 48.532268017317904 ], [ -52.994634447173283, 48.529134447797276 ], [ -52.995547656050817, 48.521601988919869 ], [ -52.995995775352036, 48.51922631454682 ], [ -52.996587472532909, 48.516089214690219 ], [ -52.997715723584605, 48.508023277976989 ], [ -52.99841634996195, 48.504313449332699 ], [ -53.00000001330946, 48.500098239113541 ], [ -53.000000017271454, 48.499999994094814 ], [ -52.999999983229799, 48.499998506736354 ], [ -53.000000005840775, 48.451051520999542 ], [ -53.000000002560924, 48.278699747579914 ], [ -53.000000004392938, 48.256308222075148 ], [ -52.999999995341653, 48.250001385855157 ], [ -52.999999989730128, 48.250000006967198 ], [ -52.958294381148875, 48.250045611549353 ], [ -52.956872563027233, 48.250046853393023 ], [ -52.942450531671582, 48.250058140577998 ], [ -52.925763111943446, 48.240692309303896 ], [ -52.781381251708702, 48.18675028652023 ], [ -52.780455339233463, 48.175151227259683 ], [ -52.775051355011243, 48.107338841918647 ], [ -52.803752006982776, 48.053091372462525 ], [ -52.808147899283753, 48.04477064533733 ], [ -52.820057481259099, 48.022211826767197 ], [ -52.826909868524808, 48.00922165412014 ], [ -52.831402094843881, 48.000072418558581 ], [ -52.834634620283886, 47.993486433254482 ], [ -52.836922451368345, 47.989919536152016 ], [ -52.836735905115816, 47.989083501258953 ], [ -52.831984261776277, 47.905202224516287 ], [ -52.825794565637644, 47.877551613930891 ], [ -52.961965663469179, 47.804457532186902 ], [ -53.018067450584432, 47.800112576473389 ], [ -53.031129335147511, 47.799096039572753 ], [ -53.147705417848968, 47.789941640086376 ], [ -53.147713035769051, 47.789941072573257 ], [ -53.147718627273896, 47.789940675384322 ], [ -53.148123621059931, 47.789910869050118 ], [ -53.148611764926727, 47.789874950433607 ], [ -53.150058043663293, 47.789768536741875 ], [ -53.150062506831986, 47.789768201714665 ], [ -53.157102770442641, 47.789734997140819 ], [ -53.157409680871467, 47.789708125039695 ], [ -53.157965095657246, 47.789659960015335 ], [ -53.159054772347076, 47.789566406084319 ], [ -53.161490501157402, 47.789361289153476 ], [ -53.167870381873236, 47.788593500627357 ], [ -53.168464263967572, 47.78861348715116 ], [ -53.175658978432871, 47.788855476136604 ], [ -53.183818773245079, 47.785772309039331 ], [ -53.197017146603798, 47.780938915584294 ], [ -53.19766060558247, 47.779912919596896 ], [ -53.197877199720786, 47.779056917843853 ], [ -53.197881209073387, 47.779056929172008 ], [ -53.19820861380618, 47.778935254099068 ], [ -53.198774977688721, 47.778724875765135 ], [ -53.198841653752517, 47.778723593568664 ], [ -53.22239268590355, 47.787070618231844 ], [ -53.223503979455764, 47.787358518271986 ], [ -53.225877676446515, 47.787973444244564 ], [ -53.229766281997733, 47.787717504498019 ], [ -53.233678780309162, 47.786630318902716 ], [ -53.236259362989202, 47.785986105586424 ], [ -53.23871515002466, 47.785886971991957 ], [ -53.238891653157275, 47.785944378774964 ], [ -53.243012042855781, 47.78850829374182 ], [ -53.246379565647914, 47.789888473351702 ], [ -53.249962409636453, 47.790878014520189 ], [ -53.253747233947976, 47.791611011831939 ], [ -53.257434308906362, 47.790669625979049 ], [ -53.261780709002615, 47.789503330383774 ], [ -53.265898726057429, 47.788183927316318 ], [ -53.265905924162702, 47.788184742421905 ], [ -53.271037969131918, 47.789061750075 ], [ -53.271984578534251, 47.788991579483564 ], [ -53.272101965624643, 47.788962192687123 ], [ -53.272396669823785, 47.789046505840865 ], [ -53.314520214494465, 47.78390050528202 ], [ -53.373024334970665, 47.776720287238106 ], [ -53.373624663894425, 47.77079618267728 ], [ -53.377225326142565, 47.735231481854072 ], [ -53.377541714862815, 47.732104102219715 ], [ -53.378467320392446, 47.722335475831258 ], [ -53.379658375947784, 47.70975946882551 ], [ -53.380851769044739, 47.697151678657399 ], [ -53.380899581029681, 47.696646744780352 ], [ -53.381156031472337, 47.693826375214172 ], [ -53.381180985054186, 47.693552055370034 ], [ -53.381437287086428, 47.690733221846763 ], [ -53.381573931646358, 47.689230260412529 ], [ -53.381583053869129, 47.689213354806192 ], [ -53.381634079162268, 47.688870347520762 ], [ -53.381667161578598, 47.688843620617227 ], [ -53.38254823470124, 47.679217078439116 ], [ -53.384122365555008, 47.662563552451843 ], [ -53.384752198375381, 47.655898879402315 ], [ -53.38529261916824, 47.650178688785367 ], [ -53.386679876527474, 47.649042649588594 ], [ -53.386771906119478, 47.646992019921896 ], [ -53.387350000651139, 47.645999007230131 ], [ -53.38749229229586, 47.64459807281618 ], [ -53.387555139242565, 47.643160058493422 ], [ -53.387032970591868, 47.641890396925312 ], [ -53.387038311603369, 47.6418711112835 ], [ -53.385367753765834, 47.639718738086806 ], [ -53.384481277430318, 47.638740906798475 ], [ -53.38433702143243, 47.638073941539176 ], [ -53.384324311716362, 47.638015053794497 ], [ -53.384463203135461, 47.637568361271214 ], [ -53.385029105875844, 47.633080150985258 ], [ -53.385390107650878, 47.630765103022448 ], [ -53.386014671868054, 47.629811433400327 ], [ -53.387050324360722, 47.629227867697992 ], [ -53.390066939978716, 47.628680502106171 ], [ -53.395416795948087, 47.627735590455686 ], [ -53.39824314836796, 47.626788865802475 ], [ -53.399786634472122, 47.625855516676374 ], [ -53.400410045718765, 47.624914337289702 ], [ -53.40051389782942, 47.623954698500157 ], [ -53.399783143083297, 47.619521338297531 ], [ -53.407540825939414, 47.609607850209798 ], [ -53.407969489017695, 47.60429022715261 ], [ -53.392361239137088, 47.597320458608429 ], [ -53.38475351246457, 47.580688896229574 ], [ -53.384512193872247, 47.580600309845352 ], [ -53.384296958241265, 47.580286742917011 ], [ -53.385352944537431, 47.578691962060063 ], [ -53.386914887131169, 47.573483900192173 ], [ -53.389731491115725, 47.570263904318018 ], [ -53.392186229007159, 47.56755815301598 ], [ -53.392766072575228, 47.566937167586886 ], [ -53.39385973977182, 47.565673332288547 ], [ -53.401741229201093, 47.558077882399573 ], [ -53.434482242200232, 47.509273410079651 ], [ -53.434694076254253, 47.508957280209721 ], [ -53.436178715043802, 47.506741527222765 ], [ -53.437427645805386, 47.504882091416398 ], [ -53.439486787629612, 47.501816107753378 ], [ -53.445581659495716, 47.49271221642104 ], [ -53.463492009582083, 47.465936796760872 ], [ -53.465894438018218, 47.462343889160969 ], [ -53.474625779572833, 47.449280930208062 ], [ -53.476115344456261, 47.447051561147944 ], [ -53.476214733816981, 47.446902784366799 ], [ -53.487989940137062, 47.429271166109338 ], [ -53.497943496279312, 47.414355801055812 ], [ -53.504800818625661, 47.40407401431424 ], [ -53.5232616979578, 47.31596499578967 ], [ -53.523724643894383, 47.315660331442274 ], [ -53.523767715351127, 47.315632000260649 ], [ -53.523851816761642, 47.315510862937771 ], [ -53.523928318425227, 47.315400700577605 ], [ -53.523847915205458, 47.314898104662312 ], [ -53.523894419974532, 47.314753700017157 ], [ -53.523735889896273, 47.314615201467163 ], [ -53.523298220392377, 47.3145339962267 ], [ -53.522217197620463, 47.314422290604497 ], [ -53.521839391573984, 47.314169892601868 ], [ -53.521565706287355, 47.314207610878888 ], [ -53.521361521209201, 47.314360099420533 ], [ -53.521107280673469, 47.314306804367078 ], [ -53.521158497171569, 47.313996195299701 ], [ -53.521356322874972, 47.313525699448832 ], [ -53.521394738306888, 47.313292513213497 ], [ -53.521433091084035, 47.313059793816606 ], [ -53.522046103989695, 47.312366601261552 ], [ -53.522093489170921, 47.311941604505883 ], [ -53.521971688114576, 47.311608600002067 ], [ -53.521802201840721, 47.311509302563515 ], [ -53.521317786539576, 47.311381400626388 ], [ -53.521140877491341, 47.311244603962699 ], [ -53.521104983121454, 47.310967398253013 ], [ -53.521294904431144, 47.310695207314488 ], [ -53.521299109337399, 47.31057369936493 ], [ -53.52108947535698, 47.310318802604229 ], [ -53.521094313692117, 47.310152600446408 ], [ -53.521261101241045, 47.310048211662 ], [ -53.521553190427916, 47.310008804969648 ], [ -53.521627395609805, 47.309957405928536 ], [ -53.521588496104499, 47.309712383790128 ], [ -53.521137494388498, 47.309230895249634 ], [ -53.520892777725884, 47.308227205022902 ], [ -53.520930703094898, 47.308134499029336 ], [ -53.52094478623119, 47.30803159111958 ], [ -53.521090837275743, 47.307871207038559 ], [ -53.521409449990998, 47.307658966966606 ], [ -53.522729207754857, 47.307149402089919 ], [ -53.523461644945769, 47.306537924024681 ], [ -53.523871702474302, 47.306280843819067 ], [ -53.524966100368822, 47.306217813387697 ], [ -53.525824599348077, 47.306247808940327 ], [ -53.526613502228322, 47.305971885704423 ], [ -53.528042715987688, 47.305949803290709 ], [ -53.528656802755087, 47.305785402538334 ], [ -53.528770781597167, 47.305698497511322 ], [ -53.528939582566345, 47.305224200379214 ], [ -53.529278711636536, 47.3049956963863 ], [ -53.529763291984992, 47.304887696302728 ], [ -53.530165817981207, 47.304838198393931 ], [ -53.530914196479479, 47.304642406643126 ], [ -53.531429698342926, 47.304168395572233 ], [ -53.531851696712167, 47.304027909192428 ], [ -53.532921221550993, 47.30398759612013 ], [ -53.533156896311013, 47.304042505610624 ], [ -53.533386567474075, 47.304017710975856 ], [ -53.534157575998137, 47.303967262413849 ], [ -53.53491047785856, 47.304134673716334 ], [ -53.535676088776619, 47.304207928605756 ], [ -53.536612590887877, 47.304564899827653 ], [ -53.537593310167075, 47.304552860105332 ], [ -53.538677415384043, 47.30452599180024 ], [ -53.540007420526429, 47.303942130186307 ], [ -53.540272402537717, 47.303825791716555 ], [ -53.540958409386938, 47.303788491107994 ], [ -53.54157460140307, 47.303872416897725 ], [ -53.542025417888141, 47.303735596504282 ], [ -53.54234599924321, 47.303508690493338 ], [ -53.542583095912192, 47.303238511024695 ], [ -53.542955796138131, 47.303038687161873 ], [ -53.544028417010743, 47.30296610230895 ], [ -53.544757696998715, 47.302816603267296 ], [ -53.544953808642987, 47.302671199458644 ], [ -53.545114200129788, 47.30243979019049 ], [ -53.545165814927849, 47.302084602981409 ], [ -53.545119616800626, 47.301993199424857 ], [ -53.545249803038629, 47.30165618775915 ], [ -53.545442901731263, 47.301542986256216 ], [ -53.545669434444832, 47.301572273820199 ], [ -53.545678341965036, 47.30156742720466 ], [ -53.545970789306892, 47.301596916888002 ], [ -53.546089857614476, 47.301660025750778 ], [ -53.546411011429619, 47.301416201179777 ], [ -53.546577213733066, 47.301356394282884 ], [ -53.547347207850919, 47.3013178134726 ], [ -53.547674093194686, 47.301217794161261 ], [ -53.547661705706489, 47.301155190317004 ], [ -53.547508101949916, 47.301041792575667 ], [ -53.547680808960784, 47.300872990786949 ], [ -53.54779179618879, 47.300818203860629 ], [ -53.548203507710127, 47.300436409944766 ], [ -53.548696008273268, 47.300321192835291 ], [ -53.548927802325856, 47.300321031648622 ], [ -53.548977006243511, 47.300321004596469 ], [ -53.549729800722744, 47.300621808843132 ], [ -53.550097398912847, 47.300632794655819 ], [ -53.550151832254848, 47.300597145576027 ], [ -53.550221810673357, 47.300551298799668 ], [ -53.550212400848537, 47.300456513828905 ], [ -53.55007088212993, 47.300214501982687 ], [ -53.550216717799664, 47.30009920016942 ], [ -53.550795794737368, 47.299995205617954 ], [ -53.550994304154763, 47.299862295393503 ], [ -53.550985492702736, 47.299722910078813 ], [ -53.550745879410307, 47.299553705882069 ], [ -53.550710204073596, 47.299467697360008 ], [ -53.550903197574257, 47.29935438568814 ], [ -53.551202806843627, 47.299338430482344 ], [ -53.55123700019319, 47.299336584657873 ], [ -53.551296315928049, 47.299299255558317 ], [ -53.551461902818922, 47.299194990984148 ], [ -53.551303384039308, 47.299056505900488 ], [ -53.551502022847011, 47.298923596430626 ], [ -53.551505488305189, 47.298846792075658 ], [ -53.551187902622459, 47.298614600192501 ], [ -53.551173494189349, 47.298494805745392 ], [ -53.551276495650697, 47.298447094285372 ], [ -53.551560041236137, 47.298435582383568 ], [ -53.551559808086736, 47.298430858247322 ], [ -53.551649715521791, 47.298374884260994 ], [ -53.551879844899894, 47.298361893229945 ], [ -53.551953095010852, 47.298315100686075 ], [ -53.55186319047295, 47.2981449074693 ], [ -53.551748907204448, 47.298040588800475 ], [ -53.551731496300462, 47.297952997100076 ], [ -53.551866407654003, 47.297876912158813 ], [ -53.552143360539205, 47.297912771986439 ], [ -53.552356697597787, 47.297940399105244 ], [ -53.552688007250055, 47.297910003117259 ], [ -53.552858099414713, 47.29796460319541 ], [ -53.553239596531938, 47.297904191082928 ], [ -53.553160284591698, 47.297842344178946 ], [ -53.553252529947649, 47.297871214905108 ], [ -53.553633588400622, 47.29781772041818 ], [ -53.553885816970542, 47.297798306962683 ], [ -53.554176803831041, 47.297716400332348 ], [ -53.554645019957299, 47.297431298823462 ], [ -53.554951110577562, 47.2970846121652 ], [ -53.555198711065572, 47.296583892570126 ], [ -53.555498303997354, 47.296346196813204 ], [ -53.556120083577618, 47.296174492852487 ], [ -53.556209607554344, 47.2961827619188 ], [ -53.556778490864666, 47.296235295445015 ], [ -53.697594208542682, 47.236953026389948 ], [ -53.743782567454616, 47.217432135259813 ], [ -53.776148572815316, 47.179837368675756 ], [ -53.791949438953282, 47.1614581868212 ], [ -53.882836127195588, 47.055412742161316 ], [ -53.931601990740312, 46.998281888091697 ], [ -53.931229597382277, 46.998101192936296 ], [ -53.930652190900723, 46.997602487438741 ], [ -53.930194606022617, 46.997143192448156 ], [ -53.929695317688825, 46.996707099468203 ], [ -53.929328070927149, 46.996573329678114 ], [ -53.929252490299611, 46.996545801102435 ], [ -53.92911480484522, 46.996374287230076 ], [ -53.929091985832905, 46.996172696640699 ], [ -53.929142112638395, 46.996008595375947 ], [ -53.929312768916972, 46.995911357957297 ], [ -53.929317097888571, 46.99590890139752 ], [ -53.929588580646346, 46.995825501805562 ], [ -53.929954481916383, 46.995567304189805 ], [ -53.930602100870736, 46.995320209421926 ], [ -53.930913003393421, 46.995156591527639 ], [ -53.931175281017488, 46.995061490434807 ], [ -53.931510804789184, 46.994939809822355 ], [ -53.931788016211549, 46.994702899623391 ], [ -53.931882291476882, 46.994572711559478 ], [ -53.932758206084578, 46.993851407115116 ], [ -53.93283950003098, 46.993703391593677 ], [ -53.932960878803982, 46.993252202020216 ], [ -53.933006325544333, 46.99324179420703 ], [ -53.933006671190526, 46.993233821368158 ], [ -53.932910954672508, 46.992869018505573 ], [ -53.93274099486149, 46.992680890086987 ], [ -53.932783195040159, 46.992523898552705 ], [ -53.932754699679776, 46.992475695400053 ], [ -53.932793882772053, 46.992440104320664 ], [ -53.932760084391091, 46.992411496673114 ], [ -53.932760383104714, 46.992322199092918 ], [ -53.932764668672782, 46.992311435089611 ], [ -53.93311000430635, 46.99144130896503 ], [ -53.93306671941329, 46.990971653192254 ], [ -53.93304950325907, 46.990784600478769 ], [ -53.93282150618861, 46.990309708205309 ], [ -53.932878187677623, 46.990020440759615 ], [ -53.932953815145332, 46.989634334507663 ], [ -53.932980497145493, 46.989498111694296 ], [ -53.93294169549641, 46.989399895124052 ], [ -53.932809187443141, 46.989253405988713 ], [ -53.932614328310187, 46.989111133050308 ], [ -53.932600985474082, 46.989101392114463 ], [ -53.931838209495325, 46.9887416076158 ], [ -53.931400995997677, 46.988471588709373 ], [ -53.930138018100713, 46.98712789753116 ], [ -53.929815390025652, 46.986916886720444 ], [ -53.929354394709733, 46.986757398811072 ], [ -53.929193114370598, 46.986651906642244 ], [ -53.928207881816817, 46.985708304960681 ], [ -53.928127595671732, 46.98554400804835 ], [ -53.927565509062738, 46.985209490369371 ], [ -53.926164687730207, 46.984643604209317 ], [ -53.926013198746261, 46.984547856697738 ], [ -53.925875886109971, 46.984461099100358 ], [ -53.925603403955947, 46.984086005680609 ], [ -53.925214585102303, 46.983371707292164 ], [ -53.925265217438792, 46.983073799548762 ], [ -53.924971192127764, 46.982866398623955 ], [ -53.924906405601405, 46.982777107308017 ], [ -53.924878015039198, 46.982684302261717 ], [ -53.924899434418748, 46.982664801850426 ], [ -53.924925105236788, 46.982641515690815 ], [ -53.924922895645352, 46.98249519097601 ], [ -53.9248477917643, 46.98235590733254 ], [ -53.924488919519227, 46.982103794590877 ], [ -53.924366909313278, 46.981918002535011 ], [ -53.924304908705842, 46.981751994488327 ], [ -53.924048087531176, 46.981362690170911 ], [ -53.923934915378844, 46.980902206597762 ], [ -53.923595192629961, 46.980380586471583 ], [ -53.923101099526043, 46.980014102292181 ], [ -53.922902036757094, 46.979829619935664 ], [ -53.922802199627441, 46.979737097614624 ], [ -53.922477790275963, 46.97929048762537 ], [ -53.92218170704075, 46.978981388679109 ], [ -53.921814216327313, 46.978959400228099 ], [ -53.921600298987009, 46.979005399484187 ], [ -53.921680496706969, 46.979169704340798 ], [ -53.921679982938173, 46.979198396330638 ], [ -53.921469992355348, 46.978976662047202 ], [ -53.921217508710306, 46.97886390157894 ], [ -53.921009313144005, 46.978756504395399 ], [ -53.920910709228188, 46.978638608287653 ], [ -53.920809203282232, 46.978597405786743 ], [ -53.920454334146278, 46.978523044789377 ], [ -53.919933910899275, 46.978414002495583 ], [ -53.919579802413075, 46.978275996397223 ], [ -53.919439421243318, 46.978181196559433 ], [ -53.919385102642671, 46.978052700902929 ], [ -53.919457206757706, 46.977960847617148 ], [ -53.91954739619419, 46.977846004821352 ], [ -53.919547993584132, 46.977667611135963 ], [ -53.919449417014889, 46.977549692925578 ], [ -53.919308904204371, 46.97745489238676 ], [ -53.919017283261219, 46.977349100029258 ], [ -53.918485891468201, 46.977253707229842 ], [ -53.918079608289752, 46.977133493316565 ], [ -53.917354211478603, 46.976591697221309 ], [ -53.91722429175632, 46.976457692965639 ], [ -53.917224600143264, 46.976368514330815 ], [ -53.91692038743021, 46.976155702728157 ], [ -53.916597404486765, 46.97607839135955 ], [ -53.91611789009734, 46.976054388971299 ], [ -53.915964004178207, 46.97607559116048 ], [ -53.91571380119823, 46.976160688480377 ], [ -53.915701595451132, 46.976153935614775 ], [ -53.914205833349236, 46.975696434291578 ], [ -53.914206078217319, 46.97562660442123 ], [ -53.914120501221028, 46.975481993996318 ], [ -53.913590203877021, 46.975074290965878 ], [ -53.913395682558338, 46.974806308361629 ], [ -53.913274597852613, 46.9743976089309 ], [ -53.912673090492419, 46.973506304548259 ], [ -53.912678607087344, 46.973442006625788 ], [ -53.912262886417615, 46.973048794966417 ], [ -53.911365896636042, 46.972440695152791 ], [ -53.911192603727599, 46.972219699700723 ], [ -53.911189392573306, 46.972215587411199 ], [ -53.911186739503748, 46.972209824242746 ], [ -53.911021409909281, 46.971849590359014 ], [ -53.911068101059193, 46.971169912483404 ], [ -53.910867115227724, 46.970552203232145 ], [ -53.91044300880916, 46.970344504901519 ], [ -53.909331588059295, 46.969916201259473 ], [ -53.909135546705983, 46.969871805205059 ], [ -53.908521702468718, 46.96973278368381 ], [ -53.908342284776147, 46.96962909731262 ], [ -53.907585079693497, 46.969294099099287 ], [ -53.907199695782893, 46.969184591591201 ], [ -53.906968209400162, 46.969028242196956 ], [ -53.906778577618269, 46.968900201876586 ], [ -53.906114707199606, 46.968702790397998 ], [ -53.905723598459737, 46.968746714418657 ], [ -53.905655279674534, 46.968775271887019 ], [ -53.90520928457142, 46.968961695651622 ], [ -53.904971919021932, 46.969028996263226 ], [ -53.904859781991853, 46.969027096032384 ], [ -53.904771292278497, 46.969003685587957 ], [ -53.904555692065472, 46.968814193960576 ], [ -53.904209587600256, 46.968669106158309 ], [ -53.903777184790002, 46.968602295068443 ], [ -53.903711891229882, 46.968646803343638 ], [ -53.90362351434392, 46.968578793049126 ], [ -53.902855591280584, 46.9683277096699 ], [ -53.902603586624849, 46.968141704602722 ], [ -53.902035102356017, 46.967546608877981 ], [ -53.901900349044027, 46.967323529602211 ], [ -53.901485978305359, 46.966637504798626 ], [ -53.901364005350693, 46.965859408285702 ], [ -53.900734097785424, 46.964964384230427 ], [ -53.900469095511802, 46.964760482644827 ], [ -53.899982700263891, 46.964520600381071 ], [ -53.899321735844445, 46.964280322572051 ], [ -53.899178604561953, 46.964228304674393 ], [ -53.898505102227254, 46.963847086909475 ], [ -53.898154311270481, 46.96358769363092 ], [ -53.898094051298592, 46.963515588635296 ], [ -53.898006514217208, 46.963410792204563 ], [ -53.898008164631051, 46.963366599624408 ], [ -53.89801228433091, 46.96325739413075 ], [ -53.897972453888755, 46.963216581414471 ], [ -53.897682700545587, 46.962919606633783 ], [ -53.897257396592082, 46.96238720224337 ], [ -53.896558599042706, 46.961836402647734 ], [ -53.896324983946734, 46.961603998129391 ], [ -53.896263320617265, 46.961393395521327 ], [ -53.896258898933439, 46.961190015211521 ], [ -53.896411702749596, 46.960754995124653 ], [ -53.896407895422769, 46.96041778975939 ], [ -53.896267892155308, 46.960233689913494 ], [ -53.896000204941551, 46.960062004244044 ], [ -53.895110200328773, 46.959758801930761 ], [ -53.894813850850042, 46.959564125544588 ], [ -53.894712601545507, 46.959497592216835 ], [ -53.894657054854925, 46.959286688632332 ], [ -53.894545687009938, 46.958863890573078 ], [ -53.894546178292948, 46.958743071903989 ], [ -53.894546783095969, 46.958596297002835 ], [ -53.894583722566487, 46.958503596559758 ], [ -53.894769185739435, 46.95836479448856 ], [ -53.894897795552644, 46.958129611786447 ], [ -53.895205985995844, 46.957953504765179 ], [ -53.895201096215409, 46.957883895764766 ], [ -53.895102506004839, 46.957765996010998 ], [ -53.894930996967553, 46.957655084354471 ], [ -53.894530308464617, 46.957515201133091 ], [ -53.893920905498007, 46.957446189906584 ], [ -53.893423106315801, 46.9574684997228 ], [ -53.893251378485971, 46.957402103416563 ], [ -53.892720213913883, 46.957306599040436 ], [ -53.89142602217737, 46.957118600578681 ], [ -53.891327466598199, 46.957088937846649 ], [ -53.890752003537571, 46.956915694778409 ], [ -53.89046081660625, 46.956765303658642 ], [ -53.890221693943737, 46.956597109964903 ], [ -53.889970092683058, 46.956321901015393 ], [ -53.889863922319392, 46.956166498680467 ], [ -53.889657612743399, 46.955657599446276 ], [ -53.889424788075985, 46.955246806689807 ], [ -53.889361659533783, 46.954850689324111 ], [ -53.88935879922311, 46.954832808728334 ], [ -53.889182897619222, 46.95451849848628 ], [ -53.889014292115768, 46.954330792987122 ], [ -53.888673912743037, 46.95412149199641 ], [ -53.8880259931274, 46.953909703995613 ], [ -53.887723891404399, 46.953887684571356 ], [ -53.887570809098577, 46.953730405594342 ], [ -53.887654581669068, 46.953639598922386 ], [ -53.88787639638916, 46.95354189717213 ], [ -53.887858404474642, 46.953499005071912 ], [ -53.887652791474252, 46.953448710170392 ], [ -53.88724080797023, 46.953526388248584 ], [ -53.887080587251454, 46.953502493975968 ], [ -53.887051708212944, 46.953472561570727 ], [ -53.886543737069907, 46.953314382990101 ], [ -53.886357776138922, 46.953304853163928 ], [ -53.886046492855279, 46.953143997355703 ], [ -53.885387709909608, 46.953060690079482 ], [ -53.883863896076299, 46.952977304082729 ], [ -53.883595701052748, 46.952939310505649 ], [ -53.883384989757957, 46.952864007465557 ], [ -53.882609080534529, 46.952753600502035 ], [ -53.882522998272847, 46.952787300695398 ], [ -53.882452682756181, 46.952762203152147 ], [ -53.881769976662106, 46.9527894022469 ], [ -53.881467493366621, 46.95285658881749 ], [ -53.88138561303164, 46.952889409625293 ], [ -53.88117519863308, 46.952973701509862 ], [ -53.880801279330292, 46.953283403233478 ], [ -53.880440879340703, 46.953477105903637 ], [ -53.880101079602952, 46.95372620093616 ], [ -53.879605196383125, 46.953939199052577 ], [ -53.879214193518067, 46.953983008798595 ], [ -53.878948700130991, 46.953912912349217 ], [ -53.877879308230249, 46.953136011865304 ], [ -53.877616395369529, 46.952944995976814 ], [ -53.876911701209856, 46.952636693008472 ], [ -53.876824431298772, 46.952626624895856 ], [ -53.876549686893441, 46.952594895950902 ], [ -53.876466608700561, 46.952552012749116 ], [ -53.876307313728283, 46.952637296616203 ], [ -53.87538420894186, 46.952808403891524 ], [ -53.873828817802838, 46.953390295850184 ], [ -53.873382977658821, 46.953439301484529 ], [ -53.872736806828698, 46.95346289983388 ], [ -53.872585549519513, 46.953428017561798 ], [ -53.872502593725642, 46.953408889558318 ], [ -53.871887699060217, 46.953403989728599 ], [ -53.871361905592146, 46.953288690856617 ], [ -53.870775888551272, 46.953242891955171 ], [ -53.869970992086607, 46.953217902059095 ], [ -53.869832677435468, 46.953269400925109 ], [ -53.869536698299285, 46.953049287833871 ], [ -53.869516276810479, 46.953020047528767 ], [ -53.869495146534021, 46.952989798906579 ], [ -53.869365805954942, 46.952804494789412 ], [ -53.869280912802189, 46.952570602904714 ], [ -53.869298296130466, 46.952428279408856 ], [ -53.869305286498168, 46.952370904940722 ], [ -53.869271988244961, 46.952253088401548 ], [ -53.868952792318566, 46.951965191538619 ], [ -53.868851983989238, 46.951790094332225 ], [ -53.868544110108701, 46.950599914244698 ], [ -53.868309475156394, 46.949821507354073 ], [ -53.868127029561954, 46.949161025253161 ], [ -53.867842278239991, 46.948630393774991 ], [ -53.86760507983545, 46.948444395651471 ], [ -53.866804429637057, 46.947868265433101 ], [ -53.866237552723199, 46.947481586592751 ], [ -53.865497948279767, 46.947207288423073 ], [ -53.865144042665577, 46.946981292516377 ], [ -53.864932388822275, 46.946675005407265 ], [ -53.792362117792827, 46.886575014405352 ], [ -53.813156597599686, 46.821216767683929 ], [ -53.826407150175513, 46.779474151802134 ], [ -53.834326747272534, 46.75406883521422 ], [ -53.834356725014487, 46.753972722827577 ], [ -53.8343967736539, 46.753994644054508 ], [ -53.840751616849261, 46.757474176324237 ], [ -53.859523417220359, 46.757963237965924 ], [ -53.998136155261619, 46.754236853054557 ], [ -53.999999981349141, 46.754424000548902 ], [ -54.000001603169821, 46.754424171160842 ], [ -54.061353432353116, 46.760562805693155 ], [ -54.141018054212502, 46.766540774096747 ], [ -54.186490451323564, 46.787301576343417 ], [ -54.197969324116983, 46.792535988506067 ], [ -54.215745398931489, 46.805493127926269 ], [ -54.228321966969382, 46.833447473975781 ], [ -54.225162371681051, 46.871725006973918 ], [ -54.21678656598332, 46.912180671021446 ], [ -54.202927435071814, 46.947485166686739 ], [ -54.184135263226231, 46.995904032949824 ], [ -54.183807523845303, 46.996747538759713 ], [ -54.183466800029009, 46.998695761675322 ], [ -54.183228493460703, 47.000058222607443 ], [ -54.183227193798849, 47.000065797584519 ], [ -54.359142569001627, 47.013357701545878 ], [ -54.368236024566166, 47.002372539201744 ], [ -54.370107895179999, 47.000086517605574 ], [ -54.370110040062826, 47.00008391104992 ], [ -54.408491037257434, 46.953154029198735 ], [ -54.459237504102305, 46.890224789015292 ], [ -54.488367906215025, 46.853661792502379 ], [ -54.488411011996781, 46.853607660249253 ], [ -54.494898761879611, 46.849242253281155 ], [ -54.4989736624497, 46.846499739317203 ], [ -54.500849858565374, 46.846205194643943 ], [ -54.508693189793213, 46.844973353998746 ], [ -54.537605822839019, 46.840991679049765 ], [ -54.589689279825649, 46.826100796422637 ], [ -54.600418233009087, 46.823028556250001 ], [ -54.612761813352947, 46.819330148678702 ], [ -54.643215231501351, 46.810196121837379 ], [ -54.682067233095943, 46.798523521019519 ], [ -54.748735957690592, 46.799374171296655 ], [ -54.833564372474932, 46.800390391856936 ], [ -54.842766999060281, 46.800434859193274 ], [ -54.857550463969325, 46.800541967039116 ], [ -54.873093190271142, 46.800652021951407 ], [ -54.940393146493172, 46.801098512483875 ], [ -54.954873602439669, 46.801188186261712 ], [ -54.968490873392106, 46.801270428042486 ], [ -54.981760625101302, 46.801348668848469 ], [ -54.997460761071842, 46.801288385623856 ], [ -54.998992252171902, 46.801282356272559 ], [ -55.001801550057529, 46.801271229997809 ], [ -55.120121315609076, 46.800725594054747 ], [ -55.120253648830307, 46.800725365956822 ], [ -55.181134333169105, 46.80059450813544 ], [ -55.227531820479598, 46.800172601210775 ], [ -55.294933287495823, 46.80016247592588 ], [ -55.359140050471893, 46.800107238605108 ], [ -55.443190298265293, 46.799866475208951 ], [ -55.490078018635081, 46.799699040451088 ], [ -55.500000001671758, 46.799691263359122 ], [ -55.528020965368889, 46.799663584837631 ], [ -55.528020758569028, 46.799673697093333 ], [ -55.598242262304957, 46.799009379910537 ], [ -55.645990285346997, 46.798527257891557 ], [ -55.698623572260594, 46.79796724894269 ], [ -55.77106379497301, 46.797147546533942 ], [ -55.887935621749008, 46.795705628057306 ], [ -55.957209012267512, 46.794781305315674 ], [ -56.000000005195304, 46.84218502367132 ], [ -55.999999980874797, 46.891799051479303 ], [ -55.999995436738843, 47.000009758452968 ], [ -55.999995438893954, 47.000718758197792 ], [ -55.999995421955624, 47.013937520838184 ], [ -55.997907611503365, 47.216566170268152 ], [ -55.919440267709248, 47.217871522426123 ], [ -55.812429889745346, 47.220791097053656 ], [ -55.792257386617273, 47.221332686784635 ], [ -55.743667352877416, 47.242389874610083 ], [ -55.743667960410797, 47.242397433021615 ], [ -55.725754525124607, 47.250028651145023 ], [ -55.725752974517597, 47.250029309122382 ], [ -55.592792766270087, 47.306487313654536 ], [ -55.557585951549179, 47.32138284527278 ], [ -55.500005424104216, 47.345695751248215 ], [ -55.500000009086044, 47.345698027372308 ], [ -55.467579296225495, 47.359360842923429 ], [ -55.467518615756532, 47.359318219274819 ], [ -55.370193034862311, 47.402822966980722 ], [ -55.228635233825294, 47.465777135201975 ], [ -55.188618999476915, 47.500056097456252 ], [ -55.188612464957544, 47.500061688045548 ], [ -55.109652398897659, 47.567186544732834 ], [ -55.109780330005705, 47.567210981860178 ], [ -55.100663243671633, 47.587289837195875 ], [ -55.097124260051956, 47.59865244029875 ], [ -55.099093431831719, 47.614669995815198 ], [ -55.080581350620484, 47.635786480492293 ], [ -55.072118399327593, 47.637310252858072 ], [ -55.068130775971689, 47.641253960607386 ], [ -55.067372621176517, 47.652470759526082 ], [ -55.033787997047817, 47.676374261473413 ], [ -55.030089152078844, 47.680180987571077 ], [ -55.022368513127404, 47.701445633337251 ], [ -55.022181797805985, 47.710350588199802 ], [ -54.992757941614592, 47.730471038850048 ], [ -54.98166251214689, 47.747955131996292 ], [ -54.978558947380726, 47.750009197716473 ], [ -54.963965830161392, 47.759664626610238 ], [ -54.952170031612305, 47.776984774250593 ], [ -54.945149160154969, 47.782955957541986 ], [ -54.94086492531337, 47.791591448051086 ], [ -54.760526129042709, 48.094422570607009 ], [ -54.752684552526432, 48.107492006087114 ], [ -54.749730884576032, 48.11241273381512 ], [ -54.666824260005185, 48.250072835262642 ], [ -54.629313923940224, 48.312064406202261 ], [ -54.498341561630106, 48.527104459546017 ], [ -54.38701942383684, 48.708172703539041 ], [ -54.361019823884831, 48.750237662650669 ], [ -54.321369098227748, 48.814226501579647 ], [ -54.318991106943812, 48.854671407945474 ], [ -54.25682584391641, 48.905675371945321 ], [ -54.215158045995821, 48.939775766511914 ], [ -54.215160914009005, 48.939807896080524 ], [ -54.215167537739305, 48.939812408538685 ], [ -54.219862794491128, 48.958002576400318 ], [ -54.223968882871084, 48.973898081894312 ], [ -54.259093044443958, 49.109410051608634 ], [ -54.269588089394794, 49.149741351955676 ], [ -54.315883864372296, 49.326782014981397 ], [ -54.325103182806856, 49.326921147301583 ], [ -54.341353456581487, 49.327164247827405 ], [ -54.414234786666817, 49.3282212012586 ], [ -54.417568109259754, 49.328372215932554 ], [ -54.454931728068878, 49.330057126969223 ], [ -54.454630371551325, 49.331661504174519 ], [ -54.452203836489787, 49.349872635620081 ], [ -54.443590730069502, 49.414394427773203 ], [ -54.439633231413545, 49.443978239655756 ], [ -54.435232500844535, 49.476829386336171 ] ] ] } }
]
}
