{
"type": "FeatureCollection",
"name": "federal_NT",
"crs": { "type": "name", "properties": { "name": "urn:ogc:def:crs:OGC:1.3:CRS84" } },
"features": [
{ "type": "Feature", "properties": { "FED_NUM": 61001, "ED_NAMEE": "Northwest Territories", "ED_NAMEF": "Territoires du Nord-Ouest", "REP_ORDER": "2023", "SHAPE_AREA": 2484318940550.0, "SHAPE_LEN": 10173596.8848, "NUM_CF": null, "CF_NOMFR": null, "CF_NOMAN": null, "DEC_REP": null, "PROV_CODE": "61", "PROV_NAME": "NT" }, "geometry": { "type": "Polygon", "coordinates": [ [ [ -129.183122821872161, 62.180720562324851 ], [ -129.163325751484308, 62.203971337700217 ], [ -129.163403250523857, 62.203981115983588 ], [ -129.205019489989837, 62.2092231934555 ], [ -129.219354110088403, 62.232488162465039 ], [ -129.221745001850167, 62.236364827008344 ], [ -129.26967035319737, 62.257982512548999 ], [ -129.255872003752984, 62.272058346103115 ], [ -129.24594831048978, 62.282172523152859 ], [ -129.264541193306997, 62.299880704529556 ], [ -129.260157396270273, 62.314788603245688 ], [ -129.25628198556069, 62.327955081720134 ], [ -129.246164115699969, 62.333848965304611 ], [ -129.214221027149506, 62.352436290099632 ], [ -129.209613606863485, 62.354136507418396 ], [ -129.189498383487262, 62.361555350644267 ], [ -129.190158312057974, 62.361669840260838 ], [ -129.193977932762579, 62.362332373450499 ], [ -129.263064256440174, 62.37429236243716 ], [ -129.264681251056572, 62.376180889758338 ], [ -129.284855967523697, 62.399721514753132 ], [ -129.267650139623157, 62.405044672509476 ], [ -129.238492403823983, 62.414056240453249 ], [ -129.24390761680786, 62.430868758368973 ], [ -129.232209062876677, 62.436520871873917 ], [ -129.222718167264247, 62.441104076534423 ], [ -129.174080892955544, 62.445005246323937 ], [ -129.174011835463489, 62.445166645165251 ], [ -129.17141828465958, 62.45122677863273 ], [ -129.162341632220745, 62.47241533190504 ], [ -129.159681940189586, 62.478618257535693 ], [ -129.186236507279716, 62.479319186987617 ], [ -129.209394541802226, 62.501556857501512 ], [ -129.212470150813402, 62.504507386427221 ], [ -129.27430758245842, 62.514118907111573 ], [ -129.324273780130653, 62.524604171243638 ], [ -129.332105909018452, 62.531515865595516 ], [ -129.345862500561367, 62.543646906259255 ], [ -129.356568941702108, 62.553080357817393 ], [ -129.373458478935419, 62.563214099584478 ], [ -129.386953293082087, 62.571304532910389 ], [ -129.402244793504138, 62.573242821157081 ], [ -129.439348090321147, 62.577937829325307 ], [ -129.441750747118846, 62.575717169712803 ], [ -129.453651343901356, 62.564712447074484 ], [ -129.459484173099838, 62.561948519203931 ], [ -129.474120850608472, 62.555009528282753 ], [ -129.477616416975195, 62.553351622497942 ], [ -129.482405420776104, 62.551079803212353 ], [ -129.487468742237894, 62.551223096096166 ], [ -129.522394753602043, 62.552206356634258 ], [ -129.52249033206391, 62.561150837049112 ], [ -129.522531728260276, 62.565022642927424 ], [ -129.522587352069252, 62.570221433934151 ], [ -129.522642704690611, 62.575397773343823 ], [ -129.497035650406872, 62.581824025008601 ], [ -129.484966814122316, 62.584850127176061 ], [ -129.464583743190644, 62.595143330611144 ], [ -129.463112748049497, 62.611732598995353 ], [ -129.46301843295069, 62.612795459894066 ], [ -129.462344733853882, 62.62038692730583 ], [ -129.470037963358379, 62.623995963477888 ], [ -129.504990104889515, 62.640376089025438 ], [ -129.495460450198863, 62.651009696278521 ], [ -129.494681345465239, 62.651878725033413 ], [ -129.49465019437082, 62.651881092880522 ], [ -129.494265686521118, 62.652223541520321 ], [ -129.494227655411436, 62.652384674097291 ], [ -129.485219466478611, 62.662427756670027 ], [ -129.492253181735407, 62.663495851565997 ], [ -129.526646134996412, 62.668712448331561 ], [ -129.526659610032567, 62.668714461105445 ], [ -129.53039894974026, 62.682021389053176 ], [ -129.566695690686629, 62.68117950109125 ], [ -129.587186607075211, 62.698525240886106 ], [ -129.590127243399451, 62.701012634463702 ], [ -129.597649914682535, 62.721465718466092 ], [ -129.60371932701193, 62.737946762375572 ], [ -129.607974540073229, 62.749490157789531 ], [ -129.636207140404025, 62.774169157715463 ], [ -129.639405222498283, 62.776519190442407 ], [ -129.665563634441497, 62.795724237369399 ], [ -129.665344858072331, 62.808906280145635 ], [ -129.665256919798139, 62.814203446974481 ], [ -129.702125651475569, 62.822116011044393 ], [ -129.706778382140101, 62.823956007490871 ], [ -129.743257547640553, 62.838368826064496 ], [ -129.748471548191873, 62.871229126928554 ], [ -129.750034401188543, 62.881064380726698 ], [ -129.743437218610268, 62.88055229454995 ], [ -129.684236966617448, 62.875942307185696 ], [ -129.709677737331646, 62.907657780088734 ], [ -129.691272963770757, 62.917703598068073 ], [ -129.688218768451122, 62.919369743295199 ], [ -129.683556320090133, 62.921912730380654 ], [ -129.675225382814091, 62.926455123628273 ], [ -129.678711505087875, 62.941168378592089 ], [ -129.653647218348738, 62.951261399047482 ], [ -129.649357272913846, 62.952987761595011 ], [ -129.649357016755033, 62.952987872272118 ], [ -129.637317587399821, 62.978967871220519 ], [ -129.630471187100056, 62.986224209127201 ], [ -129.617463174430327, 63.000000145313408 ], [ -129.607947271002558, 63.010068765466855 ], [ -129.607788877448257, 63.01033164514871 ], [ -129.58858365810292, 63.042165233992932 ], [ -129.597493390638022, 63.053347271495745 ], [ -129.610314219573638, 63.069421733267212 ], [ -129.613208522932837, 63.073047940396798 ], [ -129.673561647671846, 63.061619075781813 ], [ -129.679663847269012, 63.061519829799643 ], [ -129.729319945253707, 63.060702236554349 ], [ -129.740713352945477, 63.060512149437599 ], [ -129.756796633197922, 63.06833789121184 ], [ -129.773732422861428, 63.076571910939442 ], [ -129.803393760806301, 63.080224736400673 ], [ -129.821000904739378, 63.082389669598655 ], [ -129.813863471474377, 63.102631674342895 ], [ -129.813495939685708, 63.103673220602474 ], [ -129.844916329896762, 63.131865213348298 ], [ -129.861500694676096, 63.149920416150152 ], [ -129.868510755713032, 63.157544830475672 ], [ -129.870094764458258, 63.169144117020799 ], [ -129.870462298298122, 63.171834243371542 ], [ -129.895728358993892, 63.178488483797786 ], [ -129.89878599435886, 63.181310062148029 ], [ -129.910106940310214, 63.191751867684403 ], [ -129.910485527057773, 63.192100875710452 ], [ -129.912352051428797, 63.191575171298688 ], [ -129.929350041400028, 63.18678577942417 ], [ -129.936964225819139, 63.184639184456941 ], [ -129.942593708445116, 63.183051666821903 ], [ -129.98758381006553, 63.198898043736243 ], [ -129.999892419410259, 63.216478056240163 ], [ -130.00000001450249, 63.216631648397673 ], [ -130.008968922995734, 63.229427393659577 ], [ -130.013893945687585, 63.236448661328609 ], [ -130.027987812428563, 63.242876023213832 ], [ -130.032003876724133, 63.244706691754743 ], [ -130.032618709392182, 63.244986931196188 ], [ -130.048781132604063, 63.252350721365772 ], [ -130.104037052665518, 63.244052303194479 ], [ -130.105618585113291, 63.24400270892184 ], [ -130.10648976368978, 63.244092825184147 ], [ -130.108359131107704, 63.24391672176484 ], [ -130.157762902440709, 63.242357562711653 ], [ -130.130001654765778, 63.266816469817343 ], [ -130.13000946534433, 63.266827714547048 ], [ -130.139140295478541, 63.279974474143565 ], [ -130.145267459282138, 63.288789420644555 ], [ -130.108304670252153, 63.305617799864827 ], [ -130.057976212643922, 63.304158261142305 ], [ -130.05424050631288, 63.309783358486222 ], [ -130.04165819938342, 63.328712397154639 ], [ -130.040836430834389, 63.3299477588277 ], [ -129.999999992086231, 63.328024643028314 ], [ -129.991370625584722, 63.327616731592272 ], [ -129.990351005330069, 63.327568483698116 ], [ -129.96345339792137, 63.334319680572236 ], [ -129.923697393346544, 63.344283084643259 ], [ -129.909501423449882, 63.349917497721393 ], [ -129.879265093328257, 63.361906264512186 ], [ -129.866220016203187, 63.367073574399505 ], [ -129.872276981360045, 63.374324311078347 ], [ -129.908527149558154, 63.417636887794131 ], [ -129.892645828005499, 63.430380417905155 ], [ -129.885683081424673, 63.435963335789914 ], [ -129.884752232528569, 63.437727795774975 ], [ -129.874331941111734, 63.457463918682855 ], [ -129.874322805647068, 63.457481218644062 ], [ -129.784928019595213, 63.4459695403404 ], [ -129.810633999695966, 63.468767924134134 ], [ -129.819160111700938, 63.476320578788687 ], [ -129.82918282387817, 63.485193194662763 ], [ -129.862021766230981, 63.514220310326927 ], [ -129.870533963178389, 63.5217335111167 ], [ -129.897371790014489, 63.552860692357179 ], [ -129.903355840777607, 63.554088260752913 ], [ -129.960327510187653, 63.565757613124859 ], [ -129.956035027616821, 63.569253169545775 ], [ -129.928072544740274, 63.592000324900489 ], [ -129.962460774537874, 63.609801189076023 ], [ -130.000000018745851, 63.612600227062408 ], [ -130.010277050811226, 63.613364713860591 ], [ -130.042710799396588, 63.60428223772621 ], [ -130.081363682345909, 63.608026140315339 ], [ -130.099276849224282, 63.632647656184375 ], [ -130.093478804565507, 63.653596603329383 ], [ -130.091548223782183, 63.660565024709825 ], [ -130.075097635658722, 63.679842151126721 ], [ -130.072512464817578, 63.682868956656613 ], [ -130.10618780942346, 63.688480768959643 ], [ -130.152886258083015, 63.674156546196201 ], [ -130.205583535505838, 63.656478886548335 ], [ -130.232144396709856, 63.647553108226496 ], [ -130.268635408333637, 63.644783939048608 ], [ -130.30776044147288, 63.665506305870366 ], [ -130.309710916187555, 63.677999158158514 ], [ -130.339667004453048, 63.690882767167381 ], [ -130.319361219215864, 63.712369552173769 ], [ -130.318012976076261, 63.713794963550114 ], [ -130.269487040862487, 63.713501981187797 ], [ -130.233520175784435, 63.716373867428779 ], [ -130.215678381994081, 63.717794936064223 ], [ -130.189609921131137, 63.741996575621222 ], [ -130.185111086272741, 63.742078617078576 ], [ -130.127912045714936, 63.743109571771718 ], [ -130.121958068562549, 63.743215587653538 ], [ -130.101228527710987, 63.754179283987121 ], [ -130.1048644815221, 63.778137129629968 ], [ -130.106265542106513, 63.787358283471441 ], [ -130.137662463040982, 63.799294073549902 ], [ -130.129325245913293, 63.810783690699729 ], [ -130.1305476426665, 63.817490822210075 ], [ -130.132695463466547, 63.829267173775087 ], [ -130.109368056378543, 63.839414919734757 ], [ -130.144234702369118, 63.861424209711494 ], [ -130.173886300624019, 63.85628939824138 ], [ -130.185897376608835, 63.854207151594949 ], [ -130.218575871783628, 63.869319178029983 ], [ -130.23039754922965, 63.861685492574011 ], [ -130.239877233237735, 63.855560413225817 ], [ -130.245685085439106, 63.836227237908268 ], [ -130.259224755779826, 63.833358452273878 ], [ -130.260262454436429, 63.833339319293536 ], [ -130.262664332131379, 63.832959338944484 ], [ -130.266544648277772, 63.832009867599496 ], [ -130.267428722397426, 63.83161931946691 ], [ -130.29037961476115, 63.826750324194776 ], [ -130.308324676246144, 63.822939602958073 ], [ -130.31850945631345, 63.819770731367221 ], [ -130.32340099281646, 63.818248294084754 ], [ -130.339362557788291, 63.813278093692993 ], [ -130.369145919594075, 63.84852597748452 ], [ -130.394376763455654, 63.852983753434458 ], [ -130.409290045211122, 63.86739528689634 ], [ -130.411598084927903, 63.869624210185172 ], [ -130.442895052776606, 63.891143227683557 ], [ -130.457847909516488, 63.896569819215792 ], [ -130.538236806896634, 63.925681575477391 ], [ -130.557221128069983, 63.916676677609509 ], [ -130.592077711193127, 63.921740107644645 ], [ -130.626115754589989, 63.944636097777853 ], [ -130.630581127231608, 63.947636392917005 ], [ -130.658760456088174, 63.946995180188722 ], [ -130.688662370174796, 63.946308733325175 ], [ -130.695410425131399, 63.950304654093358 ], [ -130.718105779742331, 63.963733278646075 ], [ -130.763925952051295, 63.973694170656849 ], [ -130.77570257794369, 63.976250817552149 ], [ -130.774285645831327, 63.987879088475268 ], [ -130.772807472276327, 64.000000071355856 ], [ -130.772274160668587, 64.004370476543968 ], [ -130.772058544220243, 64.006136947184942 ], [ -130.771725385536314, 64.008866389594473 ], [ -130.754541606715719, 64.015154124549653 ], [ -130.741578656760254, 64.019894186388541 ], [ -130.723321698324128, 64.026565400971293 ], [ -130.735798632286361, 64.028592021491306 ], [ -130.772129680685168, 64.034485436212861 ], [ -130.808982692347826, 64.040451703768767 ], [ -130.835674605231645, 64.036730460786373 ], [ -130.864923765462152, 64.032645893697378 ], [ -130.870342964482518, 64.031888361534371 ], [ -130.877433468319424, 64.058988572775874 ], [ -130.883474580241341, 64.082036014713523 ], [ -130.948682875913022, 64.110400489923819 ], [ -130.955416684517957, 64.113324608740655 ], [ -130.96776877256238, 64.13004531051412 ], [ -130.952801289663682, 64.14106386741264 ], [ -130.946314001362055, 64.141731023606681 ], [ -130.905088999506916, 64.145963128355689 ], [ -130.875422765525087, 64.16272626109118 ], [ -130.859059454906145, 64.171961246739869 ], [ -130.867678200416549, 64.182011559924504 ], [ -130.870812894134986, 64.185665045641699 ], [ -130.910476256752503, 64.18573282429044 ], [ -130.934129063935785, 64.185768096664589 ], [ -130.943965113210396, 64.185781654348688 ], [ -130.938185380068347, 64.200364039694477 ], [ -130.940783168606458, 64.206895501573598 ], [ -130.947200446314781, 64.223016602944838 ], [ -130.982648254479642, 64.250740447310079 ], [ -131.015722159050142, 64.258788953885599 ], [ -131.065043038941951, 64.270768543355118 ], [ -131.07370797917622, 64.272870389187631 ], [ -131.07634691276391, 64.278774367433769 ], [ -131.079118358789032, 64.284971963719642 ], [ -131.041691116818271, 64.299038635397892 ], [ -131.037309772115776, 64.300683755288944 ], [ -131.034231194651539, 64.30183951107503 ], [ -131.026617291612581, 64.304697223055371 ], [ -131.036286739994011, 64.310985482978211 ], [ -131.053595067002277, 64.322232772259611 ], [ -131.062865679327075, 64.328252390669604 ], [ -131.067247513330301, 64.355550869176298 ], [ -131.068174454696731, 64.361319169914665 ], [ -131.110381855157328, 64.376464785845116 ], [ -131.147351740240168, 64.403791861804223 ], [ -131.172869220954169, 64.409644516110873 ], [ -131.225117717095827, 64.421606604473382 ], [ -131.295525121076452, 64.446784771609032 ], [ -131.311400620478082, 64.444714799581206 ], [ -131.359840989687001, 64.4383862398237 ], [ -131.380488977875757, 64.435682923950324 ], [ -131.372362785903135, 64.450872939200551 ], [ -131.416554611268964, 64.441274573593816 ], [ -131.431959585561117, 64.437923955491343 ], [ -131.419606377453164, 64.411458780754117 ], [ -131.433573514909142, 64.402754153235946 ], [ -131.451031608484698, 64.391864273682799 ], [ -131.503554280108006, 64.389750341118017 ], [ -131.506911754532069, 64.38729547079447 ], [ -131.517985287081558, 64.379195319957361 ], [ -131.559461756759333, 64.38333683202454 ], [ -131.559909881040852, 64.383025478066457 ], [ -131.578756439606678, 64.36992350347704 ], [ -131.623513430568863, 64.353666252779433 ], [ -131.658533087169758, 64.369275202670281 ], [ -131.676324937102919, 64.377195418971482 ], [ -131.682679664939002, 64.376223767739475 ], [ -131.688031249538341, 64.375405233784875 ], [ -131.721379926668106, 64.370298975911808 ], [ -131.76544057145577, 64.379849141488805 ], [ -131.783892009271028, 64.37511614929295 ], [ -131.808421633534266, 64.368817886728749 ], [ -131.858310474502815, 64.381272373170418 ], [ -131.849551812841639, 64.387093829267755 ], [ -131.828390708427634, 64.401146208513481 ], [ -131.82485464401725, 64.424699746735243 ], [ -131.823867957951791, 64.425161592693314 ], [ -131.811860964489114, 64.430779729316797 ], [ -131.808792537187429, 64.432214938782352 ], [ -131.716042267123896, 64.475496680334857 ], [ -131.71421018811148, 64.475955607226496 ], [ -131.676037867133431, 64.485509120583956 ], [ -131.707467133023954, 64.508183104303171 ], [ -131.692753013441489, 64.516688191208914 ], [ -131.684646179051043, 64.521371236396519 ], [ -131.734002953753986, 64.526477936079402 ], [ -131.785799961232016, 64.531817335177806 ], [ -131.806390678829615, 64.533934250136085 ], [ -131.838720117105794, 64.525344949502198 ], [ -131.855372257391366, 64.537824956767125 ], [ -131.833082581217894, 64.547482345455876 ], [ -131.830102592914471, 64.548772702021893 ], [ -131.896407808195391, 64.566273353661728 ], [ -131.926468540862231, 64.583635099228474 ], [ -131.930271482678819, 64.58582952325105 ], [ -131.938096047658917, 64.590343070386595 ], [ -131.981990140075453, 64.63183230718829 ], [ -131.999999995601911, 64.652959238661694 ], [ -132.002005932350556, 64.655232338798726 ], [ -132.016377792383025, 64.671878411674953 ], [ -132.025115554800522, 64.681900193324793 ], [ -132.037715788823078, 64.696423103245721 ], [ -132.049901640904693, 64.69748572541414 ], [ -132.064094975897319, 64.698680117534877 ], [ -132.074754493994192, 64.699593304126836 ], [ -132.086870055164184, 64.700630697670178 ], [ -132.107927777751485, 64.702400820377534 ], [ -132.124261477624202, 64.703741659258455 ], [ -132.13710592298898, 64.709235003186834 ], [ -132.158880035197541, 64.718503881834735 ], [ -132.185412162934568, 64.72979072138375 ], [ -132.199091749325675, 64.735585986193527 ], [ -132.216249456423469, 64.742877764283676 ], [ -132.246127870856213, 64.749442310456331 ], [ -132.299090171120696, 64.761211402714252 ], [ -132.321534277280108, 64.769753326126462 ], [ -132.356964199766452, 64.783168013881934 ], [ -132.3597717974734, 64.7829356167898 ], [ -132.372091258139477, 64.781915298321408 ], [ -132.373759466966476, 64.781777571740975 ], [ -132.398933881359056, 64.779696895157755 ], [ -132.405542889388329, 64.779151896362634 ], [ -132.415421662367265, 64.77833670840252 ], [ -132.422031458839882, 64.777790881744707 ], [ -132.464239760669813, 64.788694097568154 ], [ -132.477820190091904, 64.784698164893044 ], [ -132.511911370999968, 64.774481725121149 ], [ -132.546027571700762, 64.770245900244447 ], [ -132.552200479326928, 64.782210180564533 ], [ -132.559226249228715, 64.796122050001742 ], [ -132.585841611621703, 64.809221861436171 ], [ -132.627649066893866, 64.829681060429124 ], [ -132.586896599949029, 64.834589222359398 ], [ -132.553819381547129, 64.84930254406936 ], [ -132.518566022138685, 64.86328327514255 ], [ -132.511133549784915, 64.866227938021538 ], [ -132.481683061917494, 64.88402324525417 ], [ -132.477917263708974, 64.887433021057504 ], [ -132.465268611776651, 64.898878784915908 ], [ -132.462292296221023, 64.901570452723547 ], [ -132.466606931479362, 64.906635788918607 ], [ -132.491279713775128, 64.935562759262993 ], [ -132.490318728262025, 64.962403385439586 ], [ -132.483088762495612, 64.964472352526897 ], [ -132.478573301242022, 64.965764189885803 ], [ -132.437818529668277, 64.977411998008336 ], [ -132.414188741352405, 64.984382692408232 ], [ -132.408955237507882, 65.000000114353938 ], [ -132.405598749119548, 65.010006573013698 ], [ -132.37121772729185, 65.025309713165697 ], [ -132.337724552738251, 65.038305678308134 ], [ -132.336195189958886, 65.059410558216896 ], [ -132.336100219755139, 65.060719684111646 ], [ -132.3402816501426, 65.061418195775062 ], [ -132.369667454698913, 65.066322680241271 ], [ -132.439231241314161, 65.077902915163122 ], [ -132.459468319427458, 65.081111620002005 ], [ -132.519368448087278, 65.081518434159634 ], [ -132.542742072378076, 65.089901096020171 ], [ -132.53446207966914, 65.121183015030041 ], [ -132.530948298797824, 65.128729243774131 ], [ -132.529601245290962, 65.13152517365539 ], [ -132.509337147021427, 65.173512122971886 ], [ -132.554764240799642, 65.171238144430177 ], [ -132.596631930116985, 65.146276148340135 ], [ -132.642767269000387, 65.142080197940004 ], [ -132.656710342186358, 65.140809057930412 ], [ -132.726871571357947, 65.158380834137731 ], [ -132.772721218843969, 65.183043278984357 ], [ -132.763964694968223, 65.196464757699886 ], [ -132.706687005333464, 65.199286292578662 ], [ -132.74789716952472, 65.227366898437438 ], [ -132.743006785527257, 65.229381226109197 ], [ -132.70970260753208, 65.243086838151584 ], [ -132.669354296985205, 65.259662539089874 ], [ -132.657004714194585, 65.278130467516178 ], [ -132.607558731906067, 65.28260270895008 ], [ -132.566424278927684, 65.284043475231883 ], [ -132.5550909690526, 65.315153547530144 ], [ -132.546619166258239, 65.331837828337711 ], [ -132.537148178826413, 65.350464377338213 ], [ -132.508213404910947, 65.366607562757665 ], [ -132.504617449273695, 65.36861202093111 ], [ -132.484979545445185, 65.375211354992913 ], [ -132.446253135606668, 65.38820830410171 ], [ -132.440107565054689, 65.389455791074141 ], [ -132.376436555819907, 65.402358992846459 ], [ -132.349387157166177, 65.429423575831194 ], [ -132.341622125170034, 65.433444708764526 ], [ -132.314957644381991, 65.447240594428479 ], [ -132.298956778586387, 65.451470747534415 ], [ -132.275370327597358, 65.457700750431911 ], [ -132.281635606973794, 65.480841660980985 ], [ -132.283207012533865, 65.49871771701234 ], [ -132.283368513328554, 65.500553320848198 ], [ -132.277164451066255, 65.505500173467667 ], [ -132.248183703669412, 65.528580335433219 ], [ -132.245949732074308, 65.53022746836956 ], [ -132.214873711053684, 65.553115161742326 ], [ -132.210580096739307, 65.557027275814988 ], [ -132.195616999874005, 65.570650737641799 ], [ -132.191031235197187, 65.574822826269553 ], [ -132.183559934147951, 65.583911216877581 ], [ -132.168321256713369, 65.602427313745935 ], [ -132.198812889881509, 65.618594647717615 ], [ -132.221065337331964, 65.639599455126373 ], [ -132.24469789769455, 65.666695273699688 ], [ -132.29861619937796, 65.685962261584081 ], [ -132.292242907829319, 65.693723723018167 ], [ -132.290622729335013, 65.695696018206178 ], [ -132.283225022587203, 65.704697413563011 ], [ -132.299729006339675, 65.721532954401482 ], [ -132.313460959765422, 65.739857551041538 ], [ -132.354482619788342, 65.746922990998229 ], [ -132.364863072030602, 65.756567196909586 ], [ -132.375483009873705, 65.766425811017257 ], [ -132.414387790625284, 65.788776134704534 ], [ -132.434361185384489, 65.792309492506817 ], [ -132.484646375702056, 65.801189443534156 ], [ -132.48526551939932, 65.801514456182431 ], [ -132.519702554300295, 65.819574719585106 ], [ -132.535974682643285, 65.823497653505257 ], [ -132.540086566555459, 65.824488490466678 ], [ -132.563679587438799, 65.830170195337956 ], [ -132.596368963870731, 65.856704131018233 ], [ -132.594749546968188, 65.858357953417496 ], [ -132.577899650543202, 65.875552826826663 ], [ -132.571020616477568, 65.87999595626502 ], [ -132.530863364818174, 65.905896624472092 ], [ -132.514369720555976, 65.911704272613051 ], [ -132.460896178448934, 65.930503116596853 ], [ -132.439406625594842, 65.934743838644138 ], [ -132.425920460060155, 65.937402947735535 ], [ -132.350122258316787, 65.952316432648274 ], [ -132.36519052948583, 65.971442017301143 ], [ -132.36557593362545, 65.971930863522957 ], [ -132.366469342617563, 65.973173170674613 ], [ -132.377888326701736, 65.989040255612267 ], [ -132.426407243015376, 65.982286239166967 ], [ -132.460260194231722, 65.974633031860421 ], [ -132.477601577881074, 65.97329646243783 ], [ -132.494541860842958, 65.971988776776584 ], [ -132.508230637119567, 65.984268866867438 ], [ -132.518404487158676, 65.997981730466734 ], [ -132.519207497989669, 65.999063427675551 ], [ -132.52045296907545, 66.000000113447342 ], [ -132.540444285038376, 66.0150246462686 ], [ -132.549619933594244, 66.017615122006632 ], [ -132.556589385428907, 66.019582058495686 ], [ -132.56826273276846, 66.022875135303465 ], [ -132.569145841139687, 66.022864739259006 ], [ -132.576111307009086, 66.022782608646082 ], [ -132.616147963628151, 66.02230455848138 ], [ -132.636903259383843, 66.018984840564954 ], [ -132.656596873440606, 66.015831569090878 ], [ -132.685947503629649, 66.000000055244413 ], [ -132.706274427990934, 65.989021164278356 ], [ -132.737290536640671, 65.975503085347086 ], [ -132.749399742797749, 65.970219858621164 ], [ -132.799338051174942, 65.950514577855813 ], [ -132.80243044166329, 65.934956650994479 ], [ -132.805285411356436, 65.920576536739929 ], [ -132.810296575942914, 65.917404448774192 ], [ -132.823893397924564, 65.908792962981352 ], [ -132.837186504917725, 65.900367125986946 ], [ -132.904564432277198, 65.88509982136172 ], [ -132.909215971412124, 65.884044083248952 ], [ -132.955374760476559, 65.897499726135251 ], [ -132.996470925936052, 65.908711842296725 ], [ -132.996812748511587, 65.908849959556932 ], [ -133.021484828865312, 65.918812422285768 ], [ -132.961971495999109, 65.960548986884177 ], [ -132.934712703180736, 65.984463092488625 ], [ -132.934464420777488, 65.984652127232835 ], [ -132.914293592190404, 66.000000056460408 ], [ -132.912263515063188, 66.001543630897501 ], [ -132.914083899807821, 66.005414264048625 ], [ -132.921147507998882, 66.02042157650196 ], [ -133.005180580112579, 66.016816565913089 ], [ -133.040120490266446, 66.018477988127529 ], [ -133.055723694450876, 66.019217337435293 ], [ -133.05583826753292, 66.019222785532392 ], [ -133.057495217159442, 66.019492038877502 ], [ -133.090099468247672, 66.024785864855403 ], [ -133.099554755394507, 66.026319390792608 ], [ -133.128070230008717, 66.030939700288471 ], [ -133.152829329888107, 66.019407123183427 ], [ -133.196254655705502, 66.006880323994395 ], [ -133.226263933296423, 66.002307365704752 ], [ -133.241386615221046, 66.000000099517919 ], [ -133.243385972777304, 65.999694937650304 ], [ -133.268578847313137, 65.995846645489692 ], [ -133.289260632701229, 65.986214240361832 ], [ -133.302308792019545, 65.980132019684234 ], [ -133.307403045385428, 65.977756316061814 ], [ -133.308601343342758, 65.977197423558991 ], [ -133.323446023626246, 65.970270750718072 ], [ -133.405185185683024, 65.938858504681519 ], [ -133.446919508405699, 65.933467491261467 ], [ -133.464321603605839, 65.937233402446211 ], [ -133.487238775001202, 65.942188114607205 ], [ -133.520067521301314, 65.952503208984567 ], [ -133.525811344777566, 65.954306419389383 ], [ -133.555528327821264, 65.951837821961718 ], [ -133.594964037899615, 65.935869529627638 ], [ -133.621445600912438, 65.942066219476246 ], [ -133.632894111871224, 65.947537051230398 ], [ -133.658330879312757, 65.959680990042585 ], [ -133.661457144921087, 65.974831099131464 ], [ -133.662792467733254, 65.981296814383441 ], [ -133.634419066507235, 65.994696573220082 ], [ -133.633023010447005, 65.999817468176104 ], [ -133.632896981841242, 66.000000108758371 ], [ -133.622051519341511, 66.015706375970751 ], [ -133.620397305598317, 66.017664788297807 ], [ -133.619217164161739, 66.019061756232873 ], [ -133.603035527076486, 66.038200357601326 ], [ -133.598556208906587, 66.056515301422039 ], [ -133.614279506827643, 66.058022906016816 ], [ -133.619682526819645, 66.058540555905878 ], [ -133.638091112323707, 66.060302706866807 ], [ -133.681254713719426, 66.059145650339531 ], [ -133.690705924764671, 66.071173285775828 ], [ -133.679605031524545, 66.097641349353196 ], [ -133.657854175061942, 66.121805539506781 ], [ -133.642234020864862, 66.125293605535319 ], [ -133.632339358137131, 66.127501827632827 ], [ -133.62758205102611, 66.128563171786311 ], [ -133.627438775846969, 66.128595128858706 ], [ -133.601686588210498, 66.13433634193909 ], [ -133.58696014402986, 66.141797514596277 ], [ -133.583978075391713, 66.143307711870406 ], [ -133.571165099204393, 66.149793790607944 ], [ -133.548914250722447, 66.169986805272615 ], [ -133.555473531102933, 66.188050359296042 ], [ -133.56082853366209, 66.197036916844851 ], [ -133.561241048982481, 66.197728903377765 ], [ -133.567959353209773, 66.20899338913172 ], [ -133.566323999877596, 66.235886303793976 ], [ -133.553533961437296, 66.25700891683951 ], [ -133.580511211561429, 66.286136589160805 ], [ -133.626228241543998, 66.298617072464552 ], [ -133.785759880435307, 66.295380238548006 ], [ -133.821909689258376, 66.303036487325784 ], [ -133.835423560244152, 66.317217725914148 ], [ -133.811318397249181, 66.341215002191916 ], [ -133.790710856885028, 66.353119794502774 ], [ -133.787446996327759, 66.355004034417959 ], [ -133.768069494131566, 66.366183517796131 ], [ -133.764960412659775, 66.391916610365243 ], [ -133.766378768755146, 66.417767934070582 ], [ -133.747671882412618, 66.430901683354477 ], [ -133.74630293291716, 66.431862182871939 ], [ -133.734190840943853, 66.440356617459571 ], [ -133.718436140664949, 66.438276980122481 ], [ -133.711882748184195, 66.43741135202211 ], [ -133.71013190526034, 66.437180022977017 ], [ -133.709347550711357, 66.437076395505386 ], [ -133.703866966819248, 66.43635212804341 ], [ -133.701815868607667, 66.436081027736108 ], [ -133.681641829508891, 66.43341266620078 ], [ -133.63931650228588, 66.430020611114259 ], [ -133.622092202380969, 66.433552224267217 ], [ -133.620979710821729, 66.433780226632734 ], [ -133.609827329291051, 66.436065247251406 ], [ -133.625751033265971, 66.448936073605196 ], [ -133.627761386668396, 66.450560003232482 ], [ -133.673020527373041, 66.487056431305632 ], [ -133.676587009523729, 66.489927329816936 ], [ -133.693442359534174, 66.503485496329432 ], [ -133.690053046596091, 66.527902242343032 ], [ -133.588187400611247, 66.549978971787084 ], [ -133.586272460398391, 66.55401736915158 ], [ -133.58236585670187, 66.562251974103987 ], [ -133.63725303033408, 66.576376827401916 ], [ -133.676774562743844, 66.58317985300647 ], [ -133.696485957142301, 66.59548771718076 ], [ -133.717583278382989, 66.625001952338181 ], [ -133.743039448039269, 66.630402983241424 ], [ -133.743746144149782, 66.630552829950446 ], [ -133.744843807152648, 66.630785589800183 ], [ -133.762053917333418, 66.634433134021819 ], [ -133.79336846876933, 66.64944320114364 ], [ -133.762065869914892, 66.664208391316464 ], [ -133.748066570153867, 66.678963612753705 ], [ -133.762075584403647, 66.692401196065944 ], [ -133.805293961138659, 66.705434882598183 ], [ -133.846330128754147, 66.722796297554851 ], [ -133.838903605535222, 66.728618603091562 ], [ -133.835702287421555, 66.731127476547272 ], [ -133.832177909997057, 66.733888857975757 ], [ -133.827209926164613, 66.735518423537812 ], [ -133.825172829104986, 66.736186482488705 ], [ -133.822667479905107, 66.737008076421219 ], [ -133.820338579974589, 66.737771677152651 ], [ -133.806664459898514, 66.742253678702909 ], [ -133.80515785882767, 66.742747326962331 ], [ -133.80380366365381, 66.743191014434416 ], [ -133.797563695389073, 66.748124076923546 ], [ -133.796487167093829, 66.748974932676845 ], [ -133.775931159919764, 66.765208947257094 ], [ -133.769499305966661, 66.779383501437778 ], [ -133.768579120908953, 66.781410111028251 ], [ -133.759663914346731, 66.801026959070199 ], [ -133.787471457837285, 66.817072398544724 ], [ -133.799535864135947, 66.819428337243892 ], [ -133.79961038078406, 66.819513897510376 ], [ -133.800781282179457, 66.819782967675735 ], [ -133.801320852771909, 66.819776787027962 ], [ -133.833025097458744, 66.82596101354352 ], [ -133.853261082224918, 66.841915057724293 ], [ -133.850280213456045, 66.854947526611184 ], [ -133.862030972515015, 66.859186933106372 ], [ -133.867239189268759, 66.861065222041049 ], [ -133.875889203299096, 66.864183754442649 ], [ -133.876464060917016, 66.864390937063277 ], [ -133.889531855295701, 66.869099662709473 ], [ -133.890358760772415, 66.881832600782545 ], [ -133.890464497051454, 66.883459947520564 ], [ -133.890467059611552, 66.883499185630953 ], [ -133.89733569968746, 66.886332302386037 ], [ -133.899582314394195, 66.887258776620286 ], [ -133.93022056713184, 66.899883314124082 ], [ -133.932036831613175, 66.900631110311977 ], [ -133.943290134939559, 66.905262960036495 ], [ -133.9487660013165, 66.905659991721407 ], [ -133.973974531956458, 66.907485162472994 ], [ -133.981333108914612, 66.908017157719158 ], [ -133.998700233436068, 66.90927128280488 ], [ -133.999999997695284, 66.909365078917972 ], [ -134.000687580076345, 66.909414658066638 ], [ -134.013273065578773, 66.913223184945139 ], [ -134.016386079339043, 66.914164861354621 ], [ -134.091709250373526, 66.936910391904291 ], [ -134.104924521879667, 66.947030589290421 ], [ -134.106211651314624, 66.948015727883785 ], [ -134.116313523578526, 66.955744683341692 ], [ -134.117847032308646, 66.956917486180529 ], [ -134.103943263202552, 66.961942297891312 ], [ -134.087548924666322, 66.967863022404003 ], [ -134.06720306319616, 66.975204552250474 ], [ -134.059883252636155, 66.976675310371448 ], [ -134.049063865919692, 66.978848312773181 ], [ -134.014209639552121, 66.985841037479247 ], [ -134.000000000876014, 66.985459154605749 ], [ -133.95486615682691, 66.984237915657843 ], [ -133.901258704763706, 66.981850060336342 ], [ -133.846883301437487, 66.983665105347768 ], [ -133.829634968031286, 67.000000115745934 ], [ -133.837500013556792, 66.999999997490264 ], [ -133.84999998610806, 66.999999996618968 ], [ -133.86249998581701, 66.999999995680682 ], [ -133.8750000131663, 66.999999994669125 ], [ -133.887500015352259, 67.00000000977488 ], [ -133.900000004739184, 67.00000000396372 ], [ -133.912500023209674, 66.999999998074216 ], [ -133.925000017984615, 67.000000008308902 ], [ -133.937500001372342, 66.999999997630511 ], [ -133.950000015286889, 66.999999986867692 ], [ -133.962500006973585, 66.999999992234947 ], [ -133.975000030168673, 66.999999997511665 ], [ -133.98749999063952, 66.999999998103775 ], [ -133.999999983579386, 66.999999998605148 ], [ -134.012500009470955, 66.999999999008253 ], [ -134.014129078046352, 67.000000055095242 ], [ -134.024999974074603, 66.999999994740506 ], [ -134.03750001412655, 67.000000011177391 ], [ -134.050000005501346, 66.999999985899763 ], [ -134.06250002011754, 66.999999997565183 ], [ -134.07499997537883, 67.000000004579903 ], [ -134.087500019650349, 66.99999999522359 ], [ -134.091856026131921, 67.000000105330258 ], [ -134.099999993947392, 67.000000018275301 ], [ -134.112500016621027, 67.000000004154671 ], [ -134.125000023444812, 67.000000006181267 ], [ -134.13749997330612, 67.000000003580539 ], [ -134.138901670583181, 67.000000044770289 ], [ -134.149999961425749, 67.000000000857625 ], [ -134.162499988286186, 66.999999998003688 ], [ -134.175000001271542, 67.000000011300742 ], [ -134.187500012317855, 67.000000003691468 ], [ -134.200000010466056, 67.000000012237635 ], [ -134.208292057471994, 67.000000104683735 ], [ -134.212500007614977, 66.999999999879876 ], [ -134.224999992842783, 67.000000003681521 ], [ -134.237500019714133, 67.000000007333824 ], [ -134.249999993948677, 67.00000000639325 ], [ -134.262500010787363, 67.000000005298489 ], [ -134.274999975945434, 66.999999999620357 ], [ -134.287499984668244, 66.999999993782737 ], [ -134.299999984421703, 67.000000004107278 ], [ -134.3124999869558, 66.99999999352687 ], [ -134.324999981497569, 66.999999999110813 ], [ -134.337500021546077, 67.000000004516906 ], [ -134.350000012803264, 67.000000005358999 ], [ -134.362500008720559, 66.999999985296114 ], [ -134.375000040417234, 67.000000002117901 ], [ -134.387499982947418, 66.999999993673924 ], [ -134.40000001522202, 67.000000005752767 ], [ -134.412500001114438, 67.000000013286908 ], [ -134.42499999403492, 66.999999999914479 ], [ -134.437499983378245, 67.000000002711559 ], [ -134.450000022569498, 67.000000005298261 ], [ -134.462500017290921, 67.000000003353037 ], [ -134.467769904711048, 67.00000011981372 ], [ -134.474999968018409, 66.999999996886103 ], [ -134.48750001194378, 67.000000010891227 ], [ -134.499999970930588, 66.999999999688598 ], [ -134.512500024096511, 67.000000008942294 ], [ -134.524999993259343, 66.999999992999761 ], [ -134.537500004722347, 67.000000013906472 ], [ -134.549999985986176, 66.9999999932229 ], [ -134.562500010547978, 67.000000009380102 ], [ -134.575000005829537, 66.999999983949508 ], [ -134.587499992579552, 67.000000011776081 ], [ -134.600000045808599, 67.000000002254865 ], [ -134.612500007510874, 67.00000000467098 ], [ -134.625000025817627, 67.000000006823157 ], [ -134.627892049219156, 67.000000085694992 ], [ -134.63750000638106, 67.00000000449036 ], [ -134.640336064037967, 67.000000083590052 ], [ -134.650000044509511, 67.000000001881872 ], [ -134.650424815358519, 67.000000014180273 ], [ -134.662499993073141, 67.000000011240743 ], [ -134.674999958111727, 66.999999999679972 ], [ -134.687500024231241, 67.000000008468987 ], [ -134.700000012928939, 66.999999992146115 ], [ -134.712500008845979, 66.999999991989498 ], [ -134.72500001248946, 67.000000007997414 ], [ -134.737500034975795, 67.000000003070241 ], [ -134.748224522495775, 67.000000062594594 ], [ -134.750000024036353, 66.999999993681726 ], [ -134.762500022286758, 67.000000000456737 ], [ -134.774999988084204, 67.000000002779117 ], [ -134.780306645890818, 67.000000101200911 ], [ -134.787500016759935, 67.000000004776737 ], [ -134.800000013938984, 67.000000002321883 ], [ -134.812499980097357, 66.999999995421774 ], [ -134.82500001057258, 66.999999988182083 ], [ -134.833821607259068, 67.000000094568605 ], [ -134.837500000523249, 67.000000013600896 ], [ -134.849999971364326, 66.999999997477374 ], [ -134.862499955315513, 66.999999997513001 ], [ -134.875000005520832, 66.999999997186109 ], [ -134.887500027590818, 66.999999992419205 ], [ -134.899999969381184, 66.999999999745455 ], [ -134.91249997888076, 67.000000006700105 ], [ -134.925000014297609, 66.999999992692395 ], [ -134.937500013176532, 67.000000011365827 ], [ -134.938446328927796, 67.000000036582534 ], [ -134.948246759769148, 67.000000050257128 ], [ -134.949999996634205, 66.999999988505891 ], [ -134.962500039427312, 67.000000002358902 ], [ -134.975000015147657, 66.999999991224982 ], [ -134.975758550957636, 67.000000027618157 ], [ -134.987500008891857, 66.999999996237122 ], [ -134.989220693506667, 67.000000071719882 ], [ -134.995381266770949, 67.000000112200809 ], [ -134.996695338459432, 67.000000091641596 ], [ -134.999999978830942, 66.999999996835584 ], [ -135.012500020332908, 66.999999997014982 ], [ -135.024999986448762, 67.000000009343992 ], [ -135.037499982737387, 67.000000000697611 ], [ -135.049999999506667, 67.000000008186575 ], [ -135.062499994876049, 67.000000011266792 ], [ -135.075000021825502, 66.999999993359879 ], [ -135.08750001822338, 67.000000008165912 ], [ -135.100000004738888, 66.999999981450173 ], [ -135.112500004121387, 67.000000007984312 ], [ -135.124999994557101, 66.99999999299763 ], [ -135.137500008903203, 66.999999994134967 ], [ -135.150000005206806, 66.999999990874272 ], [ -135.162500026414335, 67.000000003732879 ], [ -135.174999988071761, 66.999999991685144 ], [ -135.187499975605959, 66.999999995758046 ], [ -135.200000041944463, 66.999999999321957 ], [ -135.212499997722176, 66.999999994613688 ], [ -135.224999980856637, 67.000000006020699 ], [ -135.237500001718189, 66.999999996407368 ], [ -135.249999955983895, 66.999999999044363 ], [ -135.262499991464949, 67.000000001146532 ], [ -135.275000013710041, 66.999999998859138 ], [ -135.283795569965605, 67.000000096166843 ], [ -135.287500023195378, 66.999999992185124 ], [ -135.299999968043466, 66.999999997783235 ], [ -135.312499996039804, 67.00000000282256 ], [ -135.325000012725383, 67.000000003477055 ], [ -135.337500018576378, 66.999999999749292 ], [ -135.350000014068968, 66.999999991641715 ], [ -135.362500042314139, 66.999999999617472 ], [ -135.374999966225289, 66.999999999433797 ], [ -135.377954325105577, 67.000000071286664 ], [ -135.387499976173643, 66.999999998655341 ], [ -135.399999977688736, 66.999999993499188 ], [ -135.412500013922823, 67.000000004414915 ], [ -135.425000000010215, 66.999999990505586 ], [ -135.427685149665052, 67.000000087367482 ], [ -135.437500021789504, 66.999999992665053 ], [ -135.449999984807732, 67.000000007151186 ], [ -135.462499994055491, 67.000000000561357 ], [ -135.474999997747574, 66.99999998959693 ], [ -135.487499986869949, 67.000000011403259 ], [ -135.499999980897798, 66.999999991693926 ], [ -135.512500013556632, 66.999999988034787 ], [ -135.514666165807483, 67.000000069026513 ], [ -135.520052712717899, 67.000000102578511 ], [ -135.524999990382383, 66.999999996726828 ], [ -135.530930126183478, 67.000000120180886 ], [ -135.537499964070577, 67.000000001050765 ], [ -135.540429202218974, 67.000000086213035 ], [ -135.550000030072198, 67.000000004682661 ], [ -135.56249999891574, 67.000000000264919 ], [ -135.575000008859746, 67.000000011885732 ], [ -135.58749997477176, 66.999999998732136 ], [ -135.599999982757083, 67.00000000161107 ], [ -135.602791516370019, 67.000000091126878 ], [ -135.612499990482405, 67.000000000117652 ], [ -135.624999998423931, 66.99999999425188 ], [ -135.637500007057838, 66.999999984013641 ], [ -135.650000007612761, 67.000000006556235 ], [ -135.662499966968568, 67.000000004345281 ], [ -135.66613326457599, 67.000000106553927 ], [ -135.675000023455084, 67.000000001371305 ], [ -135.687499987564394, 66.999999990421657 ], [ -135.699999997675604, 66.99999999547741 ], [ -135.712500011373578, 66.99999999615919 ], [ -135.724999977066574, 67.000000009258343 ], [ -135.737499999374961, 67.000000001193342 ], [ -135.747284817806474, 67.00000007367511 ], [ -135.749999974647579, 67.000000005551627 ], [ -135.762500007471004, 66.999999988735468 ], [ -135.77500003720121, 67.000000004700311 ], [ -135.787500030428987, 66.999999995936662 ], [ -135.799999978576352, 66.999999999614758 ], [ -135.812500029166245, 67.000000002446782 ], [ -135.824999992651271, 66.99999999737949 ], [ -135.837500007542843, 67.000000008276146 ], [ -135.849999988278597, 66.999999994459955 ], [ -135.862500021393686, 66.999999996596983 ], [ -135.875000012373448, 67.000000011189542 ], [ -135.887499970612112, 67.000000001080537 ], [ -135.899999982706163, 67.000000006915869 ], [ -135.912500006076755, 67.000000008367152 ], [ -135.924999998104113, 66.999999985119189 ], [ -135.928945679632108, 67.000000104665034 ], [ -135.937499993521783, 66.999999994657841 ], [ -135.950000001661351, 66.999999999812175 ], [ -135.962500022998967, 67.000000000579163 ], [ -135.975000006112083, 67.000000013827886 ], [ -135.987500012135882, 66.999999985518784 ], [ -135.999999972159316, 67.000000006872369 ], [ -136.012499999192585, 67.000000006957336 ], [ -136.025000041821556, 67.00000000264636 ], [ -136.037500005478478, 66.999999990545177 ], [ -136.050000028877832, 66.99999999433463 ], [ -136.062500017478982, 67.000000010624916 ], [ -136.074999980396143, 67.000000002247134 ], [ -136.087500004531705, 67.000000009746046 ], [ -136.100000003915198, 66.999999992575269 ], [ -136.100246848400076, 67.000000007144592 ], [ -136.112500013684354, 67.000000008182027 ], [ -136.124999999650299, 66.999999999124952 ], [ -136.137500005527784, 66.999999985665625 ], [ -136.150000023292336, 67.000000004980137 ], [ -136.16250001866851, 66.999999999634838 ], [ -136.164390003990036, 67.000000062138952 ], [ -136.164413575546746, 67.00000005998622 ], [ -136.181790987196422, 67.03468117484968 ], [ -136.208372896530193, 67.047249621145951 ], [ -136.210361140037435, 67.048189022858622 ], [ -136.216264763714349, 67.050977770396528 ], [ -136.20031587730557, 67.061423002953589 ], [ -136.232449549580792, 67.106696675253446 ], [ -136.191524657349902, 67.143903836766441 ], [ -136.221287865904571, 67.15390106452071 ], [ -136.235096074778653, 67.172542379704993 ], [ -136.13749607192841, 67.232634158585526 ], [ -136.127236191336806, 67.273499617803154 ], [ -136.11186597516371, 67.287777264540182 ], [ -136.110823572800484, 67.288744891525852 ], [ -136.086557481522902, 67.300706149580847 ], [ -136.135510377583216, 67.329988992473318 ], [ -136.146187907977634, 67.34537728107091 ], [ -136.140034340322302, 67.366441189866649 ], [ -136.168875957691455, 67.377975114428637 ], [ -136.187207811273453, 67.39339612060003 ], [ -136.22205360733625, 67.405471620818744 ], [ -136.201545280209359, 67.418460456693865 ], [ -136.204267661805375, 67.439305585656044 ], [ -136.178667688639365, 67.457729566699044 ], [ -136.202124738586036, 67.481877380462009 ], [ -136.169919739136077, 67.503843973074169 ], [ -136.218714875283268, 67.513403074364874 ], [ -136.218361749481375, 67.531381047385395 ], [ -136.199979759935417, 67.561662094951643 ], [ -136.24135357845563, 67.610886539563808 ], [ -136.279267610032747, 67.621126837244176 ], [ -136.289893115875486, 67.634233375748892 ], [ -136.359379846423991, 67.628352452818575 ], [ -136.378039113303942, 67.639208112278197 ], [ -136.416212709395836, 67.640143968216663 ], [ -136.448772699825611, 67.649471459281543 ], [ -136.449893925562321, 67.668723248410444 ], [ -136.452342573230993, 67.710661464300344 ], [ -136.453164108252253, 67.724699096689392 ], [ -136.455131539805734, 67.758249211411851 ], [ -136.455806034858853, 67.769729844198707 ], [ -136.456710513984234, 67.785106441159499 ], [ -136.458349032347769, 67.812912039916085 ], [ -136.458627373763903, 67.832624991447588 ], [ -136.458757832368661, 67.841849094633105 ], [ -136.459223166201696, 67.874702540784185 ], [ -136.459375499328274, 67.885434573787364 ], [ -136.459567298069544, 67.898936748732496 ], [ -136.460133221946393, 67.938689172276909 ], [ -136.460440944662423, 67.960246956768046 ], [ -136.461009890977294, 68.000000060762602 ], [ -136.461093870766376, 68.005856345360655 ], [ -136.461680155121172, 68.046662728968499 ], [ -136.461683510412684, 68.046895205076183 ], [ -136.46195079657403, 68.065450975580788 ], [ -136.462800991036119, 68.125909706026206 ], [ -136.464153157612742, 68.221429121258438 ], [ -136.464178440994289, 68.223204266266777 ], [ -136.464220119938972, 68.226136763180335 ], [ -136.464322684487257, 68.233347976082186 ], [ -136.464580431065116, 68.251446437875174 ], [ -136.464865814318642, 68.27145373069007 ], [ -136.464996589806418, 68.280612517386317 ], [ -136.46532350663378, 68.303473675419895 ], [ -136.465429244868488, 68.318451120688849 ], [ -136.46559534091719, 68.341959941614604 ], [ -136.465727554168012, 68.360637373533166 ], [ -136.466572871875286, 68.479333419057312 ], [ -136.46674208192016, 68.502943108347978 ], [ -136.466950598531497, 68.531968821985814 ], [ -136.467163952256243, 68.561606877216278 ], [ -136.467409929085676, 68.595667366395276 ], [ -136.467506887943046, 68.618165962294029 ], [ -136.467677459327888, 68.657657716932462 ], [ -136.467726213795714, 68.668913154693158 ], [ -136.467757934900106, 68.676227840285421 ], [ -136.467765703427176, 68.678019724983685 ], [ -136.467789192929786, 68.683440209888431 ], [ -136.46798877810798, 68.729364962064381 ], [ -136.46805018420244, 68.743466719020972 ], [ -136.46806695922379, 68.747303392618392 ], [ -136.468078115036747, 68.749862917506789 ], [ -136.468144190070831, 68.765001638220582 ], [ -136.468195997332913, 68.776839916258766 ], [ -136.468206058263036, 68.779147474576135 ], [ -136.468274175386938, 68.794713473899208 ], [ -136.468296383987479, 68.799780480642426 ], [ -136.468313578678959, 68.803705927860761 ], [ -136.468338376612166, 68.809355761952645 ], [ -136.468404839964649, 68.82450078501644 ], [ -136.468412760962849, 68.826302424204798 ], [ -136.468459855500384, 68.83703460730672 ], [ -136.468483241602058, 68.842347023563732 ], [ -136.46850445248927, 68.847167181084288 ], [ -136.468513239426414, 68.849167512271308 ], [ -136.468524293725949, 68.851672772419619 ], [ -136.468561966588538, 68.860229960922496 ], [ -136.468567919315689, 68.861582965148131 ], [ -136.468576700028507, 68.863571364572806 ], [ -136.46859958432762, 68.868754832021267 ], [ -136.46860965693611, 68.871048828828449 ], [ -136.468651905130258, 68.880629427040645 ], [ -136.468681046663278, 68.887219510796044 ], [ -136.468689245736783, 68.889076647063433 ], [ -136.468706776003359, 68.893044940471341 ], [ -136.468710304659822, 68.893840539749604 ], [ -136.468616133022067, 68.894300804822606 ], [ -136.613877798740532, 68.934371163793969 ], [ -136.672538302581074, 68.925071611781775 ], [ -136.7476209397052, 68.905206358735327 ], [ -136.832710235432359, 68.908908003802509 ], [ -136.902319862377254, 68.92993605945253 ], [ -136.953842792803272, 68.942383260783501 ], [ -137.056835377098167, 68.97675878020695 ], [ -137.170748282330436, 68.996736837929717 ], [ -137.197704412104144, 69.000000062659268 ], [ -137.198269004212648, 69.000068358298009 ], [ -137.242220577595702, 69.005378013146313 ], [ -137.375213103996515, 69.013849968022598 ], [ -137.496650056426745, 69.033794142060486 ], [ -137.654916619045167, 69.060444785423684 ], [ -137.746826416346011, 69.082472775398045 ], [ -137.980571387806151, 69.139515327272861 ], [ -138.090674976591316, 69.177393594525029 ], [ -138.172247294671621, 69.217151934725408 ], [ -138.22147876339352, 69.251987927128084 ], [ -138.290316035619213, 69.284654566740869 ], [ -138.373185613845436, 69.312907314611692 ], [ -138.454774002882999, 69.323122726358264 ], [ -138.539553067550258, 69.324267812430179 ], [ -138.617931760004552, 69.345128558087595 ], [ -138.717915887899267, 69.38407861075639 ], [ -138.867929908697334, 69.428860823795347 ], [ -138.942019670960576, 69.460059368785807 ], [ -138.971157839495703, 69.486295637147677 ], [ -138.985306892932783, 69.507643503137757 ], [ -138.956225595562756, 69.527466764770395 ], [ -138.89493127269364, 69.543811739574409 ], [ -138.808557993261928, 69.552751432178866 ], [ -138.761899902793175, 69.575633493541488 ], [ -138.778320875939272, 69.597034323995288 ], [ -138.831182340368002, 69.627060491230907 ], [ -138.919930955196065, 69.652994502537354 ], [ -138.99110350643906, 69.665938398288986 ], [ -139.056875540904343, 69.674125544983752 ], [ -139.131618156388356, 69.668905836622017 ], [ -139.192782889494964, 69.65501476526164 ], [ -139.238768398794349, 69.635399410287533 ], [ -139.315039477970544, 69.604366598657791 ], [ -139.356391433096917, 69.591838591921615 ], [ -139.41387234262362, 69.586272915258306 ], [ -139.481883566524658, 69.583781256672083 ], [ -139.716344090445887, 69.617678757444011 ], [ -139.85132000187329, 69.63903039766447 ], [ -139.967792877991513, 69.652493159133357 ], [ -139.999995251702273, 69.652633470379641 ], [ -140.000000006158558, 69.652633499208235 ], [ -140.04176436421983, 69.652806992048568 ], [ -140.129813994583543, 69.643512991038008 ], [ -140.229719464355099, 69.636813669488504 ], [ -140.31402229305985, 69.626977033720024 ], [ -140.374620312444023, 69.626623702912127 ], [ -140.490865470743415, 69.627508974283032 ], [ -140.594401078909755, 69.639208717087101 ], [ -140.69927958200023, 69.650434990282008 ], [ -140.860270693355659, 69.670977327456271 ], [ -140.933227676806638, 69.680059560878931 ], [ -140.955687961782274, 69.682848191266729 ], [ -141.000593688019961, 69.68828034037378 ], [ -141.00392940513143, 69.688683306625535 ], [ -141.010091291607409, 69.689427484683563 ], [ -141.010077741750507, 69.999985870617621 ], [ -141.009806123340894, 74.764208276960687 ], [ -128.942602965736398, 89.999427042099086 ], [ -109.835279581544924, 80.00000070022999 ], [ -109.83504498549361, 79.000000217960618 ], [ -109.833714327967144, 79.000000208534175 ], [ -109.83233083447405, 78.630261432010315 ], [ -109.832273231166042, 78.614365205973328 ], [ -109.832179555449656, 78.58841017846143 ], [ -109.832137888128514, 78.576822125714642 ], [ -109.832019801062415, 78.543859893426955 ], [ -109.831974390717846, 78.531145202296003 ], [ -109.831937197900871, 78.520735998031014 ], [ -109.831904429804581, 78.511531920653653 ], [ -109.831862386418351, 78.499678496705769 ], [ -109.831753250285814, 78.468841111391484 ], [ -109.831697286149122, 78.452971178073497 ], [ -109.831600917194947, 78.425555586572202 ], [ -109.831553257040753, 78.411934875800938 ], [ -109.831459792648914, 78.385162586964782 ], [ -109.831447254056599, 78.381564499306606 ], [ -109.831265195273104, 78.329031348337878 ], [ -109.83121271884859, 78.31380253335719 ], [ -109.831212686986305, 78.313745315076133 ], [ -109.831161672396149, 78.089202311040026 ], [ -109.831154326718959, 78.05658780143564 ], [ -109.831147598574788, 78.026131933238844 ], [ -109.831147408479268, 78.025181762529598 ], [ -109.831141784166348, 78.000000057612596 ], [ -109.831139476799791, 77.989331765154745 ], [ -109.831134473478627, 77.966202313324928 ], [ -109.831133841240927, 77.963239878893802 ], [ -109.831132475333277, 77.957257249283714 ], [ -109.831043161631172, 77.535068288994339 ], [ -109.834680688981877, 77.000000046711719 ], [ -109.836194220670421, 76.764358355829373 ], [ -109.835311350352654, 76.499489167016122 ], [ -109.835044594125435, 76.417475141584035 ], [ -109.834901377785528, 76.373073799307704 ], [ -109.834885617372009, 76.368161941663942 ], [ -109.834817134760598, 76.346813564464341 ], [ -109.834798671056319, 76.341034122747914 ], [ -109.834791902480504, 76.338917328456077 ], [ -109.834785549316678, 76.336913918908294 ], [ -109.834675550096406, 76.30245479863909 ], [ -109.834667777151509, 76.30001762436099 ], [ -109.834610837802728, 76.282100531613125 ], [ -109.834599600603966, 76.278553689614682 ], [ -109.834573167207765, 76.270200145891792 ], [ -109.834554584982513, 76.264338640483686 ], [ -109.833860561217165, 76.041801243487797 ], [ -109.8335109090185, 76.000000072734551 ], [ -109.832721656870433, 75.904769354175201 ], [ -109.832172454951987, 75.837782811471797 ], [ -109.831302139614635, 75.547092907103661 ], [ -109.83145495925983, 75.501386847373269 ], [ -109.831477901995257, 75.494502930933322 ], [ -109.831595841597021, 75.458994302629065 ], [ -109.83167524526705, 75.435000607517097 ], [ -109.831740340163137, 75.415290017182087 ], [ -109.831804623504382, 75.395746674036673 ], [ -109.831869308526649, 75.376061893650061 ], [ -109.831912972255438, 75.362721701437081 ], [ -109.83194568463874, 75.341865978630906 ], [ -109.831980220705674, 75.319751338152415 ], [ -109.831993429856567, 75.311237709184851 ], [ -109.832045788140235, 75.277572093576339 ], [ -109.832065434938045, 75.264944672441146 ], [ -109.832083579959502, 75.253222496749856 ], [ -109.832102780714692, 75.240798203131064 ], [ -109.832104700453783, 75.239550425660923 ], [ -109.832161950645826, 75.202373934280061 ], [ -109.832193238884415, 75.181989753641218 ], [ -109.832225860612226, 75.160673252344409 ], [ -109.832203750098202, 75.158017707504811 ], [ -109.832128852963962, 75.149002162513497 ], [ -109.831996084475065, 75.133002396427429 ], [ -109.831865774880711, 75.117263684214066 ], [ -109.831848922165562, 75.115220157675637 ], [ -109.831418433590031, 75.062986156565316 ], [ -109.831319930588705, 75.050994490763941 ], [ -109.830903016590739, 75.000000091518586 ], [ -109.83073992090506, 74.979954324106032 ], [ -109.830592303705117, 74.961780974120245 ], [ -109.830582200123956, 74.960535355010578 ], [ -109.830579882419116, 74.944175176086517 ], [ -109.830577987615868, 74.931147834700354 ], [ -109.830575635177752, 74.914399468470492 ], [ -109.830573339443291, 74.898275146619028 ], [ -109.830554323393883, 74.762608537780267 ], [ -109.83183529986681, 74.568597409691264 ], [ -109.831633290235246, 74.457773615045852 ], [ -109.831556968369313, 74.27479688970142 ], [ -109.830900649843514, 74.16918745538274 ], [ -109.83158861421127, 74.003071754578244 ], [ -109.831601172657315, 74.000000089987239 ], [ -109.83169654931099, 73.976694777246948 ], [ -109.83106894089272, 73.932398322414556 ], [ -109.834672922071974, 73.548807863845937 ], [ -109.838011377112863, 73.279212297346461 ], [ -109.840144188818059, 73.000000072462768 ], [ -109.840473503165427, 72.956112916380377 ], [ -109.84101650802431, 72.883149789886787 ], [ -109.841239475190903, 72.853022547066203 ], [ -109.841295659167926, 72.845419060346345 ], [ -109.843035929396919, 72.60659044913973 ], [ -109.843494144800871, 72.574545868155738 ], [ -109.84375800565941, 72.556042732108509 ], [ -109.84587496966337, 72.406253052190763 ], [ -109.846494299476888, 72.361970115827347 ], [ -109.846674834055463, 72.349025769395183 ], [ -109.847023530877749, 72.323966778164603 ], [ -109.846986390810983, 72.283852800165221 ], [ -109.846935432258334, 72.228523061761166 ], [ -109.846929749666941, 72.222336564797104 ], [ -109.846869532315353, 72.156497419053423 ], [ -109.846827231445545, 72.110015224785926 ], [ -109.846817665283652, 72.099483606490907 ], [ -109.846798596541902, 72.078383148257785 ], [ -109.846848450864698, 72.070708022492198 ], [ -109.846910643591258, 72.061115481181631 ], [ -109.847018682789439, 72.044432329212228 ], [ -109.847262842674553, 72.006616338735313 ], [ -109.847305467223563, 72.00000005595308 ], [ -109.847362538129886, 71.99113561427815 ], [ -109.847783369219897, 71.925507382545561 ], [ -109.847839692996786, 71.916700291896277 ], [ -109.847900822400263, 71.907112869820068 ], [ -109.848055857244873, 71.882782230438409 ], [ -109.84812709950144, 71.871572217279407 ], [ -109.84829718887444, 71.844779553182008 ], [ -109.848568486923654, 71.801863370667661 ], [ -109.848714624080031, 71.786871563428662 ], [ -109.848833203818444, 71.774687423954703 ], [ -109.849579746210722, 71.697626086008967 ], [ -109.849616394929186, 71.693825663922681 ], [ -109.849308376213415, 71.693543712132126 ], [ -109.849620890592689, 71.693360248013235 ], [ -109.849626846962863, 71.692738651459578 ], [ -109.849240822226903, 71.692305869321487 ], [ -109.848999739675392, 71.69157808556632 ], [ -109.849641044412394, 71.691271979143892 ], [ -109.849710739275849, 71.684042212834498 ], [ -109.849770479877662, 71.677838874937692 ], [ -109.849781103202091, 71.676732695225127 ], [ -109.84988872062118, 71.665551278548961 ], [ -109.849453135376521, 71.6652895113738 ], [ -109.849039654041093, 71.664121335376208 ], [ -109.849923446059066, 71.661945163296721 ], [ -109.849925682582722, 71.66170483231241 ], [ -109.849371162181029, 71.660527532217785 ], [ -109.849937077139657, 71.660524792042523 ], [ -109.850079965559857, 71.64565141492821 ], [ -109.850569066701084, 71.594556344352412 ], [ -109.850661481412359, 71.584871458069387 ], [ -109.851409719432851, 71.506111849271505 ], [ -109.851917605203568, 71.452289260641933 ], [ -109.852003482887056, 71.431226755444172 ], [ -109.852028265068526, 71.425138514898038 ], [ -109.852077511669904, 71.413022815221439 ], [ -109.852226051054757, 71.376420635431415 ], [ -109.852561148873093, 71.293343281564034 ], [ -109.852566249533766, 71.292083593421282 ], [ -109.852579783021497, 71.28872267404131 ], [ -109.852580053627761, 71.288639887900416 ], [ -109.852581493350229, 71.288283696042541 ], [ -109.852601065075575, 71.283413125101092 ], [ -109.852987554835138, 71.186625043530356 ], [ -109.852989809848296, 71.186059238337023 ], [ -109.853034944890709, 71.174699925194503 ], [ -109.853391208918666, 71.139501254139304 ], [ -109.853891181343087, 71.089895058406526 ], [ -109.854638335140848, 71.015312203715439 ], [ -109.854790995442443, 71.000000084179149 ], [ -109.854896681277495, 70.989386996962196 ], [ -109.855079500301059, 70.971005829489783 ], [ -109.855609794554667, 70.917502585312761 ], [ -109.855965914132682, 70.881409931603073 ], [ -109.856049868308148, 70.867272655094567 ], [ -109.856269233458278, 70.83024091548117 ], [ -109.856287216140345, 70.827197105623583 ], [ -109.856697005028394, 70.757642343231808 ], [ -109.857501480736076, 70.61971194617368 ], [ -109.857614227307437, 70.6002273228859 ], [ -109.857837703034903, 70.561515955197038 ], [ -109.85801991553717, 70.529826611141942 ], [ -109.85808303014781, 70.519351260817075 ], [ -109.858187819063616, 70.501919375471502 ], [ -109.858365390574264, 70.472308475251339 ], [ -109.859353254351987, 70.306071208913423 ], [ -109.859524359602588, 70.277003792506534 ], [ -109.85956761266965, 70.269639138849925 ], [ -109.859801589912578, 70.229738356553781 ], [ -109.859924761892572, 70.208668295527104 ], [ -109.860037794269985, 70.196081544361618 ], [ -109.860409233241299, 70.154625716989131 ], [ -109.86043275894707, 70.151991879462088 ], [ -109.860657655576702, 70.126808529281192 ], [ -109.86070675184709, 70.121298683942371 ], [ -109.861106906898343, 70.076308328234617 ], [ -109.861325308899154, 70.051672730822759 ], [ -109.861655475060473, 70.014322113572177 ], [ -109.86175246881902, 70.003320618731109 ], [ -109.861781772342113, 70.000000017409278 ], [ -109.861798913136099, 69.998054210077157 ], [ -111.998859494140078, 70.001109705174883 ], [ -112.510817218664442, 70.001685760218493 ], [ -112.518087701705653, 69.847602230788524 ], [ -112.570202708462404, 69.847884444472115 ], [ -112.594596490823363, 69.848378759095411 ], [ -112.66251167216133, 69.847401811096503 ], [ -112.663515263050868, 69.847401689048084 ], [ -112.798622026448854, 69.847334434869992 ], [ -112.818347309534289, 69.847283482101986 ], [ -112.822814117320348, 69.929338048593664 ], [ -112.825126966212764, 70.002545160805312 ], [ -112.873461348925389, 70.002183965986958 ], [ -112.922137363698937, 70.001997890584107 ], [ -112.935261510504731, 70.002043998846958 ], [ -113.844087870683538, 70.000136791630425 ], [ -113.862762332527893, 69.999693959239536 ], [ -114.500124415958496, 69.999957652972171 ], [ -116.354096854562584, 69.99928412521156 ], [ -117.022835673333304, 70.000251830859781 ], [ -117.013536778052611, 69.956578302426593 ], [ -116.924157321993732, 69.879893046649215 ], [ -116.755195101845118, 69.786444640143372 ], [ -116.465587274369753, 69.702799438466585 ], [ -120.724925122891676, 69.575013358264215 ], [ -120.723444674864851, 69.563701115060383 ], [ -120.605537806733722, 68.623361948339721 ], [ -120.593765869059013, 68.348605961560708 ], [ -120.594000211026412, 68.339116834727719 ], [ -120.590719441230362, 68.249104581769643 ], [ -120.592192248086846, 68.215275451834842 ], [ -120.593600042543059, 68.192254799738535 ], [ -120.630782222702152, 67.779959764292727 ], [ -120.630782444335111, 67.779957583214056 ], [ -120.524916607365569, 67.750805646090924 ], [ -120.505761670538121, 67.745516217358286 ], [ -120.417587562581261, 67.721109216016188 ], [ -120.417514458000824, 67.72112339791417 ], [ -120.416732859494417, 67.720872141737502 ], [ -120.415069997873701, 67.720410910476446 ], [ -120.384027115591195, 67.711794132717827 ], [ -120.123720056347736, 67.639064948400147 ], [ -120.115586103740668, 67.63677863819315 ], [ -120.014161642329768, 67.608199811176675 ], [ -120.000000021525864, 67.604164523251598 ], [ -119.975993453476164, 67.597318145389934 ], [ -119.88111116442586, 67.570186563328718 ], [ -119.87244326225013, 67.567702216725891 ], [ -119.8687158758827, 67.566633575946966 ], [ -119.806426503894642, 67.548749058066306 ], [ -119.679855159280038, 67.512253448011379 ], [ -119.670321702702779, 67.509496150718391 ], [ -119.44793210951326, 67.444839998310371 ], [ -119.333407163262933, 67.411290890897575 ], [ -119.315413722037576, 67.406203346323039 ], [ -119.278795458100149, 67.39583702498075 ], [ -119.250375772649605, 67.387779916455713 ], [ -119.243603498547586, 67.385858430197359 ], [ -119.228449264700302, 67.381556642320319 ], [ -119.224677966728379, 67.380485649891355 ], [ -119.190637030834125, 67.37081021444844 ], [ -119.152338907671549, 67.359907116933954 ], [ -119.115628137141172, 67.349438351385459 ], [ -119.091379676165886, 67.342513953289213 ], [ -119.067481651537932, 67.335682282618251 ], [ -119.05588574588711, 67.332364774807502 ], [ -119.029723730017224, 67.324873596099096 ], [ -119.02090582572778, 67.322346727953985 ], [ -118.966518478014748, 67.306739239553877 ], [ -118.958391759988373, 67.304403886496459 ], [ -118.948052128721329, 67.301431328552724 ], [ -118.880483561374703, 67.281972062065961 ], [ -118.844302268082799, 67.271527853233437 ], [ -118.816568561377295, 67.263510665700863 ], [ -118.595270144235485, 67.199179665073856 ], [ -118.594203149092124, 67.198867939808608 ], [ -118.594190586729368, 67.1988642785021 ], [ -118.547637391194314, 67.190926743979006 ], [ -118.525274682539546, 67.187107279958056 ], [ -118.480092680368429, 67.179377339511618 ], [ -118.377258931850832, 67.161719318968991 ], [ -118.342879073144317, 67.155795675648022 ], [ -118.332097960052153, 67.153936023786102 ], [ -118.285547734700771, 67.145895041457607 ], [ -118.208492290338739, 67.132543858454525 ], [ -118.090973903191795, 67.112083600041643 ], [ -118.063760832576946, 67.10732877836972 ], [ -118.047756301176378, 67.104529403321777 ], [ -117.999999987607268, 67.096163112973358 ], [ -117.977491359474584, 67.092213075795314 ], [ -117.920957132308033, 67.082272537765022 ], [ -117.898829424090749, 67.078374244033867 ], [ -117.887663881999501, 67.076405580079523 ], [ -117.857247896681372, 67.071037241543806 ], [ -117.778218799960086, 67.057051257224643 ], [ -117.767578012720122, 67.05517492147078 ], [ -117.732016145415983, 67.048897011372901 ], [ -117.69609806607798, 67.042545067212885 ], [ -117.636379726850805, 67.031959361050724 ], [ -117.616165244532766, 67.028369082092411 ], [ -117.457138494464047, 67.000000113580995 ], [ -117.40118144642409, 66.989965241470358 ], [ -117.182165042104202, 66.950423925805325 ], [ -117.075776149925602, 66.931063721267108 ], [ -117.065450630255143, 66.929179316567172 ], [ -117.038419200756536, 66.920159482077011 ], [ -116.631085121064388, 66.797426512086417 ], [ -115.01271477234846, 66.286968677970819 ], [ -114.313759887144172, 66.054722634447089 ], [ -112.583394810843231, 65.447065049287104 ], [ -111.651927227522236, 65.449132851284375 ], [ -111.600463651856344, 65.449058596503647 ], [ -110.538417414740451, 65.445820750519687 ], [ -109.678759259561076, 65.097675060343988 ], [ -109.442761011448212, 64.999616845736213 ], [ -109.024884244363804, 64.831448858513752 ], [ -108.927419253517328, 64.77662956304367 ], [ -108.837894447249568, 64.732129669842507 ], [ -108.647225512832577, 64.721576597619062 ], [ -108.540857275735931, 64.715673427372735 ], [ -108.456543783745801, 64.710938379786398 ], [ -108.413630876880916, 64.708509368110612 ], [ -108.409808841910632, 64.708292415398688 ], [ -108.271306907138637, 64.700361617180818 ], [ -108.064363331624136, 64.688262474015204 ], [ -108.043462509677553, 64.687023850271601 ], [ -108.000000002321002, 64.684438422717918 ], [ -107.771260184769872, 64.670613626353941 ], [ -107.664732642206403, 64.664050072292966 ], [ -107.333930674726787, 64.643160022237097 ], [ -107.299842650248365, 64.640963580241646 ], [ -107.296678376668609, 64.640759302688579 ], [ -107.040011913944952, 64.623952365360395 ], [ -106.843171386257652, 64.610747436269008 ], [ -106.711998749083619, 64.601795364907829 ], [ -106.583120648035134, 64.59288094164998 ], [ -106.509320798133572, 64.587829406081255 ], [ -106.46536766875559, 64.584802487034707 ], [ -106.395018091530247, 64.579929136062646 ], [ -106.29626437953435, 64.573028735356544 ], [ -106.254196173493924, 64.570068145007752 ], [ -106.21283024918101, 64.567144672138596 ], [ -106.194147135947276, 64.565820278230021 ], [ -106.103099278640229, 64.559330526272305 ], [ -106.027020615647345, 64.553862384824342 ], [ -106.000000000315325, 64.551910312877979 ], [ -105.913612608218088, 64.545634386938332 ], [ -105.903473480121605, 64.54489430679196 ], [ -105.889285483183258, 64.543857425173073 ], [ -105.812402595091768, 64.538213682547052 ], [ -105.764218716694614, 64.534655074499312 ], [ -105.728000611132742, 64.531969244677896 ], [ -105.684147143379121, 64.528704579352606 ], [ -105.631998958243813, 64.524804468542968 ], [ -105.483465174931695, 64.513588644902569 ], [ -105.397547857138818, 64.507028540520054 ], [ -105.377200274757243, 64.50546714857191 ], [ -105.355696344442023, 64.503813777203703 ], [ -105.14820145880006, 64.48768867112652 ], [ -105.070096206871142, 64.481538248367414 ], [ -105.017762935503313, 64.477392580744564 ], [ -104.996378293592002, 64.475692833023601 ], [ -104.875001269365171, 64.465982480223445 ], [ -104.860444172280694, 64.464735080705793 ], [ -104.79518411855112, 64.459123874405762 ], [ -104.745448888852508, 64.45482656685229 ], [ -104.702321837618484, 64.451085531586799 ], [ -104.574520249785934, 64.439919252363808 ], [ -104.53353742692758, 64.436313057416129 ], [ -104.475731776432568, 64.431205583640093 ], [ -104.475276545920494, 64.431085338858466 ], [ -104.474328856051642, 64.431065566717791 ], [ -104.474096040001101, 64.431060697753566 ], [ -104.4679067506232, 64.430512322552843 ], [ -104.451142893028688, 64.429025549621343 ], [ -104.424799490743979, 64.426685032646645 ], [ -104.41039750653718, 64.425403280618212 ], [ -104.217078381969515, 64.408050236794011 ], [ -104.113645656378395, 64.39865225601136 ], [ -103.99999997686696, 64.388234947039933 ], [ -103.921290034861059, 64.380963831625337 ], [ -103.917612177347621, 64.380622945499184 ], [ -103.858375056693646, 64.375118719556966 ], [ -103.847280419025495, 64.374084937355661 ], [ -103.804989317465939, 64.370135837996386 ], [ -103.764618473234435, 64.366353647752064 ], [ -103.656452874969418, 64.356160112700962 ], [ -103.610087947704827, 64.35176395762953 ], [ -103.574456895384074, 64.348374645701512 ], [ -103.562063060399112, 64.347193464691671 ], [ -103.517986958405018, 64.342983621833326 ], [ -103.471631037484116, 64.338540326958153 ], [ -103.405889939896539, 64.3322113524261 ], [ -103.322397041718105, 64.324126684081776 ], [ -103.11645621503655, 64.30396146680495 ], [ -102.94095010421384, 64.286524242266694 ], [ -102.922904219340225, 64.284718129141453 ], [ -102.671188417004004, 64.259268339412387 ], [ -102.503221576212923, 64.242018595972098 ], [ -102.381368859599633, 64.229370211708542 ], [ -102.377211281247909, 64.228936658853414 ], [ -102.307634036525556, 64.221661505090026 ], [ -102.307397265630797, 64.221636672337411 ], [ -102.22808900187772, 64.213298762021793 ], [ -102.132461125969442, 64.203181100540036 ], [ -101.999999996923464, 64.189050588772076 ], [ -102.000000014040026, 64.187500000573365 ], [ -102.00000002249584, 64.181249988241476 ], [ -101.999999980720901, 64.175000001767827 ], [ -101.999999998793399, 64.168750006735706 ], [ -102.000000016857754, 64.162500007412177 ], [ -101.999999975112303, 64.156250008064262 ], [ -101.999999993173859, 64.150000000377105 ], [ -102.000000011227286, 64.143749988617728 ], [ -101.999999979113468, 64.137500003155196 ], [ -102.000000009409135, 64.131354837312372 ], [ -101.999999984904562, 64.131354437392872 ], [ -102.000000006761951, 64.131250009572568 ], [ -102.000000024800144, 64.12499998603468 ], [ -101.999999992704929, 64.118749989012699 ], [ -102.00000002992526, 64.11250001019171 ], [ -101.999999997843304, 64.106250005828329 ], [ -102.000000025456529, 64.099999993709673 ], [ -102.00000000297706, 64.0937500083988 ], [ -102.000000028116986, 64.090604782578779 ], [ -101.999999970922772, 64.08749999357029 ], [ -102.000000008106213, 64.081249997307424 ], [ -101.999999985645772, 64.075000001968874 ], [ -102.000000022809218, 64.068749999239486 ], [ -102.000000000355584, 64.06249999758009 ], [ -101.999999977912012, 64.056249992869525 ], [ -102.0000000246242, 64.050000007088912 ], [ -102.00000000218526, 64.043749996494441 ], [ -101.999999977134877, 64.04123421606856 ], [ -101.999999983557416, 64.041233733645086 ], [ -101.99999998932411, 64.037500009169477 ], [ -101.999999982948367, 64.036097151748862 ], [ -102.000000019206496, 64.036095917490456 ], [ -102.000000025728141, 64.031898079848958 ], [ -101.999999966903118, 64.031249992982183 ], [ -102.000000013575928, 64.02499999601595 ], [ -102.000000000720846, 64.01875000062914 ], [ -101.999999980406486, 64.017594742115094 ], [ -101.999999977262675, 64.017594233588511 ], [ -101.999999987871547, 64.01250000270052 ], [ -101.999999975028004, 64.006250002302764 ], [ -101.999999970725582, 64.00292819565891 ], [ -102.000000021657186, 63.999999995314546 ], [ -102.000000008811838, 63.993749990196548 ], [ -102.000000005522836, 63.987500008929793 ], [ -101.99999999268681, 63.981249999382115 ], [ -101.99999998940288, 63.975000013830986 ], [ -101.999999976576206, 63.968750000144126 ], [ -102.000000032684582, 63.96250000640498 ], [ -102.000000019853971, 63.956249988869253 ], [ -102.000000016566915, 63.949999995620381 ], [ -102.000000013281308, 63.943750000628476 ], [ -102.000000009997194, 63.937500003966029 ], [ -102.000000006714529, 63.931250005705571 ], [ -102.000000003433342, 63.925000005919578 ], [ -102.000000000153605, 63.918750004680504 ], [ -101.999999996875331, 63.912500002060838 ], [ -101.999999993598536, 63.906249998132978 ], [ -101.99999999032319, 63.899999992969391 ], [ -101.999999996567979, 63.893750012744967 ], [ -101.999999993293429, 63.887500005327105 ], [ -101.999999990020342, 63.881249996890666 ], [ -102.000000009698965, 63.877956902053839 ], [ -102.000000013955713, 63.877956580435715 ], [ -101.999999986748719, 63.874999987508048 ], [ -101.99999999298872, 63.868750003354052 ], [ -101.999999989717907, 63.86249999229603 ], [ -101.999999995954468, 63.856250006611312 ], [ -101.999999992684451, 63.849999994167142 ], [ -101.999999998917573, 63.843750007240892 ], [ -101.999999995648324, 63.837499993699716 ], [ -102.000000001878021, 63.831250005820984 ], [ -101.999999998609582, 63.824999991471813 ], [ -102.00000000483584, 63.818750002929512 ], [ -102.00000000156821, 63.812499988061226 ], [ -102.000000007791058, 63.806249999144192 ], [ -102.000000014011135, 63.800000010148068 ], [ -102.000000010743619, 63.793749995042461 ], [ -102.000000016960271, 63.78750000610458 ], [ -101.999999978865034, 63.78746490494121 ], [ -102.000000013693565, 63.781249991201499 ], [ -102.000000019906807, 63.775000002610362 ], [ -102.000000016640897, 63.76874998819823 ], [ -102.000000022850728, 63.76250000024222 ], [ -102.000000019585613, 63.756249986609355 ], [ -102.000000025792019, 63.749999999576708 ], [ -102.000000022527701, 63.743749987011313 ], [ -102.00000002873071, 63.737500001190156 ], [ -102.000000025467187, 63.731249989980256 ], [ -101.999999983165154, 63.727081150242711 ], [ -102.000000010557912, 63.727080559211366 ], [ -102.000000031666815, 63.725000005658607 ], [ -102.000000028404074, 63.718749996092143 ], [ -102.000000025142811, 63.712499987455352 ], [ -102.000000031338359, 63.706250005922662 ], [ -102.000000028077878, 63.699999999361019 ], [ -102.000000024818831, 63.693749993944756 ], [ -102.000000021561206, 63.687499989745845 ], [ -102.000000018305073, 63.681249986836129 ], [ -102.000000024495293, 63.67500001138994 ], [ -102.000000021239941, 63.668750011274163 ], [ -102.000000005616982, 63.664170963966747 ], [ -102.000000008545243, 63.662499986560661 ], [ -102.000000005294837, 63.656249989526167 ], [ -102.00000000204588, 63.649999994140003 ], [ -101.999999998798344, 63.643750000473986 ], [ -101.999999995552244, 63.637500008599822 ], [ -101.99999998287727, 63.631249992486886 ], [ -101.999999979636115, 63.625000004411774 ], [ -102.000000025636155, 63.618749988047306 ], [ -102.000000022386985, 63.61250000405807 ], [ -102.000000009717269, 63.606249996116958 ], [ -101.999999997053138, 63.599999990397997 ], [ -101.999999993812438, 63.593750013075258 ], [ -101.999999981157401, 63.587500012015603 ], [ -102.000000027096206, 63.58125000919906 ], [ -102.000000005027815, 63.574999986982924 ], [ -101.99999999237869, 63.568749993449437 ], [ -102.000000008789925, 63.563745441321124 ], [ -101.999999979959838, 63.563740195253104 ], [ -101.999999979735122, 63.562500002567859 ], [ -102.000000025633753, 63.556250010215734 ], [ -102.0000000035851, 63.549999998750337 ], [ -101.999999981546168, 63.543749990151525 ], [ -102.000000027414075, 63.537500006399078 ], [ -102.000000005379604, 63.531250003747935 ], [ -101.999999983354854, 63.52500000417789 ], [ -102.000000019799103, 63.518750003566417 ], [ -101.999999997780847, 63.512500010372968 ], [ -102.000000024817041, 63.506249990178787 ], [ -102.000000002807397, 63.500000003647706 ], [ -101.999999971422682, 63.493749994452756 ], [ -101.999999989449805, 63.493648056774511 ], [ -102.000000007829499, 63.487500010675731 ], [ -101.999999976457474, 63.481250008571621 ], [ -102.000000003468656, 63.475000005926027 ], [ -101.999999982814117, 63.469891068769591 ], [ -102.000000030467959, 63.46875000700426 ], [ -101.999999989737248, 63.462499989969558 ], [ -102.000000000230344, 63.459213588626234 ], [ -102.000000016727697, 63.456249998709488 ], [ -101.999999976017889, 63.449999989479117 ], [ -101.999999995229672, 63.449034662415812 ], [ -102.000000028643839, 63.449033588975752 ], [ -102.000000002999528, 63.44375000616597 ], [ -102.000000020603139, 63.43750000083115 ], [ -101.999999979919252, 63.43125000384196 ], [ -102.000000014947076, 63.425642974283001 ], [ -101.999999997520206, 63.425000006881739 ], [ -102.000000005753407, 63.41874998811366 ], [ -102.000000023341002, 63.41249999981293 ], [ -102.000000013253882, 63.409776819870949 ], [ -101.999999973336287, 63.406249994040778 ], [ -101.999999981569374, 63.399999988582458 ], [ -101.999999989798852, 63.393749987703089 ], [ -101.999999998024734, 63.387499991473824 ], [ -102.000000006247021, 63.381249999965796 ], [ -102.000000005120029, 63.3749999871483 ], [ -102.000000013337157, 63.368750005296143 ], [ -102.000000012209114, 63.362500002276761 ], [ -102.000000011081553, 63.35625000426306 ], [ -102.000000009954491, 63.350000011326109 ], [ -101.999999999492459, 63.343749997435246 ], [ -101.999999989035018, 63.337499988763255 ], [ -101.999999987913512, 63.331250011482844 ], [ -101.999999977463162, 63.32500001346164 ], [ -101.999999990599463, 63.320229713742137 ], [ -102.000000017602531, 63.320229122730296 ], [ -102.000000015740625, 63.318749990576777 ], [ -101.999999976793234, 63.314511807972686 ], [ -102.000000005288754, 63.312500003490349 ], [ -101.999999985518258, 63.306249995876158 ], [ -102.000000023768862, 63.299999989712894 ], [ -102.000000004002942, 63.293749993459251 ], [ -101.999999984245676, 63.287500002992275 ], [ -102.000000013156438, 63.281249988087488 ], [ -101.99999999340578, 63.27500000940654 ], [ -102.000000022301933, 63.26875000642957 ], [ -101.999999993248935, 63.262500013716682 ], [ -102.000000012825566, 63.256249996849611 ], [ -101.999999974482364, 63.249999990388297 ], [ -102.000000003357442, 63.243750012117232 ], [ -102.000000013618205, 63.237499987997019 ], [ -101.999999975299886, 63.231250000596297 ], [ -101.999999985562312, 63.224999989395535 ], [ -102.000000005115041, 63.218750010861918 ], [ -102.000000006073691, 63.212499986762431 ], [ -102.000000016322701, 63.206249995471516 ], [ -102.00000002656725, 63.200000010958654 ], [ -102.000000027520613, 63.193750007193401 ], [ -102.000000028473593, 63.187500010347605 ], [ -102.000000020143489, 63.181249994390861 ], [ -102.000000021097634, 63.175000011595984 ], [ -102.000000012772773, 63.168750009831513 ], [ -101.999999995174903, 63.162499989168111 ], [ -101.999999986859279, 63.156250001878419 ], [ -101.999999969274668, 63.149999995831074 ], [ -102.000000009395166, 63.143749993003823 ], [ -101.999999991813326, 63.137500001854818 ], [ -102.000000022644954, 63.131249987966214 ], [ -102.000000005067861, 63.125000011997741 ], [ -101.99999996897337, 63.118749991523792 ], [ -101.999999999789907, 63.112500000723465 ], [ -102.000000021334586, 63.106249991659539 ], [ -101.999999985260061, 63.099999994696951 ], [ -102.000000006798516, 63.0937500015187 ], [ -102.000000019075159, 63.087499990288364 ], [ -101.999999968276924, 63.081463437169546 ], [ -101.999999973774109, 63.08124999137074 ], [ -101.9999999860526, 63.074999996448788 ], [ -101.999999998325791, 63.068750009786648 ], [ -102.000000001349193, 63.062500005354231 ], [ -102.000000004371273, 63.056250009322426 ], [ -101.99999999815158, 63.049999995661196 ], [ -101.999999991934615, 63.043749990541329 ], [ -101.999999985720322, 63.037499994033162 ], [ -101.999999979508715, 63.031250006206982 ], [ -102.000000021527669, 63.024999996839192 ], [ -102.000000006080526, 63.018750000487714 ], [ -101.999999990640092, 63.012500013029126 ], [ -102.000000023402905, 63.006250004239902 ], [ -101.999999998740904, 63.000000008677802 ], [ -102.000000022265297, 62.993749991925675 ], [ -101.999999988393725, 62.987499988541138 ], [ -102.000000011910231, 62.981249990207118 ], [ -101.999999978055499, 62.975000005381041 ], [ -101.99999999234953, 62.968749999645937 ], [ -102.000000006637421, 62.962500003365527 ], [ -102.000000011708579, 62.956249990510152 ], [ -102.000000016777548, 62.949999987249811 ], [ -102.000000021844315, 62.943749993654599 ], [ -102.000000026908936, 62.937500009794626 ], [ -102.000000022768745, 62.931250009640287 ], [ -102.000000009429726, 62.924999993261771 ], [ -101.999999996096463, 62.918749986828814 ], [ -101.999999982768955, 62.912499990411447 ], [ -102.000000026672268, 62.906249999886136 ], [ -102.000000004151232, 62.899999997610543 ], [ -101.999999981639903, 62.893750005560626 ], [ -102.000000007137629, 62.887499993513458 ], [ -101.999999975448574, 62.881249996025531 ], [ -102.000000000936694, 62.875000004779707 ], [ -102.000000017231045, 62.868749997940235 ], [ -101.999999976379442, 62.862500005869826 ], [ -101.999999983493211, 62.856249994152236 ], [ -101.999999990603939, 62.849999993150099 ], [ -101.999999997711583, 62.843750002933277 ], [ -101.99999999564325, 62.837499997472612 ], [ -101.999999993575827, 62.83125000293704 ], [ -101.999999980349955, 62.828665926699642 ], [ -101.999999993747508, 62.828664131942936 ], [ -101.999999982340285, 62.824999993297489 ], [ -101.99999997110956, 62.818749994722779 ], [ -102.000000016924446, 62.812500003089234 ], [ -101.999999996528047, 62.806250000754787 ], [ -101.99999997614043, 62.800000009694607 ], [ -102.000000003606402, 62.793749999686376 ], [ -101.999999974068828, 62.787500005285423 ], [ -101.999999992368245, 62.781249992076077 ], [ -102.000000010659861, 62.774999990420135 ], [ -102.000000028943603, 62.7687500003873 ], [ -102.0000000022699, 62.766058294180127 ], [ -102.000000021904214, 62.76605451784954 ], [ -101.99999998112726, 62.762500000142182 ], [ -101.999999990262097, 62.756250007466257 ], [ -101.999999990247673, 62.75000000052421 ], [ -101.999999990233206, 62.74375000548411 ], [ -101.999999981077295, 62.737499996317325 ], [ -101.999999971925277, 62.73124999919186 ], [ -102.000000019646961, 62.725000009983916 ], [ -102.000000001354991, 62.718750011051711 ], [ -101.999999973937193, 62.712499998271603 ], [ -102.000000003364406, 62.706249993617973 ], [ -101.999999975957891, 62.700000005546997 ], [ -101.999999996244284, 62.693749999643714 ], [ -102.00000001652198, 62.68750000626892 ], [ -102.000000027667099, 62.681249999394332 ], [ -101.99999998203495, 62.675000009380597 ], [ -101.999999984062683, 62.668750001812953 ], [ -101.999999986089549, 62.662500007051918 ], [ -101.99999997899944, 62.65624999906936 ], [ -102.000000028636407, 62.649999999839174 ], [ -102.000000012428046, 62.643749991719758 ], [ -101.999999996226578, 62.637499996684831 ], [ -101.999999970923724, 62.631249988706436 ], [ -102.000000002307289, 62.62499998975823 ], [ -101.999999977013914, 62.618750008295919 ], [ -101.999999999280305, 62.612500009905339 ], [ -102.00000001243663, 62.60624999884913 ], [ -102.00000002558734, 62.600000001293886 ], [ -101.999999973020579, 62.593749995404998 ], [ -101.999999977079355, 62.587499998962592 ], [ -101.999999972043597, 62.581249990132207 ], [ -102.000000023589024, 62.574999990886973 ], [ -102.000000018545506, 62.568750009682404 ], [ -101.999999995330185, 62.562499990201133 ], [ -101.999999981209783, 62.556250010802714 ], [ -102.000000005459995, 62.549999989073292 ], [ -101.999999982262253, 62.543750011758192 ], [ -101.999999997422705, 62.537499992250837 ], [ -102.000000012576692, 62.531249987006632 ], [ -101.999999971241451, 62.525000000287783 ], [ -101.999999977321082, 62.51874999768102 ], [ -101.999999997601492, 62.513987534761043 ], [ -101.999999983398126, 62.512500009544922 ], [ -101.999999980403018, 62.50625000985243 ], [ -102.000000024776227, 62.499999994479793 ], [ -102.000000012707829, 62.493749997978362 ], [ -102.000000010015739, 62.489624620344401 ], [ -101.999999991580736, 62.487499990128178 ], [ -101.999999970462582, 62.481249997094395 ], [ -101.999999996680287, 62.474999988657217 ], [ -102.000000022886823, 62.468749995174655 ], [ -101.999999983663244, 62.462499994812894 ], [ -102.000000000807219, 62.456250005350888 ], [ -102.000000008891632, 62.45000000495498 ], [ -102.000000007922253, 62.443749993694297 ], [ -102.0000000069533, 62.437499997733482 ], [ -101.999999996938229, 62.43124999104603 ], [ -101.999999986927378, 62.42499999979642 ], [ -102.000000024157359, 62.418749993765388 ], [ -102.000000005104212, 62.412500007503013 ], [ -101.999999977020266, 62.406250010790124 ], [ -101.999999996154799, 62.399999999502938 ], [ -102.000000015281216, 62.393750003998406 ], [ -102.000000025366418, 62.387499998250391 ], [ -101.999999979239547, 62.38125001261561 ], [ -101.999999980298796, 62.375000012682435 ], [ -101.999999972330187, 62.368750002712687 ], [ -102.000000020537129, 62.362500004677223 ], [ -102.000000003539824, 62.356250000935802 ], [ -101.99999998654971, 62.350000013459116 ], [ -102.000000016683558, 62.343750012028678 ], [ -101.999999981662128, 62.337500005098917 ], [ -102.000000002768317, 62.331250010447647 ], [ -102.000000014851523, 62.325000006241993 ], [ -102.000000017917486, 62.31874999255087 ], [ -102.000000020982171, 62.312499995537294 ], [ -102.00000001503723, 62.306249989175846 ], [ -102.000000009094819, 62.299999999629392 ], [ -101.999999994150357, 62.293750000872627 ], [ -101.999999986639665, 62.287617822359863 ], [ -101.999999970209558, 62.287499992974361 ], [ -102.000000002296957, 62.281249997904588 ], [ -102.000000025372032, 62.274999993830825 ], [ -101.999999992442866, 62.268750011108111 ], [ -101.999999997520177, 62.262499989232623 ], [ -102.000000011588483, 62.256250010746498 ], [ -102.00000000766839, 62.249999997437726 ], [ -102.000000003749946, 62.243750001561999 ], [ -101.999999990845666, 62.237499997094531 ], [ -101.999999977946828, 62.231250010197229 ], [ -102.000000011981726, 62.225000010652934 ], [ -101.999999981120297, 62.218750006915371 ], [ -101.999999997180382, 62.212499990668185 ], [ -102.000000013233716, 62.206249992265505 ], [ -102.000000020304171, 62.199999985682858 ], [ -102.000000027371669, 62.193749997081696 ], [ -102.000000025463834, 62.187500000437694 ], [ -102.000000014586348, 62.181249995819456 ], [ -102.000000003713453, 62.175000009388143 ], [ -101.999999974911731, 62.16874998902717 ], [ -102.000000010881408, 62.162500008890099 ], [ -101.999999973127373, 62.156249999152884 ], [ -101.999999991160237, 62.150000003684028 ], [ -102.000000000226365, 62.143750000652048 ], [ -102.000000000331426, 62.137499990125477 ], [ -102.000000000436444, 62.131249998264785 ], [ -101.999999991587899, 62.124999999046345 ], [ -101.999999973791432, 62.118749992538646 ], [ -102.000000011703293, 62.112500000709602 ], [ -101.999999984962173, 62.106250005920344 ], [ -102.00000000496378, 62.099999999854752 ], [ -102.000000016012848, 62.093749986773574 ], [ -101.99999997140317, 62.087499997028885 ], [ -101.999999973514264, 62.081249996212989 ], [ -102.000000031255311, 62.075000010485581 ], [ -102.000000015479728, 62.0687499961169 ], [ -101.999999999710738, 62.062500001165525 ], [ -101.999999975015484, 62.056249999608539 ], [ -101.99999998802646, 62.054317594033996 ], [ -101.999999996983775, 62.049999987322103 ], [ -102.00000001894287, 62.043749994657638 ], [ -101.999999976404524, 62.037499999784544 ], [ -101.999999980507894, 62.031249994386847 ], [ -101.999999984609559, 62.025000008815603 ], [ -101.999999970866142, 62.018749990957737 ], [ -101.999999994101387, 62.016702883652293 ], [ -102.000000012642985, 62.012499988870637 ], [ -101.99999999889944, 62.006250011006493 ], [ -102.000000022820785, 61.99999999686851 ], [ -101.999999991252423, 61.993750007089751 ], [ -102.000000006253018, 61.987500007263939 ], [ -101.999999992739532, 61.98130890980331 ], [ -102.000000012336812, 61.98125000165134 ], [ -102.000000009509449, 61.974999990320136 ], [ -102.000000006683237, 61.968749999428383 ], [ -101.999999994953313, 61.962500002954187 ], [ -101.999999974325192, 61.956250000965738 ], [ -102.000000000203187, 61.949999989339176 ], [ -102.000000026070381, 61.943749998424181 ], [ -102.000000016726688, 61.940200952428462 ], [ -101.999999987653695, 61.937500006391069 ], [ -102.000000004219345, 61.937269361824818 ], [ -101.999999995721424, 61.931250004924095 ], [ -101.999999994892008, 61.924999998283255 ], [ -101.999999994062932, 61.918750012625836 ], [ -101.999999975454045, 61.912499995841451 ], [ -102.00000001217083, 61.906249995984538 ], [ -101.999999984679533, 61.899999995417744 ], [ -101.999999985510939, 61.897431445683303 ], [ -102.000000012494567, 61.893750011914165 ], [ -102.000000022532674, 61.887499997555977 ], [ -101.999999977294749, 61.881250008780519 ], [ -101.999999978457026, 61.875000011183332 ], [ -102.000000025990516, 61.868750004832457 ], [ -102.000000009391613, 61.862499998179416 ], [ -101.999999992799602, 61.856250013188657 ], [ -102.000000013685678, 61.849999993559742 ], [ -101.999999979360183, 61.843749999920512 ], [ -101.999999991372476, 61.837499997867205 ], [ -101.999999994513686, 61.831249991659419 ], [ -101.999999997653617, 61.825000007452864 ], [ -101.999999983067468, 61.818749993139711 ], [ -102.00000002363295, 61.812499996771706 ], [ -102.000000000188791, 61.806250000712204 ], [ -102.000000023020178, 61.799999996645774 ], [ -101.999999981875817, 61.793749993023461 ], [ -101.999999995848327, 61.787500007617147 ], [ -101.99999999211235, 61.781249992511647 ], [ -101.999999988377937, 61.774999999949159 ], [ -101.99999997579738, 61.768750003910206 ], [ -102.000000009430281, 61.762500000271032 ], [ -101.999999979162595, 61.756249997482456 ], [ -101.999999972794882, 61.751213723502644 ], [ -101.999999972914623, 61.751212224923087 ], [ -101.999999995096516, 61.749999987229195 ], [ -102.000000011023829, 61.743749999857101 ], [ -102.000000018106064, 61.73750000934708 ], [ -102.000000007512, 61.731249989680428 ], [ -101.999999996922327, 61.724999993097782 ], [ -101.999999977504032, 61.718749993580303 ], [ -102.000000004225441, 61.712499987004257 ], [ -101.999999975984323, 61.706250007906128 ], [ -101.999999985039963, 61.699999995798642 ], [ -101.999999994091837, 61.69375000711279 ], [ -101.999999985492224, 61.687499989744424 ], [ -101.999999976896163, 61.681249995932696 ], [ -102.000000014378116, 61.67499999546807 ], [ -101.999999988142832, 61.668749996800791 ], [ -102.00000000797381, 61.662499991615796 ], [ -102.000000027796588, 61.656250010257189 ], [ -101.999999975135964, 61.650000004813201 ], [ -102.000000023362006, 61.643749988862972 ], [ -102.00000001674141, 61.637500001132679 ], [ -102.000000001316096, 61.631250011413449 ], [ -102.000000023089854, 61.62499998949685 ], [ -101.999999990061895, 61.61874999600235 ], [ -102.000000003026969, 61.612499996530225 ], [ -102.000000007186472, 61.606249995339105 ], [ -102.000000002545846, 61.599999992496436 ], [ -101.999999989110592, 61.593749988069682 ], [ -101.999999975680865, 61.587500008210348 ], [ -101.999999999395698, 61.581249996626468 ], [ -102.000000023100753, 61.575000009744656 ], [ -101.999999974515006, 61.568749999655402 ], [ -101.999999980640396, 61.562500010211728 ], [ -102.000000023871692, 61.556249989313535 ], [ -102.000000012416578, 61.549999997577515 ], [ -101.999999992184101, 61.543750004796223 ], [ -102.000000017825755, 61.537500006846109 ], [ -101.999999980043555, 61.531250012176329 ], [ -101.999999988123832, 61.525000012472354 ], [ -101.999999987425895, 61.518750011992431 ], [ -101.999999977955198, 61.512500010803798 ], [ -102.000000014307048, 61.506250004782878 ], [ -101.999999987295794, 61.500000002378663 ], [ -102.000000006095476, 61.493749995276694 ], [ -102.000000016121575, 61.487499987735049 ], [ -102.000000026143553, 61.481250005903298 ], [ -102.000000018636939, 61.474999997683852 ], [ -102.000000002372943, 61.468749989226353 ], [ -101.99999998611564, 61.462500006679988 ], [ -102.000000006851536, 61.456249993757091 ], [ -102.00000002757892, 61.450000006879442 ], [ -101.999999976313418, 61.44374999814125 ], [ -101.999999979535673, 61.437500011391684 ], [ -102.000000019712743, 61.431249994534674 ], [ -102.000000005429015, 61.425000008181669 ], [ -101.999999973659015, 61.418749996046309 ], [ -101.99999999632405, 61.412500006167654 ], [ -102.000000001494797, 61.406249990641044 ], [ -102.000000006663427, 61.40000000169568 ], [ -101.999999994352152, 61.393749987236717 ], [ -101.999999982045907, 61.387499999492853 ], [ -102.000000015375662, 61.381250008259727 ], [ -101.999999976869518, 61.374999995904894 ], [ -101.999999992723204, 61.368750006275441 ], [ -101.999999991110471, 61.362499991467999 ], [ -101.999999989498363, 61.356250003710159 ], [ -101.99999997043416, 61.349999990908522 ], [ -102.000000005677308, 61.343750001099792 ], [ -101.999999969171952, 61.337499990571779 ], [ -101.999999986958883, 61.331250003170346 ], [ -101.999999987300015, 61.324999990993348 ], [ -101.999999987641033, 61.318750006266882 ], [ -102.000000024794545, 61.312499992708609 ], [ -102.000000007699967, 61.306250010924757 ], [ -102.000000027409953, 61.300000000443077 ], [ -101.999999984190779, 61.293749995790307 ], [ -101.99999998648039, 61.287499988652762 ], [ -101.999999988769105, 61.281250009366325 ], [ -102.000000027824456, 61.275000001649985 ], [ -102.000000003994074, 61.268750000029819 ], [ -102.000000025627472, 61.262499996192297 ], [ -101.999999984407879, 61.256249998584487 ], [ -101.999999989853848, 61.253402300716338 ], [ -101.999999988640639, 61.249999998892882 ], [ -101.999999984175517, 61.243750001374408 ], [ -102.000000025129168, 61.237500001905758 ], [ -102.000000003273271, 61.231250008933813 ], [ -102.000000018133917, 61.224999988067481 ], [ -101.999999978910211, 61.218749999909086 ], [ -101.999999985082482, 61.212500010067444 ], [ -101.999999973881216, 61.206249996721986 ], [ -102.000000016729743, 61.200000007904173 ], [ -101.999999988162656, 61.193749999906117 ], [ -102.000000004950209, 61.187499990491844 ], [ -102.000000021730912, 61.181250009994848 ], [ -102.000000021151465, 61.175000006327956 ], [ -102.00000001189737, 61.168750005634713 ], [ -101.999999993973859, 61.16250000798177 ], [ -102.000000021354566, 61.156250009245881 ], [ -101.999999977427606, 61.14999999179706 ], [ -101.999999987464832, 61.143749999474856 ], [ -101.999999988831888, 61.137500010459277 ], [ -101.99999997286973, 61.13124999874104 ], [ -102.00000001082752, 61.125000012348785 ], [ -101.999999977545755, 61.118750007576914 ], [ -101.999999989510044, 61.112500002188362 ], [ -101.999999992812164, 61.106250000439374 ], [ -101.999999987457414, 61.100000002396449 ], [ -102.00000002730981, 61.093750003936414 ], [ -101.999999995994173, 61.087499987430022 ], [ -102.000000018528141, 61.081249996714625 ], [ -101.999999978578472, 61.07500001416075 ], [ -101.999999975166546, 61.068750005381013 ], [ -102.000000016915152, 61.062499996516799 ], [ -101.999999996210349, 61.056249996013591 ], [ -102.000000020654767, 61.049999995558757 ], [ -101.999999982678077, 61.043750003597665 ], [ -101.999999989839338, 61.037500011817727 ], [ -101.999999979725203, 61.031249998400959 ], [ -102.00000002335392, 61.025000011372121 ], [ -101.999999995971592, 61.018750007028821 ], [ -102.00000001368636, 61.012500003132438 ], [ -102.000000022764667, 61.006250003938725 ], [ -102.000000023211825, 61.000000009513954 ], [ -102.000000006407262, 60.993749993851331 ], [ -101.999999989609506, 60.987500009163455 ], [ -102.000000009236672, 60.98124999918128 ], [ -102.000000020235362, 60.97499999423345 ], [ -101.999999977612632, 60.971146520129622 ], [ -102.000000022610834, 60.968749994386251 ], [ -102.00000001636829, 60.962499999705877 ], [ -102.000000001512944, 60.956250010258564 ], [ -102.00000002304499, 60.949999995849176 ], [ -101.999999982358815, 60.943749990994696 ], [ -101.999999995275928, 60.937500013454958 ], [ -101.999999982362766, 60.931249989269539 ], [ -102.000000023020036, 60.924999992531255 ], [ -102.000000001501618, 60.918750005612516 ], [ -102.000000016329196, 60.912499994129981 ], [ -102.000000022549372, 60.906249988410472 ], [ -102.000000020167377, 60.89999998852015 ], [ -102.000000009188426, 60.893749994525081 ], [ -101.999999989617706, 60.887500006491379 ], [ -102.000000006355535, 60.881249994225499 ], [ -102.000000014493892, 60.874999988053432 ], [ -102.000000014037951, 60.86874998804128 ], [ -102.000000004992941, 60.86249999425506 ], [ -101.999999987364035, 60.856250006760853 ], [ -102.00000000600636, 60.849999995365771 ], [ -102.000000016057072, 60.843749990395033 ], [ -102.000000017521401, 60.837499991914655 ], [ -102.000000010404506, 60.831249999990597 ], [ -101.999999986132678, 60.824999988619382 ], [ -102.000000015252596, 60.818750005817392 ], [ -102.000000027209921, 60.812500003700457 ], [ -101.999999977228185, 60.806250012592685 ], [ -102.000000016822099, 60.799999993925098 ], [ -102.000000003061061, 60.793750012467626 ], [ -102.000000025496789, 60.787500007771172 ], [ -101.999999986039029, 60.781250014347805 ], [ -101.999999982773843, 60.774999997817822 ], [ -101.999999979509951, 60.768750014572667 ], [ -102.000000012409501, 60.76250000835303 ], [ -101.999999983461123, 60.756250013670169 ], [ -101.999999990672009, 60.749999996145142 ], [ -101.999999997879968, 60.7437500121681 ], [ -101.999999987975457, 60.737500009669297 ], [ -102.000000022753881, 60.731250010594003 ], [ -101.999999987194258, 60.72499999731756 ], [ -101.999999996309938, 60.718749987596532 ], [ -102.000000005421967, 60.712500011752098 ], [ -101.999999988891688, 60.706249991649045 ], [ -102.000000025546683, 60.700000001365794 ], [ -101.999999991933407, 60.69374999721115 ], [ -102.000000002949861, 60.687499996941128 ], [ -102.000000005422564, 60.681250004809748 ], [ -101.999999990818921, 60.674999994816567 ], [ -102.000000020810603, 60.668749988905525 ], [ -101.999999989141273, 60.662499995518679 ], [ -102.000000002056211, 60.656250006345395 ], [ -101.999999997904354, 60.649999999573936 ], [ -101.999999985225031, 60.643750001335818 ], [ -102.000000017095644, 60.637500007508599 ], [ -101.999999978840464, 60.631250000468917 ], [ -101.999999985127602, 60.624999997971742 ], [ -101.999999982889932, 60.618750004270709 ], [ -102.000000016641806, 60.612499989178772 ], [ -101.999999997361002, 60.606250013266987 ], [ -102.000000005544933, 60.599999990031385 ], [ -102.000000013725611, 60.59375000191914 ], [ -102.000000004875432, 60.587499996867123 ], [ -101.999999987516716, 60.581250001005301 ], [ -102.000000014620881, 60.575000010211383 ], [ -102.000000036668993, 60.571776877264547 ], [ -102.000000024696845, 60.568750002675039 ], [ -102.000000026261773, 60.562500004525774 ], [ -102.000000010815512, 60.556249989765703 ], [ -101.999999995375433, 60.550000010587212 ], [ -102.000000015851171, 60.543750010741455 ], [ -102.000000019318364, 60.537499994482097 ], [ -102.000000014285675, 60.531249987937763 ], [ -102.000000000758135, 60.524999991173985 ], [ -101.999999978740902, 60.518750004256113 ], [ -101.999999992606362, 60.512499996999672 ], [ -101.99999999797457, 60.506249999720339 ], [ -101.999999994850569, 60.500000012483476 ], [ -102.000000027580299, 60.49375000510512 ], [ -101.999999998991683, 60.487500012087814 ], [ -102.000000017673514, 60.486408893834664 ], [ -102.000000006252634, 60.481249999060374 ], [ -102.000000005027431, 60.47499999633753 ], [ -101.999999995321119, 60.468750003984624 ], [ -102.000000021435454, 60.462499991818461 ], [ -101.999999986295094, 60.456249994340581 ], [ -101.999999995447794, 60.450000003241549 ], [ -101.999999987647143, 60.443749996713393 ], [ -102.000000024111102, 60.437499996695017 ], [ -101.999999999364903, 60.431250011626354 ], [ -102.000000010402658, 60.425000007137875 ], [ -102.000000004499768, 60.41874998748257 ], [ -101.999999998599279, 60.412500004845967 ], [ -101.999999975771601, 60.406250007173298 ], [ -101.999999988698676, 60.399999990343133 ], [ -102.000000001620606, 60.393750010727175 ], [ -101.999999989158312, 60.387499990212326 ], [ -101.999999976700963, 60.381250007042055 ], [ -101.999999999965837, 60.375000004976101 ], [ -102.000000006312163, 60.368749988267204 ], [ -102.00000001265596, 60.362500009098255 ], [ -101.9999999936433, 60.356249989358439 ], [ -102.000000027226434, 60.350000003101883 ], [ -101.999999991322511, 60.343750006650801 ], [ -101.999999991107615, 60.337499991696909 ], [ -101.999999982448188, 60.331249988550546 ], [ -102.000000017895829, 60.324999993089989 ], [ -101.999999992351988, 60.31875001375397 ], [ -101.999999994025259, 60.312499990119186 ], [ -101.999999995697834, 60.306250004610092 ], [ -101.99999998049725, 60.300000005177168 ], [ -102.000000000928068, 60.293749987699151 ], [ -102.000000021350786, 60.287500008541841 ], [ -102.000000016471688, 60.281249989599949 ], [ -102.000000011594523, 60.275000009108759 ], [ -101.999999981435565, 60.268749988963947 ], [ -102.000000003731145, 60.262500003213169 ], [ -102.000000009168787, 60.256250003995682 ], [ -101.999999997758451, 60.249999991376875 ], [ -101.999999977931367, 60.243749991477827 ], [ -102.000000002093742, 60.237500000176972 ], [ -102.000000009410698, 60.231249995670453 ], [ -102.000000008308518, 60.225000004078815 ], [ -101.999999990377589, 60.218749999411955 ], [ -102.000000016400605, 60.212500003603701 ], [ -101.99999997324133, 60.206249999037034 ], [ -102.000000026367772, 60.199999999272755 ], [ -102.000000010328492, 60.193749990880427 ], [ -101.999999985889289, 60.187499995793182 ], [ -102.000000005363248, 60.181250009889645 ], [ -102.00000000802352, 60.175000011367061 ], [ -101.999999993880166, 60.168750000290743 ], [ -102.00000002361989, 60.162499998593319 ], [ -101.999999984284997, 60.156249988658594 ], [ -101.999999988825834, 60.149999988232672 ], [ -101.999999984970216, 60.143750001566531 ], [ -102.00000001656602, 60.137499998486007 ], [ -101.999999987532263, 60.131250013481129 ], [ -101.999999993945934, 60.125000012192075 ], [ -101.999999983580878, 60.118749998870086 ], [ -102.000000017028341, 60.112499995446619 ], [ -101.999999989893269, 60.106250010358259 ], [ -101.999999998176932, 60.100000009246017 ], [ -101.999999989694373, 60.093749996361034 ], [ -101.999999972835312, 60.087499997819947 ], [ -101.99999999974824, 60.081250009501602 ], [ -102.000000009897505, 60.075000009605333 ], [ -102.00000000329301, 60.068749998196317 ], [ -101.999999988317867, 60.062500001390482 ], [ -102.000000008707943, 60.056249989016067 ], [ -102.000000020720066, 60.049999991374456 ], [ -102.000000024359153, 60.043750008530196 ], [ -102.000000002896797, 60.037499988447621 ], [ -101.999999981442897, 60.031250009342216 ], [ -101.999999986958656, 60.024999988943051 ], [ -101.999999992472254, 60.018750009650212 ], [ -101.999999972903396, 60.01249999337935 ], [ -101.999999997004537, 60.006249988109118 ], [ -102.000000012739392, 59.999999998089535 ], [ -102.01249994469697, 60.000011675144826 ], [ -102.024999945720069, 60.000022143733595 ], [ -102.037499902470145, 60.000031386191694 ], [ -102.04999991799464, 60.000039394121522 ], [ -102.062499930912821, 60.000046145672862 ], [ -102.074999896645849, 60.000051671107677 ], [ -102.087499926659788, 60.000055988041431 ], [ -102.099999951140148, 60.000059048597159 ], [ -102.112499985988421, 60.00006090486032 ], [ -102.125000013351624, 60.00006150474654 ], [ -102.137500049172075, 60.000060900338241 ], [ -102.150000032044602, 60.000059069840695 ], [ -102.16250005649735, 60.000055978727175 ], [ -102.175000086541417, 60.000051683317309 ], [ -102.187500104221712, 60.000046131535768 ], [ -102.200000073598602, 60.000039379724704 ], [ -102.212500080646024, 60.000031367282901 ], [ -102.225000089463549, 60.000022150544346 ], [ -102.237500030035335, 60.000011681723706 ], [ -102.250000022447352, 60.000000004329394 ], [ -102.262499938622682, 60.000011702498696 ], [ -102.266417813835304, 60.000015097580643 ], [ -102.269559402938626, 60.000017744597173 ], [ -102.274999906887928, 60.000022140023987 ], [ -102.285337373172638, 60.000029874300331 ], [ -102.287499891453237, 60.000031373254188 ], [ -102.287855624567172, 60.00003162871581 ], [ -102.287882271874452, 60.000031641849944 ], [ -102.294158139088651, 60.000035787452688 ], [ -102.29925152385961, 60.000038941755861 ], [ -102.299260175358, 60.00003894665258 ], [ -102.299999882781677, 60.000039376156579 ], [ -102.312499931876758, 60.000046144416828 ], [ -102.324999925210818, 60.000051660628372 ], [ -102.337499931023757, 60.000055972537908 ], [ -102.349999939737799, 60.00005905411669 ], [ -102.361353880826826, 60.000060787556372 ], [ -102.362500002349577, 60.000060901030523 ], [ -102.375000013967494, 60.000061521941717 ], [ -102.382647706346575, 60.000061293231262 ], [ -102.387500025589929, 60.000060912521484 ], [ -102.391775837194899, 60.000060419729813 ], [ -102.393040836821626, 60.00006023820724 ], [ -102.39305509145143, 60.000060222735726 ], [ -102.400000027567586, 60.000059046747651 ], [ -102.412500088247626, 60.0000559723115 ], [ -102.425000094078527, 60.000051671893786 ], [ -102.437500096051807, 60.00004614114583 ], [ -102.450000093202007, 60.00003938006828 ], [ -102.462500075828785, 60.000031362643988 ], [ -102.475000060426012, 60.000022140910716 ], [ -102.48750003730359, 60.000011688850726 ], [ -102.500000005496005, 60.000000006465285 ], [ -102.512499977887714, 60.000011682365148 ], [ -102.524999915805481, 60.000022158352671 ], [ -102.537093601644884, 60.000031102780227 ], [ -102.537114602669504, 60.000031114371488 ], [ -102.53749990460372, 60.00003137360293 ], [ -102.54999990015105, 60.00003935852456 ], [ -102.562499910298328, 60.000046139127662 ], [ -102.566393887991595, 60.000047984506622 ], [ -102.574999916457415, 60.000051663388433 ], [ -102.587499935305857, 60.000055983327442 ], [ -102.599999948214617, 60.000059046924697 ], [ -102.610988145375089, 60.000060751639815 ], [ -102.612499971902082, 60.000060906197575 ], [ -102.613194644331813, 60.000060976357481 ], [ -102.62499998769843, 60.000061509129814 ], [ -102.637500012362835, 60.000060907735666 ], [ -102.641587662301902, 60.000060431572329 ], [ -102.649004697294828, 60.000059232115532 ], [ -102.650000027184632, 60.000059050002619 ], [ -102.662500048963892, 60.000055987941742 ], [ -102.675000058949081, 60.000051669544298 ], [ -102.675415395043345, 60.000051499211636 ], [ -102.678944379501374, 60.000050047579371 ], [ -102.683991606305611, 60.000047811678357 ], [ -102.687500073981056, 60.000046146818143 ], [ -102.688317227302932, 60.00004573511108 ], [ -102.700000075267539, 60.000039367758376 ], [ -102.712217643710247, 60.000031566353883 ], [ -102.712500079690173, 60.000031384369592 ], [ -102.717790557217413, 60.000027628236509 ], [ -102.717815299449114, 60.000027608408971 ], [ -102.725000068415838, 60.000022144650742 ], [ -102.737500049407757, 60.000011674604366 ], [ -102.74999997876148, 60.000000004721947 ], [ -102.761507898776102, 60.000010799621634 ], [ -102.76249994058692, 60.000011680410452 ], [ -102.766571427223752, 60.000015220802496 ], [ -102.774999920082152, 60.000022151770949 ], [ -102.787499898312106, 60.000031366808912 ], [ -102.791038279898061, 60.000033748491738 ], [ -102.794501636807411, 60.000035991110884 ], [ -102.799999892301244, 60.000039377514724 ], [ -102.807204097789722, 60.000043424393354 ], [ -102.812499883073627, 60.000046131897719 ], [ -102.813352511316936, 60.000046540368288 ], [ -102.824999939592473, 60.000051677422071 ], [ -102.837499939043482, 60.000055971141784 ], [ -102.849999950432377, 60.000059060522815 ], [ -102.862499954701676, 60.000060893582251 ], [ -102.875000020889047, 60.000061517757274 ], [ -102.887500026112761, 60.000060890150444 ], [ -102.90000003945309, 60.000059058200804 ], [ -102.903169812512232, 60.000058388502282 ], [ -102.905391821668815, 60.000057878397364 ], [ -102.905430863098672, 60.000057878974594 ], [ -102.912500041770883, 60.000055969933136 ], [ -102.925000102178302, 60.000051672757635 ], [ -102.937500097726343, 60.000046123825484 ], [ -102.950000097569671, 60.000039370548699 ], [ -102.954873901348137, 60.000036402578488 ], [ -102.958864903070861, 60.000033805442435 ], [ -102.962500082487608, 60.000031360959831 ], [ -102.975000069790241, 60.0000221470263 ], [ -102.987500040216077, 60.000011676784546 ], [ -103.00000001111593, 60.000000002198689 ], [ -103.012499947991287, 60.000011695900632 ], [ -103.024999945429826, 60.000022154678625 ], [ -103.03749989872594, 60.000031387735625 ], [ -103.049999901436408, 60.000039359879644 ], [ -103.062499919144798, 60.000046127668213 ], [ -103.074999941681611, 60.000051665123145 ], [ -103.087499916221063, 60.000055976873981 ], [ -103.099999945519841, 60.000059053664927 ], [ -103.112499976750442, 60.00006090012068 ], [ -103.12500000894731, 60.000061516241054 ], [ -103.137500041144918, 60.000060902025936 ], [ -103.144952164160827, 60.000059947638874 ], [ -103.150000072377765, 60.000059057475433 ], [ -103.156114407947314, 60.000057720943126 ], [ -103.156124627558128, 60.000057714162224 ], [ -103.162500049831024, 60.000055987250569 ], [ -103.17500007623957, 60.000051682035178 ], [ -103.187500098786728, 60.000046146485481 ], [ -103.200000116506999, 60.000039380602182 ], [ -103.212500067246296, 60.000031363102671 ], [ -103.225000072407894, 60.000022136560681 ], [ -103.237500018007921, 60.000011684379395 ], [ -103.250000006759009, 59.999999997182243 ], [ -103.262499947178938, 60.000011696933932 ], [ -103.274999938732634, 60.00002213569892 ], [ -103.277604751113444, 60.000024160547213 ], [ -103.285729686949225, 60.00003014256518 ], [ -103.28578414874417, 60.000030179758056 ], [ -103.287499895572552, 60.000031374805182 ], [ -103.299999911009238, 60.00003937887216 ], [ -103.312499922816286, 60.000046126648442 ], [ -103.313611931171437, 60.000046680020631 ], [ -103.324999897049096, 60.000051674775648 ], [ -103.326769415430235, 60.000052369184857 ], [ -103.336959586320546, 60.000055821457032 ], [ -103.337499926976577, 60.00005598784584 ], [ -103.347183390875529, 60.000058466541425 ], [ -103.349999950347282, 60.00005904462612 ], [ -103.362499985103042, 60.000060897025875 ], [ -103.366095676687138, 60.000061206108029 ], [ -103.375000020829745, 60.00006151908952 ], [ -103.376616053701795, 60.000061500246247 ], [ -103.387500004745846, 60.000060915569641 ], [ -103.400000030020209, 60.000059051015462 ], [ -103.405565254120376, 60.000057843201539 ], [ -103.412500062858243, 60.000055982077015 ], [ -103.415714571867028, 60.000055001088015 ], [ -103.425000092805107, 60.000051682803061 ], [ -103.437500109365232, 60.000046127246257 ], [ -103.450000078816359, 60.000039372082057 ], [ -103.462500094288288, 60.00003138181129 ], [ -103.475000041643483, 60.000022140051279 ], [ -103.487500042635077, 60.000011689122552 ], [ -103.496677791304791, 60.000003227030987 ], [ -103.499441014677359, 60.000000573052809 ], [ -103.499454508760707, 60.000000557265899 ], [ -103.49999998314334, 60.000000012662156 ], [ -103.512499945739989, 60.000011680768893 ], [ -103.524999926611898, 60.00002214449254 ], [ -103.525949445099101, 60.00002288326575 ], [ -103.528875178440515, 60.000025134228231 ], [ -103.537499915212578, 60.000031377888689 ], [ -103.54999991057656, 60.000039380956238 ], [ -103.562499902106495, 60.000046127755809 ], [ -103.574999908090348, 60.000051670164368 ], [ -103.587499917940931, 60.000055982241911 ], [ -103.589124205746558, 60.000056459767052 ], [ -103.598386521936803, 60.000058728870869 ], [ -103.599999930692732, 60.000059063987891 ], [ -103.612499997162345, 60.000060910557544 ], [ -103.625000003135384, 60.000061505700693 ], [ -103.637500018785602, 60.000060896446264 ], [ -103.641028545520172, 60.000060494143966 ], [ -103.644122827752511, 60.000060065990013 ], [ -103.650000033474953, 60.000059056859676 ], [ -103.659472218604407, 60.000056848051067 ], [ -103.662500046237867, 60.000055986941192 ], [ -103.663910074087113, 60.000055561003677 ], [ -103.663918484366079, 60.000055549130245 ], [ -103.675000107881431, 60.00005168182124 ], [ -103.687500104159454, 60.000046125306142 ], [ -103.700000105337921, 60.000039364390553 ], [ -103.708873025721957, 60.000033823401942 ], [ -103.712500100727894, 60.000031373145376 ], [ -103.71459217677301, 60.000029915186389 ], [ -103.725000089363846, 60.000022151571606 ], [ -103.734317151296068, 60.00001446091661 ], [ -103.73750006050598, 60.000011673745242 ], [ -103.743555118548784, 60.000006186700134 ], [ -103.749999980966194, 59.999999996419163 ], [ -103.762499961091436, 60.000011678128523 ], [ -103.774999959706079, 60.000022155432262 ], [ -103.784771929677405, 60.000029468401443 ], [ -103.786546457965187, 60.000030715674143 ], [ -103.787499904489977, 60.000031381399538 ], [ -103.799999907784667, 60.000039372126004 ], [ -103.801571984336007, 60.000040296978725 ], [ -103.801609414918403, 60.000040309153107 ], [ -103.80575007669016, 60.000042641002793 ], [ -103.805752060340112, 60.000042640283439 ], [ -103.812499916867438, 60.000046132521362 ], [ -103.82499993077279, 60.000051662584774 ], [ -103.837499958390865, 60.00005598823293 ], [ -103.849999979054957, 60.000059057629677 ], [ -103.854078213494972, 60.000059785999497 ], [ -103.862499949901348, 60.000060901639266 ], [ -103.867612506899206, 60.000061294854284 ], [ -103.874999973453868, 60.000061510373925 ], [ -103.887500006897682, 60.00006091468827 ], [ -103.900000029484758, 60.000059062754481 ], [ -103.912500050135719, 60.000055980487232 ], [ -103.925000067885051, 60.000051667886872 ], [ -103.937500081767254, 60.000046124953933 ], [ -103.950000100763901, 60.000039377597609 ], [ -103.962500104025395, 60.000031374000649 ], [ -103.975000048797057, 60.000022145065678 ], [ -103.977275428036521, 60.000020322115866 ], [ -103.980520772507106, 60.000017665328173 ], [ -103.986434507653897, 60.00001262357771 ], [ -103.987500037567571, 60.000011680814588 ], [ -104.000000017643373, 59.9999999862357 ], [ -104.01249994001725, 60.000011680398671 ], [ -104.02499992280373, 60.000022139232684 ], [ -104.037499913315202, 60.000031367738828 ], [ -104.043778486990149, 60.000035528165306 ], [ -104.049999910586109, 60.000039365915981 ], [ -104.062499913650981, 60.000046133763213 ], [ -104.074999921544261, 60.000051671279699 ], [ -104.08749993330045, 60.000055978464772 ], [ -104.099999947954004, 60.000059055317912 ], [ -104.112499964539396, 60.000060901838779 ], [ -104.124999982091154, 60.000061518027103 ], [ -104.13749999964368, 60.000060903882847 ], [ -104.146237864172761, 60.000059740371832 ], [ -104.150000067930037, 60.000059054342692 ], [ -104.154265012311939, 60.000058144115471 ], [ -104.154270167457469, 60.000058149818727 ], [ -104.162500082585623, 60.000055979528526 ], [ -104.170807872061289, 60.000053243842316 ], [ -104.175000094345407, 60.000051674382455 ], [ -104.187500102243902, 60.000046138904963 ], [ -104.18918258792651, 60.000045289654309 ], [ -104.200000105315596, 60.000039373096719 ], [ -104.204223875006093, 60.000036801032046 ], [ -104.209117953585604, 60.000033668035805 ], [ -104.21250010259493, 60.000031376958553 ], [ -104.225000093116407, 60.000022150491411 ], [ -104.237500024230016, 60.000011698795397 ], [ -104.249999998341266, 60.000000011678829 ], [ -104.258485013577271, 60.000008079441493 ], [ -104.262499942715692, 60.000011702653474 ], [ -104.274999937249135, 60.000022132310306 ], [ -104.287499898029679, 60.000031362638055 ], [ -104.299999917245586, 60.000039357518247 ], [ -104.312499890580327, 60.000046127193741 ], [ -104.324999920415451, 60.000051661409699 ], [ -104.337499954110868, 60.000055965289931 ], [ -104.349999939034618, 60.000059043978716 ], [ -104.35612494829013, 60.00006011903983 ], [ -104.362499987838518, 60.000060913066889 ], [ -104.375000027333897, 60.000061525941504 ], [ -104.387500015167049, 60.000060913639246 ], [ -104.400000053695308, 60.000059065845207 ], [ -104.412500090290735, 60.000055987714539 ], [ -104.416032575218381, 60.000054884806708 ], [ -104.425000072333432, 60.000051684422942 ], [ -104.434740281379405, 60.000047487351182 ], [ -104.437500102168585, 60.000046145625383 ], [ -104.450000075524073, 60.000039381678235 ], [ -104.454737775074435, 60.000036503523035 ], [ -104.462500094736853, 60.000031382216456 ], [ -104.462859704492431, 60.000031138341107 ], [ -104.475000055543063, 60.000022157617025 ], [ -104.484812220973154, 60.000014064460593 ], [ -104.487500060271444, 60.000011697494813 ], [ -104.500000004666319, 60.000000012247497 ], [ -104.512499947119622, 60.000011694715823 ], [ -104.524999949896142, 60.00002214164779 ], [ -104.537499908752338, 60.000031363468999 ], [ -104.549999884797415, 60.000039380827886 ], [ -104.562499907838543, 60.000046136770415 ], [ -104.574999935698713, 60.000051662378269 ], [ -104.587499926249805, 60.000055988749487 ], [ -104.599999960863784, 60.00005905369018 ], [ -104.612499997400249, 60.000060888294655 ], [ -104.624999993767673, 60.000061523673551 ], [ -104.637500031264778, 60.000060897609139 ], [ -104.650000016170353, 60.00005904647503 ], [ -104.662500061281833, 60.000055985594159 ], [ -104.675000092972326, 60.000051668525259 ], [ -104.687500069180928, 60.000046126403063 ], [ -104.700000102723081, 60.000039374517257 ], [ -104.712500068310149, 60.000031371740725 ], [ -104.725000078739185, 60.000022133344203 ], [ -104.73750004041942, 60.000011695763106 ], [ -104.745133299279289, 60.000004702533687 ], [ -104.749999982828896, 60.000000002015689 ], [ -104.762499961530409, 60.000011691716637 ], [ -104.77499994892284, 60.000022151090043 ], [ -104.787499892446107, 60.000031385457326 ], [ -104.794541030303392, 60.000036039155233 ], [ -104.799999894325907, 60.00003938417715 ], [ -104.810981740706723, 60.000045370672233 ], [ -104.812499891352346, 60.000046126727511 ], [ -104.824999903845182, 60.000051664785893 ], [ -104.837499920201381, 60.000055972511952 ], [ -104.849999939455373, 60.00005904990519 ], [ -104.857747950735273, 60.000060331046775 ], [ -104.862499960641614, 60.000060896965223 ], [ -104.86638306340511, 60.000061227485645 ], [ -104.866395223295939, 60.000061231526757 ], [ -104.87499998279462, 60.00006151369184 ], [ -104.877116756874642, 60.000061498698336 ], [ -104.88054983178958, 60.000061403152195 ], [ -104.88056068956837, 60.000061379490305 ], [ -104.887500004948862, 60.000060900084947 ], [ -104.89277353456842, 60.000060263574653 ], [ -104.900000026138798, 60.000059056144643 ], [ -104.9125000453989, 60.000055981871128 ], [ -104.92500006176364, 60.000051677264786 ], [ -104.937500074267518, 60.000046142326134 ], [ -104.950000081944992, 60.000039377055835 ], [ -104.962500083830534, 60.000031381454676 ], [ -104.965111429111801, 60.000029564436801 ], [ -104.975000078958644, 60.000022155523645 ], [ -104.981611081284967, 60.000016756702671 ], [ -104.98750005557423, 60.000011673439964 ], [ -104.999999982722088, 59.999999992262623 ], [ -105.012499973851703, 60.00001168467643 ], [ -105.02477684266546, 60.000021958596001 ], [ -105.024999922119832, 60.000022152179348 ], [ -105.037499929672137, 60.000031383937014 ], [ -105.049999881595923, 60.000039364973063 ], [ -105.0624999016987, 60.000046136071226 ], [ -105.074999926632486, 60.000051676835326 ], [ -105.083133269673525, 60.000054622588408 ], [ -105.087499955431696, 60.000055987264638 ], [ -105.0999999247083, 60.000059046993968 ], [ -105.101790378750295, 60.000059398195638 ], [ -105.112499958333856, 60.000060896758505 ], [ -105.113746856945752, 60.000061005618079 ], [ -105.116047474661912, 60.000061196921685 ], [ -105.117471147114827, 60.000061296813406 ], [ -105.118953131023346, 60.000061381666114 ], [ -105.119055754611878, 60.000061382625319 ], [ -105.119082936561881, 60.00006136283573 ], [ -105.124999992928267, 60.000061516187159 ], [ -105.137500027526031, 60.000060905279895 ], [ -105.149045742703265, 60.00005924622716 ], [ -105.15000006116162, 60.000059064036741 ], [ -105.151310116535029, 60.000058788832781 ], [ -105.162500081938077, 60.000055966649036 ], [ -105.175000059213673, 60.000051670216003 ], [ -105.179056279462458, 60.000049998482545 ], [ -105.182681600512865, 60.000048413434023 ], [ -105.187500084161584, 60.0000461379733 ], [ -105.200000104285166, 60.00003937539649 ], [ -105.200793321215585, 60.000038902883986 ], [ -105.204751119950075, 60.000036486014238 ], [ -105.212500067096556, 60.000031387981579 ], [ -105.217354457900626, 60.000027952955413 ], [ -105.220174158811247, 60.000025847650676 ], [ -105.220235269977678, 60.000025799998639 ], [ -105.225000063695134, 60.000022138940729 ], [ -105.237500063544815, 60.000011685373188 ], [ -105.250000003192227, 60.000000006986106 ], [ -105.262164200107691, 60.000011389060333 ], [ -105.26249998283825, 60.000011698114335 ], [ -105.273145825028379, 60.000020660976347 ], [ -105.274999908642201, 60.00002213863624 ], [ -105.287499904698763, 60.000031369113948 ], [ -105.297902253336431, 60.000038125218886 ], [ -105.297907315875989, 60.000038121357875 ], [ -105.299999907516352, 60.000039369261593 ], [ -105.306779018554991, 60.000043202922363 ], [ -105.312499916129454, 60.000046139078215 ], [ -105.324999929572485, 60.000051678563004 ], [ -105.337499946879973, 60.000055987715264 ], [ -105.342164369637388, 60.000057280328448 ], [ -105.349237549678179, 60.00005890591941 ], [ -105.349999967086404, 60.000059066534519 ], [ -105.355231881606628, 60.000059970040283 ], [ -105.356330888582107, 60.000060149710279 ], [ -105.35634215053949, 60.000060149665991 ], [ -105.360146559364296, 60.000060631407003 ], [ -105.362499978132803, 60.000060889228834 ], [ -105.366744990719724, 60.000061242720996 ], [ -105.375000001230362, 60.000061507382192 ], [ -105.387500024330279, 60.000060895201862 ], [ -105.400000046466999, 60.000059052687938 ], [ -105.402875319350315, 60.000058455293157 ], [ -105.412500066675008, 60.000055979840603 ], [ -105.414685618581117, 60.000055311702383 ], [ -105.417076542004907, 60.000054544479532 ], [ -105.42004660060789, 60.000053519492226 ], [ -105.420119080362397, 60.000053493315967 ], [ -105.425000083988792, 60.00005167666027 ], [ -105.437500097442793, 60.000046143147415 ], [ -105.450000106071528, 60.000039379302734 ], [ -105.450891311930604, 60.000038849164646 ], [ -105.450895517247346, 60.000038851323559 ], [ -105.452567675155834, 60.000037844033606 ], [ -105.458102973755643, 60.000034324550249 ], [ -105.462500097735145, 60.000031359344227 ], [ -105.475000042329967, 60.00002214044116 ], [ -105.485460032437246, 60.000013469837491 ], [ -105.487500030681844, 60.000011685612584 ], [ -105.487591428564855, 60.000011612297627 ], [ -105.487630173853972, 60.0000115770317 ], [ -105.49226720238525, 60.000007369012813 ], [ -105.500000010346412, 60.000000000456268 ], [ -105.509698760303479, 60.000009169113191 ], [ -105.509728374345286, 60.000009205301616 ], [ -105.512499954489357, 60.000011686825481 ], [ -105.515161729010686, 60.000014023162862 ], [ -105.524999907320591, 60.000022142873981 ], [ -105.534159815851638, 60.00002902966245 ], [ -105.534166603872663, 60.000029016798933 ], [ -105.537499919340263, 60.00003136297353 ], [ -105.54999989789448, 60.000039384146945 ], [ -105.550486334847136, 60.000039674047976 ], [ -105.562499922466671, 60.000046143583084 ], [ -105.574999900401622, 60.000051678326408 ], [ -105.587499933654172, 60.000055977096963 ], [ -105.597573827123341, 60.000058536968986 ], [ -105.598365000148476, 60.000058720580952 ], [ -105.598379724403813, 60.000058723930309 ], [ -105.59999996979748, 60.00005904553138 ], [ -105.601935521114513, 60.000059413976849 ], [ -105.605198186918756, 60.000059966905731 ], [ -105.605232172051487, 60.000059986680398 ], [ -105.61249996770934, 60.000060915056146 ], [ -105.625000006749943, 60.000061522821241 ], [ -105.632254152821517, 60.00006131027861 ], [ -105.636923805631056, 60.000060948799245 ], [ -105.636965127185135, 60.000060962355356 ], [ -105.637500045784734, 60.000060900249515 ], [ -105.643252059962791, 60.000060200048978 ], [ -105.650000032402446, 60.000059053013601 ], [ -105.654605942119062, 60.00005807287566 ], [ -105.654651406212082, 60.000058055999119 ], [ -105.656403952671312, 60.000057626280991 ], [ -105.658052572194066, 60.000057210927395 ], [ -105.662500068531259, 60.000055969773676 ], [ -105.662945515775519, 60.000055841143443 ], [ -105.663710308496093, 60.000055611486125 ], [ -105.675000061662658, 60.000051687644223 ], [ -105.675187374480359, 60.000051609448988 ], [ -105.677477815228713, 60.000050688185894 ], [ -105.677525873287976, 60.000050673704649 ], [ -105.681024496494231, 60.000049171126498 ], [ -105.687500091033513, 60.000046143736455 ], [ -105.689207223537139, 60.000045284290145 ], [ -105.689261326665829, 60.000045272330127 ], [ -105.691376801118906, 60.000044184844185 ], [ -105.695217200131651, 60.000042099014152 ], [ -105.695229124624831, 60.000042103676357 ], [ -105.700000115570901, 60.000039369493713 ], [ -105.712500082874769, 60.000031370614671 ], [ -105.725000043418675, 60.000022141412558 ], [ -105.737500047667098, 60.00001167618047 ], [ -105.750000003199119, 60.000000012087831 ], [ -105.750751473464675, 60.000000737944163 ], [ -105.76249993918195, 60.00001168502849 ], [ -105.774999946692986, 60.000022147681847 ], [ -105.787499910510874, 60.000031385730701 ], [ -105.79999992106724, 60.000039361969819 ], [ -105.812499897441143, 60.000046139366319 ], [ -105.824999930065317, 60.000051680693922 ], [ -105.837499903665631, 60.000055971684375 ], [ -105.849999943048232, 60.000059052345087 ], [ -105.862499984365684, 60.000060902668658 ], [ -105.875000026652444, 60.000061522654818 ], [ -105.887500006021824, 60.00006089232744 ], [ -105.900000047342772, 60.000059051644953 ], [ -105.912500086736458, 60.000055980625305 ], [ -105.925000071841026, 60.000051685052775 ], [ -105.93750009292738, 60.000046127624834 ], [ -105.950000069346501, 60.000039371396703 ], [ -105.962500091370273, 60.000031379044806 ], [ -105.975000043663258, 60.000022136426338 ], [ -105.987500051203895, 60.000011683414051 ], [ -105.999999998676046, 60.000000005884516 ], [ -106.012499965243322, 60.000011682677552 ], [ -106.024999952120496, 60.00002215487774 ], [ -106.037499935093877, 60.000031371018082 ], [ -106.049999924817044, 60.000039356830953 ], [ -106.062499931983851, 60.000046138044226 ], [ -106.074999932320068, 60.000051663198228 ], [ -106.087499948189077, 60.000055983748879 ], [ -106.099999955276246, 60.000059048241383 ], [ -106.112499975985372, 60.000060908127331 ], [ -106.124999985961409, 60.000061511956858 ], [ -106.137500007648555, 60.000060911177229 ], [ -106.150000068006506, 60.000059048468565 ], [ -106.162500086807256, 60.000055987018577 ], [ -106.175000090972418, 60.00005166951739 ], [ -106.187500103027006, 60.000046147403609 ], [ -106.200000098494741, 60.000039369242081 ], [ -106.212500088160482, 60.000031360752139 ], [ -106.225000082849292, 60.000022147648544 ], [ -106.237500058024523, 60.000011678503583 ], [ -106.249999984975418, 60.000000010660365 ], [ -106.262499958136559, 60.000011688948128 ], [ -106.274999939979637, 60.00002213690945 ], [ -106.287499941380233, 60.00003138025113 ], [ -106.29999988637347, 60.000039373490374 ], [ -106.312499888481696, 60.000046130469379 ], [ -106.324999907281196, 60.000051682822338 ], [ -106.337499918073789, 60.000055979138388 ], [ -106.349999931755249, 60.000059045122683 ], [ -106.362499959261626, 60.000060906475909 ], [ -106.374999975834299, 60.000061511794641 ], [ -106.387500004320984, 60.000060912479626 ], [ -106.400000019922743, 60.000059057132447 ], [ -106.412500084892002, 60.00005596547215 ], [ -106.42500010760034, 60.000051675151248 ], [ -106.437500063195344, 60.000046134793905 ], [ -106.450000077231081, 60.000039383812762 ], [ -106.462500073503904, 60.00003137680789 ], [ -106.475000063010299, 60.000022139474261 ], [ -106.487500056787212, 60.000011697502195 ], [ -106.499999978584668, 60.000000005529628 ], [ -106.512499934290489, 60.000011683474945 ], [ -106.524999910710633, 60.000022156782954 ], [ -106.537499934107032, 60.000031368048319 ], [ -106.549999925021865, 60.000039380698134 ], [ -106.562499909679104, 60.000046137337115 ], [ -106.574999899155969, 60.000051663648961 ], [ -106.587499955843214, 60.000055979261106 ], [ -106.599999952070448, 60.000059044910643 ], [ -106.612499962323966, 60.000060905908896 ], [ -106.625000012708014, 60.00006150483285 ], [ -106.637500023938912, 60.000060905164645 ], [ -106.65000002208302, 60.000059049491341 ], [ -106.662500081690581, 60.000055983080038 ], [ -106.675000074998792, 60.000051666743538 ], [ -106.687500076600571, 60.000046145749494 ], [ -106.700000112464934, 60.000039362659805 ], [ -106.712500103457842, 60.000031381003716 ], [ -106.725000075510394, 60.000022143353227 ], [ -106.737500039830806, 60.000011675378524 ], [ -106.750000007667552, 60.000000002745054 ], [ -106.762499973074199, 60.000011672907853 ], [ -106.774999908153177, 60.000022144534945 ], [ -106.787499902202086, 60.000031379711132 ], [ -106.799999890761413, 60.000039358898242 ], [ -106.812499897364148, 60.000046133415339 ], [ -106.824999908800521, 60.000051677600986 ], [ -106.837499924105018, 60.000055991454524 ], [ -106.849999930017574, 60.000059049320875 ], [ -106.862499950151701, 60.000060902509986 ], [ -106.875000022475504, 60.000061519198205 ], [ -106.887500043584808, 60.000060911715799 ], [ -106.900000051399815, 60.000059048250442 ], [ -106.912500069614552, 60.000055980103035 ], [ -106.925000084938702, 60.000051681622999 ], [ -106.937500084041815, 60.000046127164772 ], [ -106.950000090678287, 60.000039368022399 ], [ -106.96250009152763, 60.000031378549366 ], [ -106.975000073229168, 60.000022133104238 ], [ -106.987500059597693, 60.000011682974183 ], [ -106.999999986088866, 60.000000008734894 ], [ -107.012499949415613, 60.000011695765458 ], [ -107.02499992143116, 60.000022152471509 ], [ -107.037499901170008, 60.000031378851816 ], [ -107.04999988766663, 60.000039374905271 ], [ -107.062499931137097, 60.00004613438761 ], [ -107.074999928250307, 60.00005166977958 ], [ -107.087499929224734, 60.000055974842269 ], [ -107.099999933094892, 60.000059049575142 ], [ -107.112499990066993, 60.000060887714419 ], [ -107.125000009345442, 60.000061527409407 ], [ -107.137500016117158, 60.000060911144992 ], [ -107.150000073086915, 60.000059058271631 ], [ -107.162500076957869, 60.00005598134161 ], [ -107.175000077931415, 60.000051674081782 ], [ -107.187500075042024, 60.000046136492678 ], [ -107.200000067324098, 60.000039368574939 ], [ -107.212500104964249, 60.000031364025666 ], [ -107.225000084690365, 60.000022135448241 ], [ -107.237500056691488, 60.000011676545064 ], [ -107.250000020002091, 59.999999987317366 ], [ -107.262499957411706, 60.000011690690172 ], [ -107.274999942026014, 60.000022131801813 ], [ -107.287499895860833, 60.000031374530778 ], [ -107.299999907600906, 60.000039380598999 ], [ -107.312499912474465, 60.000046130725316 ], [ -107.324999934839241, 60.000051676128415 ], [ -107.337499948386323, 60.000055965590626 ], [ -107.349999977513718, 60.00005905032593 ], [ -107.362499957456905, 60.000060911090237 ], [ -107.374999976780444, 60.000061509557185 ], [ -107.38750000881781, 60.000060903292827 ], [ -107.400000039896653, 60.000059066693105 ], [ -107.412500056304367, 60.00005597415911 ], [ -107.425000082559478, 60.00005167689072 ], [ -107.437500092192337, 60.00004612369144 ], [ -107.450000109761646, 60.000039365756443 ], [ -107.462500070442672, 60.000031383893031 ], [ -107.475000062679385, 60.000022139705578 ], [ -107.487500059986147, 60.000011690781506 ], [ -107.499999984698306, 59.999999992357097 ], [ -107.512499974550082, 60.000011699231536 ], [ -107.5249999091793, 60.000022156618009 ], [ -107.537499902619359, 60.00003137725151 ], [ -107.549999902812687, 60.00003936755548 ], [ -107.562499908793782, 60.000046127528933 ], [ -107.574999932474697, 60.000051682753799 ], [ -107.587499947144792, 60.000055982062662 ], [ -107.599999964706086, 60.000059051039045 ], [ -107.61249998419305, 60.000060889682558 ], [ -107.625000017557909, 60.000061523570643 ], [ -107.637500038009676, 60.000060901546647 ], [ -107.650000057490516, 60.000059049189552 ], [ -107.662500075034941, 60.000055966499602 ], [ -107.675000102635266, 60.000051679049719 ], [ -107.687500113420299, 60.000046135694014 ], [ -107.700000068318275, 60.000039368506876 ], [ -107.712500068474313, 60.000031364494383 ], [ -107.725000074864326, 60.000022155719812 ], [ -107.737500060536817, 60.000011691048044 ], [ -107.749999986470485, 60.000000002569081 ], [ -107.762499940661272, 60.000011694024067 ], [ -107.774999954583009, 60.000022148626307 ], [ -107.787499925190275, 60.000031379429608 ], [ -107.799999902558795, 60.000039379907868 ], [ -107.812499936754079, 60.000046143514986 ], [ -107.824999924745995, 60.000051683335357 ], [ -107.837499916602624, 60.000055992828244 ], [ -107.849999962381759, 60.000059065432943 ], [ -107.862499959068657, 60.000060914264417 ], [ -107.875000007741889, 60.000061526197079 ], [ -107.887500005396959, 60.000060914366259 ], [ -107.900000053102161, 60.000059065626601 ], [ -107.912500047863318, 60.000055993133778 ], [ -107.925000090738365, 60.000051683722639 ], [ -107.937500078743525, 60.000046150569318 ], [ -107.950000112926332, 60.000039380488815 ], [ -107.962500077124872, 60.000031361134646 ], [ -107.975000047745894, 60.000022136999661 ], [ -107.987500061640205, 60.000011675925336 ], [ -108.000000015850048, 59.999999991138665 ], [ -108.00072045453841, 60.000000701699413 ], [ -108.01249997426487, 60.000011686979683 ], [ -108.024999941375384, 60.000022152497174 ], [ -108.037499902967454, 60.000031362154687 ], [ -108.049999884562865, 60.000039367022787 ], [ -108.062499922936709, 60.000046134918534 ], [ -108.074999915162365, 60.00005167912709 ], [ -108.08749996223024, 60.000055986351782 ], [ -108.099999947925312, 60.00005904436955 ], [ -108.112499948846221, 60.000060897588028 ], [ -108.125000001704919, 60.000061513806479 ], [ -108.137500003600863, 60.000060906361014 ], [ -108.150000055498325, 60.000059061905475 ], [ -108.162500054507177, 60.00005599379633 ], [ -108.17500008822239, 60.000051663146927 ], [ -108.187500080472077, 60.000046134376909 ], [ -108.200000118850653, 60.000039368578541 ], [ -108.212500100489066, 60.000031379148979 ], [ -108.225000061976019, 60.000022133878041 ], [ -108.23750002913377, 60.000011683799109 ], [ -108.249999987607907, 60.000000003396636 ], [ -108.262499977187474, 60.000011698069379 ], [ -108.274999911088344, 60.000022143633039 ], [ -108.287499917084645, 60.000031377651545 ], [ -108.299999916385801, 60.000039355830452 ], [ -108.312499884007423, 60.000046135931093 ], [ -108.324999907391174, 60.000051678957114 ], [ -108.337499934642153, 60.000055991648679 ], [ -108.349999951295828, 60.00005904850304 ], [ -108.362499983374647, 60.000060900525604 ], [ -108.375000016424138, 60.000061522212633 ], [ -108.387500035949728, 60.00006088806574 ], [ -108.40000006803389, 60.000059049082878 ], [ -108.412500047286642, 60.000055986550571 ], [ -108.42500007455611, 60.000051686902403 ], [ -108.437500084399517, 60.000046131426842 ], [ -108.450000102979445, 60.000039371111725 ], [ -108.462500115771363, 60.000031380463632 ], [ -108.475000057318582, 60.000022140805555 ], [ -108.487500055630548, 60.000011689500838 ], [ -108.499999980752193, 59.9999999892012 ], [ -108.512499977405398, 60.000011684191023 ], [ -108.524999931872273, 60.000022155680789 ], [ -108.537499931303742, 60.000031364530052 ], [ -108.549999900262193, 60.000039375370434 ], [ -108.562499912228887, 60.000046123560949 ], [ -108.574999891816887, 60.000051673748153 ], [ -108.587499926145753, 60.000055986753459 ], [ -108.599999949677525, 60.000059043946948 ], [ -108.61249998883477, 60.000060896280516 ], [ -108.624999978102949, 60.000061525148183 ], [ -108.62578247671189, 60.000061506822703 ], [ -108.63750000451013, 60.000060891341334 ], [ -108.650000043676144, 60.000059052670302 ], [ -108.662500080916459, 60.000055983662534 ], [ -108.675000050657445, 60.000051665742099 ], [ -108.687500081142502, 60.000046136068455 ], [ -108.700000106805277, 60.000039376059625 ], [ -108.712500062050324, 60.000031367159174 ], [ -108.725000075164729, 60.000022146488909 ], [ -108.737500029724771, 60.000011702402389 ], [ -108.750000012619822, 59.99999999561448 ], [ -108.762499941484023, 60.000011699853388 ], [ -108.774999916038993, 60.00002214138695 ], [ -108.787499912154246, 60.000031378049407 ], [ -108.799999901176477, 60.000039358928007 ], [ -108.812499909847929, 60.000046134930706 ], [ -108.824999923354241, 60.000051680601544 ], [ -108.837499926840962, 60.000055970490202 ], [ -108.849999947110348, 60.000059055496877 ], [ -108.86249996931798, 60.000060910170149 ], [ -108.874999978579524, 60.00006150906421 ], [ -108.887500001757104, 60.000060903071549 ], [ -108.900000074776514, 60.000059059764126 ], [ -108.912500081120399, 60.000055967657957 ], [ -108.92500009851365, 60.000051670661591 ], [ -108.937500112052035, 60.000046143332689 ], [ -108.950000106791293, 60.000039360234595 ], [ -108.962500109713318, 60.000031372244173 ], [ -108.975000055100224, 60.000022160934776 ], [ -108.987500029547959, 60.000011686857079 ], [ -109.000000009311833, 60.000000007886221 ], [ -109.012499934031638, 60.000011684626749 ], [ -109.024999932243304, 60.000022149448327 ], [ -109.0374999241361, 60.000031358511336 ], [ -109.049999886064526, 60.000039369712468 ], [ -109.062499904561449, 60.000046143544552 ], [ -109.074999913813002, 60.000051661619295 ], [ -109.087499941000686, 60.000055974784523 ], [ -109.099999971090412, 60.000059057614784 ], [ -109.112500003116679, 60.00006091010971 ], [ -109.12499997124506, 60.000061513922176 ], [ -109.13750000424065, 60.000060905752299 ], [ -109.150000036276197, 60.000059067246873 ], [ -109.162500052237874, 60.000055972992293 ], [ -109.175000079446804, 60.000051673817957 ], [ -109.187500102799106, 60.000046144309167 ], [ -109.200000107151055, 60.000039359056949 ], [ -109.212500069152568, 60.000031375988819 ], [ -109.225000075134702, 60.000022155487621 ], [ -109.237500059190026, 60.000011679250072 ], [ -109.249999998036699, 60.000000005210708 ], [ -109.262499959118131, 60.000011675639605 ], [ -109.274999943113315, 60.000022141145685 ], [ -109.287499934838721, 60.000031376323655 ], [ -109.299999919070856, 60.000039355773978 ], [ -109.31249992335016, 60.000046130293953 ], [ -109.324999932463101, 60.000051674482947 ], [ -109.337499945444208, 60.000055988340293 ], [ -109.349999947030099, 60.000059046472664 ], [ -109.362499964840936, 60.0000608996667 ], [ -109.374999983623312, 60.000061522528007 ], [ -109.387500053103579, 60.000060907880545 ], [ -109.400000056592063, 60.000059044684086 ], [ -109.412500072483184, 60.000055976543649 ], [ -109.425000085483802, 60.000051678071081 ], [ -109.437500094628348, 60.000046149266844 ], [ -109.450000084573816, 60.00003936475008 ], [ -109.462500083099727, 60.000031375286078 ], [ -109.475000074872995, 60.000022155492843 ], [ -109.487500044520786, 60.00001167999423 ], [ -109.50000001988235, 59.999999999547427 ], [ -109.512499957009837, 60.000011699438119 ], [ -109.524999939059668, 60.000022136405661 ], [ -109.537499892606604, 60.000031375652839 ], [ -109.549999903576477, 60.000039377337558 ], [ -109.562499920343043, 60.000046148689648 ], [ -109.574999927463708, 60.000051664340972 ], [ -109.587499952917142, 60.000055975026946 ], [ -109.599999930627021, 60.000059062638975 ], [ -109.612499960918015, 60.000060912660309 ], [ -109.624999977661204, 60.000061506984828 ], [ -109.637500008914884, 60.000060896337089 ], [ -109.650000039206574, 60.000059055354129 ], [ -109.662500067570761, 60.000055984036202 ], [ -109.675000093041902, 60.000051682383621 ], [ -109.68750010008786, 60.000046125042488 ], [ -109.700000066245607, 60.000039370024368 ], [ -109.712500077237436, 60.000031377378022 ], [ -109.725000081474136, 60.000022154399993 ], [ -109.737500012771619, 60.000011683058204 ], [ -109.750000000594483, 59.999999999426691 ], [ -109.762499976870956, 60.000011692626977 ], [ -109.774999947204876, 60.00002213015582 ], [ -109.787499889292533, 60.000031370037618 ], [ -109.799999888746356, 60.000039372259558 ], [ -109.812499893997298, 60.000046144151135 ], [ -109.82499990407986, 60.00005168571154 ], [ -109.83749990334249, 60.000055971602926 ], [ -109.849999970768025, 60.00005904514024 ], [ -109.862499989539387, 60.000060895700194 ], [ -109.875000009280257, 60.000061515927186 ], [ -109.887500029025105, 60.000060905821165 ], [ -109.900000047808362, 60.000059065382203 ], [ -109.912500049918947, 60.000055969282016 ], [ -109.925000063872616, 60.00005166817941 ], [ -109.937500073968138, 60.00004613674497 ], [ -109.950000079240013, 60.00003937497933 ], [ -109.962500078722741, 60.000031382883343 ], [ -109.97500005665546, 60.00002213513671 ], [ -109.987500041653377, 60.000011682384461 ], [ -110.000000017965561, 59.999999999305132 ], [ -110.012499958820698, 60.000011697256809 ], [ -110.01932383498125, 60.000017548290629 ], [ -110.023446605349505, 60.000020892584836 ], [ -110.023497142458368, 60.000020943369144 ], [ -110.024999944083788, 60.00002213214303 ], [ -110.037499901355289, 60.000031369449786 ], [ -110.049999915932958, 60.000039368994159 ], [ -110.062499936305656, 60.000046138205178 ], [ -110.07499991097383, 60.000051684531947 ], [ -110.087499925158198, 60.000055967770919 ], [ -110.099999957115799, 60.000059045984081 ], [ -110.112499991006317, 60.00006089386153 ], [ -110.124999975341908, 60.000061518872862 ], [ -110.137500010204604, 60.00006090608337 ], [ -110.150000044103649, 60.000059062957959 ], [ -110.162500076073499, 60.000055989496843 ], [ -110.17500009019443, 60.000051660402598 ], [ -110.187500064891765, 60.000046133767476 ], [ -110.189020170343909, 60.000045373388424 ], [ -110.193425438188356, 60.000043076002036 ], [ -110.195275973324442, 60.000042063286038 ], [ -110.200000085273913, 60.000039369308489 ], [ -110.209692879682876, 60.000033277307615 ], [ -110.212500099864769, 60.000031374516155 ], [ -110.225000057200063, 60.000022156901032 ], [ -110.232708614140535, 60.000015845532538 ], [ -110.236634481648451, 60.000012443855965 ], [ -110.237500042310913, 60.000011676159588 ], [ -110.23915888959931, 60.000010200489022 ], [ -110.24630045635358, 60.000003582977719 ], [ -110.249999983235043, 59.999999997899508 ], [ -110.256070905116971, 60.000005837150901 ], [ -110.261553436722664, 60.000010848808863 ], [ -110.262499965843631, 60.000011690299615 ], [ -110.274999957145255, 60.000022152371415 ], [ -110.287499890646885, 60.000031366363579 ], [ -110.299999896431018, 60.000039367781632 ], [ -110.304211687592186, 60.000041775468318 ], [ -110.310005918647917, 60.000044882021058 ], [ -110.310035400108347, 60.000044909148812 ], [ -110.312499908011645, 60.000046138868058 ], [ -110.324999924423267, 60.000051679622089 ], [ -110.332971345762473, 60.0000545649008 ], [ -110.337499944700298, 60.000055990043023 ], [ -110.337730403083214, 60.000056054397064 ], [ -110.349999952784131, 60.000059044853252 ], [ -110.362499977885577, 60.00006089460809 ], [ -110.363490008196806, 60.000060990416081 ], [ -110.369398841771357, 60.000061394377887 ], [ -110.369414291448066, 60.000061391139901 ], [ -110.375000003955876, 60.000061514028722 ], [ -110.387500030029514, 60.000060903115099 ], [ -110.394948507352098, 60.000059950991449 ], [ -110.40000005514095, 60.000059061867297 ], [ -110.401219443804337, 60.000058814447264 ], [ -110.412500078324683, 60.000055990285503 ], [ -110.425000083462564, 60.000051663101956 ], [ -110.43750009988436, 60.000046130854962 ], [ -110.45000011148187, 60.000039368275559 ], [ -110.462500066847184, 60.000031382968466 ], [ -110.475000065902549, 60.000022159731749 ], [ -110.481779517616644, 60.00001662794913 ], [ -110.487500042034952, 60.000011680904791 ], [ -110.489161376064189, 60.000010198003224 ], [ -110.500000024673227, 59.999999997011699 ], [ -110.512499974676587, 60.00001169634087 ], [ -110.518427635611644, 60.000016812902118 ], [ -110.520352775702335, 60.000018406129712 ], [ -110.524999918146477, 60.000022140091993 ], [ -110.537499934995779, 60.000031371143905 ], [ -110.544370909968109, 60.00003592746166 ], [ -110.544399321973884, 60.000035951897935 ], [ -110.549595586119025, 60.00003913762383 ], [ -110.549999908185058, 60.000039379500372 ], [ -110.556740507086033, 60.000043172672619 ], [ -110.557374562150557, 60.000043498154085 ], [ -110.562499922333132, 60.000046124636292 ], [ -110.574999906147809, 60.000051672338095 ], [ -110.57842524079193, 60.00005297997248 ], [ -110.583650588382454, 60.000054798321571 ], [ -110.587499944245934, 60.000055982059635 ], [ -110.59315074635154, 60.000057520525957 ], [ -110.599999934833889, 60.000059069102598 ], [ -110.607260414287808, 60.000060269004997 ], [ -110.612499962466927, 60.000060892908834 ], [ -110.625000006359642, 60.000061511624565 ], [ -110.637500050255156, 60.000060900002502 ], [ -110.650000042790438, 60.000059065721139 ], [ -110.662500068457064, 60.000055968189201 ], [ -110.675000056169409, 60.000051673249658 ], [ -110.68750009041689, 60.000046140290131 ], [ -110.700000119839544, 60.000039376994657 ], [ -110.712500077708953, 60.000031365833685 ], [ -110.725000094578434, 60.000022141875419 ], [ -110.737500053350217, 60.000011695297182 ], [ -110.749999988031021, 59.999999993168025 ], [ -110.762499982480463, 60.000011689571735 ], [ -110.774999919828915, 60.000022138146804 ], [ -110.787499930698331, 60.000031373894487 ], [ -110.799999882521945, 60.000039361824108 ], [ -110.812499905949238, 60.000046136911351 ], [ -110.824999934210666, 60.000051681663827 ], [ -110.837499950861186, 60.000055970862469 ], [ -110.849999935535322, 60.000059062702839 ], [ -110.86249995699977, 60.000060891238789 ], [ -110.874999994925616, 60.00006151465508 ], [ -110.887500032857915, 60.000060907734778 ], [ -110.900000054302211, 60.000059045267157 ], [ -110.912500089340995, 60.000055977675551 ], [ -110.925000071158934, 60.000051687535461 ], [ -110.937500083896396, 60.000046134071255 ], [ -110.950000107361419, 60.00003937548 ], [ -110.96250005913987, 60.00003136915398 ], [ -110.974452223807816, 60.000022577884273 ], [ -110.97500007005921, 60.000022149902271 ], [ -110.987500057662643, 60.000011675118607 ], [ -110.989033572933778, 60.000010311758793 ], [ -111.000000001858865, 60.000000003023089 ], [ -111.0124999510344, 60.000011684829175 ], [ -111.0249999088946, 60.000022136313554 ], [ -111.037499940414847, 60.000031374836873 ], [ -111.049999912754743, 60.000039365667732 ], [ -111.06249990654031, 60.000046151364387 ], [ -111.074999939794864, 60.000051673695964 ], [ -111.08749992660951, 60.000055973542963 ], [ -111.099999982290726, 60.000059060392374 ], [ -111.1124999739299, 60.000060899578486 ], [ -111.125000016811271, 60.000061500570311 ], [ -111.137500025119792, 60.000060904277753 ], [ -111.150000016750909, 60.000059052474484 ], [ -111.158110138669258, 60.000057213029997 ], [ -111.162500072454932, 60.000055987640771 ], [ -111.173137791523729, 60.000052392737068 ], [ -111.175000059255353, 60.000051675176614 ], [ -111.18750009245484, 60.000046124494546 ], [ -111.200000086318738, 60.000039376546908 ], [ -111.212500058628251, 60.000031373098899 ], [ -111.220107383559807, 60.000025889052608 ], [ -111.225000074430966, 60.000022131420565 ], [ -111.23750004804053, 60.000011692489743 ], [ -111.237606179103523, 60.000011605857146 ], [ -111.249999997169539, 59.9999999980665 ], [ -111.262499943198492, 60.000011689009654 ], [ -111.274999948163625, 60.000022141705664 ], [ -111.287499910607679, 60.000031372000414 ], [ -111.299999930050745, 60.000039364035779 ], [ -111.312499905047872, 60.000046133677721 ], [ -111.32499993510676, 60.000051665048638 ], [ -111.337499918794904, 60.000055974034538 ], [ -111.349999955607572, 60.000059044738315 ], [ -111.36249994412465, 60.000060893066106 ], [ -111.374999999733362, 60.000061528253298 ], [ -111.387500039443495, 60.000060907949987 ], [ -111.400000027970876, 60.000059065285264 ], [ -111.412500064779508, 60.000055984313349 ], [ -111.425000098687519, 60.00005167300516 ], [ -111.437500078525559, 60.000046139351497 ], [ -111.450000103738901, 60.000039367377369 ], [ -111.462500072957567, 60.000031373069135 ], [ -111.475000085614155, 60.000022140432321 ], [ -111.48750004035135, 60.000011685473325 ], [ -111.499999986401122, 60.000000000193261 ], [ -111.512499955965268, 60.000011699002243 ], [ -111.524999918204671, 60.000022142352371 ], [ -111.537499904189545, 60.000031380510229 ], [ -111.549999880898895, 60.000039363210014 ], [ -111.562499929614802, 60.00004613267263 ], [ -111.574999932991204, 60.000051679840148 ], [ -111.587499924165954, 60.000055971551888 ], [ -111.599999934307917, 60.000059058059421 ], [ -111.612499996549033, 60.000060906176103 ], [ -111.624999993499486, 60.000061506895157 ], [ -111.637500006550141, 60.000060902404627 ], [ -111.650000068793872, 60.000059059508168 ], [ -111.662500062830276, 60.000055969233912 ], [ -111.675000070099884, 60.000051673745922 ], [ -111.687500073515778, 60.000046147927392 ], [ -111.700000106089135, 60.00003935857405 ], [ -111.712500098888, 60.000031372093275 ], [ -111.725000084936582, 60.000022155284391 ], [ -111.737500047079024, 60.000011683042338 ], [ -111.750000016720691, 60.000000005582315 ], [ -111.762499970141192, 60.000011694220028 ], [ -111.774999932251731, 60.000022152535188 ], [ -111.787499902086836, 60.000031380526544 ], [ -111.799999928793028, 60.000039370059518 ], [ -111.811021828583335, 60.000045389069257 ], [ -111.812499911177525, 60.000046137395167 ], [ -111.824999898390033, 60.000051674404148 ], [ -111.835723667029612, 60.000055435349857 ], [ -111.837499939567536, 60.00005597293751 ], [ -111.83796899517877, 60.000056138079898 ], [ -111.843260721236831, 60.000062562179309 ], [ -111.843991127792805, 60.000057720037773 ], [ -111.848017360703906, 60.000058634739567 ], [ -111.849133036903368, 60.000058868336986 ], [ -111.849618635084838, 60.000058961569927 ], [ -111.849999933536324, 60.000059049286371 ], [ -111.850663811669122, 60.000059197600827 ], [ -111.850676489055004, 60.00005918724392 ], [ -111.855492839530598, 60.000060020210228 ], [ -111.857876968276813, 60.000060357690437 ], [ -111.861867635728572, 60.000060825667447 ], [ -111.862499979532657, 60.000060887148862 ], [ -111.86832254320278, 60.000061328311837 ], [ -111.872858596491426, 60.000061496919912 ], [ -111.874999992694342, 60.000061527924736 ], [ -111.887413564902602, 60.00006091113228 ], [ -111.887500039657269, 60.00006090511387 ], [ -111.896825406504846, 60.000059652315834 ], [ -111.900000035562186, 60.000059060137637 ], [ -111.902135384527725, 60.000058621371593 ], [ -111.90217316619237, 60.000058615751804 ], [ -111.902405836663547, 60.000058576996594 ], [ -111.904624112079688, 60.000058076502008 ], [ -111.912500079619733, 60.000055976655311 ], [ -111.925000070694637, 60.000051671018063 ], [ -111.937500107984704, 60.000046126865776 ], [ -111.950000090367524, 60.000039360569581 ], [ -111.962500066957631, 60.000031363947528 ], [ -111.975000053166923, 60.000022162076299 ], [ -111.987500065348812, 60.000011696596502 ], [ -111.987658771383224, 60.000011551301775 ], [ -112.000000018774315, 60.000000008996636 ], [ -112.012499982415207, 60.000011686901637 ], [ -112.024999904683483, 60.000022142704246 ], [ -112.035425457686458, 60.000034725929602 ], [ -112.037499901151961, 60.000031385031441 ], [ -112.049999887954286, 60.00003937196243 ], [ -112.062499880541736, 60.00004612856555 ], [ -112.07499994444629, 60.000051671660891 ], [ -112.087499945714015, 60.000055967599437 ], [ -112.099999966346076, 60.000059058267695 ], [ -112.112499972435216, 60.000060893544529 ], [ -112.124999995977305, 60.000061523547231 ], [ -112.137500003025764, 60.000060898161486 ], [ -112.150000075637749, 60.000059059226892 ], [ -112.162500079780173, 60.000055973173907 ], [ -112.175000097552754, 60.000051681840894 ], [ -112.180155341856619, 60.000049547854182 ], [ -112.180156607952995, 60.000049532681494 ], [ -112.187500094930314, 60.000046135127114 ], [ -112.189462820833299, 60.000048452934386 ], [ -112.200000087472219, 60.000039358084614 ], [ -112.212500090777226, 60.000031375759207 ], [ -112.225000070761126, 60.000022138060338 ], [ -112.237500059596755, 60.000011695077326 ], [ -112.250000023160624, 59.999999996726466 ], [ -112.252855140107158, 60.000002767063577 ], [ -112.262499973376464, 60.00001167187397 ], [ -112.274999948885139, 60.000022141736338 ], [ -112.287499932127446, 60.000031381272251 ], [ -112.299999905504833, 60.000039365447115 ], [ -112.312499901308001, 60.000046144328621 ], [ -112.324999935271904, 60.000051659510234 ], [ -112.337499939770623, 60.000055977729133 ], [ -112.349999947175391, 60.000059065617577 ], [ -112.362499989805016, 60.000060889794717 ], [ -112.37068783191441, 60.000061436240181 ], [ -112.370810019619313, 60.000061440652665 ], [ -112.375000000112166, 60.000061517017912 ], [ -112.387500010428795, 60.000060913909934 ], [ -112.400000053034418, 60.000059047080633 ], [ -112.412500060460303, 60.000055983307419 ], [ -112.422024063034698, 60.000057204792284 ], [ -112.425000064999054, 60.000051689203715 ], [ -112.437500098890922, 60.000046131369963 ], [ -112.450000094745803, 60.000039376603674 ], [ -112.462500068056329, 60.000031366496707 ], [ -112.475000051368525, 60.000022151075996 ], [ -112.483753481663115, 60.000014953272199 ], [ -112.487500010185727, 60.000011680319972 ], [ -112.488116562660281, 60.000011557866173 ], [ -112.499999977093253, 60.000000004249245 ], [ -112.512499957171272, 60.000011701730209 ], [ -112.513368687248388, 60.000012466245238 ], [ -112.521453709386662, 60.000019307948065 ], [ -112.524999929136584, 60.000022143879512 ], [ -112.527781541440973, 60.000025644799031 ], [ -112.532067348121686, 60.000029902524957 ], [ -112.537499925633327, 60.000031380705288 ], [ -112.549999912066667, 60.000039362200333 ], [ -112.555289504388853, 60.000045847960642 ], [ -112.56249992112005, 60.000046138366493 ], [ -112.574999935008364, 60.000051684200727 ], [ -112.5870146944266, 60.000061989372149 ], [ -112.587052309681042, 60.000055848342924 ], [ -112.587499935907346, 60.000055974706768 ], [ -112.599999956559174, 60.000059059876982 ], [ -112.612499962271002, 60.000060889721425 ], [ -112.624999985824275, 60.000061514226111 ], [ -112.63750000938488, 60.000060908397003 ], [ -112.646378157936923, 60.000059722127958 ], [ -112.646401847269146, 60.000061524014001 ], [ -112.650000015079456, 60.00005904724695 ], [ -112.6625000856356, 60.000055972279306 ], [ -112.67500010341189, 60.000051675446684 ], [ -112.687500100396164, 60.000046123299178 ], [ -112.70000010948759, 60.000039365803694 ], [ -112.712500112793194, 60.000031377977081 ], [ -112.725000042510274, 60.000022143340637 ], [ -112.737500031341227, 60.000011694861392 ], [ -112.749999994503625, 59.999999991080387 ], [ -112.762499964454804, 60.000011694666156 ], [ -112.774999926101927, 60.00002214295553 ], [ -112.787499912481366, 60.000031385890111 ], [ -112.799999888606166, 60.00003937352929 ], [ -112.812499920363834, 60.000046122310749 ], [ -112.824999924136122, 60.000051674256547 ], [ -112.8374999147278, 60.000055970909543 ], [ -112.849999975110407, 60.000059053648627 ], [ -112.862499970521242, 60.000060889639151 ], [ -112.87499998397432, 60.000061520258505 ], [ -112.88750003017266, 60.000060887029186 ], [ -112.896986287283113, 60.000059627201338 ], [ -112.896989185986115, 60.000059630991679 ], [ -112.900000042671337, 60.000059056981812 ], [ -112.912500036137502, 60.000055971650838 ], [ -112.925000093640037, 60.000051672366453 ], [ -112.937500080339049, 60.000046126373881 ], [ -112.950000079345955, 60.000039375001805 ], [ -112.954158153658582, 60.00003683482236 ], [ -112.962500055419113, 60.000031368355216 ], [ -112.975000091692181, 60.000022147731812 ], [ -112.987500053274047, 60.000011680430134 ], [ -112.995262684527063, 60.00000458097368 ], [ -113.000000023340874, 60.000000007746301 ], [ -113.012499942819431, 60.000011701830992 ], [ -113.024999920782292, 60.0000221569845 ], [ -113.03749990646719, 60.000031381811077 ], [ -113.049999898908709, 60.00003937630963 ], [ -113.062499897141251, 60.000046140479206 ], [ -113.074999900199316, 60.000051674318982 ], [ -113.087499907117419, 60.000055977828303 ], [ -113.099999966699727, 60.000059042361947 ], [ -113.112499995708035, 60.000060910129093 ], [ -113.125000008419406, 60.000061522637935 ], [ -113.137500021128716, 60.000060904815143 ], [ -113.150000032870409, 60.000059056660795 ], [ -113.162500042678943, 60.000055978175112 ], [ -113.175000099338178, 60.000051660684356 ], [ -113.187500102380483, 60.000046121532328 ], [ -113.20000011793168, 60.000039376963635 ], [ -113.212500110358832, 60.000031377151146 ], [ -113.225000096025241, 60.000022147010625 ], [ -113.237500024233199, 60.00001169524176 ], [ -113.249999993485034, 60.000000004453533 ], [ -113.262499938600143, 60.000011681545111 ], [ -113.274999909793451, 60.000022153218644 ], [ -113.287499921033387, 60.000031360947276 ], [ -113.299999906718057, 60.000039371965336 ], [ -113.312499898206738, 60.00004615265572 ], [ -113.324999926805987, 60.000051669388803 ], [ -113.337499926992976, 60.000055989418449 ], [ -113.349999962333044, 60.000059045483226 ], [ -113.362499967356214, 60.000060904850002 ], [ -113.375000023050433, 60.00006152513415 ], [ -113.387500011572314, 60.000060898948071 ], [ -113.400000066302709, 60.000059058558705 ], [ -113.412500051917021, 60.000055971712634 ], [ -113.425000101821482, 60.000051670650635 ], [ -113.436636923074914, 60.000046567088411 ], [ -113.437500098190384, 60.000046148026577 ], [ -113.45000007220861, 60.000039370195239 ], [ -113.458559743016281, 60.000050476117742 ], [ -113.462500107639315, 60.000031378130132 ], [ -113.47500006909479, 60.000022139644692 ], [ -113.487500040380738, 60.000011695710725 ], [ -113.499999985414917, 59.99999999658052 ], [ -113.512499950373666, 60.000011691591894 ], [ -113.524999924027483, 60.000022156278469 ], [ -113.537499887808607, 60.000031365772251 ], [ -113.549999925592616, 60.000039360986449 ], [ -113.562499919525351, 60.000046134688461 ], [ -113.574999918291113, 60.000051678061517 ], [ -113.587499920924358, 60.000055991104972 ], [ -113.599999976092079, 60.000059064977918 ], [ -113.612499965899502, 60.000060892499562 ], [ -113.624999974328873, 60.000061514548527 ], [ -113.637500032385745, 60.00006089741165 ], [ -113.65000003985692, 60.000059058794207 ], [ -113.662500045402453, 60.00005598984626 ], [ -113.675000097668473, 60.000051681698494 ], [ -113.687500078743341, 60.00004612724009 ], [ -113.700000072705578, 60.000039367300289 ], [ -113.71250006088006, 60.000031377032357 ], [ -113.725000091898977, 60.000022147548009 ], [ -113.73750006559797, 60.000011696621932 ], [ -113.750000012844666, 59.999999990533901 ], [ -113.762499957127616, 60.000011689118701 ], [ -113.774999959692124, 60.000022148473988 ], [ -113.787499902604523, 60.000031361579275 ], [ -113.799999919648016, 60.000039360276567 ], [ -113.812499892912626, 60.000046137563395 ], [ -113.824999920582812, 60.000051675597085 ], [ -113.837499952116303, 60.000055983295489 ], [ -113.849999936984815, 60.000059069596084 ], [ -113.862499955496119, 60.000060891806022 ], [ -113.874999992820136, 60.00006150850264 ], [ -113.887500030145375, 60.000060894862763 ], [ -113.900000066506252, 60.000059050886485 ], [ -113.912500051392101, 60.000055985536427 ], [ -113.925000082931277, 60.000051680893023 ], [ -113.93750011060952, 60.000046145914304 ], [ -113.950000066002843, 60.000039364768995 ], [ -113.962500083056511, 60.00003136912845 ], [ -113.975000093352691, 60.000022143155029 ], [ -113.987500046401891, 60.000011695841501 ], [ -113.999999972806876, 59.999999993405282 ], [ -114.000742937155167, 60.000000738321177 ], [ -114.012499972571007, 60.000011688645124 ], [ -114.0249999135347, 60.000022137761178 ], [ -114.037499929717626, 60.000031372343074 ], [ -114.04999988515668, 60.000039360812096 ], [ -114.062499913896318, 60.000046134731619 ], [ -114.07499994746918, 60.000051678315316 ], [ -114.087499917382999, 60.000055975803662 ], [ -114.099999957719476, 60.000059058720574 ], [ -114.111263686322161, 60.000073260170296 ], [ -114.112499981942165, 60.000060886514156 ], [ -114.12499997569148, 60.000061517803175 ], [ -114.137500018935015, 60.000060909714172 ], [ -114.150000043139016, 60.000059046506934 ], [ -114.158070049992446, 60.000057205630718 ], [ -114.162500083487359, 60.000055977744779 ], [ -114.175000071473761, 60.000051687710382 ], [ -114.187500086969322, 60.000046133504327 ], [ -114.200000115741844, 60.000039373739547 ], [ -114.212500071138393, 60.000031367947393 ], [ -114.225000087364009, 60.000022147520241 ], [ -114.237500028270361, 60.00001168108107 ], [ -114.249999978637618, 60.000000009089895 ], [ -114.262499943374095, 60.000011696517873 ], [ -114.2749999167997, 60.000022153621089 ], [ -114.287499897948919, 60.000031380398248 ], [ -114.299999885856224, 60.000039376848299 ], [ -114.312499928987762, 60.000046133851953 ], [ -114.324999927511158, 60.000051669640143 ], [ -114.337499929896055, 60.000055975098753 ], [ -114.349999935176996, 60.000059050227293 ], [ -114.362499991805777, 60.000060885887635 ], [ -114.375000018233109, 60.000061525098644 ], [ -114.387500026415083, 60.000060909228644 ], [ -114.400000033631002, 60.000059063027983 ], [ -114.412500088318296, 60.000055977339677 ], [ -114.4250000907019, 60.000051670473631 ], [ -114.437500089222851, 60.000046133278012 ], [ -114.450000082915622, 60.000039365753494 ], [ -114.462500070814741, 60.000031367900867 ], [ -114.475000051954638, 60.000022139721125 ], [ -114.487500025369826, 60.000011681215362 ], [ -114.499999990094807, 59.999999992384808 ], [ -114.512499964650559, 60.000011699517685 ], [ -114.524999929539931, 60.000022151597022 ], [ -114.537499902148994, 60.000031373351995 ], [ -114.549999881512178, 60.000039364781557 ], [ -114.562499934423784, 60.000046141390555 ], [ -114.574999924404835, 60.000051672159792 ], [ -114.587499918243495, 60.000055972601139 ], [ -114.599999982752252, 60.000059058199966 ], [ -114.612499981415652, 60.000060897977484 ], [ -114.624999981040048, 60.000061507426004 ], [ -114.637500048456218, 60.000060902011356 ], [ -114.650000047112229, 60.000059050795151 ], [ -114.662500062310272, 60.000055993957083 ], [ -114.675000105466466, 60.0000516728227 ], [ -114.687500095425349, 60.000046130614798 ], [ -114.700000099058855, 60.00003938278109 ], [ -114.712500078397696, 60.000031379917743 ], [ -114.725000050973421, 60.000022146728945 ], [ -114.737500015820515, 60.000011683215803 ], [ -114.74999999051893, 60.00000001407372 ], [ -114.762499964751441, 60.000011694467204 ], [ -114.774999947667524, 60.000022144534043 ], [ -114.787499889007421, 60.000031373575872 ], [ -114.799999886397828, 60.000039362990663 ], [ -114.812499908169187, 60.000046146760489 ], [ -114.824999916177887, 60.000051675512722 ], [ -114.83749992804259, 60.000055973933513 ], [ -114.849999961420821, 60.000059066701866 ], [ -114.862499978110677, 60.000060904456575 ], [ -114.874999995759993, 60.000061511878748 ], [ -114.887500032055272, 60.000060913642315 ], [ -114.900000048736615, 60.000059060397497 ], [ -114.912500063480806, 60.00005597682037 ], [ -114.916429965199626, 60.000054742814186 ], [ -114.92500007532233, 60.000051662911304 ], [ -114.93750010198643, 60.000046143337457 ], [ -114.950000105135786, 60.000039368764369 ], [ -114.962500102485876, 60.000031363861325 ], [ -114.975000043831983, 60.000022138004937 ], [ -114.987500045420234, 60.000011697109144 ], [ -115.000000019593003, 60.00000000122558 ], [ -115.012499989259581, 60.000011692230501 ], [ -115.024999899635105, 60.000022137650966 ], [ -115.037499885714027, 60.000031368009822 ], [ -115.049999878553876, 60.000039368040589 ], [ -115.06249992640268, 60.000046128332734 ], [ -115.074999929864134, 60.000051667699715 ], [ -115.087499937189904, 60.000055976736164 ], [ -115.099999947414503, 60.000059055441561 ], [ -115.112499959572432, 60.000060903815516 ], [ -115.125000021893229, 60.000061512424082 ], [ -115.137500035017482, 60.000060900129839 ], [ -115.150000047178452, 60.000059057503961 ], [ -115.162500057410668, 60.000055984546655 ], [ -115.175000064748545, 60.000051681258306 ], [ -115.187500117403104, 60.000046138181411 ], [ -115.200000116052038, 60.000039374227804 ], [ -115.212500108910106, 60.000031379945121 ], [ -115.225000076098652, 60.000022130710242 ], [ -115.237500054468754, 60.00001167577431 ], [ -115.249999974993543, 59.999999999994792 ], [ -115.262499948022253, 60.000011680651092 ], [ -115.27499994868657, 60.000022155597591 ], [ -115.287499938127056, 60.000031375597942 ], [ -115.299999885177243, 60.000039374771063 ], [ -115.312499887161493, 60.00004613411776 ], [ -115.324999912957921, 60.00005168774306 ], [ -115.337224064476828, 60.000055895946439 ], [ -115.337499923629778, 60.000055986426169 ], [ -115.349999937192365, 60.000059054777559 ], [ -115.362499952680125, 60.000060892796867 ], [ -115.374999988156603, 60.000061525085556 ], [ -115.387500004607816, 60.000060902438328 ], [ -115.400000020087617, 60.000059049458784 ], [ -115.412500052688515, 60.000055990743213 ], [ -115.425000063338601, 60.000051677098028 ], [ -115.437500070120706, 60.000046133121643 ], [ -115.450000091156298, 60.000039383405152 ], [ -115.462500087315547, 60.00003137876665 ], [ -115.475000076710288, 60.000022143799384 ], [ -115.487500058374991, 60.000011678504464 ], [ -115.499999982261045, 59.999999992462001 ], [ -115.512499955272958, 60.000011700877259 ], [ -115.524999917845648, 60.000022154386969 ], [ -115.537499937210967, 60.000031367979432 ], [ -115.549999914255949, 60.000039360835416 ], [ -115.562499916264443, 60.000046147938932 ], [ -115.567160197196273, 60.000048336890337 ], [ -115.573737554241276, 60.000051156146746 ], [ -115.57499990393309, 60.000051680140317 ], [ -115.587499944517262, 60.00005597240159 ], [ -115.599999958136735, 60.000059068510573 ], [ -115.612499954490843, 60.000060909721554 ], [ -115.625000000852623, 60.000061510976856 ], [ -115.63750001739335, 60.000060916088003 ], [ -115.650000062781203, 60.000059056669777 ], [ -115.662500057192887, 60.000055976555238 ], [ -115.675000048704632, 60.000051666112761 ], [ -115.687500104647668, 60.000046140246113 ], [ -115.696392994369802, 60.000041427464382 ], [ -115.696469726104567, 60.000041397931781 ], [ -115.700000087468851, 60.000039369142719 ], [ -115.712500064493554, 60.000031367713369 ], [ -115.725000054055258, 60.000022160507903 ], [ -115.737500065611442, 60.000011688757169 ], [ -115.750000019459449, 59.999999996349608 ], [ -115.762499981003245, 60.000011687722576 ], [ -115.774999951239252, 60.000022148771379 ], [ -115.787499929201957, 60.000031379494779 ], [ -115.799999913925873, 60.00003937989171 ], [ -115.812499904445431, 60.000046149961129 ], [ -115.82499994877999, 60.000051679997938 ], [ -115.829125843285823, 60.000053226726443 ], [ -115.837499947990537, 60.000055989405347 ], [ -115.849999950100226, 60.000059068483282 ], [ -115.862500003116921, 60.000060907512598 ], [ -115.875000008124474, 60.000061525925844 ], [ -115.88750001313457, 60.000060914008976 ], [ -115.900000066143647, 60.000059062028789 ], [ -115.912500068258453, 60.00005598944724 ], [ -115.918554671794979, 60.000054046747543 ], [ -115.925000067479246, 60.000051686536217 ], [ -115.937500111790953, 60.000046143548531 ], [ -115.950000102323287, 60.000039379975483 ], [ -115.962500087065095, 60.000031386074966 ], [ -115.975000045559213, 60.000022137337247 ], [ -115.987500015813666, 60.00001168278672 ], [ -115.999999977381023, 59.999999997912049 ], [ -116.000200713420028, 60.00000018553321 ], [ -116.012499953989462, 60.000011676912173 ], [ -116.024999958810398, 60.000022150088178 ], [ -116.037499902908166, 60.00003137821718 ], [ -116.049999902681037, 60.000039366235242 ], [ -116.062499908239843, 60.000046123922871 ], [ -116.074999938187574, 60.000051675774586 ], [ -116.087499952431386, 60.000055972797149 ], [ -116.099999920664018, 60.00005904929764 ], [ -116.112499959322278, 60.000060910149365 ], [ -116.124999979351188, 60.000061516176615 ], [ -116.137500018989428, 60.00006091635646 ], [ -116.150000038048091, 60.00005906171571 ], [ -116.162500055168465, 60.000055976742182 ], [ -116.17500008903049, 60.000051685916112 ], [ -116.187500099387492, 60.000046140276339 ], [ -116.200000104909677, 60.000039364305337 ], [ -116.212500055765716, 60.000031367857552 ], [ -116.225000068409372, 60.000022155703604 ], [ -116.237500053647565, 60.000011688747236 ], [ -116.249999981334724, 60.000000001331848 ], [ -116.262499950803601, 60.000011682711659 ], [ -116.274999928956859, 60.000022133765754 ], [ -116.287499934560699, 60.000031378955306 ], [ -116.299999927195742, 60.000039369352429 ], [ -116.312499925618638, 60.000046129420532 ], [ -116.324999928863861, 60.000051659158821 ], [ -116.337499955735993, 60.000055983021234 ], [ -116.349999965738846, 60.000059052096063 ], [ -116.362499977667468, 60.000060890839507 ], [ -116.375000010355265, 60.000061523700168 ], [ -116.387500023248407, 60.000060901778376 ], [ -116.400000035170706, 60.000059049524999 ], [ -116.412500064984386, 60.000055991383213 ], [ -116.425000072078049, 60.000051678465496 ], [ -116.437500075304314, 60.00004613521731 ], [ -116.45000007369768, 60.000039361639281 ], [ -116.462500086158656, 60.000031382167379 ], [ -116.475000071999219, 60.000022147930316 ], [ -116.487500050110299, 60.000011683366324 ], [ -116.499999970750068, 59.999999998440764 ], [ -116.506860472310436, 60.000011635287812 ], [ -116.512499959996219, 60.000011687500127 ], [ -116.524999957932792, 60.000022146229853 ], [ -116.537499914829567, 60.000031384607318 ], [ -116.54999990732118, 60.000039358257624 ], [ -116.562499925530204, 60.000046125998395 ], [ -116.574999899814642, 60.000051673398389 ], [ -116.587499926718706, 60.00005598047585 ], [ -116.599999956520108, 60.000059057218408 ], [ -116.612499988253276, 60.000060903625688 ], [ -116.625000020952683, 60.000061519697468 ], [ -116.637500053652786, 60.000060905433656 ], [ -116.650000036658668, 60.000059070856118 ], [ -116.662500046448173, 60.000055971522599 ], [ -116.675000073351598, 60.000051666259878 ], [ -116.687500096393634, 60.000046130662781 ], [ -116.700000114608741, 60.000039364731947 ], [ -116.712500078321781, 60.00003137851391 ], [ -116.725000083990423, 60.000022151922991 ], [ -116.737500013157074, 60.000011680664628 ], [ -116.746582764890007, 60.000006615654279 ], [ -116.750000002407674, 59.999999993420026 ], [ -116.762499969686743, 60.000011681351296 ], [ -116.774999945655296, 60.000022138957299 ], [ -116.787499929347916, 60.000031366236755 ], [ -116.799999919798964, 60.00003936318857 ], [ -116.812499916043024, 60.000046129811793 ], [ -116.824999917114553, 60.00005166610562 ], [ -116.837499922047982, 60.000055972069376 ], [ -116.849999929877839, 60.000059047702557 ], [ -116.862500008473376, 60.000060907273635 ], [ -116.875000019205117, 60.000061522237928 ], [ -116.887500029936675, 60.000060906870949 ], [ -116.896874425571184, 60.0000596223299 ], [ -116.900000039702562, 60.000059061172806 ], [ -116.91250004753725, 60.000055985143703 ], [ -116.925000101117604, 60.000051668656873 ], [ -116.937500102189333, 60.000046131962343 ], [ -116.950000098433279, 60.000039364938409 ], [ -116.962500088883942, 60.000031367585869 ], [ -116.975000072575781, 60.00002213990571 ], [ -116.978622672932246, 60.000019233639485 ], [ -116.980873043368717, 60.000017380810291 ], [ -116.987500048543325, 60.000011681899018 ], [ -117.000000015821044, 59.999999993567016 ], [ -117.012499939476442, 60.000011696543929 ], [ -117.024999920443619, 60.000022159038707 ], [ -117.037499888832372, 60.000031366861748 ], [ -117.049999884280169, 60.00003936870236 ], [ -117.062499885524772, 60.000046140213414 ], [ -117.074999940195283, 60.000051671209484 ], [ -117.08749995013298, 60.000055982054306 ], [ -117.099999962970927, 60.000059062567566 ], [ -117.11249997774361, 60.000060912748879 ], [ -117.124999973112324, 60.000061508267848 ], [ -117.137500037422924, 60.000060887578293 ], [ -117.15000005219305, 60.000059046760299 ], [ -117.1625000650358, 60.000055975610337 ], [ -117.175000074985689, 60.000051674128827 ], [ -117.187500081077118, 60.000046142316258 ], [ -117.20000008234463, 60.000039380173298 ], [ -117.212500077822682, 60.000031387700766 ], [ -117.225000046096227, 60.000022140585486 ], [ -117.237500027089268, 60.000011687458802 ], [ -117.249999999396294, 60.000000004005869 ], [ -117.262499983281785, 60.000011683633943 ], [ -117.274999927319911, 60.000022143194535 ], [ -117.287499927609915, 60.00003136216904 ], [ -117.299999886129555, 60.000039361083253 ], [ -117.31249991947827, 60.000046143699791 ], [ -117.324999937141229, 60.000051671681618 ], [ -117.337499910149319, 60.000055979615063 ], [ -117.349999934561623, 60.000059046934503 ], [ -117.362499981452672, 60.000060908211616 ], [ -117.375000008757695, 60.000061514860377 ], [ -117.387500036056053, 60.00006089117462 ], [ -117.400000034475127, 60.000059071749078 ], [ -117.412500058877086, 60.000055987397424 ], [ -117.425000080375796, 60.000051672711926 ], [ -117.437500098005728, 60.000046127693096 ], [ -117.45000006232749, 60.000039362669511 ], [ -117.462500089957928, 60.000031381266645 ], [ -117.475000090201945, 60.000022145255166 ], [ -117.487500034253458, 60.000011689256098 ], [ -117.500000018074303, 59.999999992591043 ], [ -117.512499943526961, 60.000011686264173 ], [ -117.524999926123058, 60.000022139263763 ], [ -117.537499916439558, 60.000031361935498 ], [ -117.549999934208188, 60.000039378539768 ], [ -117.562499937078428, 60.00004614055063 ], [ -117.574999944772529, 60.000051672230796 ], [ -117.587499956324962, 60.000055973579578 ], [ -117.599999970770185, 60.00005904459649 ], [ -117.612499987142641, 60.000060885281151 ], [ -117.625000025231245, 60.00006151988255 ], [ -117.637500042571233, 60.000060899900127 ], [ -117.650000058941899, 60.000059049585253 ], [ -117.662500073377714, 60.000055968938106 ], [ -117.675000105705635, 60.00005168220013 ], [ -117.687500113384729, 60.000046140887697 ], [ -117.700000116232431, 60.000039369244561 ], [ -117.71250006489494, 60.000031377699536 ], [ -117.725000055187394, 60.000022145402333 ], [ -117.7375000377519, 60.000011682777306 ], [ -117.750000011622973, 59.999999989825696 ], [ -117.762499954368494, 60.000011694234416 ], [ -117.774999933315755, 60.000022133646226 ], [ -117.787499892487006, 60.000031377410082 ], [ -117.79999990678931, 60.000039380389779 ], [ -117.812499905992354, 60.000046128817729 ], [ -117.82499993091507, 60.000051671132105 ], [ -117.837499959704445, 60.000055983111714 ], [ -117.849999922126202, 60.000059051024138 ], [ -117.862499955746969, 60.000060902339648 ], [ -117.874999990337827, 60.000061523319275 ], [ -117.887500024933217, 60.000060913962962 ], [ -117.90000003760413, 60.000059050066753 ], [ -117.912500069302567, 60.000055980040976 ], [ -117.925000098108981, 60.000051679679935 ], [ -117.93750010206584, 60.000046124786266 ], [ -117.950000073871891, 60.000039374276831 ], [ -117.962500088203726, 60.000031382920454 ], [ -117.975000074761013, 60.000022137040069 ], [ -117.987500026311793, 60.000011695554882 ], [ -117.997182463546011, 60.000002732057602 ], [ -117.999999996439982, 59.999999989024246 ], [ -118.012499962783693, 60.000011687147847 ], [ -118.024999937824902, 60.00002215494635 ], [ -118.037499899530175, 60.00003136823721 ], [ -118.049999889060373, 60.00003937538397 ], [ -118.062499932664608, 60.000046141641128 ], [ -118.074999911730714, 60.000051663950451 ], [ -118.087499915753639, 60.000055980107028 ], [ -118.099999970941624, 60.000059055357731 ], [ -118.112499979803729, 60.000060910848383 ], [ -118.124999968504852, 60.000061511841288 ], [ -118.137500026586864, 60.000060896082225 ], [ -118.150000035458859, 60.000059060577151 ], [ -118.162500090647484, 60.000055984142101 ], [ -118.175000073531123, 60.000051663812648 ], [ -118.187500073723314, 60.000046137313831 ], [ -118.200000117323029, 60.000039369872326 ], [ -118.212500106905964, 60.000031382711086 ], [ -118.225000068527919, 60.000022141072314 ], [ -118.237500043634299, 60.000011693259346 ], [ -118.249999988829714, 59.999999990975375 ], [ -118.262499957712421, 60.000011700916339 ], [ -118.274999914053879, 60.000022156389981 ], [ -118.287499926315746, 60.000031370894291 ], [ -118.299999897132153, 60.000039365716766 ], [ -118.31249994320612, 60.000046143693808 ], [ -118.324999924644899, 60.000051677859169 ], [ -118.337499909943929, 60.000055981698324 ], [ -118.349999946314981, 60.000059044540386 ], [ -118.36249995774817, 60.000060911848088 ], [ -118.374999997009041, 60.000061514019436 ], [ -118.387500036259752, 60.00006088585392 ], [ -118.400000047716986, 60.000059062161739 ], [ -118.41250008406432, 60.00005597332553 ], [ -118.422905304256773, 60.000052473659231 ], [ -118.425000069352819, 60.000051664851924 ], [ -118.43750012029642, 60.000046139463038 ], [ -118.450000096896829, 60.00003937033086 ], [ -118.462500067702322, 60.000031370873963 ], [ -118.475000079882591, 60.000022130375513 ], [ -118.485707103470503, 60.000013265376843 ], [ -118.487500057606411, 60.000011694373484 ], [ -118.500000005239272, 60.000000003941885 ], [ -118.512499961302794, 60.000011685369259 ], [ -118.524999926050739, 60.000022136473561 ], [ -118.537499919964333, 60.000031381351143 ], [ -118.549999899194006, 60.000039371803567 ], [ -118.562499884211547, 60.000046131929622 ], [ -118.574999943628185, 60.000051675064086 ], [ -118.587499937330165, 60.000055974528237 ], [ -118.59999995541753, 60.000059067751067 ], [ -118.61249995394607, 60.000060906556001 ], [ -118.625000001519567, 60.00006150425736 ], [ -118.637500022521323, 60.00006090648025 ], [ -118.650000021039318, 60.000059054291391 ], [ -118.662500087234349, 60.000055985061415 ], [ -118.675000080919446, 60.000051672208599 ], [ -118.687500070737201, 60.000046129027915 ], [ -118.700000077291719, 60.000039379590127 ], [ -118.712500104542698, 60.000031364946047 ], [ -118.725000076970517, 60.000022130779527 ], [ -118.737500063266907, 60.000011690352395 ], [ -118.750000019279852, 59.999999995536378 ], [ -118.762499963020019, 60.000011691599113 ], [ -118.774999915456064, 60.000022157341171 ], [ -118.787499923652007, 60.000031381925261 ], [ -118.799999938604344, 60.000039376176886 ], [ -118.812499911326498, 60.000046150940641 ], [ -118.824999915235196, 60.00005166048053 ], [ -118.837499944658376, 60.0000559637365 ], [ -118.849999928967563, 60.000059047516764 ], [ -118.862499963218056, 60.000060890106269 ], [ -118.874999998431761, 60.000061502359777 ], [ -118.887500055354465, 60.000060908315369 ], [ -118.890054980845832, 60.000060627741462 ], [ -118.900000041616295, 60.000059070773297 ], [ -118.912500073940279, 60.000055992021565 ], [ -118.917464293413929, 60.000054419931615 ], [ -118.92500010336542, 60.000051682934433 ], [ -118.930526140502607, 60.000049384204289 ], [ -118.937500059198797, 60.000046130375601 ], [ -118.950000079924422, 60.000039360626211 ], [ -118.951831095906925, 60.000038274462547 ], [ -118.962500094854647, 60.000031360543417 ], [ -118.975000055058359, 60.000022141035124 ], [ -118.987500055505421, 60.000011680293241 ], [ -118.999999999303583, 60.000000000137653 ], [ -119.003848326771362, 60.000003734071051 ], [ -119.012499936589705, 60.000011695408077 ], [ -119.024999930519485, 60.000022149433278 ], [ -119.037499932170462, 60.000031373128444 ], [ -119.049999892637274, 60.000039377427683 ], [ -119.062499906838383, 60.000046140464264 ], [ -119.074999925864148, 60.000051673167874 ], [ -119.087499948749041, 60.000055975537911 ], [ -119.09999997452752, 60.000059047573821 ], [ -119.112499954315666, 60.000060900234111 ], [ -119.123474615424072, 60.000061500756154 ], [ -119.124999982989067, 60.000061511605551 ], [ -119.137500011659512, 60.000060892642217 ], [ -119.150000039361416, 60.000059043344166 ], [ -119.162500087047846, 60.000055987702538 ], [ -119.175000109925591, 60.000051677733744 ], [ -119.187500081045698, 60.000046148418512 ], [ -119.200000095232028, 60.000039377787871 ], [ -119.212500103622276, 60.000031376825135 ], [ -119.225000057371261, 60.000022156532516 ], [ -119.23750005127701, 60.000011694913262 ], [ -119.249999988619194, 60.000000013975914 ], [ -119.262499972824884, 60.000011682353225 ], [ -119.265653394533018, 60.000014441724531 ], [ -119.274999939845699, 60.000022155393523 ], [ -119.280963190504309, 60.000026714989843 ], [ -119.281032793035294, 60.000026743748435 ], [ -119.287499892589963, 60.000031374139759 ], [ -119.290217822409076, 60.000033221767495 ], [ -119.293589055073241, 60.000035434122225 ], [ -119.298366617393384, 60.000038405440705 ], [ -119.299999921961714, 60.00003937550202 ], [ -119.311214164288344, 60.000045485067346 ], [ -119.312499887249132, 60.000046133597344 ], [ -119.324999927243169, 60.000051674293161 ], [ -119.330521353038364, 60.000053714788571 ], [ -119.337499923261916, 60.000055995694915 ], [ -119.349999947965927, 60.000059051761035 ], [ -119.362499996654506, 60.000060901449132 ], [ -119.374999976405761, 60.000061507902124 ], [ -119.387500026061375, 60.000060896919365 ], [ -119.400000074754772, 60.00005905559776 ], [ -119.412500051599039, 60.000055971061911 ], [ -119.425000095466288, 60.000051669070345 ], [ -119.437500087668752, 60.000046147822374 ], [ -119.450000100722335, 60.000039361219677 ], [ -119.462500082314236, 60.00003137931467 ], [ -119.475000082798715, 60.000022132051647 ], [ -119.487500049917998, 60.000011689493441 ], [ -119.499999986187234, 59.999999992679392 ], [ -119.51249997107999, 60.000011689317368 ], [ -119.524999942477933, 60.000022131698671 ], [ -119.537499896017422, 60.000031378799079 ], [ -119.549999904097689, 60.000039384454098 ], [ -119.562499895758393, 60.000046135855676 ], [ -119.574999914463348, 60.000051680847939 ], [ -119.587499914798954, 60.000055971589667 ], [ -119.599999940266557, 60.000059055916545 ], [ -119.612499967671852, 60.000060909908989 ], [ -119.62499997378309, 60.000061509656355 ], [ -119.637500002157836, 60.00006090298163 ], [ -119.650000029573746, 60.000059065972245 ], [ -119.662500032770851, 60.000055974724575 ], [ -119.675000055363114, 60.000051677048916 ], [ -119.687500074099901, 60.000046149039711 ], [ -119.700000065693203, 60.000039366800344 ], [ -119.712500073813132, 60.000031378128377 ], [ -119.725000052839832, 60.00002213523242 ], [ -119.737500046480932, 60.000011685901526 ], [ -119.750000031438972, 60.000000006241883 ], [ -119.762499930333334, 60.000011680192316 ], [ -119.774999930351612, 60.000022160390877 ], [ -119.78749991572343, 60.000031386376293 ], [ -119.799999907852765, 60.000039382033734 ], [ -119.812499905774047, 60.000046147362248 ], [ -119.824999908521775, 60.000051682361033 ], [ -119.837499915130394, 60.000055987029434 ], [ -119.849999972295919, 60.000059050130517 ], [ -119.862499983725442, 60.000060894132041 ], [ -119.874999996119314, 60.000061507802037 ], [ -119.887500008512021, 60.000060891140471 ], [ -119.900000042410483, 60.000059068009421 ], [ -119.912500051913611, 60.00005599068286 ], [ -119.925000106153988, 60.000051671760865 ], [ -119.937500108891669, 60.000046133768301 ], [ -119.950000106800573, 60.000039365446021 ], [ -119.962500098915157, 60.000031366794829 ], [ -119.962757023286912, 60.000031191497513 ], [ -119.975000084269936, 60.000022137815655 ], [ -119.987500014286553, 60.000011689797596 ], [ -119.999999983229586, 60.000000000170637 ], [ -120.000208558580923, 60.000000211749963 ], [ -120.012499963819621, 60.000011686712135 ], [ -120.024999953098074, 60.000022142925737 ], [ -120.037499902504379, 60.000031380116887 ], [ -120.049999906267587, 60.000039375675755 ], [ -120.06249991582267, 60.000046140903422 ], [ -120.074999930204143, 60.000051675799064 ], [ -120.087499948446407, 60.000055980362006 ], [ -120.099999969584061, 60.000059054591766 ], [ -120.112499992651493, 60.000060898487952 ], [ -120.125000016683188, 60.00006151205033 ], [ -120.13750004071359, 60.000060895278857 ], [ -120.150000063777256, 60.000059048173568 ], [ -120.162500084908558, 60.000055970734735 ], [ -120.175000055595845, 60.000051674320915 ], [ -120.18750006997044, 60.000046136220867 ], [ -120.200000079516158, 60.000039367788794 ], [ -120.212500083267471, 60.000031369025514 ], [ -120.225000080258852, 60.000022139931993 ], [ -120.237500022000958, 60.000011691890919 ], [ -120.250000002580478, 60.000000002145001 ], [ -120.262499952362703, 60.000011686302152 ], [ -120.274999910831497, 60.000022140137432 ], [ -120.287499899783612, 60.000031387442633 ], [ -120.299999920239827, 60.000039369223416 ], [ -120.312499898980079, 60.000046132079376 ], [ -120.324999905335105, 60.000051688395637 ], [ -120.337499940256293, 60.000055979177759 ], [ -120.349999930578306, 60.000059051047074 ], [ -120.362499993125766, 60.000060904940071 ], [ -120.374999986342999, 60.000061516147241 ], [ -120.387500049864286, 60.00006090936396 ], [ -120.400000042114627, 60.000059059908672 ], [ -120.412500079892027, 60.000055968678851 ], [ -120.425000090168993, 60.000051682332568 ], [ -120.437500073725161, 60.000046141889122 ], [ -120.450000099898304, 60.000039359658658 ], [ -120.462500095715924, 60.000031382320969 ], [ -120.475000061888238, 60.000022150895319 ], [ -120.487500020333286, 60.000011689146582 ], [ -120.499999970085625, 59.99999999707601 ], [ -120.51249996434359, 60.000011677982393 ], [ -120.524999919864939, 60.000022140047257 ], [ -120.537499883113753, 60.000031371789596 ], [ -120.549999900536207, 60.000039361709938 ], [ -120.562499876339004, 60.00004613279944 ], [ -120.574999927352167, 60.000051685797061 ], [ -120.587499959254316, 60.000055984715807 ], [ -120.599999946653682, 60.000059064815737 ], [ -120.61249998337658, 60.000060903067009 ], [ -120.625000021059321, 60.000061510981787 ], [ -120.637500011356295, 60.0000609000911 ], [ -120.650000048066659, 60.000059047337515 ], [ -120.66250003546925, 60.000055975788065 ], [ -120.675000090396395, 60.000051686090117 ], [ -120.687500118413766, 60.000046142331428 ], [ -120.700000094240394, 60.000039379792383 ], [ -120.712500111630121, 60.000031375369751 ], [ -120.7250000749072, 60.00002215217787 ], [ -120.737500030463494, 60.000011698663478 ], [ -120.750000024672673, 60.000000003254812 ], [ -120.762499973556189, 60.000011690991634 ], [ -120.774999931129031, 60.000022148406799 ], [ -120.787499896425729, 60.000031375499063 ], [ -120.799999915801834, 60.000039360675672 ], [ -120.812499893645125, 60.000046127114288 ], [ -120.824999946790655, 60.000051675321963 ], [ -120.837499933327848, 60.000055981101426 ], [ -120.849999970064147, 60.000059044943654 ], [ -120.862499984614615, 60.000060913753138 ], [ -120.875000024242524, 60.000061516924227 ], [ -120.887500016571835, 60.000060901382625 ], [ -120.900000055219991, 60.000059043884583 ], [ -120.912500067875555, 60.000055991363269 ], [ -120.925000101691069, 60.000051673194683 ], [ -120.937500084364132, 60.000046136333204 ], [ -120.950000062209313, 60.000039369145924 ], [ -120.962500081522833, 60.000031359981541 ], [ -120.975000070085514, 60.00002215580902 ], [ -120.987500027658612, 60.000011697642925 ], [ -121.000000023789795, 59.999999997489063 ], [ -121.012499955473416, 60.000011703381922 ], [ -121.024999919787973, 60.000022143621912 ], [ -121.037499915133736, 60.000031377194567 ], [ -121.049999917242943, 60.0000393804373 ], [ -121.062499901810597, 60.000046129696813 ], [ -121.074999914540811, 60.000051672279241 ], [ -121.087499931137927, 60.00005598452934 ], [ -121.099999950636359, 60.000059066446532 ], [ -121.112499948694108, 60.000060894387346 ], [ -121.124999971089395, 60.000061515640134 ], [ -121.137500040687058, 60.000060894842143 ], [ -121.150000062121805, 60.000059055423264 ], [ -121.16250008163027, 60.000055985671132 ], [ -121.17500007482397, 60.000051661954515 ], [ -121.187500087574008, 60.000046131539456 ], [ -121.20000009550121, 60.000039370792685 ], [ -121.212500097640032, 60.000031379715026 ], [ -121.225000069564956, 60.000022134685032 ], [ -121.237500057221254, 60.000011682950905 ], [ -121.249999989036539, 60.000000012648236 ], [ -121.262499932150646, 60.000011689239827 ], [ -121.274999954589305, 60.0000221473557 ], [ -121.287499914103776, 60.000031363298035 ], [ -121.299999903883418, 60.000039372526011 ], [ -121.312499899465692, 60.000046151425522 ], [ -121.324999923479353, 60.00005166460501 ], [ -121.337499927756397, 60.000055982842994 ], [ -121.349999982058677, 60.000059058954378 ], [ -121.362499967615747, 60.000060892929497 ], [ -121.374999977700483, 60.000061520172828 ], [ -121.387500034900015, 60.000060905274999 ], [ -121.400000020443827, 60.000059048261555 ], [ -121.412500074742567, 60.000055972690255 ], [ -121.425000079053532, 60.000051678603178 ], [ -121.437500079511878, 60.00004615418618 ], [ -121.450000098607475, 60.000039364025959 ], [ -121.462500088450128, 60.000031378948883 ], [ -121.475000047898419, 60.00002213996828 ], [ -121.487500023267984, 60.000011694239596 ], [ -121.499999966293672, 59.999999994614384 ], [ -121.51249997229165, 60.000011677219362 ], [ -121.524999939920846, 60.000022141352467 ], [ -121.537499915279142, 60.000031375160688 ], [ -121.549999897401051, 60.00003937864291 ], [ -121.562499932361291, 60.000046139923263 ], [ -121.574999925109211, 60.000051682746133 ], [ -121.587499921724216, 60.000055995240579 ], [ -121.599999968267014, 60.000059065517263 ], [ -121.612499969714889, 60.00006091734884 ], [ -121.624999995394063, 60.000061503404766 ], [ -121.637499997803516, 60.000060894574872 ], [ -121.650000046260018, 60.000059043508145 ], [ -121.66250004577816, 60.000055974014792 ], [ -121.675000089402943, 60.000051662275929 ], [ -121.687500082167702, 60.000046132120573 ], [ -121.700000070109823, 60.000039371637442 ], [ -121.712500099247933, 60.000031368896906 ], [ -121.725000074643532, 60.000022147756198 ], [ -121.737500042319951, 60.000011696290578 ], [ -121.749999977463261, 59.999999990976725 ], [ -121.762499957004877, 60.000011691835041 ], [ -121.774999921379234, 60.000022138845736 ], [ -121.787499917345471, 60.000031379049744 ], [ -121.799999896194919, 60.00003936540849 ], [ -121.81249990472368, 60.000046144953792 ], [ -121.824999894186135, 60.000051670656767 ], [ -121.837499958352637, 60.000055977563441 ], [ -121.849999954561383, 60.000059042603361 ], [ -121.862499976624235, 60.000060900818063 ], [ -121.874999999662606, 60.00006152869917 ], [ -121.887499998760973, 60.000060902747883 ], [ -121.900000067758327, 60.000059057964314 ], [ -121.912500063947704, 60.000055971348509 ], [ -121.92500008120966, 60.000051677896067 ], [ -121.93750007063268, 60.000046130621833 ], [ -121.950000079215656, 60.000039376507409 ], [ -121.962500058010221, 60.00003136857741 ], [ -121.975000054052174, 60.000022153804274 ], [ -121.987500018356229, 60.000011685222326 ], [ -121.999999997995047, 60.000000009794881 ], [ -122.012143376860891, 60.000011373690747 ], [ -122.01224685196938, 60.000011477419221 ], [ -122.012266406641999, 60.000011494594673 ], [ -122.012499978611316, 60.000011682457583 ], [ -122.018238596677449, 60.000022450687304 ], [ -122.024999921038543, 60.000022136838311 ], [ -122.037499942109633, 60.000031372318929 ], [ -122.049999899018772, 60.000039366051716 ], [ -122.062499932649743, 60.000046140868385 ], [ -122.074999900178739, 60.000051673949379 ], [ -122.087499942507449, 60.00005598809885 ], [ -122.099999963632428, 60.000059048451845 ], [ -122.112499963958669, 60.000060914005608 ], [ -122.124999987969886, 60.000061513693495 ], [ -122.137500036103134, 60.000060906498902 ], [ -122.150000059133717, 60.00005904551675 ], [ -122.162500057559228, 60.000055989744318 ], [ -122.175000075751839, 60.00005166809764 ], [ -122.187500114241189, 60.000046139560197 ], [ -122.200000076928745, 60.000039369356912 ], [ -122.212500104805372, 60.0000313801537 ], [ -122.225000054940296, 60.00002214930042 ], [ -122.237500044134364, 60.000011676002941 ], [ -122.250000002062407, 60.00000000793645 ], [ -122.262499965074568, 60.000011677298829 ], [ -122.274999914225347, 60.00002215190009 ], [ -122.287499917880382, 60.000031384037399 ], [ -122.299999904043958, 60.000039362422726 ], [ -122.312499920248897, 60.000046133898337 ], [ -122.3249999412851, 60.000051675040623 ], [ -122.337499966187053, 60.00005598584891 ], [ -122.3499999696987, 60.000059042911801 ], [ -122.36249995268804, 60.000060905223386 ], [ -122.374999983389657, 60.000061525034155 ], [ -122.384873714881138, 60.000061137298793 ], [ -122.387500014094925, 60.000060914509767 ], [ -122.400000019511069, 60.000059050248936 ], [ -122.412500047317863, 60.000055979056953 ], [ -122.425000072231711, 60.000051677530443 ], [ -122.437500093287099, 60.000046145669941 ], [ -122.450000085154528, 60.000039360084358 ], [ -122.462500095587245, 60.000031367560382 ], [ -122.475000052569726, 60.000022156916515 ], [ -122.487500024140203, 60.000011680350568 ], [ -122.500000011406954, 59.999999996842341 ], [ -122.512499938730457, 60.000011688286094 ], [ -122.52499992142225, 60.000022137182377 ], [ -122.528156162904395, 60.000024587755654 ], [ -122.536552828253249, 60.000030735839083 ], [ -122.537013764205952, 60.000031045760409 ], [ -122.537499936259394, 60.000031379125723 ], [ -122.544643579216228, 60.000036109032656 ], [ -122.546182350550225, 60.000037055355889 ], [ -122.549999933429163, 60.000039367362774 ], [ -122.562499889723469, 60.000046137513777 ], [ -122.564192787448974, 60.000046960696487 ], [ -122.564253014609548, 60.000047002012465 ], [ -122.570804716296749, 60.000049936670223 ], [ -122.574999897504796, 60.00005166509478 ], [ -122.580126731708404, 60.000053587424276 ], [ -122.582806750332551, 60.00005452011078 ], [ -122.587499933606139, 60.000055985709707 ], [ -122.599999948141345, 60.000059052625026 ], [ -122.612499989083815, 60.000060912568543 ], [ -122.625000006510774, 60.000061518816707 ], [ -122.637500023930741, 60.000060894732286 ], [ -122.650000064888872, 60.000059063668623 ], [ -122.662500079407394, 60.000055978917032 ], [ -122.675000091022383, 60.000051663833538 ], [ -122.687500123306435, 60.000046141764685 ], [ -122.700000079618135, 60.000039378311008 ], [ -122.71250007674324, 60.000031372237686 ], [ -122.725000067102684, 60.00002213583543 ], [ -122.737500074305757, 60.000011692441639 ], [ -122.750000001657199, 60.000000007695192 ], [ -122.762499944395969, 60.000011699124492 ], [ -122.774999942406737, 60.000022147911523 ], [ -122.787499901559684, 60.000031378694096 ], [ -122.799999914043909, 60.000039366822833 ], [ -122.812499885748935, 60.000046136954253 ], [ -122.824999908844603, 60.000051664420923 ], [ -122.829417950650949, 60.000053317614785 ], [ -122.82994401373422, 60.000053508861306 ], [ -122.837499960443338, 60.000055984870137 ], [ -122.849999943741935, 60.000059064014401 ], [ -122.862499975520066, 60.000060900478623 ], [ -122.875000008256606, 60.000061506607331 ], [ -122.887499994449882, 60.000060894763557 ], [ -122.900000050905348, 60.000059063530585 ], [ -122.912500080738056, 60.00005597865507 ], [ -122.925000061145468, 60.000051675821489 ], [ -122.930911622506258, 60.000049208915804 ], [ -122.930963017523183, 60.000049185764048 ], [ -122.932840974498816, 60.000048336601672 ], [ -122.936564063554187, 60.000046597307737 ], [ -122.937500084210143, 60.000046130281255 ], [ -122.947625846796811, 60.000040748736225 ], [ -122.9500001024401, 60.000039354407285 ], [ -122.962500093102264, 60.000031383883616 ], [ -122.9750000987802, 60.000022147346911 ], [ -122.987500050229656, 60.00001169287907 ], [ -122.999999992992045, 60.000000008090765 ], [ -123.001580882317242, 60.000001560031905 ], [ -123.012499955229899, 60.000011689896624 ], [ -123.024999926152461, 60.000022141378196 ], [ -123.037499904794217, 60.00003136253423 ], [ -123.049999914993037, 60.000039376639222 ], [ -123.062499906185792, 60.000046137138568 ], [ -123.074999902201156, 60.000051667309528 ], [ -123.087499926904528, 60.000055990419661 ], [ -123.099999929677779, 60.000059059929484 ], [ -123.112499980825703, 60.000060886663931 ], [ -123.125000011338926, 60.000061518770003 ], [ -123.137500016998146, 60.000060897282445 ], [ -123.150000046563349, 60.000059068720759 ], [ -123.162500049325175, 60.000055986570629 ], [ -123.175000095609562, 60.000051661622614 ], [ -123.187500116501766, 60.000046142057933 ], [ -123.200000107666625, 60.000039368913733 ], [ -123.212500093033441, 60.000031365441949 ], [ -123.225000071636643, 60.000022131643519 ], [ -123.237500067451023, 60.000011690758413 ], [ -123.249999983244962, 60.00000000880344 ], [ -123.262499968847408, 60.00001167173329 ], [ -123.274999941702532, 60.000022140070605 ], [ -123.287499922290095, 60.000031378081992 ], [ -123.299999884658675, 60.000039362539759 ], [ -123.312499924175583, 60.000046127380045 ], [ -123.324999922153296, 60.000051674405533 ], [ -123.337499924001378, 60.000055991101547 ], [ -123.349999975109753, 60.00005906493535 ], [ -123.362499956765618, 60.000060897752221 ], [ -123.37500001076323, 60.000061510913895 ], [ -123.387500018418592, 60.000060906281732 ], [ -123.400000071452439, 60.000059058768507 ], [ -123.412500051154922, 60.000055970266445 ], [ -123.420873997062415, 60.000053224592136 ], [ -123.420913760103517, 60.000053215797784 ], [ -123.425000053027915, 60.000051674641291 ], [ -123.428055179568119, 60.00005043842976 ], [ -123.437500097368016, 60.000046136122499 ], [ -123.446020691660081, 60.000041678723036 ], [ -123.450000090562895, 60.000039379834519 ], [ -123.452116961745688, 60.000038104169874 ], [ -123.46250005286862, 60.000031370024004 ], [ -123.475000079825278, 60.000022140505614 ], [ -123.487500052754982, 60.00001169323459 ], [ -123.499999991871732, 59.999999992451762 ], [ -123.512499962182332, 60.000011699160446 ], [ -123.524999916047435, 60.000022152361105 ], [ -123.537499923914481, 60.000031362638964 ], [ -123.549999917418148, 60.0000393783668 ], [ -123.562499891552463, 60.000046140590733 ], [ -123.574999916777429, 60.000051659875311 ], [ -123.587499924784552, 60.000055984613688 ], [ -123.599999956755184, 60.000059043230188 ], [ -123.612499969605054, 60.000060907303734 ], [ -123.625000004459309, 60.000061505250699 ], [ -123.637500018289828, 60.000060908658533 ], [ -123.650000052165566, 60.000059045935643 ], [ -123.662500063114607, 60.000055988678078 ], [ -123.675000092149716, 60.000051665286207 ], [ -123.687500096355194, 60.000046147364706 ], [ -123.700000070470551, 60.000039375965756 ], [ -123.712500085001267, 60.000031361578223 ], [ -123.725000071847901, 60.000022152669644 ], [ -123.737500025680717, 60.000011690293974 ], [ -123.749999970820284, 59.999999997597364 ], [ -123.762499951287083, 60.000011703898032 ], [ -123.77499991512633, 60.000022156738353 ], [ -123.787499932868002, 60.000031366562901 ], [ -123.789324835561089, 60.000032620538491 ], [ -123.999999996458001, 60.108926536610262 ], [ -124.000526943356576, 60.109197587818038 ], [ -124.00297358669539, 60.110761339449731 ], [ -124.029960778253837, 60.148158305917271 ], [ -124.068691474209942, 60.168697467323035 ], [ -124.092925123908003, 60.186616205356849 ], [ -124.093992761699184, 60.187405098689496 ], [ -124.099629454046237, 60.191569180099663 ], [ -124.123828515056971, 60.206001410354567 ], [ -124.12026872683461, 60.238628815611357 ], [ -124.155883520260474, 60.266945220449053 ], [ -124.15932774366938, 60.291057348157203 ], [ -124.182371733793119, 60.306757141729996 ], [ -124.203678645986201, 60.350328696122162 ], [ -124.214467810826932, 60.36457205617382 ], [ -124.200635076773906, 60.397335063617575 ], [ -124.197862516522548, 60.445915704745282 ], [ -124.234966504486508, 60.453947138056648 ], [ -124.312446906691747, 60.459254513465012 ], [ -124.389145992152763, 60.458458808803101 ], [ -124.393773259784282, 60.518900785135145 ], [ -124.433155712547986, 60.542145738648017 ], [ -124.447194651742052, 60.572809315593794 ], [ -124.490534300267399, 60.591993177925346 ], [ -124.571065574803882, 60.641415429930696 ], [ -124.599452651031839, 60.687867622358169 ], [ -124.562746950244758, 60.695655907504346 ], [ -124.553650199729546, 60.705184880918416 ], [ -124.541463356802709, 60.717940747741686 ], [ -124.505882967315443, 60.725432449288299 ], [ -124.491783059677559, 60.728397590126782 ], [ -124.468964775042139, 60.747860745689707 ], [ -124.449216613871783, 60.764682616928084 ], [ -124.450519620824494, 60.786545894740527 ], [ -124.476256146520541, 60.791413943936774 ], [ -124.496253981406497, 60.802502617296817 ], [ -124.498063237849252, 60.821978134549646 ], [ -124.498447730893915, 60.826114169748529 ], [ -124.511479366538993, 60.839444775622539 ], [ -124.510887352607909, 60.861065571906686 ], [ -124.510779925139332, 60.864986337302085 ], [ -124.514368830168948, 60.871804106728639 ], [ -124.527470801592514, 60.896667776603202 ], [ -124.533563305937562, 60.908215785845314 ], [ -124.536690773771042, 60.914140226496279 ], [ -124.539382164578782, 60.938606894416594 ], [ -124.592246715771935, 60.945768010797487 ], [ -124.592754594171822, 60.94583669460151 ], [ -124.619032005932439, 60.933480225180453 ], [ -124.633227176813691, 60.92679898925207 ], [ -124.647534006936354, 60.932079335006286 ], [ -124.661286580409751, 60.937152000952509 ], [ -124.664475428872365, 60.938327769906884 ], [ -124.665379607220771, 60.938661122754553 ], [ -124.728159340571167, 60.938989630477842 ], [ -124.766154115643218, 60.958063531989716 ], [ -124.788376913574496, 60.954509047718759 ], [ -124.795248201364089, 60.932507419932108 ], [ -124.807983484814812, 60.925456657965121 ], [ -124.819195737853079, 60.919245474113474 ], [ -124.835479397214158, 60.901447027590507 ], [ -124.837430287714895, 60.899313223179533 ], [ -124.829915011635549, 60.877868611856911 ], [ -124.825587284896656, 60.865506013911045 ], [ -124.821439912387135, 60.853649399748662 ], [ -124.821898012759178, 60.8519049233348 ], [ -124.823592970309406, 60.845448895386696 ], [ -124.825797717794742, 60.837046969658587 ], [ -124.883863452873968, 60.839084233419058 ], [ -124.89683639929676, 60.839535827567239 ], [ -124.905946992372904, 60.839852197813372 ], [ -124.967497429400822, 60.849241409258518 ], [ -124.992454646058178, 60.840048830086545 ], [ -125.035494248559132, 60.835054373440443 ], [ -125.041008380562303, 60.834413366918206 ], [ -125.054124810351652, 60.832887535494962 ], [ -125.129413329259648, 60.832588557539239 ], [ -125.147881625409681, 60.832508587576626 ], [ -125.1713521863404, 60.809660102089708 ], [ -125.185832766942369, 60.805908303339386 ], [ -125.222780082285169, 60.796324235105942 ], [ -125.264067260159067, 60.768347962535287 ], [ -125.322173853015713, 60.767957438073402 ], [ -125.323118383267683, 60.767929463656991 ], [ -125.374912309016196, 60.766383928116397 ], [ -125.418478782178624, 60.777856675335947 ], [ -125.467009497133176, 60.788705199894899 ], [ -125.53379371957277, 60.812355198996705 ], [ -125.568914159822697, 60.801503986048552 ], [ -125.625349755709209, 60.809708597295369 ], [ -125.669639231253768, 60.803108985035081 ], [ -125.683972943853576, 60.812470558803746 ], [ -125.69278315720419, 60.818221119645507 ], [ -125.698649209892608, 60.821675548466509 ], [ -125.714101280966275, 60.830770060618278 ], [ -125.755358172319632, 60.845326373790463 ], [ -125.779234304910759, 60.860033191939131 ], [ -125.792497311693637, 60.868194860862339 ], [ -125.832224755926219, 60.881287566191688 ], [ -125.875094646698415, 60.866460152347514 ], [ -125.876665805364155, 60.865916199948245 ], [ -125.920818279553231, 60.848597624594532 ], [ -125.927798301538672, 60.841279756089726 ], [ -125.93159341257261, 60.837299293673489 ], [ -125.93431280846103, 60.834446465047591 ], [ -125.938536379793717, 60.830014470444965 ], [ -125.939352034881153, 60.819427491323189 ], [ -125.94015130431778, 60.809045448403452 ], [ -125.940492250394044, 60.804615138601896 ], [ -125.964971927361944, 60.79031325474066 ], [ -125.966803125289005, 60.789242672126889 ], [ -125.985352759056084, 60.790259457208201 ], [ -125.99999998468077, 60.791060412682491 ], [ -126.013077414422256, 60.791774095396811 ], [ -126.037093959748134, 60.793693252616656 ], [ -126.056561310073235, 60.795245446930345 ], [ -126.060365871832119, 60.79788432380613 ], [ -126.061848261735349, 60.798912396273344 ], [ -126.063475757662857, 60.800040994006622 ], [ -126.070185545063552, 60.804692809801423 ], [ -126.083305157299094, 60.813783563111144 ], [ -126.074379257434302, 60.826501109805434 ], [ -126.070489385421524, 60.832040052789189 ], [ -126.064375169808073, 60.848595598222971 ], [ -126.063350617643934, 60.851368033781647 ], [ -126.097418768320708, 60.850117007288368 ], [ -126.111283967095687, 60.847828790966346 ], [ -126.137156577803012, 60.843554125926467 ], [ -126.176916813596833, 60.841936723991445 ], [ -126.181239750192631, 60.841760111858918 ], [ -126.192232675326807, 60.83902306341858 ], [ -126.21065416178088, 60.83443328511752 ], [ -126.189745693144715, 60.81181264264093 ], [ -126.184681763175902, 60.796927227375932 ], [ -126.186811032051793, 60.794566278081682 ], [ -126.189154370863676, 60.791967517944123 ], [ -126.197032070063756, 60.783227742858976 ], [ -126.197926147769564, 60.782235473896421 ], [ -126.220493414746286, 60.774256459550315 ], [ -126.234642002326297, 60.769249926941804 ], [ -126.279472809404382, 60.759688352813804 ], [ -126.280868181355686, 60.759390427134811 ], [ -126.283477343646808, 60.758833232705236 ], [ -126.283499844004766, 60.758828434696774 ], [ -126.29926071498555, 60.759704172963623 ], [ -126.305312865117131, 60.760039942775947 ], [ -126.335858065623782, 60.761730104135097 ], [ -126.345977909769985, 60.762486141246811 ], [ -126.387089026201906, 60.765548975828978 ], [ -126.391817820135856, 60.767277998353237 ], [ -126.431654431916144, 60.78182929396295 ], [ -126.472755399043407, 60.795594432454301 ], [ -126.486370111841197, 60.800148663210699 ], [ -126.519262375852961, 60.787634151303955 ], [ -126.533428032479961, 60.782238932640084 ], [ -126.556733398301063, 60.770001680218186 ], [ -126.566694074498741, 60.764767319487859 ], [ -126.60823246535486, 60.739768291534872 ], [ -126.612745224714232, 60.738453866326076 ], [ -126.639041204056568, 60.730789379317343 ], [ -126.65983556912947, 60.751184309645168 ], [ -126.682600079172644, 60.753812748996047 ], [ -126.692653577962034, 60.769031798118881 ], [ -126.747856680123988, 60.764482223482332 ], [ -126.763492450717692, 60.763189115288007 ], [ -126.769834774621486, 60.748638968925931 ], [ -126.812747300261307, 60.758561542320372 ], [ -126.845142926524488, 60.77497850035023 ], [ -126.842847114947702, 60.78151038400221 ], [ -126.837436654155454, 60.79689317809531 ], [ -126.825970952688309, 60.829441443811149 ], [ -126.825246512446981, 60.831495626353608 ], [ -126.82802887388911, 60.831620533389902 ], [ -126.849878838556805, 60.832599325294723 ], [ -126.877041408376911, 60.847895002278499 ], [ -126.86823175768194, 60.857460381462253 ], [ -126.856369729128744, 60.870329911597565 ], [ -126.866038726514105, 60.89592982153146 ], [ -126.865464544313838, 60.897577852709929 ], [ -126.861781428914739, 60.908145168173526 ], [ -126.859114524575816, 60.915792228368282 ], [ -126.858791236230488, 60.916718988646622 ], [ -126.858351567479716, 60.917979318897018 ], [ -126.853586480731934, 60.931631368953404 ], [ -126.858410013314383, 60.939662456154643 ], [ -126.86108497937154, 60.944114416093527 ], [ -126.86173030175496, 60.945188227101994 ], [ -126.873479331202958, 60.964725074618073 ], [ -126.873500232527135, 60.964751680861767 ], [ -126.885850472011768, 60.980474373664642 ], [ -126.893425319936725, 60.990109222852581 ], [ -126.901206536525223, 61.000000048581342 ], [ -126.906827249641722, 61.00714035115891 ], [ -126.902988679840107, 61.020073364579837 ], [ -126.896773993731315, 61.040988935179797 ], [ -126.9661236521261, 61.050067646069806 ], [ -126.967899852536547, 61.048797209505118 ], [ -126.991405521099708, 61.03197263134323 ], [ -126.999494163840197, 61.026177876480979 ], [ -127.038614843065403, 61.018854855055061 ], [ -127.04701992977563, 61.017279528977539 ], [ -127.044222888942357, 61.025437619053527 ], [ -127.042334307053963, 61.030943734332759 ], [ -127.056614206531847, 61.047869007812892 ], [ -127.07243480005549, 61.066597132646478 ], [ -127.042648862930506, 61.082086432046658 ], [ -127.04199961564737, 61.090509984719645 ], [ -127.041050874477236, 61.102810603882091 ], [ -126.984101738681048, 61.121403375431427 ], [ -127.012099174810274, 61.137667485319895 ], [ -126.976853904260011, 61.15844271727341 ], [ -126.960740113469129, 61.167928613327632 ], [ -126.972262267406208, 61.175377916438016 ], [ -126.975879403787957, 61.177715503720826 ], [ -126.965485060316041, 61.194594804492247 ], [ -126.954124518935473, 61.213021205171394 ], [ -126.952926146368782, 61.214963574793522 ], [ -126.969191015702748, 61.217649479202123 ], [ -126.996409387713271, 61.22213863274802 ], [ -126.999588286297623, 61.251109307770946 ], [ -127.010728962415484, 61.271166991789123 ], [ -127.020048494932524, 61.287925149947483 ], [ -127.029900211794867, 61.313375046976162 ], [ -127.03340143508764, 61.322409479733608 ], [ -127.021157984653129, 61.337780709914007 ], [ -127.021019683674879, 61.337954208644909 ], [ -127.029240780244493, 61.361254058463388 ], [ -127.0385851268327, 61.362293771608542 ], [ -127.046508022904803, 61.363174761769464 ], [ -127.090756335936192, 61.368085348302372 ], [ -127.085139677683003, 61.38759527815904 ], [ -127.087284762984723, 61.399684309153855 ], [ -127.092179161917457, 61.427232368494096 ], [ -127.094033305040512, 61.437655417716165 ], [ -127.099057132795991, 61.449198028221879 ], [ -127.102956202173473, 61.458150429940851 ], [ -127.127238859346264, 61.458992839516128 ], [ -127.167989100517374, 61.456203428228555 ], [ -127.19170195705243, 61.461136796559607 ], [ -127.195964021686692, 61.472626539501583 ], [ -127.202421890871264, 61.490019167366093 ], [ -127.214648353534443, 61.493528130978227 ], [ -127.237836279389555, 61.50017776136383 ], [ -127.288468876444867, 61.500139401423603 ], [ -127.316414925558547, 61.500109982534639 ], [ -127.363538256053801, 61.491241086248337 ], [ -127.364381829899543, 61.491423499269828 ], [ -127.368401209648638, 61.492292495209966 ], [ -127.385971776191838, 61.496089327712824 ], [ -127.388688447509381, 61.496676071330953 ], [ -127.388911817455892, 61.496676930778158 ], [ -127.4223770091821, 61.496799296742701 ], [ -127.469189996486719, 61.485154942026575 ], [ -127.537297985040084, 61.511075492479023 ], [ -127.541971760402191, 61.512893809995482 ], [ -127.569856455821977, 61.523892430460315 ], [ -127.622722417764479, 61.532228033500687 ], [ -127.629076163859537, 61.5469939499284 ], [ -127.646453900739104, 61.563752751293755 ], [ -127.668550330971925, 61.582552406697097 ], [ -127.718976402085431, 61.584049566802967 ], [ -127.745714646716124, 61.589692748232309 ], [ -127.766805446839697, 61.594138781361636 ], [ -127.798686897573333, 61.610534415258194 ], [ -127.8328714832695, 61.629702425602986 ], [ -127.844790967703148, 61.638060379377613 ], [ -127.865555587113491, 61.652607104898493 ], [ -127.881851533805701, 61.667558353944855 ], [ -127.911887003021008, 61.669443727084527 ], [ -127.961646610437199, 61.690046484299252 ], [ -127.98210374130376, 61.701981917031077 ], [ -128.000000025437316, 61.709311456635596 ], [ -128.023874208190762, 61.719080071142031 ], [ -128.047459975483974, 61.72872035893046 ], [ -128.044273910138827, 61.730960495488837 ], [ -128.026586388662565, 61.743389453117167 ], [ -128.021318099527491, 61.747089039658277 ], [ -128.012622489206933, 61.753193012838949 ], [ -128.013699028999099, 61.756187954059804 ], [ -128.01758338953897, 61.766989402192188 ], [ -128.015048668354638, 61.768870931264246 ], [ -128.000000025151053, 61.780035927877691 ], [ -127.999924525668675, 61.780091880011 ], [ -127.993901119427292, 61.785060653186349 ], [ -127.985996826452322, 61.791578076939558 ], [ -127.999723878459719, 61.798667512330319 ], [ -127.99999997614114, 61.798788167039632 ], [ -128.00283408614078, 61.800026667803856 ], [ -128.01398172065646, 61.804896574663147 ], [ -128.017003175356251, 61.813342342174408 ], [ -128.020653267982368, 61.823539028947486 ], [ -128.045480577836827, 61.830344442512121 ], [ -128.054034897116964, 61.832687489227922 ], [ -128.079683793774677, 61.831837462225351 ], [ -128.088018355062331, 61.831560200649641 ], [ -128.106569205237946, 61.830941164478574 ], [ -128.13779535753855, 61.835954948019655 ], [ -128.149643490459397, 61.83785501734593 ], [ -128.18328168037408, 61.829652446813753 ], [ -128.18459921238744, 61.829330913441758 ], [ -128.188346217519097, 61.828416355818355 ], [ -128.189086271304404, 61.830305899067461 ], [ -128.200278979654286, 61.858854648377957 ], [ -128.203033060820133, 61.868199353615275 ], [ -128.206348309612764, 61.880108337178442 ], [ -128.208276315455521, 61.887029851639952 ], [ -128.225766190670413, 61.908751908647659 ], [ -128.22867103008798, 61.912356388189863 ], [ -128.24857713447588, 61.9370324071376 ], [ -128.304831232249938, 61.949148536100552 ], [ -128.30629849775184, 61.961913201556399 ], [ -128.306947984651345, 61.96755980079211 ], [ -128.313268710157246, 61.968432280132042 ], [ -128.350097230809581, 61.973509055684779 ], [ -128.355730561872178, 61.987889787973742 ], [ -128.356872740952952, 61.990803768509075 ], [ -128.353455910126598, 62.000000102051757 ], [ -128.347939217993854, 62.014836214995199 ], [ -128.355048320592459, 62.015762085989444 ], [ -128.361179194242652, 62.016560204931992 ], [ -128.388424727622436, 62.020103176735176 ], [ -128.400450091406697, 62.032653556726153 ], [ -128.410180667951067, 62.042800532498617 ], [ -128.414070444083904, 62.044542966519998 ], [ -128.437283029825778, 62.054934409830658 ], [ -128.464037260876012, 62.070463000822855 ], [ -128.483364790530345, 62.082673672098217 ], [ -128.503086124920316, 62.095120089082158 ], [ -128.511381390208925, 62.100351400310295 ], [ -128.52659388550012, 62.106676377989004 ], [ -128.549640394244648, 62.11625019519812 ], [ -128.567194595520391, 62.112948262479584 ], [ -128.589974877020154, 62.108658872076496 ], [ -128.597780207412882, 62.107188013827376 ], [ -128.61401148189853, 62.111970816463952 ], [ -128.629319261584243, 62.116478342695949 ], [ -128.635169717970882, 62.118200249011998 ], [ -128.668456926778958, 62.109233139167941 ], [ -128.669031639265029, 62.109078209098023 ], [ -128.679682876469315, 62.096330765204918 ], [ -128.687581456648275, 62.08687019030539 ], [ -128.692237309940708, 62.084282610604035 ], [ -128.698983522414238, 62.080532205972339 ], [ -128.700261107396756, 62.079821815051346 ], [ -128.719386008566772, 62.069182154862354 ], [ -128.730360164777721, 62.04314251469787 ], [ -128.757966361264579, 62.044970009058019 ], [ -128.806590068423674, 62.048174639416409 ], [ -128.809039055375706, 62.048335576428947 ], [ -128.809355179132609, 62.049487327679778 ], [ -128.810998038371224, 62.055470921115756 ], [ -128.818686680689325, 62.08344256945913 ], [ -128.819795462271912, 62.087471984763042 ], [ -128.825516944316007, 62.089611923196649 ], [ -128.829057609027672, 62.090935934921795 ], [ -128.840540918316094, 62.095228584058937 ], [ -128.851609939289261, 62.099364318115718 ], [ -128.854830672669067, 62.099184133395156 ], [ -128.860280177367855, 62.098879134135693 ], [ -128.866433672719836, 62.098534424544596 ], [ -128.866807713233925, 62.098513466940133 ], [ -128.86816519841301, 62.098437383558377 ], [ -128.920547798508437, 62.09549083458424 ], [ -128.944664795170894, 62.119084203887482 ], [ -128.947273047316287, 62.118881952529279 ], [ -128.972499718907045, 62.116923094028657 ], [ -128.993345051233149, 62.109774128778078 ], [ -128.999079864530529, 62.107883782377002 ], [ -129.0105377297823, 62.109171646907107 ], [ -129.033990429473874, 62.111804368042975 ], [ -129.053816585645535, 62.104948805303856 ], [ -129.073007355653345, 62.098307187513711 ], [ -129.101888765076154, 62.098904536841538 ], [ -129.12886832243575, 62.099457005651423 ], [ -129.176133093071428, 62.123900169541457 ], [ -129.179356572120582, 62.126019564855611 ], [ -129.180989358367356, 62.12709293559692 ], [ -129.199786981700299, 62.139443425462396 ], [ -129.201452227763696, 62.139378965532615 ], [ -129.235705275412869, 62.138048612025521 ], [ -129.237216279206024, 62.150845467687688 ], [ -129.237241818009721, 62.151061356557747 ], [ -129.193882188664901, 62.168067765063427 ], [ -129.189833371981933, 62.172830471904888 ], [ -129.1858847904995, 62.177473613095344 ], [ -129.183122821872161, 62.180720562324851 ] ] ] } }
]
}
