{
"type": "FeatureCollection",
"name": "federal_PE",
"crs": { "type": "name", "properties": { "name": "urn:ogc:def:crs:OGC:1.3:CRS84" } },
"features": [
{ "type": "Feature", "properties": { "FED_NUM": 12001, "ED_NAMEE": "Acadie—Annapolis", "ED_NAMEF": "Acadie—Annapolis", "REP_ORDER": "2023", "SHAPE_AREA": 12269951083.799999, "SHAPE_LEN": 573273.37513299996, "NUM_CF": null, "CF_NOMFR": null, "CF_NOMAN": null, "DEC_REP": null, "PROV_CODE": "12", "PROV_NAME": "PE" }, "geometry": { "type": "Polygon", "coordinates": [ [ [ -66.369807037361895, 44.320926536158595 ], [ -66.355636063518503, 44.334238556506662 ], [ -66.323308501753829, 44.364572227206345 ], [ -66.298629370215394, 44.38769708097238 ], [ -66.292755782732186, 44.393196651126637 ], [ -66.274430223096985, 44.410503357360248 ], [ -66.268797488790469, 44.415819817909366 ], [ -66.218901561373002, 44.462850119587515 ], [ -66.213613409804836, 44.467827864729486 ], [ -66.210057375590452, 44.471224943234468 ], [ -66.194139226572389, 44.486424227186212 ], [ -66.181398370357314, 44.498581101066819 ], [ -66.180874142040778, 44.49908112967897 ], [ -66.180586987646151, 44.500062511995722 ], [ -66.180584659139129, 44.50007051801343 ], [ -66.180475463552412, 44.500443695885529 ], [ -66.167770421342013, 44.511033573343404 ], [ -66.150450036756453, 44.525460392944076 ], [ -66.146584985619171, 44.528678188130492 ], [ -66.12979793820017, 44.53868642332813 ], [ -66.073405668172668, 44.572873818939925 ], [ -66.021895928960532, 44.604029950857722 ], [ -66.020022021621628, 44.605162109674481 ], [ -66.005548832892273, 44.613791092333656 ], [ -66.000008465156341, 44.617092899144907 ], [ -65.999999933974863, 44.617097992253321 ], [ -65.994303894198879, 44.620491766981502 ], [ -65.976486101444351, 44.631102538315268 ], [ -65.943941923241837, 44.650462480011804 ], [ -65.927841652973754, 44.659212018163323 ], [ -65.921576889469335, 44.662614925667278 ], [ -65.853459496420257, 44.697655333213788 ], [ -65.836141045802151, 44.706548150990848 ], [ -65.805047212370255, 44.722498214872182 ], [ -65.793597677348259, 44.727764325702161 ], [ -65.793947649188212, 44.7282919790443 ], [ -65.75902270725976, 44.745152137200115 ], [ -65.748975647153969, 44.749997793646067 ], [ -65.74896808341407, 44.750001448178757 ], [ -65.719509794305367, 44.764197186098812 ], [ -65.702187134170345, 44.772536591739645 ], [ -65.688159840838651, 44.779285086982156 ], [ -65.68530438113001, 44.780658329404787 ], [ -65.664018329625108, 44.791151494657349 ], [ -65.648082627457683, 44.799000971817243 ], [ -65.629049269078877, 44.808369390388783 ], [ -65.600807132049383, 44.822315775982993 ], [ -65.566194370927107, 44.839385397917461 ], [ -65.55904484713858, 44.842908158198902 ], [ -65.517201231231226, 44.863636296712144 ], [ -65.513711635492143, 44.865363267725648 ], [ -65.500000014715894, 44.872358319036188 ], [ -65.499996727500388, 44.872359994386841 ], [ -65.479605604246984, 44.882755119374522 ], [ -65.468978149877486, 44.888169329780688 ], [ -65.415970428840453, 44.913691781606872 ], [ -65.415867051418914, 44.913548176122482 ], [ -65.360619707727167, 44.940782120184892 ], [ -65.360575938816353, 44.940803666489764 ], [ -65.360467634460463, 44.940648283124695 ], [ -65.301615979540017, 44.968709728155936 ], [ -65.300404666961526, 44.969276707765346 ], [ -65.247706961413158, 44.993915092271948 ], [ -65.234974159639478, 45.000014998935569 ], [ -65.234964316785053, 45.00001969080747 ], [ -65.218518261252925, 45.007893657141636 ], [ -65.205841428738964, 45.014280253635832 ], [ -65.205781218785731, 45.014229879859677 ], [ -65.174223834700314, 45.03036671501232 ], [ -65.17417175563935, 45.030393354092929 ], [ -65.147568042987913, 45.043584844581325 ], [ -65.144123264269382, 45.045291848510871 ], [ -65.120370707476681, 45.057245376365195 ], [ -65.119524087828381, 45.057667183321364 ], [ -65.10052500723593, 45.067128832354605 ], [ -65.094651213173677, 45.070052470808278 ], [ -65.090207327986391, 45.072263916271531 ], [ -65.086557233563227, 45.074080024642001 ], [ -65.083206937185309, 45.075746720342444 ], [ -65.07563335168463, 45.078938690020472 ], [ -65.044807405767685, 45.091307936046455 ], [ -65.039263164916477, 45.093530860627759 ], [ -65.036488279377991, 45.094643218077763 ], [ -65.036471062118565, 45.094615440027702 ], [ -65.030075982016101, 45.097316119347624 ], [ -65.005910445950235, 45.107514626852726 ], [ -65.000000011554448, 45.11000736957115 ], [ -64.966807453682605, 45.123994588790282 ], [ -64.937089300836405, 45.136500725932478 ], [ -64.908937722747879, 45.148332798455073 ], [ -64.887319218311873, 45.157409262985638 ], [ -64.872405021355476, 45.163665992066626 ], [ -64.871941704024053, 45.163865504035783 ], [ -64.871556929667619, 45.164031210524193 ], [ -64.845528993798155, 45.148759015970917 ], [ -64.837093697906866, 45.143805901502368 ], [ -64.837060971334793, 45.143799001077255 ], [ -64.837061404373273, 45.143795809277108 ], [ -64.837063008750619, 45.143727798446605 ], [ -64.837063094002303, 45.143705095224909 ], [ -64.837061988673511, 45.14366910511454 ], [ -64.837049395901019, 45.143633293943118 ], [ -64.837036788418203, 45.143597505812352 ], [ -64.837013393636695, 45.143551602064463 ], [ -64.836972784941423, 45.143507595808714 ], [ -64.836918979763496, 45.143460001631162 ], [ -64.836857690485289, 45.143408595118409 ], [ -64.836785788631886, 45.143368388391643 ], [ -64.836716488837183, 45.143328099020522 ], [ -64.836640292534781, 45.143292400631836 ], [ -64.836444402529509, 45.143141406925096 ], [ -64.836436695637076, 45.143130890022775 ], [ -64.836275611594928, 45.142986796328543 ], [ -64.836257215471406, 45.142969997334312 ], [ -64.8360681138914, 45.142653597205168 ], [ -64.836059000349493, 45.142619399584248 ], [ -64.836012213336062, 45.142430202874543 ], [ -64.835988490942398, 45.142363655660759 ], [ -64.835935307910987, 45.142214513331304 ], [ -64.835857202677005, 45.141998800229558 ], [ -64.835825313844083, 45.1418981088732 ], [ -64.835805589146887, 45.141818687425925 ], [ -64.835784114207314, 45.141693799447992 ], [ -64.835778196782996, 45.141639088372557 ], [ -64.835776512045854, 45.141591311502111 ], [ -64.835778295625872, 45.141543507561991 ], [ -64.835783692440785, 45.141495695215873 ], [ -64.835792502432398, 45.141448309963344 ], [ -64.835815387147477, 45.141369407964099 ], [ -64.835852794329426, 45.14118880424887 ], [ -64.835888981928591, 45.141009003569636 ], [ -64.835926500893322, 45.140828408359155 ], [ -64.835912313520396, 45.140585597645497 ], [ -64.835912992866284, 45.140567608718591 ], [ -64.835885693942203, 45.140351988348471 ], [ -64.835744387956495, 45.140109400294172 ], [ -64.835615483227457, 45.139857600770235 ], [ -64.835488000587958, 45.139650801211644 ], [ -64.835359611055679, 45.139454007473624 ], [ -64.835243599249949, 45.139246995774378 ], [ -64.835114792478507, 45.139040187345643 ], [ -64.835013001114703, 45.138878888779274 ], [ -64.83494878946675, 45.138780000179175 ], [ -64.834896898490229, 45.138707899271978 ], [ -64.834794685930362, 45.138537695101078 ], [ -64.834691584996634, 45.138375504523751 ], [ -64.834589512710977, 45.138205206049868 ], [ -64.834460995839123, 45.138007397574576 ], [ -64.834345308329688, 45.137809396406823 ], [ -64.834229612305791, 45.137612391351759 ], [ -64.834101211076316, 45.137414591137166 ], [ -64.833985399574587, 45.137216604835722 ], [ -64.833883300041919, 45.137046296033937 ], [ -64.833792403242626, 45.136866808874025 ], [ -64.833690208582297, 45.136695608796721 ], [ -64.833586790024626, 45.136525404115503 ], [ -64.833471710125082, 45.136345413272807 ], [ -64.83336961451144, 45.13617510456379 ], [ -64.833266095549547, 45.136003895600176 ], [ -64.833151318722614, 45.135833798107072 ], [ -64.833035204647217, 45.135662911134268 ], [ -64.832920300384117, 45.135491911861159 ], [ -64.83281789267879, 45.135312592958776 ], [ -64.832701807588293, 45.135141603395567 ], [ -64.832599717617015, 45.134971294746563 ], [ -64.832483291817297, 45.134791397523607 ], [ -64.832381203466781, 45.134621088898285 ], [ -64.832266006163948, 45.134441112866185 ], [ -64.832239489804792, 45.134405502440288 ], [ -64.832149606360659, 45.134261056585146 ], [ -64.832034492787699, 45.134081994905301 ], [ -64.831919392796365, 45.133901993653787 ], [ -64.831911312729716, 45.133888692043143 ], [ -64.83180429578691, 45.133722908937514 ], [ -64.831765717967187, 45.133668696752643 ], [ -64.831688206998237, 45.133551998834221 ], [ -64.831586109735852, 45.133381713302605 ], [ -64.83146988940176, 45.133210704983355 ], [ -64.831355109699516, 45.133039713864754 ], [ -64.830983298805293, 45.132510110349351 ], [ -64.830700610274363, 45.132060902904449 ], [ -64.830584591668043, 45.131853904776733 ], [ -64.830482396575775, 45.131638596529577 ], [ -64.830379084524651, 45.131432394212531 ], [ -64.830276794800142, 45.131216194836263 ], [ -64.830199004042569, 45.131009510302491 ], [ -64.830108402474153, 45.130802994940034 ], [ -64.83000549900494, 45.130604804792966 ], [ -64.829889787050931, 45.130407700240653 ], [ -64.829544502157944, 45.12994961299546 ], [ -64.829429411035207, 45.129769691474806 ], [ -64.829314019120929, 45.129581596937385 ], [ -64.829197284148975, 45.129392599924778 ], [ -64.829095002760695, 45.129213313047593 ], [ -64.828979611665488, 45.129024302042588 ], [ -64.828299184665127, 45.127910007917244 ], [ -64.828197095204317, 45.1277396894559 ], [ -64.828081297220166, 45.127577688902463 ], [ -64.827979194607281, 45.127407393485079 ], [ -64.82787590844508, 45.127236191226814 ], [ -64.827773807383366, 45.12706589584127 ], [ -64.827670386039557, 45.126895704431846 ], [ -64.827568317089231, 45.126724502998727 ], [ -64.82746500349171, 45.126554206879128 ], [ -64.827182392957965, 45.126069005760733 ], [ -64.826913422020112, 45.125646595786627 ], [ -64.82625868704632, 45.124577805825737 ], [ -64.826006980516581, 45.124141607161903 ], [ -64.8259935913851, 45.124119386918935 ], [ -64.825981506247558, 45.124098805778608 ], [ -64.825747696066642, 45.123704698984518 ], [ -64.825738193334345, 45.123687804111675 ], [ -64.825720699509802, 45.123657413003919 ], [ -64.8256428037772, 45.123526288176976 ], [ -64.825527682667371, 45.123346402567485 ], [ -64.825425599305703, 45.123176107535109 ], [ -64.825309306309876, 45.122996095533317 ], [ -64.825194512895223, 45.122826000145935 ], [ -64.825078094667504, 45.122646002913335 ], [ -64.824976094390223, 45.122475705737905 ], [ -64.824861019744532, 45.122295694546601 ], [ -64.824744886093015, 45.122124696604907 ], [ -64.824642606405931, 45.121945400175264 ], [ -64.824527801545472, 45.121774411298397 ], [ -64.824411393685125, 45.121595387042312 ], [ -64.824052784438393, 45.120993496379789 ], [ -64.82350129258586, 45.120085899967535 ], [ -64.823397880655463, 45.119914702629814 ], [ -64.823295813126862, 45.119744407843676 ], [ -64.823179819049798, 45.119573395091237 ], [ -64.823077705859049, 45.119403112925696 ], [ -64.822974393508346, 45.119232806902069 ], [ -64.822859616626801, 45.119061794978002 ], [ -64.822756295419651, 45.118890708511053 ], [ -64.822654200107905, 45.118720403362957 ], [ -64.822550890925015, 45.118550097382808 ], [ -64.822436102662067, 45.118379108481889 ], [ -64.822333993123337, 45.11820790992865 ], [ -64.822230686327018, 45.1180376039785 ], [ -64.822115915315763, 45.117866592036876 ], [ -64.822013906397032, 45.117697201251339 ], [ -64.822012595397496, 45.117696309132569 ], [ -64.822000584445149, 45.117678498321816 ], [ -64.821988606031525, 45.117660697939783 ], [ -64.821897793555095, 45.117525286749739 ], [ -64.821794507773546, 45.117355014288684 ], [ -64.820777494604258, 45.11563928925581 ], [ -64.820756011318593, 45.115602704689742 ], [ -64.820729388110024, 45.115567108702322 ], [ -64.820652402925475, 45.115423389494737 ], [ -64.820549697629929, 45.115234205788063 ], [ -64.820447417765479, 45.11505489979055 ], [ -64.820332412708112, 45.114874899323574 ], [ -64.820228813811056, 45.114695697217378 ], [ -64.820213887544597, 45.114668902601551 ], [ -64.820209889943442, 45.114661792539806 ], [ -64.820203188404378, 45.11465020750915 ], [ -64.82012609598037, 45.114507396649365 ], [ -64.820011093605316, 45.11432739622078 ], [ -64.819908689088436, 45.11414718867163 ], [ -64.81979371671035, 45.113968002161258 ], [ -64.819240792383738, 45.112970499806849 ], [ -64.819177110234833, 45.112808507966143 ], [ -64.818958105115058, 45.112395300835679 ], [ -64.81858620480061, 45.111694492627905 ], [ -64.81849558837466, 45.111524001369688 ], [ -64.818405984534735, 45.111343593579988 ], [ -64.81831539035619, 45.111173192363061 ], [ -64.818213107749571, 45.110993797195064 ], [ -64.818123706798431, 45.110822390574477 ], [ -64.818020385608833, 45.110652098123275 ], [ -64.817930787185063, 45.110472607015524 ], [ -64.81782879247011, 45.110301407349361 ], [ -64.817725488319979, 45.110131091934029 ], [ -64.817623415384148, 45.109959894471302 ], [ -64.816826785598778, 45.108531401932581 ], [ -64.816724488524287, 45.108352109781272 ], [ -64.816634914568965, 45.108172596235868 ], [ -64.816531308464576, 45.10799241200047 ], [ -64.816429308640906, 45.107822095650619 ], [ -64.81633970571194, 45.107641711877754 ], [ -64.816236100691071, 45.107462387674786 ], [ -64.816133808395591, 45.10728309572572 ], [ -64.816031500445902, 45.10710291041223 ], [ -64.81593890554656, 45.106949514002061 ], [ -64.815928210427117, 45.106932595416701 ], [ -64.815835291636589, 45.106768493065559 ], [ -64.815825904095959, 45.106752410157341 ], [ -64.815710922646431, 45.10657329355756 ], [ -64.815607603865161, 45.106402108242406 ], [ -64.81550528395978, 45.106222806014742 ], [ -64.815390601103715, 45.106051805134605 ], [ -64.815286988789069, 45.105872504167529 ], [ -64.81515938327388, 45.105656698773522 ], [ -64.81505608513973, 45.105486406928534 ], [ -64.814672097106936, 45.10483900047371 ], [ -64.814658798446587, 45.104821190938864 ], [ -64.814005020074177, 45.103725192588954 ], [ -64.813890302025769, 45.103554204340675 ], [ -64.813773993499709, 45.103374185266723 ], [ -64.813671999829197, 45.103203892405411 ], [ -64.813668007660354, 45.103198615240032 ], [ -64.813555710867604, 45.103023906796402 ], [ -64.813453686298857, 45.102853603528324 ], [ -64.813351413858598, 45.102673395777856 ], [ -64.813247897192781, 45.102494093058581 ], [ -64.813145907503781, 45.102323800284168 ], [ -64.813056296143145, 45.102143407332967 ], [ -64.813017484085151, 45.102080999839885 ], [ -64.812952702109257, 45.101964106872892 ], [ -64.812709301759298, 45.101460310343725 ], [ -64.812618695646108, 45.101289810692045 ], [ -64.81251669327618, 45.101119484680019 ], [ -64.812455786874693, 45.101004195171008 ], [ -64.812426200851263, 45.100948993365954 ], [ -64.812324195260416, 45.100777694515259 ], [ -64.812234885895393, 45.100607193829518 ], [ -64.812144315808141, 45.100436704795051 ], [ -64.812054991412722, 45.100265310828433 ], [ -64.811951485440389, 45.100086008586622 ], [ -64.811925581399123, 45.100032404065928 ], [ -64.811910796386812, 45.100004791684114 ], [ -64.811862193586265, 45.099915485040988 ], [ -64.811785480607995, 45.099780802538966 ], [ -64.811682304694216, 45.099573602373319 ], [ -64.811605096596153, 45.099420887510938 ], [ -64.811182187203087, 45.098629995397616 ], [ -64.811091393319472, 45.098450495887199 ], [ -64.811039996625553, 45.098351410850263 ], [ -64.810899514785206, 45.098090803260995 ], [ -64.810719193490272, 45.097731793020813 ], [ -64.810616896374583, 45.09755159896708 ], [ -64.810603307845881, 45.097524814130239 ], [ -64.810423795232055, 45.097192788714757 ], [ -64.810219222979427, 45.09683329420713 ], [ -64.810115715850912, 45.09665309930697 ], [ -64.810013386596722, 45.0964736984279 ], [ -64.809872882489756, 45.096249104394808 ], [ -64.809795181365189, 45.096123398829839 ], [ -64.809616206596743, 45.095808500108838 ], [ -64.809601501246249, 45.095782605497774 ], [ -64.809270280812768, 45.095197406987332 ], [ -64.809154013919525, 45.095018305174946 ], [ -64.809052087540607, 45.094847107625831 ], [ -64.808833613036143, 45.094487697120265 ], [ -64.808616593343388, 45.094137411464175 ], [ -64.808513082624032, 45.093958099845622 ], [ -64.808410802900056, 45.093777906385036 ], [ -64.808308587542129, 45.093598593703348 ], [ -64.808206309452189, 45.093418400305758 ], [ -64.808115505418655, 45.093238891627117 ], [ -64.808000979702797, 45.093032703308722 ], [ -64.807978909067728, 45.092996090698698 ], [ -64.807449697912517, 45.0921160970044 ], [ -64.807346212697382, 45.091935902795136 ], [ -64.807243600589658, 45.091747607069479 ], [ -64.807154097417197, 45.091568097683762 ], [ -64.807051807726168, 45.091387814698265 ], [ -64.806949292567552, 45.091199493921565 ], [ -64.806858498014037, 45.09101998579154 ], [ -64.806755985999246, 45.09083080523979 ], [ -64.806666406849814, 45.090651298279688 ], [ -64.806563911209011, 45.090462094801332 ], [ -64.806474398569549, 45.09028260881837 ], [ -64.806421711493584, 45.09018440882376 ], [ -64.806317808967748, 45.089991589362533 ], [ -64.805905994098154, 45.08922388636919 ], [ -64.805754787370986, 45.088943695834324 ], [ -64.805563296162788, 45.088592902862253 ], [ -64.805460088141501, 45.088422590229634 ], [ -64.805267591748134, 45.08808090945962 ], [ -64.804972892114193, 45.087559883820155 ], [ -64.804870716224727, 45.087380492809828 ], [ -64.804780199075935, 45.08720909031026 ], [ -64.804677886100777, 45.087029793627373 ], [ -64.804587419127245, 45.08685929495595 ], [ -64.804554315845621, 45.086801599072125 ], [ -64.804421313520777, 45.086589193052731 ], [ -64.804384214573247, 45.086542092762237 ], [ -64.80436299732429, 45.086519712199681 ], [ -64.804331807975757, 45.086490689049583 ], [ -64.804290098516518, 45.086457594942985 ], [ -64.804262809327582, 45.086438704787881 ], [ -64.804204308750627, 45.086404300137154 ], [ -64.804141110975095, 45.086374298985056 ], [ -64.804073689298448, 45.086349186298719 ], [ -64.804002983230376, 45.086329208165694 ], [ -64.803966698747757, 45.08632119582618 ], [ -64.803911995935124, 45.086311905609719 ], [ -64.803836608665691, 45.086289813972826 ], [ -64.803759699321375, 45.086270591780213 ], [ -64.803681495405357, 45.086254312065257 ], [ -64.803602312791909, 45.08624090971189 ], [ -64.803533801080576, 45.086231710004043 ], [ -64.803464806313158, 45.086225102743448 ], [ -64.803395393482361, 45.086221108796984 ], [ -64.803325896237922, 45.086219696511606 ], [ -64.803256199288171, 45.086220801125421 ], [ -64.803186801838265, 45.086224499641681 ], [ -64.803117816111637, 45.086230800338861 ], [ -64.803049301012607, 45.086239611118295 ], [ -64.802933202783876, 45.086260705262951 ], [ -64.802529604880618, 45.086342090146964 ], [ -64.802247793251169, 45.086406593255987 ], [ -64.802159112782675, 45.086415201887611 ], [ -64.801892613227338, 45.086452092728933 ], [ -64.801793420260154, 45.086463293095811 ], [ -64.801623696675748, 45.086479103718503 ], [ -64.801270107612055, 45.086507904536809 ], [ -64.800815996191886, 45.086542508776247 ], [ -64.800423712122694, 45.086555608147144 ], [ -64.800128108189767, 45.086565109922681 ], [ -64.800065601416406, 45.086565995186078 ], [ -64.800002987758859, 45.086564598008628 ], [ -64.799940612583711, 45.08656080724198 ], [ -64.799878597256892, 45.086554800621428 ], [ -64.799817092135072, 45.086546404387697 ], [ -64.799756298317263, 45.086535794123378 ], [ -64.799696393050482, 45.086522998983128 ], [ -64.799637497229241, 45.086507891258023 ], [ -64.799579814989968, 45.086490703016494 ], [ -64.799523387492215, 45.086471308703899 ], [ -64.799427587018656, 45.086432195171632 ], [ -64.799197818995395, 45.086315096568477 ], [ -64.799158019505569, 45.08629249260207 ], [ -64.799116491626648, 45.086271304197524 ], [ -64.799032591588158, 45.086234900914569 ], [ -64.798983718720166, 45.086217293448506 ], [ -64.798936908863851, 45.086202707463706 ], [ -64.798889183132943, 45.086189797921108 ], [ -64.798730904795789, 45.086159792099963 ], [ -64.798570586213017, 45.086135791862127 ], [ -64.798408797149719, 45.086117702619703 ], [ -64.798302397634785, 45.08611279124645 ], [ -64.798196603622031, 45.086103994271404 ], [ -64.798091494871755, 45.086091309545097 ], [ -64.797987597042166, 45.086074711570589 ], [ -64.797884995967465, 45.086054311169619 ], [ -64.797784010604403, 45.086030099740462 ], [ -64.797684998483859, 45.086002192087612 ], [ -64.797588204900151, 45.085970694732595 ], [ -64.797493789337722, 45.085935603381046 ], [ -64.79740219208982, 45.085897087173834 ], [ -64.797290893088956, 45.085843806991136 ], [ -64.797244519988752, 45.085820395381589 ], [ -64.797199786564818, 45.085795400912062 ], [ -64.797157106214598, 45.085768789805378 ], [ -64.797116416974873, 45.085740597676548 ], [ -64.797077899116488, 45.085710910170995 ], [ -64.797041508443257, 45.085679796363877 ], [ -64.797007593798668, 45.085647507050922 ], [ -64.796976004374116, 45.085613910545398 ], [ -64.796947006241879, 45.085579203309983 ], [ -64.796920605470902, 45.085543498316035 ], [ -64.79689691428915, 45.085506803851736 ], [ -64.796875894568501, 45.085469301959584 ], [ -64.796855996085185, 45.085427108779442 ], [ -64.796839200217534, 45.085384107858289 ], [ -64.796825607943262, 45.08534069243624 ], [ -64.796813213609596, 45.085284506039244 ], [ -64.796810200948173, 45.08525608935981 ], [ -64.796809708927597, 45.085210691453362 ], [ -64.796810888333766, 45.085000607597728 ], [ -64.796861405297449, 45.084726212488881 ], [ -64.796889688556774, 45.084476401410207 ], [ -64.796901506974891, 45.084173704630146 ], [ -64.796881803761252, 45.083964909182669 ], [ -64.796846690510208, 45.083757298964812 ], [ -64.796834898992799, 45.08370311046081 ], [ -64.796796291803886, 45.083551108175257 ], [ -64.796730685885763, 45.083347194474563 ], [ -64.796650195348747, 45.083145911144847 ], [ -64.796563998601442, 45.082965609254579 ], [ -64.796423214303658, 45.082605997132355 ], [ -64.7959089016273, 45.081401512436059 ], [ -64.795857604987702, 45.081302413844945 ], [ -64.795818912472441, 45.08120400484966 ], [ -64.79579290410264, 45.081104507167673 ], [ -64.795766911905048, 45.081005902815242 ], [ -64.795757497514956, 45.080946288452431 ], [ -64.795753699524013, 45.080907100933466 ], [ -64.795751796405639, 45.080826502122449 ], [ -64.795755604548489, 45.080766610421286 ], [ -64.795763910153667, 45.080706914213081 ], [ -64.795776515632511, 45.0806475998317 ], [ -64.795789788253771, 45.080600406269745 ], [ -64.795814114097567, 45.08040289365119 ], [ -64.795852093713975, 45.080195306477286 ], [ -64.795889118787784, 45.079997598772934 ], [ -64.795938789906572, 45.07979959541165 ], [ -64.795975006352108, 45.079696214189859 ], [ -64.796003508194786, 45.079591604328975 ], [ -64.796024313695114, 45.079486104733924 ], [ -64.796038298961889, 45.079366896903771 ], [ -64.796034905608963, 45.079329893463282 ], [ -64.796026014970153, 45.079293400310192 ], [ -64.796011801675093, 45.079257695555135 ], [ -64.796002696823464, 45.07924039483963 ], [ -64.795980815229143, 45.079206695658925 ], [ -64.795967985636992, 45.079190502249993 ], [ -64.795938882925498, 45.079159701604077 ], [ -64.7959055022542, 45.079131301531831 ], [ -64.795868009137052, 45.07910541069257 ], [ -64.795820907951367, 45.07907959795687 ], [ -64.795425292142838, 45.078820205758078 ], [ -64.795234290683098, 45.078685506372587 ], [ -64.795068703730806, 45.078550393008001 ], [ -64.794939900006369, 45.078434198384791 ], [ -64.794902600293241, 45.078398210994635 ], [ -64.794819806715481, 45.078313390774589 ], [ -64.79470870197872, 45.078188392608908 ], [ -64.794607102627651, 45.078059314436416 ], [ -64.793918303070257, 45.077068812751762 ], [ -64.79354708067558, 45.076575003009872 ], [ -64.79341848491255, 45.07640419540499 ], [ -64.793406481532898, 45.076386407154864 ], [ -64.79253430447416, 45.075181695769544 ], [ -64.791755395345007, 45.074087111918182 ], [ -64.792998105598798, 45.073565311760447 ], [ -64.793135212713068, 45.073511107344977 ], [ -64.794555592501368, 45.072987089766762 ], [ -64.794662808671987, 45.072953089875156 ], [ -64.79578631130849, 45.072582592066325 ], [ -64.796737521713297, 45.072247194004532 ], [ -64.796157497826371, 45.070601808483765 ], [ -64.795396503116535, 45.068408310132554 ], [ -64.795203719643283, 45.067850495837199 ], [ -64.795087801421175, 45.067517386903155 ], [ -64.794972019200912, 45.067185292808531 ], [ -64.794559418678972, 45.06601610068234 ], [ -64.794546022388332, 45.065953294604277 ], [ -64.79448170446922, 45.065764395787589 ], [ -64.794417307392095, 45.065575499236651 ], [ -64.79435271510016, 45.065377603604446 ], [ -64.794288313052718, 45.065188594337194 ], [ -64.794223998599236, 45.065000612244617 ], [ -64.794159698115493, 45.064811690999143 ], [ -64.794146096749074, 45.064784897245026 ], [ -64.794095303748776, 45.064622795040385 ], [ -64.794017998103939, 45.064425005260325 ], [ -64.793953684578213, 45.064236107385867 ], [ -64.793889306623456, 45.064047188755573 ], [ -64.793859111641893, 45.063974711672053 ], [ -64.793810991402452, 45.063858510176161 ], [ -64.793763606737429, 45.063721508631524 ], [ -64.793450398909471, 45.062806401227668 ], [ -64.793386090071479, 45.062617504345219 ], [ -64.793308811764106, 45.062419805704579 ], [ -64.793244418319262, 45.062230798245764 ], [ -64.793179803486368, 45.062032894360875 ], [ -64.793115512883716, 45.061844891167063 ], [ -64.793050899169884, 45.061646987538772 ], [ -64.793038910290463, 45.061628204707283 ], [ -64.792986605356134, 45.06145801187327 ], [ -64.792934897398325, 45.061268889513627 ], [ -64.792870317784633, 45.061070996713561 ], [ -64.792523001173237, 45.06011770076163 ], [ -64.792470895294429, 45.059956507781969 ], [ -64.79239390058811, 45.059767807584691 ], [ -64.792329600511593, 45.059578912571361 ], [ -64.792252600984071, 45.059390099623748 ], [ -64.792188189872277, 45.059201196545338 ], [ -64.792123891465877, 45.059012301874361 ], [ -64.79205958754136, 45.058823294365695 ], [ -64.791993997499304, 45.058634400814455 ], [ -64.791981691996455, 45.058607606604355 ], [ -64.791762406506948, 45.057969194527409 ], [ -64.791581200266819, 45.057453610457799 ], [ -64.791350285490765, 45.056773106723867 ], [ -64.791299004376057, 45.05659380616023 ], [ -64.791233695538352, 45.056413910670166 ], [ -64.791182387640163, 45.056233796639823 ], [ -64.791118319171744, 45.056053800117887 ], [ -64.791065995477311, 45.055883600068654 ], [ -64.791001981227666, 45.055703704122784 ], [ -64.790950595383933, 45.055523592690797 ], [ -64.790885289486738, 45.055343697828249 ], [ -64.79083399589679, 45.055163504984648 ], [ -64.790331199714501, 45.053662694728636 ], [ -64.790267191550058, 45.053482800087153 ], [ -64.790203098169201, 45.053302794740773 ], [ -64.790137798471335, 45.053122901162723 ], [ -64.790086498696226, 45.052942789218697 ], [ -64.790022492530184, 45.052762894995404 ], [ -64.789957188284006, 45.05258288877873 ], [ -64.789905811377182, 45.052403695516361 ], [ -64.7898414997521, 45.052214794649046 ], [ -64.789790213893326, 45.052034603789352 ], [ -64.789724885205288, 45.051854700517673 ], [ -64.789673589724273, 45.05167550557529 ], [ -64.789119588443768, 45.050038592186048 ], [ -64.789108401924707, 45.050004608567342 ], [ -64.788913592350127, 45.049417986113298 ], [ -64.788849595867276, 45.049238093955985 ], [ -64.788797288645668, 45.049067897893657 ], [ -64.788733293123727, 45.048888005941691 ], [ -64.7886815132305, 45.048734796735985 ], [ -64.788617486171617, 45.048554894538107 ], [ -64.788337387603491, 45.047717594451427 ], [ -64.788330396412945, 45.047696087636147 ], [ -64.788319211069847, 45.047662104283489 ], [ -64.788306490328921, 45.04762268761904 ], [ -64.788295638230139, 45.047593140610552 ], [ -64.788248099130399, 45.047458888724371 ], [ -64.788241109194985, 45.047438298102058 ], [ -64.788089297596031, 45.047008609448305 ], [ -64.788075799594907, 45.046981791796235 ], [ -64.788075493038065, 45.046972785047274 ], [ -64.787998986601593, 45.046801997112958 ], [ -64.787934997480349, 45.046622106457804 ], [ -64.787870005271557, 45.046451190002621 ], [ -64.787793306135811, 45.046271403875245 ], [ -64.78772830024586, 45.046100510610081 ], [ -64.787651590570007, 45.045920804142668 ], [ -64.787587904492156, 45.045749807716959 ], [ -64.787509903633364, 45.045570102238678 ], [ -64.787446112500874, 45.045399210639488 ], [ -64.787369405142655, 45.045219504507855 ], [ -64.787342787238558, 45.045138905055019 ], [ -64.787304202072775, 45.045039500434619 ], [ -64.787227690135609, 45.044868792846394 ], [ -64.786418012013755, 45.04280110495781 ], [ -64.786327996854709, 45.042603604003837 ], [ -64.78625049234688, 45.042396887813361 ], [ -64.786198319593808, 45.042189796272218 ], [ -64.786159897220557, 45.041974304586212 ], [ -64.786145807090008, 45.041766608313736 ], [ -64.786062201974573, 45.040264593216037 ], [ -64.786034786758279, 45.039912998995803 ], [ -64.786034004805146, 45.039804990775473 ], [ -64.786020190690905, 45.039607208701895 ], [ -64.786020182484108, 45.039526201241586 ], [ -64.786006697512434, 45.039418410232194 ], [ -64.785992898358728, 45.039220605487387 ], [ -64.78597920540173, 45.039022696271935 ], [ -64.785965712569748, 45.038833898301519 ], [ -64.785951913774639, 45.038636094079962 ], [ -64.785946703959951, 45.038549695855686 ], [ -64.785939386474297, 45.038438199309944 ], [ -64.78593728986381, 45.038249208646874 ], [ -64.785923490247185, 45.038050488815571 ], [ -64.785909616000154, 45.037807704795064 ], [ -64.785910287882686, 45.037766267064328 ], [ -64.785910487675068, 45.037753593745997 ], [ -64.785909799674997, 45.037690600516818 ], [ -64.785922088958245, 45.037637302367813 ], [ -64.785934103484934, 45.037574092166494 ], [ -64.785959111849152, 45.037519694355552 ], [ -64.785985301275332, 45.037466203588032 ], [ -64.786021993526361, 45.037420585494168 ], [ -64.786022997291212, 45.037411611788521 ], [ -64.78606070906541, 45.037357913101978 ], [ -64.786098613606924, 45.03731229634063 ], [ -64.786149286580809, 45.037267399544675 ], [ -64.78619858770648, 45.037222505672069 ], [ -64.78626199537068, 45.037177402224259 ], [ -64.787274812973465, 45.036553907184349 ], [ -64.787477204183375, 45.036409411209455 ], [ -64.787666905492401, 45.036264192980489 ], [ -64.787754593556869, 45.036183689330549 ], [ -64.787843377437156, 45.036102206048298 ], [ -64.787945486897556, 45.035996091693185 ], [ -64.788008199195573, 45.035931201037954 ], [ -64.788159110144974, 45.035759608684614 ], [ -64.788549985812992, 45.035308805103263 ], [ -64.789421715444462, 45.034316697942153 ], [ -64.789433900951934, 45.034298499310623 ], [ -64.789572002076824, 45.034127092051776 ], [ -64.789711600545289, 45.033964602288314 ], [ -64.78984981169485, 45.033793203156385 ], [ -64.790002083127135, 45.03363059813681 ], [ -64.790081707304338, 45.033537597081839 ], [ -64.790082881753435, 45.033535699229112 ], [ -64.790140486924813, 45.033468196712185 ], [ -64.790291317812162, 45.033297497950507 ], [ -64.790431011528923, 45.033135095464857 ], [ -64.790582098766421, 45.032972499105078 ], [ -64.790733105275137, 45.032809904756952 ], [ -64.791427587990782, 45.031998697681004 ], [ -64.791628794506494, 45.031773187358652 ], [ -64.791643866262447, 45.031746371478697 ], [ -64.791679294494401, 45.031683311489097 ], [ -64.791742493866707, 45.031592301697962 ], [ -64.791818396275801, 45.031502906282384 ], [ -64.791894604351398, 45.031421600826071 ], [ -64.791944491766856, 45.031372096859208 ], [ -64.792033483485397, 45.031358195973276 ], [ -64.792312584476448, 45.031312399604978 ], [ -64.792965588148462, 45.031190956514365 ], [ -64.793999335112005, 45.030998695795461 ], [ -64.794670317424561, 45.030873893785639 ], [ -64.795013291518075, 45.03080100785057 ], [ -64.795255601818297, 45.030759305333952 ], [ -64.795278487895658, 45.030755396417227 ], [ -64.795532195452907, 45.030710003782168 ], [ -64.795747908595914, 45.030664301325871 ], [ -64.795798407154862, 45.030655394278625 ], [ -64.796064799442874, 45.030609804778472 ], [ -64.796318585024949, 45.030564407799709 ], [ -64.796584699224795, 45.030508905063634 ], [ -64.796851104566798, 45.030463290240867 ], [ -64.797104612746423, 45.030408895466863 ], [ -64.797269990004168, 45.030382000603232 ], [ -64.797371002258245, 45.030363302138987 ], [ -64.797734595440119, 45.030299089397325 ], [ -64.798272387514885, 45.030203295137014 ], [ -64.798398608579262, 45.030180600436722 ], [ -64.798664798972894, 45.03012600557701 ], [ -64.798917207686443, 45.030080604479842 ], [ -64.799184609121568, 45.030026009269982 ], [ -64.799227963970239, 45.030018051167836 ], [ -64.799437094986899, 45.029979688477127 ], [ -64.799703203303878, 45.0299250927388 ], [ -64.799957013831687, 45.029879696041085 ], [ -64.799969699425901, 45.029879500074152 ], [ -64.800000006927789, 45.029874507071447 ], [ -64.800223397334392, 45.029834094352687 ], [ -64.800489806685121, 45.029788389375895 ], [ -64.800705692551887, 45.02975169592537 ], [ -64.801441717322362, 45.029620401255194 ], [ -64.801538919899713, 45.029602694659317 ], [ -64.801884811621463, 45.029541409585072 ], [ -64.801886103501005, 45.029541408557499 ], [ -64.80213850570027, 45.029495998517348 ], [ -64.802405194030072, 45.029459396407496 ], [ -64.802683584859139, 45.029431604174299 ], [ -64.802949599304966, 45.02941301344341 ], [ -64.80322861706739, 45.029403095511732 ], [ -64.803521491301723, 45.029393106875659 ], [ -64.803800792013405, 45.029392295642843 ], [ -64.804092698521274, 45.029391289147576 ], [ -64.804370708835791, 45.029391393297985 ], [ -64.804662680248157, 45.029390405809878 ], [ -64.807200816268534, 45.029365503801188 ], [ -64.807492707818497, 45.029364509260802 ], [ -64.807784614063621, 45.029363490750811 ], [ -64.807886209570256, 45.029363698109485 ], [ -64.808076308826642, 45.029354412724906 ], [ -64.80810169435658, 45.029353995473826 ], [ -64.808368016599218, 45.029344394632709 ], [ -64.808660590426442, 45.029325303779189 ], [ -64.808724113354998, 45.029325208691773 ], [ -64.808952005030861, 45.029306311289098 ], [ -64.809403107970368, 45.029282576180577 ], [ -64.809662989557538, 45.029268904909927 ], [ -64.80982771568452, 45.029259094392422 ], [ -64.810144516433169, 45.029240596385009 ], [ -64.810217493476173, 45.028700184323611 ], [ -64.810218181379696, 45.028682204788169 ], [ -64.810240071025873, 45.028367759375129 ], [ -64.810241001797849, 45.028358708444685 ], [ -64.810242792883258, 45.02834579994645 ], [ -64.810243104039614, 45.028343291910979 ], [ -64.810246791798122, 45.028308797016265 ], [ -64.810246996959847, 45.0283063936525 ], [ -64.81024797956573, 45.028298302696058 ], [ -64.810252095798987, 45.028267607758053 ], [ -64.810254085751453, 45.028250407245686 ], [ -64.810277889646727, 45.027998004141118 ], [ -64.810285215737935, 45.027871095641537 ], [ -64.810282994312601, 45.027744005374188 ], [ -64.810271506488306, 45.027617212050401 ], [ -64.810250608330563, 45.027491002334223 ], [ -64.810220498274333, 45.027365800622981 ], [ -64.810184591316926, 45.027251388058041 ], [ -64.81013360460048, 45.027125305632907 ], [ -64.810069014307913, 45.027008392030083 ], [ -64.809993016737437, 45.026891697702297 ], [ -64.808956107609973, 45.025248206841404 ], [ -64.808840984084384, 45.025059205505144 ], [ -64.808725910276692, 45.024871107674095 ], [ -64.808622195738707, 45.024681887288118 ], [ -64.808533484796072, 45.024484308795884 ], [ -64.80837892066431, 45.024088893820661 ], [ -64.808326696919053, 45.023881786490143 ], [ -64.808209416460954, 45.023342593631007 ], [ -64.808170697160392, 45.023162298610892 ], [ -64.808143906878541, 45.023036692162599 ], [ -64.808132106529811, 45.022982905044465 ], [ -64.808099084923953, 45.022834904226769 ], [ -64.808077108965179, 45.02268590258349 ], [ -64.808066008169845, 45.022536289288539 ], [ -64.808064991007456, 45.022424901817594 ], [ -64.808064597391862, 45.022370895832232 ], [ -64.808063306275699, 45.02204689901361 ], [ -64.808073894028553, 45.021659606367813 ], [ -64.808073011826863, 45.021470606627204 ], [ -64.808072502512346, 45.021371590336642 ], [ -64.808072098184454, 45.021316499146003 ], [ -64.808071898876619, 45.021272599270254 ], [ -64.80807068552113, 45.02107450433796 ], [ -64.808070602282598, 45.021029504296358 ], [ -64.808069882961831, 45.020885502943969 ], [ -64.808068901069063, 45.020813496566909 ], [ -64.808068690422573, 45.020687498278349 ], [ -64.808055092884743, 45.020498686054388 ], [ -64.808053898026941, 45.020417705508123 ], [ -64.808053991696141, 45.020300600093641 ], [ -64.808039087443674, 45.020030799530524 ], [ -64.808038106934262, 45.01971581174238 ], [ -64.808037713374489, 45.019661806427592 ], [ -64.808037077382735, 45.019562805707615 ], [ -64.808035911385858, 45.019364699738048 ], [ -64.80803448829829, 45.019157688759556 ], [ -64.808030888511738, 45.018519504460095 ], [ -64.808017585851019, 45.018338806572125 ], [ -64.808004299574108, 45.018159001864575 ], [ -64.807991119378215, 45.017979092639621 ], [ -64.807976494611438, 45.017799301929294 ], [ -64.807950494091244, 45.01761968431758 ], [ -64.807937305654619, 45.01743991148043 ], [ -64.807909997694793, 45.017259402238587 ], [ -64.807884109814765, 45.017079793321287 ], [ -64.807858089282249, 45.016900086361652 ], [ -64.807685206161693, 45.015558888835024 ], [ -64.80764518532051, 45.015136394202216 ], [ -64.807631703133893, 45.015028605907482 ], [ -64.807605705383409, 45.014930001359772 ], [ -64.807567089756034, 45.014830698699789 ], [ -64.807529686147262, 45.014731397119363 ], [ -64.80747788581229, 45.014660206024097 ], [ -64.807464696173284, 45.014642400611969 ], [ -64.807400902035582, 45.014552512128475 ], [ -64.807337202461682, 45.014462598458984 ], [ -64.807260801146782, 45.014372791854441 ], [ -64.807171906877102, 45.01429139917326 ], [ -64.80706939916405, 45.014220113273041 ], [ -64.806954912768077, 45.014130106857792 ], [ -64.805579599910857, 45.013135596273592 ], [ -64.804947423763821, 45.012679270632958 ], [ -64.80454320630011, 45.012387515301484 ], [ -64.802390515967915, 45.010832895624773 ], [ -64.80160631353462, 45.010266399291268 ], [ -64.801415501149478, 45.010131701018842 ], [ -64.801236093287571, 45.009996784296746 ], [ -64.801045395192915, 45.009862093680397 ], [ -64.800867314696276, 45.009728101819135 ], [ -64.800676586391688, 45.009593400153044 ], [ -64.800498501979305, 45.009459294795725 ], [ -64.800306484611241, 45.009324593515963 ], [ -64.800128392312189, 45.009189707520171 ], [ -64.799999898212903, 45.009099010862975 ], [ -64.799963596535548, 45.009073495142701 ], [ -64.799937684603663, 45.00905589761183 ], [ -64.799759594467645, 45.008921011049786 ], [ -64.79956851107039, 45.008777202048933 ], [ -64.799390486392241, 45.008643195337015 ], [ -64.799320497626894, 45.008594807054152 ], [ -64.799198508250271, 45.008508502620614 ], [ -64.799020390039374, 45.008373604497152 ], [ -64.798829689066011, 45.008239792733129 ], [ -64.798651605463348, 45.00810490447536 ], [ -64.797289009576019, 45.007101003487719 ], [ -64.796435712218653, 45.006472592522712 ], [ -64.796243703648528, 45.006336991401966 ], [ -64.796078908859457, 45.006221599495134 ], [ -64.795417205824222, 45.005755913463425 ], [ -64.79478111052677, 45.005298704334677 ], [ -64.794640695718925, 45.005191009836224 ], [ -64.793749807836363, 45.00453620499723 ], [ -64.793536794583545, 45.004377496742116 ], [ -64.793519892116336, 45.004365207522312 ], [ -64.793475789243431, 45.004333488202825 ], [ -64.792578383190559, 45.003675096493872 ], [ -64.791696606405878, 45.003034507104807 ], [ -64.791011391061971, 45.00253670382876 ], [ -64.789967201410008, 45.001765406475144 ], [ -64.789791906924719, 45.001633993169627 ], [ -64.789730791498457, 45.001588085918534 ], [ -64.789534618324851, 45.0014417981535 ], [ -64.788872817029016, 45.000966897662238 ], [ -64.788695292603236, 45.000849995524192 ], [ -64.7881475887568, 45.00045529669859 ], [ -64.787562285485535, 45.000034206432446 ], [ -64.787521996694849, 45.000005096480905 ], [ -64.787521980829453, 45.000004203518913 ], [ -64.787358393024562, 44.999884289425196 ], [ -64.787231210395603, 44.999791791603705 ], [ -64.78636509750703, 44.999155402918447 ], [ -64.785906890907739, 44.998823187243474 ], [ -64.785780085232631, 44.998742404899168 ], [ -64.785767102560456, 44.998733594066103 ], [ -64.785639712304359, 44.99863469954537 ], [ -64.785524683157348, 44.998527601678489 ], [ -64.785422409835945, 44.998419391726436 ], [ -64.78506601582977, 44.998096399832974 ], [ -64.784862194059329, 44.997907790333848 ], [ -64.784646314477868, 44.997737496686469 ], [ -64.784416495385997, 44.997567294681843 ], [ -64.783946297989928, 44.997298292728352 ], [ -64.783716581149193, 44.997173207760603 ], [ -64.783575309462321, 44.997084907207977 ], [ -64.783487619476517, 44.997029997045672 ], [ -64.783283906060106, 44.996886503310513 ], [ -64.783081285644087, 44.996733899134213 ], [ -64.782869415432131, 44.996571602944208 ], [ -64.782713498776502, 44.996452505929462 ], [ -64.782482183243317, 44.996276098249979 ], [ -64.781795294449196, 44.995728691501128 ], [ -64.781451111158759, 44.995468508957536 ], [ -64.781310699902633, 44.995360890491234 ], [ -64.781031279289181, 44.995145604171704 ], [ -64.779784004003815, 44.994320588698528 ], [ -64.779652985986644, 44.994228197538497 ], [ -64.779003098375497, 44.993770408608214 ], [ -64.778917613394043, 44.993710290697791 ], [ -64.778778901093304, 44.993612507356723 ], [ -64.778520687191048, 44.993427507202753 ], [ -64.778407794553985, 44.993347384457977 ], [ -64.778224893220155, 44.993217007497499 ], [ -64.777760498059891, 44.992885697365963 ], [ -64.776691617610581, 44.992123694822091 ], [ -64.775965582081042, 44.99157689932111 ], [ -64.775864403268145, 44.991504704178254 ], [ -64.775596879531122, 44.991307203094237 ], [ -64.774311684183488, 44.990356699640749 ], [ -64.773841016547735, 44.990024694923342 ], [ -64.77358679144497, 44.9898450058202 ], [ -64.773529709628519, 44.989804512587384 ], [ -64.77346618843498, 44.989760392137384 ], [ -64.773450279263201, 44.989749193171036 ], [ -64.773039607152342, 44.9894601111111 ], [ -64.772657803336372, 44.98917260746304 ], [ -64.772491810517991, 44.989056312000379 ], [ -64.77165169761038, 44.988428411956988 ], [ -64.770965188339275, 44.987925989510686 ], [ -64.770354409381511, 44.987495199301058 ], [ -64.770036195421554, 44.987252599652784 ], [ -64.769654700253483, 44.986974995938773 ], [ -64.769374607052001, 44.986777715926593 ], [ -64.768942298311416, 44.986454912997999 ], [ -64.768737414652009, 44.98631129125399 ], [ -64.76870759784947, 44.986291088930315 ], [ -64.768580695186401, 44.986205711571792 ], [ -64.767936709080558, 44.985763810120496 ], [ -64.767727601163173, 44.985606809233758 ], [ -64.767541994482869, 44.985468392595976 ], [ -64.767389992303649, 44.98535189778714 ], [ -64.767185902523664, 44.985190295483868 ], [ -64.766167290351362, 44.98444540687526 ], [ -64.765773806182779, 44.984149012594258 ], [ -64.765480296464361, 44.98392488671108 ], [ -64.764182414285486, 44.982964691831164 ], [ -64.762795887886639, 44.98196980216678 ], [ -64.762482015885666, 44.981742401392353 ], [ -64.762348388934086, 44.981646296275365 ], [ -64.761295205206252, 44.980883903631742 ], [ -64.760760685807284, 44.980495192046277 ], [ -64.760061503808231, 44.979986489891338 ], [ -64.759852609720653, 44.979834909450801 ], [ -64.75886549758539, 44.979116510883699 ], [ -64.758013008299102, 44.978488703911722 ], [ -64.757847800480135, 44.978354412061712 ], [ -64.757682593093392, 44.978219204106011 ], [ -64.757541891539475, 44.978057484385864 ], [ -64.757401588204488, 44.977904799901545 ], [ -64.757044918199298, 44.977437699724859 ], [ -64.756789515243909, 44.977006895209762 ], [ -64.756763699611128, 44.976952401699052 ], [ -64.756264878873537, 44.976152506707621 ], [ -64.756163306850766, 44.975982193499092 ], [ -64.756048794232782, 44.975802104215916 ], [ -64.756010404383417, 44.975748691252363 ], [ -64.755950843495015, 44.975640616268372 ], [ -64.755945912803242, 44.975631701493846 ], [ -64.755844295513683, 44.975460485018395 ], [ -64.755729800719408, 44.975281288625347 ], [ -64.755626906454822, 44.975109993079307 ], [ -64.755512606990237, 44.974939905161598 ], [ -64.755409681916831, 44.974768599188685 ], [ -64.755295190602212, 44.974589402809961 ], [ -64.75519232023376, 44.974418197217702 ], [ -64.755078097742441, 44.974247994259919 ], [ -64.754886111410983, 44.973942203582801 ], [ -64.75438580498448, 44.973131597367427 ], [ -64.754305811099456, 44.973002310552154 ], [ -64.754108312786428, 44.972681198527617 ], [ -64.753869513554335, 44.972295104748547 ], [ -64.753826808374185, 44.972225592118647 ], [ -64.75354529055177, 44.971767204757107 ], [ -64.753543851755381, 44.971764687565347 ], [ -64.753239715765403, 44.971228192800268 ], [ -64.752610822336763, 44.970190893932859 ], [ -64.752557304010395, 44.970101689076991 ], [ -64.752498586391624, 44.970005397075411 ], [ -64.75231229296827, 44.969715693442282 ], [ -64.752211107306437, 44.969558815227863 ], [ -64.751950192324529, 44.969152290061672 ], [ -64.751706606336811, 44.968774409166841 ], [ -64.750723900775256, 44.967192497545838 ], [ -64.750259131336932, 44.966446635785523 ], [ -64.749805391513135, 44.965718505060572 ], [ -64.749087761274183, 44.964605955446054 ], [ -64.749052180566153, 44.964550806201665 ], [ -64.748847310717906, 44.964236201461482 ], [ -64.747788983719545, 44.962582502181725 ], [ -64.747571394798982, 44.962223110522643 ], [ -64.74748140065067, 44.962080069944541 ], [ -64.747226397225006, 44.961674702255344 ], [ -64.747002608061166, 44.961320800476081 ], [ -64.74685740792998, 44.961090805471649 ], [ -64.746760482613922, 44.960947304089537 ], [ -64.746730006002181, 44.960901901670965 ], [ -64.746588899418441, 44.960722202322607 ], [ -64.746449004350353, 44.96054250477642 ], [ -64.746284107835464, 44.960372197554264 ], [ -64.746105491866473, 44.960210201729915 ], [ -64.745659794068715, 44.959770489803745 ], [ -64.745291308676855, 44.959411507321981 ], [ -64.744564609221285, 44.958692601273768 ], [ -64.744501810962561, 44.958629613121936 ], [ -64.74432378534685, 44.958486503871434 ], [ -64.744145713469692, 44.958342491113292 ], [ -64.743955291865291, 44.95820770276233 ], [ -64.743751195601391, 44.958082987809618 ], [ -64.743535594814915, 44.95795750260428 ], [ -64.743319798086461, 44.957822185740007 ], [ -64.743116106886632, 44.957669600401914 ], [ -64.742925191772343, 44.957517694562931 ], [ -64.742760204478301, 44.957346402626555 ], [ -64.742644802841653, 44.957176287259642 ], [ -64.742530609169222, 44.95700520155853 ], [ -64.742427789166882, 44.956834787592825 ], [ -64.742376985638074, 44.956708596680208 ], [ -64.742351293461709, 44.95665499479356 ], [ -64.742274910267426, 44.956475210426355 ], [ -64.742209906029217, 44.956295295028355 ], [ -64.741864409619652, 44.955395910331085 ], [ -64.741594977651545, 44.9547032058274 ], [ -64.741364289204625, 44.954118899084534 ], [ -64.741326103228843, 44.954029493635169 ], [ -64.741314105544575, 44.954010805176864 ], [ -64.741173419630428, 44.953758994582387 ], [ -64.741109099713341, 44.953687102935653 ], [ -64.741045788091839, 44.953607100845687 ], [ -64.74096909480653, 44.953544286858964 ], [ -64.740955903671974, 44.953533204944698 ], [ -64.74093519661912, 44.953515730167545 ], [ -64.740893714819506, 44.953480703250506 ], [ -64.74080429576027, 44.953418112256415 ], [ -64.740711496751246, 44.953369109818333 ], [ -64.740702509071284, 44.95336471175181 ], [ -64.740473894981875, 44.953265592796463 ], [ -64.740436711331228, 44.953250904723134 ], [ -64.740387880984471, 44.953230905144594 ], [ -64.740232603069927, 44.953167599536272 ], [ -64.739991508216562, 44.953077605118722 ], [ -64.739738114276676, 44.952997793632726 ], [ -64.738960788914227, 44.952741306069434 ], [ -64.738950612145146, 44.952737911542684 ], [ -64.738574096618251, 44.952613985925645 ], [ -64.73844349864919, 44.952570987426363 ], [ -64.738266790972759, 44.952513388409443 ], [ -64.738189997775436, 44.952487500290687 ], [ -64.738037219591476, 44.952424995842655 ], [ -64.737884506611877, 44.952362512054812 ], [ -64.737745105971882, 44.952281790907016 ], [ -64.737618408172381, 44.952201005844962 ], [ -64.737491488589299, 44.95211110263449 ], [ -64.736829690042484, 44.951563895640483 ], [ -64.73660100226526, 44.951420699791299 ], [ -64.736359912286616, 44.951285710651902 ], [ -64.73554669907837, 44.950972200568209 ], [ -64.735535014850726, 44.950963407326 ], [ -64.735318303781995, 44.950882900461444 ], [ -64.735089994786264, 44.950793710616828 ], [ -64.734836291603699, 44.950703900482694 ], [ -64.734594978500411, 44.950605905738627 ], [ -64.734355462898421, 44.950512735862809 ], [ -64.73434101455392, 44.95050710178959 ], [ -64.734278100641305, 44.950480110209135 ], [ -64.734099682887035, 44.950408100129728 ], [ -64.733021307082353, 44.950041892743457 ], [ -64.732930308609141, 44.950009998149241 ], [ -64.732920085752212, 44.950005699760709 ], [ -64.732691995395399, 44.949925396277663 ], [ -64.732462701637587, 44.949845203080997 ], [ -64.732234598149489, 44.949764005727175 ], [ -64.731942505416797, 44.949620806621155 ], [ -64.731650199382841, 44.949468601656314 ], [ -64.731421812625769, 44.94933430696458 ], [ -64.731193615777698, 44.949208203450588 ], [ -64.730964204237964, 44.949082900202697 ], [ -64.730736004052631, 44.948957598527549 ], [ -64.73053249838118, 44.948850007321568 ], [ -64.730317599534402, 44.948742511854725 ], [ -64.730113998669808, 44.948634888442491 ], [ -64.730024883750033, 44.948580398200143 ], [ -64.729948514516778, 44.948526692008009 ], [ -64.729871910062997, 44.948463890897337 ], [ -64.729809120015247, 44.948400997858911 ], [ -64.729745099469611, 44.948338012789783 ], [ -64.729693497862144, 44.948266798534021 ], [ -64.729643197768098, 44.948194589077929 ], [ -64.729604291824771, 44.948122283561759 ], [ -64.728738689961943, 44.946948101141921 ], [ -64.727426494961264, 44.945166595311505 ], [ -64.727362696814893, 44.945067686372113 ], [ -64.727299204481582, 44.944977700721374 ], [ -64.727222891388749, 44.944887904846361 ], [ -64.727133085700956, 44.94480740594453 ], [ -64.727044208454487, 44.94471691120259 ], [ -64.726943112631091, 44.944645504346404 ], [ -64.726751495928298, 44.944510710871022 ], [ -64.726561392772666, 44.944384786031094 ], [ -64.726434687330908, 44.944301196955486 ], [ -64.72637129646985, 44.944259889501545 ], [ -64.72508781764077, 44.943515000287967 ], [ -64.724846496390469, 44.943416905162877 ], [ -64.724605288174502, 44.94331790206504 ], [ -64.724365311412981, 44.943219906176019 ], [ -64.722804307275439, 44.942772590214922 ], [ -64.72255059701989, 44.942682807133615 ], [ -64.722309705054272, 44.9425936935788 ], [ -64.722056304201061, 44.94251288882564 ], [ -64.721801620730517, 44.942432196159011 ], [ -64.721548300993021, 44.942352303678646 ], [ -64.721281899354608, 44.942217594827781 ], [ -64.72102788868601, 44.942073787805505 ], [ -64.720786587775123, 44.941930698656464 ], [ -64.720608287250144, 44.941777705997339 ], [ -64.720431184937652, 44.941616496744771 ], [ -64.720265089892493, 44.941445299131239 ], [ -64.718763806764997, 44.939981704479337 ], [ -64.718612187134681, 44.939829107861215 ], [ -64.718446577605349, 44.939675904996378 ], [ -64.71829430171195, 44.939541300423642 ], [ -64.71828141397053, 44.939532503137571 ], [ -64.718115900600949, 44.939380190515529 ], [ -64.717950598048617, 44.939235910134599 ], [ -64.717785411075525, 44.939092610091173 ], [ -64.717607205538059, 44.938939498478604 ], [ -64.717441908884595, 44.938796189618188 ], [ -64.717263997122672, 44.938652995755952 ], [ -64.71708609261475, 44.938508998815287 ], [ -64.71690821576378, 44.938364899177536 ], [ -64.716717281956491, 44.938213001140575 ], [ -64.716526700176715, 44.938069097593171 ], [ -64.716299107515354, 44.937916789627835 ], [ -64.716057796978816, 44.937772787298641 ], [ -64.715803106481488, 44.937647911838937 ], [ -64.715549689295671, 44.937522086776134 ], [ -64.715334088429415, 44.937387607954669 ], [ -64.715131098769973, 44.937252900894649 ], [ -64.714940493718331, 44.937108984148608 ], [ -64.713745491558683, 44.936220490464891 ], [ -64.713567005358257, 44.936058393419572 ], [ -64.713402483594223, 44.935897005453192 ], [ -64.713250288408418, 44.935762495006841 ], [ -64.713224099592622, 44.935735911497389 ], [ -64.713085008121595, 44.935574107879759 ], [ -64.712944601927461, 44.935412406349826 ], [ -64.712804084894572, 44.93525069633538 ], [ -64.712344585795023, 44.93467060105769 ], [ -64.712331391514525, 44.934654598701719 ], [ -64.712230020057945, 44.934526515871831 ], [ -64.712219479622746, 44.934513202614752 ], [ -64.71191401573985, 44.934127101292773 ], [ -64.711761182115396, 44.933974507380583 ], [ -64.711620785630274, 44.933812804965697 ], [ -64.711481415294813, 44.933641997970994 ], [ -64.71136598341046, 44.933470905424748 ], [ -64.711200998025149, 44.933291598553552 ], [ -64.711047700599295, 44.933121007799947 ], [ -64.710895086504109, 44.932931599358533 ], [ -64.710887252428677, 44.932923212146207 ], [ -64.710870183995468, 44.932904902894926 ], [ -64.710742710727715, 44.932752008437355 ], [ -64.710615009393848, 44.932590991792672 ], [ -64.710501189436826, 44.932428799083077 ], [ -64.710385890925821, 44.932257691622972 ], [ -64.710346119535174, 44.932199797648103 ], [ -64.710340786789544, 44.932192690437844 ], [ -64.71033421578116, 44.932183795470579 ], [ -64.710272092781821, 44.932096504461953 ], [ -64.710157098926814, 44.931808408372504 ], [ -64.710054103177356, 44.931583995270927 ], [ -64.709952605767498, 44.931367614747124 ], [ -64.709849691502541, 44.931143199793496 ], [ -64.709761194015698, 44.930936598162852 ], [ -64.709402911981499, 44.930136305364897 ], [ -64.709082631993041, 44.929406931822726 ], [ -64.709019614982324, 44.929263401906525 ], [ -64.708943588872373, 44.929092605554125 ], [ -64.708866693410997, 44.928894802877835 ], [ -64.708777495737252, 44.928706206346654 ], [ -64.708690116782179, 44.928537401871964 ], [ -64.708675304254783, 44.928508803278859 ], [ -64.708655210599673, 44.928471310063578 ], [ -64.708573389297783, 44.928319509700387 ], [ -64.708524244765442, 44.928261498682865 ], [ -64.70849730047037, 44.928229700617678 ], [ -64.708432805535665, 44.928148689432739 ], [ -64.708280686624576, 44.927978192341577 ], [ -64.708155888836131, 44.92787019761419 ], [ -64.708136417902992, 44.927854302280913 ], [ -64.708128587529217, 44.927847192365356 ], [ -64.708102607134478, 44.927825113566399 ], [ -64.708014283445394, 44.92775349547847 ], [ -64.707911806367918, 44.927673112157237 ], [ -64.707708803018747, 44.927538396369137 ], [ -64.707480406245125, 44.927440097689633 ], [ -64.707251884387972, 44.927340897403361 ], [ -64.707023410149375, 44.927242599717395 ], [ -64.706795194090617, 44.927153293096488 ], [ -64.704943490839398, 44.926499489552391 ], [ -64.704689715412584, 44.926400691952423 ], [ -64.70464600379178, 44.926379706811154 ], [ -64.704449290624282, 44.9262845898199 ], [ -64.704207590496893, 44.926167491622294 ], [ -64.703053495598979, 44.9256211938457 ], [ -64.702812097200564, 44.92551320713941 ], [ -64.702583096822764, 44.925396905402053 ], [ -64.702355419458129, 44.925279698348966 ], [ -64.702138804168953, 44.925154188536418 ], [ -64.701911396622663, 44.925046808237788 ], [ -64.701669985802425, 44.924939700942971 ], [ -64.701428803365047, 44.924840714896611 ], [ -64.701276502137901, 44.924787088731634 ], [ -64.701124289493151, 44.924742593852216 ], [ -64.700972504489371, 44.924706091018145 ], [ -64.700820613124321, 44.924670608083332 ], [ -64.700655394549372, 44.92465318484453 ], [ -64.700490120701645, 44.924634994053847 ], [ -64.700326385330399, 44.924626597678838 ], [ -64.699999786361076, 44.924635091553036 ], [ -64.699959288552151, 44.924636595465415 ], [ -64.699236303836827, 44.924655492908308 ], [ -64.699109587182548, 44.924655594853391 ], [ -64.698982897083127, 44.924655594191812 ], [ -64.698857195443722, 44.924647586914809 ], [ -64.698806496512205, 44.924647512515435 ], [ -64.698742894453019, 44.924638492246885 ], [ -64.698615393581264, 44.924611585471162 ], [ -64.698501791115845, 44.924584509976349 ], [ -64.698428989174445, 44.924564910133547 ], [ -64.698423899680463, 44.924563097897177 ], [ -64.69842258424417, 44.924563199861957 ], [ -64.698375305639985, 44.924549494009668 ], [ -64.6982728921204, 44.924513186230385 ], [ -64.698158808006426, 44.924468996954182 ], [ -64.698057604266424, 44.924432691470031 ], [ -64.698044704240161, 44.92442380198348 ], [ -64.697930286376945, 44.924369707325106 ], [ -64.697817298270778, 44.924316491083808 ], [ -64.697715296697012, 44.924253200243918 ], [ -64.69761338892404, 44.924190799910768 ], [ -64.697525107263886, 44.924118290474603 ], [ -64.697447905001027, 44.924037512809207 ], [ -64.697334003069585, 44.923912312210199 ], [ -64.697232693969639, 44.923785993605755 ], [ -64.697143592300833, 44.923642390789588 ], [ -64.697066113745308, 44.923507597653355 ], [ -64.697015011003273, 44.923363404927819 ], [ -64.696963908587335, 44.923219212268869 ], [ -64.696913016822919, 44.923084995762437 ], [ -64.696159689423141, 44.921168800001986 ], [ -64.695903198669257, 44.920503800453616 ], [ -64.695500590357682, 44.919489195279077 ], [ -64.695303797715169, 44.918993092229442 ], [ -64.695010018135704, 44.918309700469308 ], [ -64.69494570467775, 44.918147800472674 ], [ -64.694638890194881, 44.917364607780996 ], [ -64.692901981937339, 44.912967704349171 ], [ -64.692890046625052, 44.912935979113854 ], [ -64.69280030346863, 44.912697299837447 ], [ -64.691663119138767, 44.909819995525261 ], [ -64.691647861143693, 44.909781755449231 ], [ -64.690980791616752, 44.908109010351438 ], [ -64.690979416754061, 44.908103597735931 ], [ -64.690978008742164, 44.908099090242729 ], [ -64.690656718875459, 44.907294596036913 ], [ -64.690652599851859, 44.907285603487495 ], [ -64.69065128443296, 44.907282902133552 ], [ -64.690641591435522, 44.907257008489552 ], [ -64.690578098983039, 44.907076996667662 ], [ -64.690566700144771, 44.907047609261411 ], [ -64.690206898448309, 44.906123802885539 ], [ -64.689914102618062, 44.905385389864918 ], [ -64.689889834859102, 44.905324584937425 ], [ -64.689300405440932, 44.903848010786902 ], [ -64.68854788285546, 44.901941603308579 ], [ -64.688534885988346, 44.901931902277454 ], [ -64.688512186867385, 44.901874018863552 ], [ -64.688109985618254, 44.900848196617517 ], [ -64.688040797243062, 44.900671806027951 ], [ -64.688040798103756, 44.900670890470892 ], [ -64.687921690529492, 44.900367389453557 ], [ -64.687896301135197, 44.900322788941807 ], [ -64.687781477836154, 44.900034605949472 ], [ -64.687769185688268, 44.90000509538438 ], [ -64.687475699677506, 44.899324393415888 ], [ -64.687398517144103, 44.899153601721501 ], [ -64.687322305509468, 44.898973799290921 ], [ -64.687233789573071, 44.898803085868039 ], [ -64.687143898682464, 44.898631594235518 ], [ -64.687055310455477, 44.898460995835862 ], [ -64.686570910263214, 44.897489594677317 ], [ -64.686200802163114, 44.89674339963328 ], [ -64.686137891966197, 44.896626402897198 ], [ -64.685780804291682, 44.895979110307621 ], [ -64.685385895265895, 44.895251190278437 ], [ -64.68469790073344, 44.893983104663228 ], [ -64.684061179083542, 44.892823106823101 ], [ -64.683857898019852, 44.892454297916842 ], [ -64.683565404160305, 44.891932914089537 ], [ -64.683221597242365, 44.891304193417362 ], [ -64.682852392560036, 44.890719088827225 ], [ -64.682724903862521, 44.890513103061132 ], [ -64.682635814918157, 44.890368504477905 ], [ -64.682508684234136, 44.890134604139007 ], [ -64.682457409636939, 44.889982294229625 ], [ -64.682418703768832, 44.889828891707751 ], [ -64.682392711493705, 44.889676302939726 ], [ -64.682392115911128, 44.88952319493815 ], [ -64.682405316585445, 44.88937000249841 ], [ -64.682429983798656, 44.889217497737349 ], [ -64.682567497179065, 44.888722212702611 ], [ -64.682642390309255, 44.888424897169116 ], [ -64.682679497460455, 44.888263211168621 ], [ -64.682705199779917, 44.888100802240992 ], [ -64.682704212694929, 44.88793879929149 ], [ -64.682690908068381, 44.887785907284389 ], [ -64.682664693336719, 44.887624284030601 ], [ -64.682626977394008, 44.88746190644472 ], [ -64.682345912652025, 44.886724309643583 ], [ -64.682332492835741, 44.88669748541254 ], [ -64.682128509926685, 44.886130598826838 ], [ -64.681860088563596, 44.885393707886834 ], [ -64.681784483423712, 44.885186897077027 ], [ -64.681657719892485, 44.884845769732017 ], [ -64.68141350588914, 44.884188592633812 ], [ -64.681251399873702, 44.883753486204391 ], [ -64.681094810413782, 44.883333597580425 ], [ -64.680672993001096, 44.882155090269677 ], [ -64.680264502720462, 44.881085408837599 ], [ -64.680112198205777, 44.880635712575113 ], [ -64.680069124057468, 44.88052010881303 ], [ -64.679830599212579, 44.879880086806281 ], [ -64.67940970328992, 44.87877360729123 ], [ -64.679396491989877, 44.878755785793174 ], [ -64.679243992516291, 44.878342184589073 ], [ -64.679166997150901, 44.87813539211723 ], [ -64.67911568668012, 44.877982208760912 ], [ -64.679102819444751, 44.87792839395712 ], [ -64.679065087434438, 44.877720997330634 ], [ -64.679026193607655, 44.87751450104669 ], [ -64.679011893968195, 44.877154596198757 ], [ -64.679002462247254, 44.876859347323773 ], [ -64.678997807380824, 44.876713699245457 ], [ -64.6789553946045, 44.875256009798228 ], [ -64.678898202863394, 44.872853313692467 ], [ -64.678872195195822, 44.872699697081899 ], [ -64.678834092840717, 44.872520184223134 ], [ -64.678781991779829, 44.87234010535709 ], [ -64.678768083233351, 44.872293890689868 ], [ -64.678744178001381, 44.87221460581263 ], [ -64.678718814507505, 44.872169093054197 ], [ -64.678488993851744, 44.871710606143154 ], [ -64.678209706954021, 44.871161999943524 ], [ -64.67815769385804, 44.871071889246366 ], [ -64.678106993832031, 44.870982592346841 ], [ -64.678081309361531, 44.870883000026872 ], [ -64.678069118733802, 44.870811200467301 ], [ -64.678055895565222, 44.870793402407962 ], [ -64.678030304333618, 44.870694700565565 ], [ -64.67802988729305, 44.870595689588818 ], [ -64.67809249864554, 44.870046610820083 ], [ -64.67820300998082, 44.869146493805957 ], [ -64.678213507331307, 44.868949119487468 ], [ -64.678214519555979, 44.868930299556993 ], [ -64.678214297826301, 44.868705310185852 ], [ -64.678226819500139, 44.868615098248476 ], [ -64.678227009414144, 44.868489006308785 ], [ -64.678236912865856, 44.867742593640415 ], [ -64.67819519815977, 44.866698102270398 ], [ -64.678195584179534, 44.866626104565739 ], [ -64.67818078008807, 44.865987106694725 ], [ -64.678166710596884, 44.865762296191676 ], [ -64.678179416790229, 44.86550189887366 ], [ -64.67820341776941, 44.865240499020317 ], [ -64.678318112490231, 44.864830992475056 ], [ -64.678436290110596, 44.864411598875932 ], [ -64.678466104012728, 44.864304014451292 ], [ -64.678767096389606, 44.863295892920007 ], [ -64.678879892282652, 44.862908892817543 ], [ -64.679042196256177, 44.862395189582003 ], [ -64.679079792911224, 44.862206491372589 ], [ -64.679117296230103, 44.862016902943402 ], [ -64.679129707668793, 44.861963593594851 ], [ -64.679142206239021, 44.861828396286732 ], [ -64.679166818725207, 44.861629997942146 ], [ -64.679178981694477, 44.861440802970264 ], [ -64.679178610602506, 44.861252597863277 ], [ -64.679165499788226, 44.861062901750856 ], [ -64.679152098667231, 44.860865008929885 ], [ -64.679126395401184, 44.860676394767459 ], [ -64.679100704193658, 44.860487701351587 ], [ -64.6789855968495, 44.860055509768159 ], [ -64.678677212393765, 44.858940199868961 ], [ -64.678652314176986, 44.858823495247734 ], [ -64.678165703549467, 44.85701490326209 ], [ -64.677653497931061, 44.855026696399129 ], [ -64.677243408949806, 44.853452792055137 ], [ -64.677141789760583, 44.853093288592618 ], [ -64.676833883871595, 44.851861006450399 ], [ -64.67673189967411, 44.851527607043252 ], [ -64.67655249045599, 44.850799201336073 ], [ -64.676437495836453, 44.850411998979354 ], [ -64.676348106383472, 44.850034398718122 ], [ -64.676341001603546, 44.850008399072948 ], [ -64.676340987983437, 44.850007506709282 ], [ -64.676322701988084, 44.849944696381435 ], [ -64.676284299997718, 44.849755299523935 ], [ -64.676258614996485, 44.849566694219412 ], [ -64.67621900617911, 44.849377294841965 ], [ -64.676193189584026, 44.849188591546479 ], [ -64.676167490567977, 44.849000009688794 ], [ -64.676141787126781, 44.848810399796882 ], [ -64.676116003479407, 44.848621707442248 ], [ -64.676103002098998, 44.848432912267668 ], [ -64.676089883465551, 44.848243995975587 ], [ -64.67607680298299, 44.848055203168279 ], [ -64.676069005769151, 44.847958110210762 ], [ -64.676062509494372, 44.847866294845446 ], [ -64.676056301915679, 44.847783591239164 ], [ -64.676049383320034, 44.847676599540939 ], [ -64.676061899133217, 44.847497295889944 ], [ -64.676082007762744, 44.846793905222867 ], [ -64.676096493769933, 44.846246386541566 ], [ -64.676096188724784, 44.846192290084289 ], [ -64.676096718416289, 44.846167100097865 ], [ -64.67610730463548, 44.845877096374252 ], [ -64.676112787590398, 44.845805008395729 ], [ -64.676120292651461, 44.845714901464568 ], [ -64.676152991977204, 44.844924002304332 ], [ -64.676156093122344, 44.844853806528633 ], [ -64.676178998056983, 44.844292595242621 ], [ -64.676249809885405, 44.842763011352886 ], [ -64.676335893085493, 44.841719306446301 ], [ -64.676360184025071, 44.841466798589437 ], [ -64.676371679715743, 44.841295605531769 ], [ -64.676376184337215, 44.841249895177647 ], [ -64.676405504771083, 44.840949517094572 ], [ -64.676433195661616, 44.840665509417093 ], [ -64.676446401541099, 44.840493289870508 ], [ -64.676506688995104, 44.839711993132795 ], [ -64.676508310321736, 44.83964800671616 ], [ -64.676518009720553, 44.839270710923678 ], [ -64.676516993886011, 44.839063694228152 ], [ -64.676516305165194, 44.838865607291957 ], [ -64.676502706698116, 44.838658813248237 ], [ -64.676490389043394, 44.838451907329961 ], [ -64.676464388612274, 44.838254190153805 ], [ -64.676425482809222, 44.838046907007026 ], [ -64.676386900469382, 44.837849412429179 ], [ -64.676194703861654, 44.836850296538863 ], [ -64.676051998012426, 44.835986397021813 ], [ -64.676040097117621, 44.835923494290441 ], [ -64.67601390545461, 44.835806902944597 ], [ -64.676002785969487, 44.835651302217826 ], [ -64.676001105988988, 44.835627006497404 ], [ -64.675988011942351, 44.835438191244251 ], [ -64.675999192376096, 44.835257994191693 ], [ -64.676041900925213, 44.834937686724885 ], [ -64.67606159999572, 44.834789801699067 ], [ -64.676097988473401, 44.834520109256403 ], [ -64.676110015138306, 44.834321902571759 ], [ -64.67612320170366, 44.834123711401077 ], [ -64.676121605345713, 44.833934601476592 ], [ -64.676095614858397, 44.83373700116929 ], [ -64.676070812244092, 44.833538398718943 ], [ -64.675979897501918, 44.83310668762433 ], [ -64.675929194303791, 44.832927407616438 ], [ -64.675890790818343, 44.832737992046063 ], [ -64.675877683356617, 44.832549202276958 ], [ -64.675877504285353, 44.832369209665934 ], [ -64.675888507446743, 44.832179912547787 ], [ -64.675913396901834, 44.831991399341895 ], [ -64.675963891904999, 44.831811492479751 ], [ -64.676075788780551, 44.831396698826964 ], [ -64.676440006675477, 44.830388507496245 ], [ -64.676515996916606, 44.830217312052973 ], [ -64.67661608296774, 44.830046603477555 ], [ -64.676717308800789, 44.829874905126658 ], [ -64.676855787659704, 44.829721693143384 ], [ -64.676994388997016, 44.829568410080782 ], [ -64.677435193572833, 44.829154095475765 ], [ -64.677813686259526, 44.828811891074764 ], [ -64.677858810532001, 44.828768808815404 ], [ -64.677965097622575, 44.828667395290438 ], [ -64.678116192511141, 44.828513890819536 ], [ -64.678241799449509, 44.828351902079532 ], [ -64.678260149635236, 44.828325915903015 ], [ -64.678331694384951, 44.828224504809327 ], [ -64.678355988836117, 44.828189902440563 ], [ -64.678450799545146, 44.828036187249772 ], [ -64.678456300805664, 44.828027288704519 ], [ -64.678531996158995, 44.827847095386723 ], [ -64.678591826379602, 44.827709897101599 ], [ -64.6786067146449, 44.82767579705515 ], [ -64.678657199872561, 44.82749600510563 ], [ -64.678719185420704, 44.827234902943644 ], [ -64.678756904101945, 44.82701018788056 ], [ -64.678768506395542, 44.826667913716157 ], [ -64.678816091034435, 44.825866890516231 ], [ -64.678841005960905, 44.825462402094075 ], [ -64.678863803118531, 44.824939895606434 ], [ -64.678875306007654, 44.824292512795104 ], [ -64.678861408693976, 44.824030703936877 ], [ -64.678809595992846, 44.823770392574986 ], [ -64.678793889187489, 44.82370759186179 ], [ -64.678695111987835, 44.823311199761193 ], [ -64.678655705544784, 44.823176709102199 ], [ -64.678592811923039, 44.822969709516407 ], [ -64.678541290391294, 44.822762484760041 ], [ -64.678527404247731, 44.822546708618454 ], [ -64.678437415383272, 44.821709893566172 ], [ -64.678384894878079, 44.821079604880453 ], [ -64.67837139896416, 44.821007810672889 ], [ -64.678358892240453, 44.820836901642444 ], [ -64.678358194699413, 44.820593885390082 ], [ -64.678395407756724, 44.820351202879834 ], [ -64.678494510835748, 44.819756509810631 ], [ -64.678507326859133, 44.819678930840986 ], [ -64.678568683991188, 44.819307105363478 ], [ -64.678593588541204, 44.819117697893908 ], [ -64.67861848609104, 44.818929092957063 ], [ -64.678617780815387, 44.818776105946561 ], [ -64.678617808929559, 44.81873111434934 ], [ -64.678604709906807, 44.818541399029577 ], [ -64.678565099791413, 44.818352909634356 ], [ -64.678526697641132, 44.818163507969736 ], [ -64.678361598781464, 44.817750001085045 ], [ -64.678272711906757, 44.817561404063376 ], [ -64.677878388096474, 44.816787588666251 ], [ -64.677407589982906, 44.815861906077643 ], [ -64.677267494835817, 44.815610092966018 ], [ -64.677165492062926, 44.815448702418827 ], [ -64.677083347151893, 44.815291364829676 ], [ -64.67700081619077, 44.815133291548108 ], [ -64.676835811665157, 44.814809811043972 ], [ -64.676745586612043, 44.814621193363926 ], [ -64.676682512265657, 44.814450202275189 ], [ -64.676631684451507, 44.814270004059225 ], [ -64.676605292318982, 44.814099311126142 ], [ -64.67659249950853, 44.813919489250175 ], [ -64.676605004930366, 44.81373929833142 ], [ -64.676614671488906, 44.813591312987626 ], [ -64.676640895382604, 44.813190486708187 ], [ -64.676677308883214, 44.812874892446054 ], [ -64.676689981642426, 44.812659605753275 ], [ -64.676689118396695, 44.812452497630211 ], [ -64.676688599706978, 44.812434490332244 ], [ -64.676675697223217, 44.812208801958391 ], [ -64.67666191143087, 44.811992898216779 ], [ -64.676520709142565, 44.811354008138956 ], [ -64.676504088386523, 44.811278704711313 ], [ -64.676401200191407, 44.810810211020879 ], [ -64.676392501318944, 44.810769908690006 ], [ -64.676389622242198, 44.81075729504942 ], [ -64.676264684428304, 44.810202804291642 ], [ -64.67621310062043, 44.809816506772357 ], [ -64.676200197281545, 44.809635708392058 ], [ -64.676186200989363, 44.809455887351156 ], [ -64.676198701060386, 44.809275587380462 ], [ -64.676223608908586, 44.809087104537191 ], [ -64.676248688847323, 44.808906695505861 ], [ -64.676298095114859, 44.808735896034705 ], [ -64.67636120148984, 44.808555807039944 ], [ -64.676435911058078, 44.808384502843445 ], [ -64.67651191136494, 44.808213312329933 ], [ -64.676611884249823, 44.808042600210904 ], [ -64.677116296164456, 44.807340190759348 ], [ -64.677631919184606, 44.806717797033244 ], [ -64.677758714907526, 44.806555702778098 ], [ -64.677871585983254, 44.806393809198518 ], [ -64.677971615332254, 44.806222202771217 ], [ -64.678060205258262, 44.806051603009578 ], [ -64.678135880154969, 44.805871405381595 ], [ -64.678197704433344, 44.805691293750115 ], [ -64.678248208008867, 44.805511394988017 ], [ -64.678347313843304, 44.804961696176036 ], [ -64.678471911868954, 44.80437660054055 ], [ -64.67853468810226, 44.804187506135591 ], [ -64.678597510782694, 44.803998399343172 ], [ -64.678698501034035, 44.803818702405387 ], [ -64.678798206090974, 44.8036380896121 ], [ -64.678924785033928, 44.803466996956523 ], [ -64.679062714944394, 44.803295701861195 ], [ -64.679138706147654, 44.803214510780982 ], [ -64.679806006192308, 44.802547507849297 ], [ -64.68070158937644, 44.801691688909365 ], [ -64.681507798135257, 44.800889394689271 ], [ -64.681671793704382, 44.800744809621129 ], [ -64.681823113620936, 44.800600303101511 ], [ -64.6819614994114, 44.800447996130117 ], [ -64.68210000857799, 44.800294702948626 ], [ -64.682212802539667, 44.800131905959226 ], [ -64.682288288532376, 44.800032604795142 ], [ -64.682310284765038, 44.800006199034229 ], [ -64.682339610393115, 44.799969797637836 ], [ -64.682439918068582, 44.799808000931883 ], [ -64.682740099078785, 44.799323703193501 ], [ -64.68274180678435, 44.799321094527656 ], [ -64.682879100998065, 44.799086794754437 ], [ -64.683219408731588, 44.798483107090895 ], [ -64.683332679100772, 44.798249202222792 ], [ -64.683445506320737, 44.797997289362392 ], [ -64.683532813233825, 44.797825898165478 ], [ -64.683596095218505, 44.797654788992304 ], [ -64.683645203894358, 44.797474895249636 ], [ -64.683670293855656, 44.797295396448398 ], [ -64.683682105692682, 44.79717819625882 ], [ -64.683682813491586, 44.79711520590218 ], [ -64.683706594943516, 44.796628699243989 ], [ -64.683728997449109, 44.796008095179019 ], [ -64.683753788381011, 44.795818708755611 ], [ -64.683756083266985, 44.795807080907615 ], [ -64.683791307276124, 44.795630010264802 ], [ -64.683841507959556, 44.795441097088208 ], [ -64.683875601391307, 44.79533833611729 ], [ -64.683904217123285, 44.795251996275432 ], [ -64.683917113190589, 44.795214901297861 ], [ -64.683967010742322, 44.795063006361225 ], [ -64.684192290310932, 44.794549197555568 ], [ -64.684367510236541, 44.794099214160802 ], [ -64.684505496173301, 44.793711888505754 ], [ -64.684617812002287, 44.793315906802462 ], [ -64.684767085178066, 44.792622394745621 ], [ -64.685004193867059, 44.791560199875697 ], [ -64.685041192802743, 44.79139849544972 ], [ -64.68505450034688, 44.791335293815116 ], [ -64.685110443923449, 44.79105046889854 ], [ -64.685153597134672, 44.790830594774896 ], [ -64.685190789415543, 44.790632893136511 ], [ -64.685215618248918, 44.790443498513298 ], [ -64.685240208519645, 44.790246010184923 ], [ -64.685264799490639, 44.790047606941613 ], [ -64.685276692147781, 44.789849385472181 ], [ -64.6852876891558, 44.78922899322346 ], [ -64.685287384480347, 44.789216800280535 ], [ -64.685286994394275, 44.789201999927187 ], [ -64.685298283323917, 44.788679705373944 ], [ -64.685295396553911, 44.787842502227008 ], [ -64.685267291281846, 44.787005694857903 ], [ -64.68519870755847, 44.785170300173881 ], [ -64.685185195102832, 44.785053411073555 ], [ -64.685160309832881, 44.78493591247932 ], [ -64.685121720764641, 44.784828393324929 ], [ -64.685070597430155, 44.784720193017669 ], [ -64.685019400885452, 44.784612107603564 ], [ -64.684944213805124, 44.784504202175683 ], [ -64.684600504523218, 44.784072708703718 ], [ -64.684119395273058, 44.783525304550466 ], [ -64.683992791864668, 44.783345299568978 ], [ -64.683916614311698, 44.78324650221321 ], [ -64.683852784726952, 44.783138506373135 ], [ -64.683801587125004, 44.783030308234977 ], [ -64.683762803804939, 44.782913904072721 ], [ -64.683725602340473, 44.78280550232612 ], [ -64.683712003370587, 44.782688695714555 ], [ -64.683727639822408, 44.782562593049242 ], [ -64.683736596932107, 44.782490299842578 ], [ -64.683748990412454, 44.782482003966805 ], [ -64.683974815996962, 44.781815196648829 ], [ -64.684337806478212, 44.780995999292848 ], [ -64.6845265811708, 44.780446801514948 ], [ -64.684629998139712, 44.780046498326278 ], [ -64.684664092233348, 44.779915400933703 ], [ -64.684738906153569, 44.77970819603923 ], [ -64.684826408836486, 44.779500696940822 ], [ -64.684926892078138, 44.779302983857058 ], [ -64.685039897363481, 44.779104201315874 ], [ -64.685165592895387, 44.778906095877048 ], [ -64.685530399371899, 44.778194907418509 ], [ -64.685580320620474, 44.778042096015461 ], [ -64.685629890659214, 44.777879296398183 ], [ -64.68564158355737, 44.777717996635971 ], [ -64.685654606042334, 44.777555713683711 ], [ -64.685641007224532, 44.777393893791356 ], [ -64.68551239931729, 44.776709811670862 ], [ -64.685319816160728, 44.775909701392102 ], [ -64.685141016453073, 44.775369493292175 ], [ -64.684899810617267, 44.77472219643159 ], [ -64.68465701064487, 44.774065893971176 ], [ -64.684389809444269, 44.773310004067461 ], [ -64.684363609878488, 44.77310340745985 ], [ -64.684363285279375, 44.772958598504793 ], [ -64.684363183789145, 44.77291429743245 ], [ -64.684362410640816, 44.772887308219033 ], [ -64.684387899729145, 44.772679894750929 ], [ -64.684811100992135, 44.770933498672662 ], [ -64.684823686719355, 44.770888293683662 ], [ -64.684824086407133, 44.770861296972257 ], [ -64.684846533558243, 44.770761931930032 ], [ -64.68511069286906, 44.769592303721588 ], [ -64.685422912813621, 44.768376897012104 ], [ -64.685885507931133, 44.76694499200277 ], [ -64.686173186173988, 44.766062103701636 ], [ -64.686222505546468, 44.765846205847978 ], [ -64.686260402817425, 44.76563051350962 ], [ -64.686271604412752, 44.765405301070686 ], [ -64.686258989443573, 44.765189391927329 ], [ -64.68615570876203, 44.764505903058627 ], [ -64.686001308585816, 44.763759207134171 ], [ -64.685975782436074, 44.763578605420612 ], [ -64.685961697096928, 44.763398803379189 ], [ -64.685948717456654, 44.763209902418097 ], [ -64.68594849579344, 44.763029911240785 ], [ -64.685960894422436, 44.762849604812949 ], [ -64.68598481254611, 44.762670096007227 ], [ -64.686009810385613, 44.762489689622626 ], [ -64.686047591358829, 44.762309991649573 ], [ -64.686096713613736, 44.762130090559445 ], [ -64.686147000290546, 44.761949402628865 ], [ -64.686209999510012, 44.761769289334921 ], [ -64.686284609413519, 44.761597991087889 ], [ -64.686296685800414, 44.761580802765572 ], [ -64.686755702388794, 44.760808813663687 ], [ -64.686837597877783, 44.760670694072601 ], [ -64.68785550828801, 44.759003797235337 ], [ -64.687892814178184, 44.758941100785698 ], [ -64.688095365871902, 44.758604555937112 ], [ -64.688446008315921, 44.758021908350862 ], [ -64.688559020538818, 44.757823997481289 ], [ -64.688646716107371, 44.75762550031817 ], [ -64.688721806826834, 44.757427296065408 ], [ -64.688771389550567, 44.757220400509134 ], [ -64.688808315176686, 44.757013697656262 ], [ -64.688883104185749, 44.756545406544504 ], [ -64.688931512908283, 44.75599639466617 ], [ -64.688942702313099, 44.755384112555959 ], [ -64.688965609296346, 44.754736501757399 ], [ -64.688964801479287, 44.754709504400999 ], [ -64.688963290593989, 44.754643590471638 ], [ -64.688936391227969, 44.753476597164472 ], [ -64.688859114363225, 44.752945693164925 ], [ -64.688820198914598, 44.752738294701345 ], [ -64.688781588278118, 44.75254089603925 ], [ -64.688730288364766, 44.75234270826887 ], [ -64.688666207080757, 44.752135714214262 ], [ -64.688602299816893, 44.751937706737706 ], [ -64.688538393111372, 44.751739699397433 ], [ -64.68835989885585, 44.751074312008448 ], [ -64.688321808489448, 44.750894803962147 ], [ -64.688295095985509, 44.750714300868687 ], [ -64.688282204470781, 44.750534399788258 ], [ -64.688282398167175, 44.750408387214527 ], [ -64.688281988281759, 44.750354396237064 ], [ -64.68829318982219, 44.750174187266225 ], [ -64.688305514746517, 44.750030895348893 ], [ -64.688305984714276, 44.750004701301869 ], [ -64.688305906419203, 44.750003788434285 ], [ -64.688305700815789, 44.749994791629767 ], [ -64.688330793809698, 44.749814403618835 ], [ -64.688404889257157, 44.749454092599798 ], [ -64.688467900130291, 44.749274111420682 ], [ -64.688529794262564, 44.749103003249679 ], [ -64.688906312970616, 44.74836470620469 ], [ -64.68896660427383, 44.748234595363876 ], [ -64.689206998839396, 44.74771651031886 ], [ -64.68928229115663, 44.747527288442122 ], [ -64.689332590085968, 44.747346485656124 ], [ -64.689357611911944, 44.747248000477114 ], [ -64.689382681979041, 44.747157601217054 ], [ -64.68940730688027, 44.746960092947241 ], [ -64.689419501982869, 44.746770892652435 ], [ -64.689467514238487, 44.746077906175984 ], [ -64.689490804676339, 44.74566340369914 ], [ -64.689490107611661, 44.74546539007958 ], [ -64.68947800586264, 44.745267502991148 ], [ -64.689452014041223, 44.745069795593707 ], [ -64.689220090074897, 44.743873292967443 ], [ -64.688989110327881, 44.7425777069272 ], [ -64.68882149567898, 44.741552108754 ], [ -64.688769587738079, 44.741371894280405 ], [ -64.688718883901956, 44.74119259746228 ], [ -64.688642895354249, 44.741011889422431 ], [ -64.688553287749627, 44.740841293055986 ], [ -64.688464911813043, 44.740670597054326 ], [ -64.688133802343074, 44.739968789298651 ], [ -64.687917387567964, 44.7395192085581 ], [ -64.687663803321286, 44.738836096499718 ], [ -64.687369681361403, 44.73797260347893 ], [ -64.687039002884987, 44.737027803790681 ], [ -64.686656295309703, 44.735984694566142 ], [ -64.68662778650517, 44.735916899465096 ], [ -64.686612102672456, 44.735868796874954 ], [ -64.686600006171034, 44.735820194766561 ], [ -64.686591417866978, 44.735771095191417 ], [ -64.686586501450378, 44.735721911797789 ], [ -64.686585201383764, 44.735672487905155 ], [ -64.686587499809747, 44.735623095038321 ], [ -64.686593484466144, 44.735573900337563 ], [ -64.686602997096358, 44.735524907901521 ], [ -64.686616210312351, 44.735476395613162 ], [ -64.686632798691221, 44.735428507431777 ], [ -64.686652982039448, 44.735381203777592 ], [ -64.686676601807463, 44.735334793699636 ], [ -64.686703596414048, 44.735289312672492 ], [ -64.686733904278753, 44.735244796170434 ], [ -64.686767416629522, 44.735201597128714 ], [ -64.686991089254022, 44.73496268894624 ], [ -64.687383609957649, 44.734543395830258 ], [ -64.687660584215465, 44.734254901555545 ], [ -64.687825103160975, 44.734093105937269 ], [ -64.688239005236241, 44.733667721992617 ], [ -64.688289891139306, 44.733615409586385 ], [ -64.688365605080449, 44.733525205310578 ], [ -64.688378054490428, 44.733513938495165 ], [ -64.68884429701788, 44.733092289214731 ], [ -64.688900210131663, 44.733055612813416 ], [ -64.688989012467317, 44.733002407173167 ], [ -64.689081500717748, 44.732952505391722 ], [ -64.689177589737582, 44.732906101664149 ], [ -64.689247116264411, 44.732875701636367 ], [ -64.689379207029347, 44.732824399672296 ], [ -64.689484307247412, 44.732789406134252 ], [ -64.68959179191657, 44.732758292269139 ], [ -64.689701414794541, 44.732731199984848 ], [ -64.689865706066016, 44.732694591372734 ], [ -64.690193299610385, 44.73262218949008 ], [ -64.690912085120857, 44.732458507841173 ], [ -64.691101290357466, 44.7324043881611 ], [ -64.691169215173062, 44.732377100230345 ], [ -64.691209597830309, 44.732358094287363 ], [ -64.691248610332607, 44.732337700837284 ], [ -64.69128589822644, 44.732315804848668 ], [ -64.691321692833526, 44.732292592318785 ], [ -64.691355695239352, 44.732268104892277 ], [ -64.69138780877536, 44.732242311198981 ], [ -64.691417995193021, 44.732215392940162 ], [ -64.691446192929362, 44.732187385598841 ], [ -64.691472308199167, 44.732158314200504 ], [ -64.691496194298566, 44.732128408438371 ], [ -64.691517895242399, 44.732097599407325 ], [ -64.691756790619309, 44.731800494579787 ], [ -64.692069891815464, 44.731233284704373 ], [ -64.692307402946312, 44.730674295206065 ], [ -64.692558804387929, 44.730071011885322 ], [ -64.6926963994255, 44.729764690774353 ], [ -64.692796912329257, 44.729575999970841 ], [ -64.692897483831942, 44.729386302512047 ], [ -64.692996790842415, 44.729197609218595 ], [ -64.693110011607601, 44.729008689977583 ], [ -64.693185402245021, 44.728909399866637 ], [ -64.69324579030031, 44.728793400524928 ], [ -64.693307902895185, 44.728653503592525 ], [ -64.693359709260321, 44.728511593134364 ], [ -64.693400983691802, 44.728367900918229 ], [ -64.693431682030266, 44.728222800811459 ], [ -64.69345169254612, 44.72807689431086 ], [ -64.693460895111684, 44.727930308782504 ], [ -64.693459418213322, 44.727783695940566 ], [ -64.693484913686831, 44.727576208470673 ], [ -64.693496797293989, 44.727378889296176 ], [ -64.693508492564462, 44.727171693066005 ], [ -64.693507519054535, 44.726964600385685 ], [ -64.693532192025756, 44.726730199249161 ], [ -64.693555992381491, 44.726505691834639 ], [ -64.693555400982532, 44.726271687998427 ], [ -64.693553990723004, 44.726211890041213 ], [ -64.693547186520448, 44.726138002085989 ], [ -64.693535105587543, 44.726064398108868 ], [ -64.69351759525739, 44.725991499946112 ], [ -64.693504297906472, 44.725947393137822 ], [ -64.69346659691044, 44.725848004974765 ], [ -64.693433293104164, 44.725777911589987 ], [ -64.693394811479138, 44.72570910473938 ], [ -64.693351400904064, 44.725641803823926 ], [ -64.692793299078772, 44.724733696064462 ], [ -64.692475510191045, 44.724185612374775 ], [ -64.692387187050102, 44.724015000320243 ], [ -64.69229759971762, 44.723843506380959 ], [ -64.692196895512851, 44.723681991226393 ], [ -64.692094708385994, 44.723511592624703 ], [ -64.691992793452044, 44.723349295830907 ], [ -64.691742186078159, 44.722956472601517 ], [ -64.692337597878577, 44.722522116436025 ], [ -64.692657678271601, 44.722289047320331 ], [ -64.704413382208045, 44.713715978973525 ], [ -64.709288667866147, 44.710156622259333 ], [ -64.714774003341759, 44.705072193936545 ], [ -64.735158797482498, 44.691256496639063 ], [ -64.736465216398472, 44.690309187445322 ], [ -64.740725080458247, 44.687219906211546 ], [ -64.740920080028928, 44.687078492751745 ], [ -64.745243419133033, 44.683942580213873 ], [ -64.754895089634687, 44.676939626177607 ], [ -64.755117075845718, 44.676778529507352 ], [ -64.766415163040975, 44.668577102857618 ], [ -64.767158868579642, 44.668032947673169 ], [ -64.773237538559897, 44.663584574270281 ], [ -64.77378168349199, 44.66318633828061 ], [ -64.78207317807086, 44.657116571915701 ], [ -64.783824246144405, 44.655749092944681 ], [ -64.787339142730474, 44.653003858509557 ], [ -64.789055360414679, 44.65172634278963 ], [ -64.790701694506808, 44.650487071779999 ], [ -64.793712162940949, 44.648220775124351 ], [ -64.796609162083072, 44.645863158171828 ], [ -64.80236349558578, 44.641180489593836 ], [ -64.810988278981867, 44.635052563256231 ], [ -64.811369110846513, 44.634787562070862 ], [ -64.819937303742606, 44.629313533437646 ], [ -64.823629940603695, 44.626666231615154 ], [ -64.824453318044803, 44.626062374824969 ], [ -64.825813250950318, 44.625065021873041 ], [ -64.826784311457899, 44.624352802251018 ], [ -64.828262223449542, 44.623268774669455 ], [ -64.829241297153146, 44.622550621570845 ], [ -64.8314436805003, 44.620932838963107 ], [ -64.836663269113131, 44.617098169860157 ], [ -64.841184031106408, 44.613776182202002 ], [ -64.847078163683094, 44.609443994755466 ], [ -64.85583095538901, 44.603008588314815 ], [ -64.861400645218581, 44.598913131557026 ], [ -64.867174637502373, 44.594666379091393 ], [ -64.869600906830897, 44.592846812724162 ], [ -64.879482898761793, 44.585610088231348 ], [ -64.881221532612059, 44.58433043734739 ], [ -64.886691099314262, 44.580304081987855 ], [ -64.886889114600265, 44.580160063306963 ], [ -64.89445321385486, 44.574657871063316 ], [ -64.901089550132752, 44.569829041123732 ], [ -64.91095363079512, 44.562648969641678 ], [ -64.917323373434954, 44.558010783638956 ], [ -64.91811968210105, 44.55743075024133 ], [ -64.920517876865844, 44.555683824460658 ], [ -64.928175261505999, 44.550104669461646 ], [ -64.928354272685354, 44.5499742314557 ], [ -64.932442881062101, 44.546994476865173 ], [ -64.936101654253548, 44.544333070712341 ], [ -64.94547423351608, 44.537513518739459 ], [ -64.945026963972182, 44.537116974234763 ], [ -64.945013193576344, 44.537104766312304 ], [ -64.948231734333547, 44.535451212314335 ], [ -64.961741169588905, 44.525532437363168 ], [ -64.968534449320018, 44.520532274760015 ], [ -64.978143144603806, 44.513481960324818 ], [ -64.983160002412717, 44.509794343591331 ], [ -64.983630463072814, 44.509516028885692 ], [ -64.983603838723624, 44.509508234304839 ], [ -64.983526143852416, 44.509450222558335 ], [ -64.988468912544121, 44.506005702588325 ], [ -64.997088570760283, 44.500006552937776 ], [ -64.997092162172919, 44.500004032182467 ], [ -64.999998621677605, 44.497979496794223 ], [ -64.999999986205708, 44.497978553768938 ], [ -65.001353656709412, 44.497035546834901 ], [ -65.002470859739148, 44.496257240339865 ], [ -65.007586275884933, 44.492755124824008 ], [ -65.049220710060467, 44.463491170357266 ], [ -65.0530961180703, 44.460328695372276 ], [ -65.061511240012692, 44.454842277532236 ], [ -65.061736763331723, 44.454857125548159 ], [ -65.063196755025373, 44.454953244312691 ], [ -65.063544687842068, 44.454976148364111 ], [ -65.0638611119182, 44.455069119371451 ], [ -65.063977916569982, 44.455004669686367 ], [ -65.06732783604906, 44.455225076967295 ], [ -65.07107753383977, 44.455471657659729 ], [ -65.071924907296591, 44.45552735487783 ], [ -65.07382491991936, 44.455652229416295 ], [ -65.085732667298643, 44.456412434967852 ], [ -65.089115904889979, 44.456119198956067 ], [ -65.092437399149176, 44.456859427145076 ], [ -65.118579708219727, 44.458581405778169 ], [ -65.12995067913819, 44.459206009872538 ], [ -65.140926428973913, 44.460006383059032 ], [ -65.15204547634319, 44.460610147692655 ], [ -65.159638972409468, 44.449774938755681 ], [ -65.16220908480949, 44.446160398453124 ], [ -65.168607455504045, 44.437189162847034 ], [ -65.169213916657796, 44.436287024057201 ], [ -65.16989116799347, 44.435388814647681 ], [ -65.175722549561527, 44.427208750430871 ], [ -65.176101312975092, 44.426677362850569 ], [ -65.179767454918405, 44.421532960959325 ], [ -65.181942930682098, 44.420012569236597 ], [ -65.184314326834794, 44.418355111615412 ], [ -65.190340468972309, 44.414243591138657 ], [ -65.198289375375566, 44.408583927492295 ], [ -65.210939312048737, 44.399328580050856 ], [ -65.211341776151826, 44.399029541055555 ], [ -65.211371162408966, 44.399012526891546 ], [ -65.211546419019129, 44.39887443532615 ], [ -65.216205987848227, 44.395202191976082 ], [ -65.218712677637555, 44.393638609299913 ], [ -65.220135268819476, 44.392597113182823 ], [ -65.220681566463639, 44.392197125587607 ], [ -65.230547807735647, 44.384974495110455 ], [ -65.230609387375324, 44.384789398278485 ], [ -65.230642600237005, 44.384761911687555 ], [ -65.230747004407107, 44.38477011061488 ], [ -65.230790438709263, 44.384794068233219 ], [ -65.235641881509409, 44.381240029963045 ], [ -65.235647763065202, 44.381235757016327 ], [ -65.235253089929245, 44.380800786325331 ], [ -65.235341707667445, 44.380694596256319 ], [ -65.23544071749339, 44.380690894258016 ], [ -65.235852096559498, 44.380869698290681 ], [ -65.236049535189395, 44.380941256770448 ], [ -65.239829452296789, 44.378171723040111 ], [ -65.241408785756633, 44.377014384610284 ], [ -65.254298648111288, 44.367565505782188 ], [ -65.26742525915337, 44.357937567634202 ], [ -65.300103589323555, 44.334354402011471 ], [ -65.305846288261364, 44.330231705709039 ], [ -65.314528432549594, 44.323936885378536 ], [ -65.314623489190012, 44.323958607572912 ], [ -65.314734002111052, 44.323820798845517 ], [ -65.314741731050205, 44.323782752898062 ], [ -65.314750810199072, 44.323738110173295 ], [ -65.314927386440317, 44.323545309349996 ], [ -65.315088845341819, 44.323531931610248 ], [ -65.315438295626905, 44.323502986210613 ], [ -65.315581397074581, 44.323436312786555 ], [ -65.315642007176933, 44.323389090715537 ], [ -65.315752585906893, 44.32321189936588 ], [ -65.315805037311208, 44.323014411137109 ], [ -65.315819583586631, 44.322959798438028 ], [ -65.315973889903972, 44.322837889746545 ], [ -65.316094428605979, 44.322805310969279 ], [ -65.316364311504501, 44.322732294718357 ], [ -65.31643608370706, 44.322629906521385 ], [ -65.316450833222206, 44.322547748603704 ], [ -65.316464207923744, 44.322472289802825 ], [ -65.316585505619187, 44.32237789851478 ], [ -65.316658821893, 44.322397464745613 ], [ -65.33091264873444, 44.312093721381068 ], [ -65.331626336511505, 44.311577649942258 ], [ -65.331490679983872, 44.31143923815744 ], [ -65.332027712145077, 44.310754795727 ], [ -65.332779842148526, 44.30979610633868 ], [ -65.335817462158488, 44.30592385479094 ], [ -65.335820527043467, 44.305918328410968 ], [ -65.336002005083088, 44.305965494639096 ], [ -65.336139690901845, 44.305867206578817 ], [ -65.336190202042303, 44.305579494808931 ], [ -65.336161073677516, 44.305485568081259 ], [ -65.336429564793164, 44.305143521479749 ], [ -65.338331578356076, 44.302718445398156 ], [ -65.35157126941661, 44.287606595914006 ], [ -65.352022883160018, 44.287089279061789 ], [ -65.360371651343556, 44.277555760147727 ], [ -65.379561521712517, 44.253076119313121 ], [ -65.379623186721091, 44.253076200560876 ], [ -65.379755086664545, 44.252966005660042 ], [ -65.379749896946976, 44.252875394045802 ], [ -65.37974031562041, 44.252849192273786 ], [ -65.37974197858405, 44.252847050132182 ], [ -65.379742368600901, 44.252846540836643 ], [ -65.380541429364584, 44.251827752629268 ], [ -65.380564508993857, 44.251828095782351 ], [ -65.380690905902071, 44.251706102941185 ], [ -65.380696584321555, 44.251639101800308 ], [ -65.381904594147144, 44.250088010523314 ], [ -65.381914390217261, 44.250075513217929 ], [ -65.382538525761248, 44.24927886920586 ], [ -65.382738728672933, 44.249023320296821 ], [ -65.383082267657883, 44.248738252416658 ], [ -65.383389823571434, 44.248290703602628 ], [ -65.38335334143936, 44.248238744443327 ], [ -65.390328266664199, 44.239333233603006 ], [ -65.390372840221247, 44.239276317468232 ], [ -65.390486029801323, 44.23919344436662 ], [ -65.390496145070742, 44.239118831924429 ], [ -65.39127838056524, 44.238119870214163 ], [ -65.392184626274471, 44.236962447487528 ], [ -65.394205947877722, 44.23438068514784 ], [ -65.394962137046335, 44.233414724890096 ], [ -65.395821007870239, 44.232317611352116 ], [ -65.396689968936869, 44.231207500916362 ], [ -65.396793379317444, 44.231289279335748 ], [ -65.397082385281934, 44.230869433879654 ], [ -65.397437014472786, 44.230354277237375 ], [ -65.398178154960974, 44.229277533807569 ], [ -65.400368386360469, 44.224990131480027 ], [ -65.405856201469973, 44.214369508202473 ], [ -65.408155550871996, 44.209758421979288 ], [ -65.410379349726568, 44.205298007209315 ], [ -65.410790887512945, 44.204472472061035 ], [ -65.418766297905378, 44.188468236400652 ], [ -65.42119397664527, 44.183594562267913 ], [ -65.427974664633311, 44.170005702402023 ], [ -65.432288926313419, 44.161262191502814 ], [ -65.434075387951097, 44.157640714437491 ], [ -65.440415343115333, 44.145223814330649 ], [ -65.443614982482742, 44.138954897787642 ], [ -65.443928503228804, 44.138340496698405 ], [ -65.446638429509548, 44.133029605566144 ], [ -65.447718188388151, 44.130886994700212 ], [ -65.448260002675426, 44.129811753380487 ], [ -65.449813148473183, 44.126729333537618 ], [ -65.45282570743727, 44.120749413159508 ], [ -65.457829918554282, 44.110635759643564 ], [ -65.45875685027238, 44.108761916887104 ], [ -65.464464663066707, 44.097255206399623 ], [ -65.464780330403755, 44.096618699841414 ], [ -65.46522075381236, 44.095733732619784 ], [ -65.470270315135053, 44.085585007658537 ], [ -65.476539087682326, 44.072909995085276 ], [ -65.480722474424894, 44.064672080930656 ], [ -65.48345151516024, 44.059296491654926 ], [ -65.49000661913567, 44.051005092379249 ], [ -65.489369063498231, 44.0477901845017 ], [ -65.489503166292621, 44.047521458898132 ], [ -65.49545826637879, 44.035584620566986 ], [ -65.495980958643869, 44.034536620946753 ], [ -65.496169604054856, 44.034206093552214 ], [ -65.496182255143609, 44.034183919088633 ], [ -65.497613799752969, 44.031675533829315 ], [ -65.499194578331142, 44.02890541677143 ], [ -65.499999994066144, 44.027323827043816 ], [ -65.500455357884434, 44.026429638270443 ], [ -65.501198989113476, 44.024969279046722 ], [ -65.501806909326362, 44.023775310151031 ], [ -65.503044094770146, 44.021622600012762 ], [ -65.503861088746447, 44.020200872872721 ], [ -65.504224772744109, 44.019568010256648 ], [ -65.504459123100204, 44.019189494316365 ], [ -65.506404697410858, 44.016047229546025 ], [ -65.508762956432392, 44.012237806337062 ], [ -65.509014774529106, 44.011831008232313 ], [ -65.510547779266545, 44.009315576389611 ], [ -65.51223393674411, 44.006548529715062 ], [ -65.512880225575771, 44.005505664212663 ], [ -65.516180328999894, 44.000179723108552 ], [ -65.516278302922686, 44.000021576418078 ], [ -65.516280873287343, 44.000017419389835 ], [ -65.516436250885846, 43.99976666139991 ], [ -65.516627502707266, 43.999457945409937 ], [ -65.517276215835309, 43.998262940037151 ], [ -65.518206210872506, 43.996549645056255 ], [ -65.522280391294913, 43.989042486147518 ], [ -65.522693850915829, 43.988280575832256 ], [ -65.523264556816102, 43.987228755323322 ], [ -65.528051643895651, 43.97761373293207 ], [ -65.528226897615198, 43.977261654197903 ], [ -65.530526723985346, 43.972706753032547 ], [ -65.536117515121177, 43.961630256340023 ], [ -65.542769810649958, 43.948027512013695 ], [ -65.546256100984976, 43.941211335296671 ], [ -65.546416745349518, 43.94089724415997 ], [ -65.549774033958343, 43.934331335214829 ], [ -65.549802263738613, 43.934276120005578 ], [ -65.549883521701673, 43.934117184210884 ], [ -65.550010261022592, 43.933869323163655 ], [ -65.550969408565578, 43.931993136045755 ], [ -65.556001642434069, 43.922506741777589 ], [ -65.556545431654612, 43.921481374921619 ], [ -65.556722791600222, 43.921425324645078 ], [ -65.556689064456208, 43.921414184128302 ], [ -65.565800451731008, 43.921736044966721 ], [ -65.568553778121171, 43.921833105602651 ], [ -65.570110012030725, 43.918259958684203 ], [ -65.570726660610646, 43.917036775255632 ], [ -65.573221880491246, 43.912086653281861 ], [ -65.587490155082619, 43.883761286963647 ], [ -65.590366000560607, 43.877224871990336 ], [ -65.602836321182608, 43.848861243722752 ], [ -65.603544670630029, 43.847310919452944 ], [ -65.610829900702186, 43.831360647958277 ], [ -65.615815078593187, 43.820440091765541 ], [ -65.619492362989789, 43.812381430265596 ], [ -65.622535216938246, 43.805711121034463 ], [ -65.629544262669413, 43.790339510301131 ], [ -65.630692625635305, 43.787548871360393 ], [ -65.630701252011178, 43.787527883552322 ], [ -65.630760110959088, 43.787384873307751 ], [ -65.637780412588555, 43.770317370373469 ], [ -65.647360007409503, 43.750086179462016 ], [ -65.648736600906574, 43.74717760203287 ], [ -65.648749064997048, 43.747151230774286 ], [ -65.645557267207096, 43.738475934477151 ], [ -65.644661102135856, 43.735603507100166 ], [ -65.642330599109798, 43.728131790122148 ], [ -65.637727467213011, 43.715286063677247 ], [ -65.632151837826697, 43.699228035488339 ], [ -65.628577401409018, 43.688878377261304 ], [ -65.619457386919791, 43.664094895369814 ], [ -65.612860480019151, 43.646000644032711 ], [ -65.612346734217056, 43.644559839448412 ], [ -65.611903873831992, 43.643317678113576 ], [ -65.611765235870465, 43.6429288370216 ], [ -65.611589616001581, 43.642436222331582 ], [ -65.61143397627778, 43.641950537358476 ], [ -65.61114979892055, 43.641063544750082 ], [ -65.610771627722087, 43.639887780216753 ], [ -65.625969596833272, 43.6347446619531 ], [ -65.653839262476495, 43.62505421811921 ], [ -65.655590621537513, 43.624462299521362 ], [ -65.65602344766819, 43.624281532143875 ], [ -65.660802484893864, 43.622702342480558 ], [ -65.668850809123811, 43.619986471459846 ], [ -65.67246601608889, 43.61876629363092 ], [ -65.676049603353775, 43.617550712048995 ], [ -65.678914891143194, 43.616587691390507 ], [ -65.679311057883453, 43.616454926473729 ], [ -65.694211172660189, 43.611459653280633 ], [ -65.697310307449257, 43.610420247038867 ], [ -65.723746506641902, 43.601420131439632 ], [ -65.729844117621013, 43.600720774782538 ], [ -65.741137116794633, 43.599424389111313 ], [ -65.754417117447389, 43.598260060635816 ], [ -65.766405558249375, 43.597207171286264 ], [ -65.771744403449759, 43.596567424136197 ], [ -65.775015734206235, 43.596105609289729 ], [ -65.776291622516482, 43.59584297932755 ], [ -65.778273088557157, 43.595885674165487 ], [ -65.779988978136146, 43.595617141449004 ], [ -65.781298708917475, 43.595242142156181 ], [ -65.784005637045951, 43.59481928063699 ], [ -65.784346778376602, 43.594574370142716 ], [ -65.784393476814984, 43.594540870627064 ], [ -65.784585918160488, 43.59440271758195 ], [ -65.784909440865675, 43.594170441922152 ], [ -65.795459449895915, 43.586594617661476 ], [ -65.797493067341918, 43.58513391614914 ], [ -65.802266786840676, 43.580088763982765 ], [ -65.803189056831471, 43.578838814716576 ], [ -65.809199227305484, 43.570691572340706 ], [ -65.817596148263192, 43.552210508589141 ], [ -65.818985770912406, 43.54693727734201 ], [ -65.822581306858311, 43.521033273240363 ], [ -65.823581499041566, 43.514190784000263 ], [ -65.825643627126311, 43.500077873985553 ], [ -65.826357434903727, 43.495190763923226 ], [ -65.82663781995781, 43.492990851758307 ], [ -65.82966800968164, 43.469205573252353 ], [ -65.832738231634025, 43.443068949854961 ], [ -65.836318005387241, 43.417177609620964 ], [ -65.839933762454493, 43.39122226424773 ], [ -65.843281457720309, 43.365346201018838 ], [ -65.846637698315789, 43.339636751657892 ], [ -65.849990192474365, 43.313930436552205 ], [ -65.853844854060256, 43.284798057205052 ], [ -65.857037818584061, 43.259170097484756 ], [ -65.859666187009239, 43.255101637518358 ], [ -65.863667562554483, 43.253295678106667 ], [ -65.877298047069971, 43.25245335298748 ], [ -65.909179573064506, 43.252223170830462 ], [ -65.946882666581388, 43.251742356127892 ], [ -65.969215053267973, 43.254060632820917 ], [ -65.987482481015348, 43.262607650466343 ], [ -65.994283869911371, 43.272336060646026 ], [ -65.994463552950677, 43.336176517830879 ], [ -65.99415252310105, 43.360638436404443 ], [ -65.999999994336235, 43.365195137849803 ], [ -66.000001831886891, 43.365196588805532 ], [ -66.011095009705002, 43.373837798024489 ], [ -66.042011450941672, 43.40065004128126 ], [ -66.043138044644351, 43.408299654950824 ], [ -66.044164754338894, 43.409210541654112 ], [ -66.044175777627331, 43.40930011790131 ], [ -66.044186945386954, 43.409389766745115 ], [ -66.044198013948062, 43.409479329932736 ], [ -66.044209028213743, 43.409568985317676 ], [ -66.044220065257491, 43.409658538678016 ], [ -66.044231111211232, 43.409748204043254 ], [ -66.044242279185767, 43.409837853078336 ], [ -66.0442452770709, 43.409863059560166 ], [ -66.044254423029585, 43.409927371203871 ], [ -66.044266968892614, 43.41001690614894 ], [ -66.044279460748712, 43.41010634230102 ], [ -66.044292097084281, 43.410195851049316 ], [ -66.044304611489437, 43.410285376203916 ], [ -66.044317265940919, 43.410374917971332 ], [ -66.044342294993385, 43.410553968469408 ], [ -66.044354931572215, 43.410643477406431 ], [ -66.044367455370349, 43.410732923726336 ], [ -66.044380092046524, 43.410822432738783 ], [ -66.044405121583125, 43.411001483614456 ], [ -66.044417758405203, 43.411090992740156 ], [ -66.044430304898427, 43.411180528176132 ], [ -66.044442928232954, 43.41127006041733 ], [ -66.044455434350979, 43.411359474057548 ], [ -66.04446794938552, 43.411448999703062 ], [ -66.044480604469996, 43.411538541961207 ], [ -66.044489498534432, 43.411602583890833 ], [ -66.044490296263618, 43.411628220232579 ], [ -66.04449511189037, 43.411808089025051 ], [ -66.044497643918234, 43.411898035104088 ], [ -66.044502482055137, 43.412077993063612 ], [ -66.044505000526868, 43.412167962302426 ], [ -66.044509816266725, 43.412347831573399 ], [ -66.044512379957368, 43.412437787795447 ], [ -66.044517186602874, 43.412617736329935 ], [ -66.044519736737428, 43.412707715711818 ], [ -66.044524543439479, 43.412887664485709 ], [ -66.044527084734412, 43.412977532018836 ], [ -66.044531923098219, 43.413157490935802 ], [ -66.044534441685713, 43.413247460653238 ], [ -66.044539280106235, 43.413427419809601 ], [ -66.044541812308211, 43.413517366606435 ], [ -66.044546628331005, 43.413697237073642 ], [ -66.044549178582031, 43.413787216934203 ], [ -66.04455056144819, 43.413841835692615 ], [ -66.044550220071173, 43.413877215407908 ], [ -66.044549441165884, 43.41396718944118 ], [ -66.044548522248391, 43.414057146939449 ], [ -66.044547698145124, 43.414147134189136 ], [ -66.044546810826674, 43.414237101671119 ], [ -66.044546000302688, 43.414327065960357 ], [ -66.044545067785563, 43.414417046658791 ], [ -66.044544288861232, 43.414507020931779 ], [ -66.044543369923019, 43.414596978669714 ], [ -66.04454178045232, 43.414776917511581 ], [ -66.044540847917986, 43.414866898409798 ], [ -66.044540037371391, 43.414956862978677 ], [ -66.044539104830051, 43.415046843956794 ], [ -66.044538316732115, 43.415136897534737 ], [ -66.044537429376533, 43.415226865456212 ], [ -66.04453661881702, 43.415316830184921 ], [ -66.044535686261796, 43.415406811322896 ], [ -66.044534907302634, 43.415496786035398 ], [ -66.04453397474046, 43.415586767253288 ], [ -66.044533164167973, 43.415676732141812 ], [ -66.044532245184996, 43.415766690399032 ], [ -66.044531466213101, 43.415856665271356 ], [ -66.04453053363703, 43.415946646649047 ], [ -66.044529723051554, 43.416036611697344 ], [ -66.044528804054778, 43.416126570114365 ], [ -66.04452802507015, 43.416216545146476 ], [ -66.044527092480166, 43.416306526683989 ], [ -66.04452628188173, 43.416396491892066 ], [ -66.044525394478669, 43.416486460372795 ], [ -66.044524583873795, 43.416576425660764 ], [ -66.044523651269884, 43.416666407358086 ], [ -66.044522863114423, 43.416756461655829 ], [ -66.044521930503535, 43.41684644343308 ], [ -66.044521151493484, 43.416936418784843 ], [ -66.044520232462233, 43.417026377601324 ], [ -66.044519421837919, 43.41711634312901 ], [ -66.044518489213118, 43.417206325066061 ], [ -66.044517710190348, 43.417296300577625 ], [ -66.044516791145298, 43.417386259553872 ], [ -66.044515980507995, 43.41747622524133 ], [ -66.044515079477549, 43.417566217242189 ], [ -66.044514268833794, 43.417656183009555 ], [ -66.044513336188132, 43.417746165186315 ], [ -66.044512557146277, 43.417836140937588 ], [ -66.044511746492915, 43.41792610682478 ], [ -66.044510827423807, 43.418016066080604 ], [ -66.044510016763923, 43.418106032047675 ], [ -66.044509115709673, 43.418196024328232 ], [ -66.044508305043308, 43.418285990375189 ], [ -66.044507385960387, 43.418375949790779 ], [ -66.044506597744288, 43.418466004848256 ], [ -66.044505665067447, 43.418555987384607 ], [ -66.044504885997114, 43.418645963495443 ], [ -66.044493667262884, 43.418735480291453 ], [ -66.044482118524542, 43.41882511212404 ], [ -66.044470691743385, 43.418914727625229 ], [ -66.044459228873961, 43.419004277274567 ], [ -66.044447802004413, 43.419093892852025 ], [ -66.044436253088136, 43.419183524837095 ], [ -66.04442480367301, 43.419273051559784 ], [ -66.044413363083365, 43.419362690292537 ], [ -66.044401913579819, 43.419452217091404 ], [ -66.044390332875963, 43.419541839324765 ], [ -66.044378905740757, 43.419631455130947 ], [ -66.044367487713998, 43.419720991948211 ], [ -66.044356015293232, 43.419810620967446 ], [ -66.044344457151368, 43.419900141285119 ], [ -66.044321588895215, 43.420079396281565 ], [ -66.044310017032274, 43.420168939754433 ], [ -66.044298589587257, 43.420258555827466 ], [ -66.044287139640829, 43.420348083007099 ], [ -66.044275698519755, 43.420437722197391 ], [ -66.044264148936008, 43.420527354754142 ], [ -66.044252698856695, 43.420616882048037 ], [ -66.044229829892274, 43.420796137654499 ], [ -66.044218271261045, 43.420885658390873 ], [ -66.044206798263616, 43.420975287905655 ], [ -66.044195379573537, 43.421064825294224 ], [ -66.044183920075483, 43.421154431844158 ], [ -66.044172370135755, 43.421244064705803 ], [ -66.044160919702193, 43.4213335923043 ], [ -66.044149478093857, 43.421423231914012 ], [ -66.044138027571876, 43.421512759588659 ], [ -66.044126477454157, 43.42160239260275 ], [ -66.044115049301055, 43.421692009285685 ], [ -66.044103598646188, 43.42178153707458 ], [ -66.044092170404696, 43.42187115383377 ], [ -66.044080597651416, 43.421960698068013 ], [ -66.044057727358691, 43.422139954818157 ], [ -66.044046276482504, 43.422229482797427 ], [ -66.044034694397439, 43.422319106211972 ], [ -66.044023265890246, 43.422408723199858 ], [ -66.044011814881117, 43.422498251293355 ], [ -66.044000372697056, 43.422587891398713 ], [ -66.043988813176071, 43.422677412896263 ], [ -66.04398597445919, 43.422699563620384 ], [ -66.043975279242943, 43.422766916403006 ], [ -66.043946675545001, 43.422945606170394 ], [ -66.043932518084048, 43.423035023673386 ], [ -66.043918216097538, 43.423124368649745 ], [ -66.043903936513772, 43.423213802596059 ], [ -66.043875345853905, 43.423392469692807 ], [ -66.043861174530122, 43.423481910422709 ], [ -66.043846885857093, 43.423571232543082 ], [ -66.043832605998077, 43.423660666674927 ], [ -66.043804001198808, 43.42383935718361 ], [ -66.043789843189742, 43.42392877505781 ], [ -66.043775540652547, 43.424018120404831 ], [ -66.043761228905694, 43.424107544817616 ], [ -66.043746971459868, 43.424196877101991 ], [ -66.043732659602725, 43.424286301588964 ], [ -66.043718478861493, 43.424375630715332 ], [ -66.043704207661705, 43.424464986152302 ], [ -66.043689895639304, 43.424554410750559 ], [ -66.043675592716468, 43.424643756357028 ], [ -66.043661312196647, 43.424733190934134 ], [ -66.04364702275285, 43.424822513573297 ], [ -66.043632841682594, 43.424911842922114 ], [ -66.043618560997729, 43.425001277610534 ], [ -66.043604257799544, 43.425090623402298 ], [ -66.043589977004459, 43.425180058164955 ], [ -66.04357567369604, 43.425269404030843 ], [ -66.0435614923516, 43.425358733565048 ], [ -66.043547211391413, 43.425448168438997 ], [ -66.043532921507392, 43.425537491374584 ], [ -66.043518640437028, 43.425626926322757 ], [ -66.04350433685326, 43.425716272373961 ], [ -66.043490155234636, 43.425805602093519 ], [ -66.043475873999185, 43.425895037152998 ], [ -66.043461570250258, 43.425984383315388 ], [ -66.043447270880492, 43.426073785502723 ], [ -66.043432967021303, 43.426163131739216 ], [ -66.043418807586889, 43.426252550578496 ], [ -66.043390231207368, 43.426431253141665 ], [ -66.043375917972284, 43.42652067855601 ], [ -66.043361627427629, 43.426610001936233 ], [ -66.043347345696404, 43.426699437329624 ], [ -66.043333163474514, 43.426788767457012 ], [ -66.043318859174775, 43.426878113989986 ], [ -66.043304577278448, 43.426967549494684 ], [ -66.043290286458586, 43.42705687306016 ], [ -66.043276004452068, 43.427146308639067 ], [ -66.043261821955994, 43.427235638951814 ], [ -66.043247517380891, 43.427324985670076 ], [ -66.043233235209243, 43.42741442136029 ], [ -66.04321893052385, 43.427503768152704 ], [ -66.043204630217488, 43.427593170970461 ], [ -66.043190465471696, 43.427682534415226 ], [ -66.043176165055286, 43.42777193730717 ], [ -66.043147586803798, 43.427950641130508 ], [ -66.043133286221988, 43.428040044133688 ], [ -66.043119121202125, 43.428129407763876 ], [ -66.04310482051028, 43.428218810841251 ], [ -66.043076210092934, 43.42839750513015 ], [ -66.043061940851032, 43.428486918223811 ], [ -66.04304763550455, 43.428576265460876 ], [ -66.043033474589777, 43.428665685302207 ], [ -66.04300486362159, 43.428844379961653 ], [ -66.042990594104509, 43.428933793240773 ], [ -66.04297628848262, 43.429023140663141 ], [ -66.042962127293706, 43.429112560690029 ], [ -66.042933515774692, 43.429291255720038 ], [ -66.042919245982432, 43.429380669184596 ], [ -66.042904940085108, 43.429470016792237 ], [ -66.042890778622066, 43.429559437004691 ], [ -66.042876472614694, 43.429648784686442 ], [ -66.042862157395021, 43.429738211436067 ], [ -66.042833590312014, 43.42991689384818 ], [ -66.042819396958421, 43.430006304340942 ], [ -66.042805122292009, 43.430095662113203 ], [ -66.042790806796674, 43.430185089048265 ], [ -66.042780547382975, 43.430248841693064 ], [ -66.042774539597701, 43.430274204881634 ], [ -66.04275339277153, 43.430362829416715 ], [ -66.04273215988222, 43.430451536247858 ], [ -66.042689911033463, 43.430628772349507 ], [ -66.042668655441716, 43.430717390345073 ], [ -66.042647530670095, 43.430806103984786 ], [ -66.042626383358453, 43.430894728721626 ], [ -66.042605159140336, 43.430983356723324 ], [ -66.042584011666818, 43.431071981527396 ], [ -66.042562778128556, 43.431160688627642 ], [ -66.042520527985829, 43.431337925267314 ], [ -66.042499258153299, 43.431426566573613 ], [ -66.042478132734288, 43.431515280482664 ], [ -66.042456876331187, 43.431603898814188 ], [ -66.042414625379564, 43.431781135790082 ], [ -66.042393359574746, 43.431869833253927 ], [ -66.042351094545808, 43.432047093473621 ], [ -66.042329860115146, 43.432135800943882 ], [ -66.042308711589541, 43.432224426185044 ], [ -66.042287486155203, 43.432313054690809 ], [ -66.042266351059894, 43.432401656957133 ], [ -66.042245224750729, 43.432490371236504 ], [ -66.042223967455215, 43.432578989937532 ], [ -66.042202850143013, 43.432667625252357 ], [ -66.042181592685182, 43.432756244020567 ], [ -66.042160466052223, 43.432844958434593 ], [ -66.042139316879172, 43.43293358394471 ], [ -66.042118059177923, 43.433022202813682 ], [ -66.042096955053779, 43.433110815254516 ], [ -66.042075828097225, 43.433199529803218 ], [ -66.042054570152644, 43.433288148772981 ], [ -66.04203342057491, 43.433376774451169 ], [ -66.042012194086539, 43.433465403393768 ], [ -66.041991066806119, 43.433554118077112 ], [ -66.041969930578361, 43.433642720814007 ], [ -66.04194867222806, 43.433731339951692 ], [ -66.04192755386444, 43.433819975703706 ], [ -66.041906286192201, 43.433908673940877 ], [ -66.041864017441554, 43.434085935707316 ], [ -66.041842758685505, 43.434174555012923 ], [ -66.041821630757596, 43.434263269965555 ], [ -66.041800525501714, 43.434351882877138 ], [ -66.041779266502274, 43.434440502283529 ], [ -66.04175813833163, 43.434529217337143 ], [ -66.041736879169832, 43.434617836810716 ], [ -66.041694622717827, 43.434795076072852 ], [ -66.041673372178707, 43.434883807628005 ], [ -66.041652234737327, 43.434972410869065 ], [ -66.041630975169781, 43.435061030510553 ], [ -66.041609855592824, 43.435149666766996 ], [ -66.041588726774663, 43.435238382089899 ], [ -66.041567466963727, 43.435327001832157 ], [ -66.041525209217411, 43.435504241632195 ], [ -66.041503971622362, 43.435592950414126 ], [ -66.041482819940214, 43.435681576966367 ], [ -66.041461559723501, 43.435770196876554 ], [ -66.041440453093088, 43.435858810359655 ], [ -66.041419323627451, 43.435947525951825 ], [ -66.041398063167364, 43.436036145962774 ], [ -66.041376911080448, 43.43612477268308 ], [ -66.041355650457959, 43.436213392761154 ], [ -66.041334520668372, 43.436302108487936 ], [ -66.041313413552871, 43.436390722172789 ], [ -66.041292152686992, 43.436479342351639 ], [ -66.041271000195337, 43.436567969239981 ], [ -66.041249883676045, 43.436656662059008 ], [ -66.04122864059336, 43.436745315287148 ], [ -66.041207501452888, 43.436833919233941 ], [ -66.041186262640537, 43.436922628520279 ], [ -66.041144001981792, 43.437099869530513 ], [ -66.041122740466719, 43.437188489978027 ], [ -66.041101609786793, 43.437277206075024 ], [ -66.041080348109318, 43.437365826589719 ], [ -66.041038086641464, 43.437543067936048 ], [ -66.041016833585545, 43.437631800533872 ], [ -66.040995693635892, 43.437720404816716 ], [ -66.040974431552598, 43.43780902549932 ], [ -66.040953309467952, 43.4378976627981 ], [ -66.040932191734925, 43.437986356121861 ], [ -66.040910929408227, 43.438074976905192 ], [ -66.040889775459419, 43.438163604398547 ], [ -66.040873121070462, 43.438233110898778 ], [ -66.040870135131314, 43.438252460421779 ], [ -66.040856098275555, 43.438341788777542 ], [ -66.040841930148858, 43.438431212570414 ], [ -66.04082787042752, 43.438520643076941 ], [ -66.040813679732281, 43.438609978003655 ], [ -66.040799633496974, 43.438699385541916 ], [ -66.040785582775172, 43.438788737125776 ], [ -66.040771414375797, 43.43887816110427 ], [ -66.04075736797769, 43.438967568753974 ], [ -66.040743177009745, 43.439056903866103 ], [ -66.040715070347062, 43.439235742393798 ], [ -66.040700910837771, 43.439325087523635 ], [ -66.040686850573167, 43.439414518401648 ], [ -66.040672659332444, 43.439503853699215 ], [ -66.040644552126622, 43.439682692598339 ], [ -66.040630392344838, 43.439772037913663 ], [ -66.040602284813303, 43.439950877035685 ], [ -66.040588093245347, 43.440040212555772 ], [ -66.040574046141415, 43.440129620688268 ], [ -66.040559886087195, 43.44021896618905 ], [ -66.04053177801255, 43.440397805682487 ], [ -66.040517586171845, 43.440487141387962 ], [ -66.04050352520099, 43.440576572748917 ], [ -66.040489355710861, 43.440665997469964 ], [ -66.040475317390232, 43.44075532682762 ], [ -66.040461256256435, 43.44084475830001 ], [ -66.040447077738563, 43.440934071148156 ], [ -66.040433016496038, 43.441023502694797 ], [ -66.040418846733232, 43.441112927601495 ], [ -66.040404808141318, 43.441202257144653 ], [ -66.040390746735881, 43.441291688802771 ], [ -66.040376576809535, 43.441381113820832 ], [ -66.040362506431251, 43.441470433568654 ], [ -66.040348476486542, 43.441559875244877 ], [ -66.040334283936673, 43.441649211432448 ], [ -66.040320235855461, 43.441738620233451 ], [ -66.040306065656424, 43.441828045437127 ], [ -66.040291995006555, 43.441917365370394 ], [ -66.040277964790491, 43.442006807232396 ], [ -66.040263762803804, 43.442096222640714 ], [ -66.040249723615133, 43.442185552592029 ], [ -66.040235553143376, 43.442274977981327 ], [ -66.040221491085887, 43.442364410085183 ], [ -66.040207451734489, 43.442453740147812 ], [ -66.040193249474797, 43.442543155741696 ], [ -66.040179196418592, 43.442632508921434 ], [ -66.040165025674114, 43.44272193449634 ], [ -66.040150976941206, 43.442811343742981 ], [ -66.040136937318522, 43.442900673991133 ], [ -66.040122766410505, 43.442990099677402 ], [ -66.040108703918364, 43.443079532078407 ], [ -66.040094632508158, 43.443168852531009 ], [ -66.040080461436531, 43.443258278328649 ], [ -66.040066421542519, 43.443347608762302 ], [ -66.040052236765234, 43.443437057677166 ], [ -66.040038187597972, 43.443526467220885 ], [ -66.040024115916168, 43.443615787858931 ], [ -66.040009944571793, 43.443705213842186 ], [ -66.03999588164497, 43.443794646540319 ], [ -66.039981719356291, 43.443883993561819 ], [ -66.039967669917502, 43.443973403291203 ], [ -66.039953597964086, 43.444062724114694 ], [ -66.03993942634699, 43.444152150283536 ], [ -66.039925363148456, 43.444241583167369 ], [ -66.039911200587255, 43.444330930374292 ], [ -66.03988308751542, 43.444509773284608 ], [ -66.039868906762038, 43.444599087652719 ], [ -66.039854843291806, 43.444688520722252 ], [ -66.039840802529639, 43.444777851749478 ], [ -66.039826630476185, 43.444867278215298 ], [ -66.039812566842997, 43.444956711396252 ], [ -66.039798385816937, 43.445046025949679 ], [ -66.039770271875966, 43.445224869454158 ], [ -66.039756108715267, 43.445314217069033 ], [ -66.039742058407626, 43.445403627392515 ], [ -66.039727863511629, 43.445492965174445 ], [ -66.039699749027378, 43.445671809050239 ], [ -66.039685585594142, 43.445761156850544 ], [ -66.039671535014932, 43.445850567359685 ], [ -66.039667759627548, 43.445873984402077 ], [ -66.039655870820809, 43.445939854688895 ], [ -66.039607363921036, 43.446207488368422 ], [ -66.039591207051316, 43.446296594284867 ], [ -66.039575135833985, 43.446385808996006 ], [ -66.039300333671719, 43.447902351318305 ], [ -66.039284306563701, 43.447991553546075 ], [ -66.039122648690082, 43.448883635931729 ], [ -66.039106458326756, 43.448972733026388 ], [ -66.039025626744689, 43.449418775758815 ], [ -66.039009584984584, 43.4495080016464 ], [ -66.038734759397414, 43.451024542483566 ], [ -66.038718698490896, 43.451113736072486 ], [ -66.038637873041338, 43.451559760108992 ], [ -66.038621698841496, 43.451648891240424 ], [ -66.038460029052217, 43.452540965435972 ], [ -66.038443998722187, 43.452630169548847 ], [ -66.038379307116912, 43.452986999050346 ], [ -66.0381723203799, 43.45412908068775 ], [ -66.03816886502004, 43.454146619724128 ], [ -66.038151450321919, 43.454235691556363 ], [ -66.038133927060215, 43.454324756743787 ], [ -66.03811650305785, 43.45441390768719 ], [ -66.038098979661584, 43.454502972945825 ], [ -66.038081578295973, 43.4545920218766 ], [ -66.03806404116439, 43.45468111025037 ], [ -66.038046639664756, 43.454770159252341 ], [ -66.038029084367153, 43.454859214745134 ], [ -66.03801166913253, 43.454948286862269 ], [ -66.037976621465418, 43.455126417842116 ], [ -66.037959196858935, 43.455215569106286 ], [ -66.037941672857144, 43.455304634685191 ], [ -66.037924270888183, 43.455393683936386 ], [ -66.037906715119163, 43.455482739678196 ], [ -66.037889299414942, 43.455571812044589 ], [ -66.037871775144055, 43.455660877765816 ], [ -66.037854359305712, 43.45574995020344 ], [ -66.037836803267354, 43.455839006087537 ], [ -66.037819400896154, 43.455928055552292 ], [ -66.037801867185181, 43.456017200456358 ], [ -66.037784451078537, 43.456106273036418 ], [ -66.037766926403961, 43.456195338971156 ], [ -66.037749510163181, 43.456284411622434 ], [ -66.037714428844268, 43.456462533761439 ], [ -66.037697026003713, 43.456551583475402 ], [ -66.037679500992681, 43.456640649588024 ], [ -66.037662084416453, 43.4567297224173 ], [ -66.037644550099458, 43.4568188676419 ], [ -66.037627133389066, 43.456907940542429 ], [ -66.037609576475205, 43.456996996888975 ], [ -66.037592173232397, 43.457086046816556 ], [ -66.03757464781765, 43.457175113142668 ], [ -66.037557230838971, 43.457264186185604 ], [ -66.037539705289703, 43.457353252582891 ], [ -66.037522301778793, 43.457442302652851 ], [ -66.037504753321258, 43.457531471206565 ], [ -66.03748719593591, 43.457620527802085 ], [ -66.037469792223689, 43.457709577978854 ], [ -66.037452266337851, 43.457798644554053 ], [ -66.037434848889532, 43.457887717846226 ], [ -66.03741732286916, 43.45797678449258 ], [ -66.037399887254466, 43.458065824903159 ], [ -66.037382361099517, 43.458154891620637 ], [ -66.037364943382869, 43.458243965055225 ], [ -66.037347407921132, 43.458333110885235 ], [ -66.037329990070319, 43.458422184391054 ], [ -66.037312463646202, 43.458511251250897 ], [ -66.037295059263585, 43.458600301783633 ], [ -66.037277501070193, 43.458689358805984 ], [ -66.03726008295105, 43.458778432454174 ], [ -66.037225029497179, 43.458956566494024 ], [ -66.037207624779242, 43.459045617204708 ], [ -66.037190088711412, 43.45913476335523 ], [ -66.037172670256808, 43.459223837181483 ], [ -66.037155111591858, 43.459312894452793 ], [ -66.037137706605691, 43.459401945305871 ], [ -66.037120179441345, 43.459491012557059 ], [ -66.037102760718383, 43.459580086525676 ], [ -66.037096633171927, 43.459610851337068 ], [ -66.037085717123418, 43.459669223437508 ], [ -66.037068795574896, 43.45975834402271 ], [ -66.037052014106195, 43.45984748123449 ], [ -66.037035078824857, 43.459936624935807 ], [ -66.037001515563986, 43.460114899538908 ], [ -66.036984580087733, 43.460204043347879 ], [ -66.036967798295578, 43.4602931807392 ], [ -66.036950876292352, 43.460382301575507 ], [ -66.036917280748668, 43.460560566628786 ], [ -66.036900376583489, 43.460649720526021 ], [ -66.036883594467909, 43.46073885809686 ], [ -66.036866672139936, 43.460827979112523 ], [ -66.036833075949104, 43.46100624452481 ], [ -66.036816171459279, 43.461095398601501 ], [ -66.036799357383899, 43.461184526442921 ], [ -66.036782466367541, 43.461273657546869 ], [ -66.036748869529561, 43.461451923318144 ], [ -66.036731933078471, 43.46154106766528 ], [ -66.03671515031597, 43.461630205595164 ], [ -66.03669822733842, 43.461719326969508 ], [ -66.036681453305604, 43.4618085769674 ], [ -66.03666463871221, 43.461897705096014 ], [ -66.036647747176701, 43.461986836487043 ], [ -66.036630932453789, 43.462075964687443 ], [ -66.036614027184683, 43.462165119194786 ], [ -66.036580429052151, 43.462343385684122 ], [ -66.036563537192137, 43.462432517254534 ], [ -66.036546722145474, 43.462521645634403 ], [ -66.036529816551692, 43.462610800321187 ], [ -66.036496217771941, 43.462789067169481 ], [ -66.036479293949967, 43.462878189010162 ], [ -66.036462510217021, 43.462967327478623 ], [ -66.03644557266098, 43.463056472435674 ], [ -66.036412018475744, 43.463234726507423 ], [ -66.036395080724802, 43.463323871572094 ], [ -66.036378296668374, 43.463413010220052 ], [ -66.036361372391639, 43.463502132311795 ], [ -66.03632777231735, 43.463680399877965 ], [ -66.0363108658794, 43.463769555031256 ], [ -66.036294049861397, 43.463858683949454 ], [ -66.036277156897938, 43.463947816129767 ], [ -66.036243556176373, 43.464126084054897 ], [ -66.03622664941372, 43.464215239387606 ], [ -66.036217410890316, 43.464264226799123 ], [ -66.036209833071922, 43.464304368485251 ], [ -66.03619293978393, 43.464393500844942 ], [ -66.036159338415075, 43.464571769129009 ], [ -66.036142413293831, 43.464660891687004 ], [ -66.036125628266888, 43.464750030873439 ], [ -66.036108689410881, 43.464839176547933 ], [ -66.036075119033427, 43.465017455100309 ], [ -66.036058216050478, 43.465106666790881 ], [ -66.036041399061077, 43.465195796247443 ], [ -66.036024491519015, 43.465284952010748 ], [ -66.035990888855423, 43.465463221012755 ], [ -66.035973963084459, 43.465552343929389 ], [ -66.03595717741041, 43.46564148347484 ], [ -66.035940251509473, 43.465730606463211 ], [ -66.035906679837893, 43.465908885733583 ], [ -66.035889740136867, 43.465998031874442 ], [ -66.035872954139279, 43.466087171599369 ], [ -66.035856027913496, 43.466176294767052 ], [ -66.035822455594825, 43.466354574396398 ], [ -66.035805529174198, 43.466443697671664 ], [ -66.0357887428531, 43.466532837576068 ], [ -66.035771802696971, 43.466621983968004 ], [ -66.035738211696767, 43.466800231001734 ], [ -66.035721302985692, 43.466889387410873 ], [ -66.035704484700958, 43.46697851758514 ], [ -66.035687589465539, 43.46706765102104 ], [ -66.035653984212473, 43.46724592145862 ], [ -66.03563708878238, 43.467335055002138 ], [ -66.035620270173823, 43.467424185355817 ], [ -66.035603361008029, 43.46751334201609 ], [ -66.035569768713415, 43.467691589767533 ], [ -66.035555483243087, 43.467766713661803 ], [ -66.035551850962335, 43.467780676469054 ], [ -66.035528941495272, 43.467869073648032 ], [ -66.035413868238294, 43.468311059563568 ], [ -66.035390989886636, 43.468399466847046 ], [ -66.035367971277211, 43.468487857568874 ], [ -66.035344975043387, 43.468576337278101 ], [ -66.035298923778981, 43.468753141929014 ], [ -66.035276044989644, 43.468841549374851 ], [ -66.035160966904158, 43.469283537073885 ], [ -66.035138055947996, 43.469371934804556 ], [ -66.03511506801442, 43.469460335792981 ], [ -66.035092039173065, 43.469548805949373 ], [ -66.035046017618427, 43.469725621223617 ], [ -66.035023106224273, 43.469814019116569 ], [ -66.034908054951856, 43.470256018508984 ], [ -66.034885156639135, 43.470344393551407 ], [ -66.034839101862119, 43.47052119949926 ], [ -66.034816103608762, 43.470609679955167 ], [ -66.034770079946938, 43.470786496007705 ], [ -66.034747181108784, 43.470874871244781 ], [ -66.034655114345341, 43.471228470913204 ], [ -66.034632233104773, 43.471316879268002 ], [ -66.034586190003068, 43.471493662883816 ], [ -66.034563177176295, 43.471582166742138 ], [ -66.034517133547382, 43.471758950552484 ], [ -66.034494251781453, 43.471847359102071 ], [ -66.034379158769255, 43.472289352312913 ], [ -66.034356258442372, 43.472377728101492 ], [ -66.034310231268677, 43.47255454545104 ], [ -66.034287230995616, 43.472643026653571 ], [ -66.034264208171308, 43.472731418931524 ], [ -66.034241293798516, 43.47281981792775 ], [ -66.034126227600524, 43.473261822832079 ], [ -66.034103312702044, 43.473350222022951 ], [ -66.034057297204882, 43.473527017040382 ], [ -66.034034264321548, 43.473615488689411 ], [ -66.034011272175505, 43.47370389123445 ], [ -66.033988356838975, 43.473792290587589 ], [ -66.033873254167077, 43.474234287364389 ], [ -66.033850383558175, 43.474322673777266 ], [ -66.033762537536546, 43.474659963935267 ], [ -66.033757787595405, 43.474676198979267 ], [ -66.033731678595402, 43.474764226862447 ], [ -66.033705655576853, 43.47485217250442 ], [ -66.033679523915225, 43.474940111490078 ], [ -66.033653514307858, 43.475028034147101 ], [ -66.033627368839021, 43.475115996238877 ], [ -66.033601359033895, 43.475203918956495 ], [ -66.033575226975842, 43.475291858063237 ], [ -66.033549225827116, 43.475379892845467 ], [ -66.033523093570807, 43.475467832012804 ], [ -66.033497069760969, 43.475555777897277 ], [ -66.033470937306419, 43.475643717125152 ], [ -66.03344495855363, 43.475731649935476 ], [ -66.033418825900924, 43.475819589223889 ], [ -66.033392801695484, 43.475907535229595 ], [ -66.033366659662022, 43.475995553626404 ], [ -66.033340666904465, 43.476083509603662 ], [ -66.033288400706823, 43.47625938845303 ], [ -66.03326238961624, 43.476347311564609 ], [ -66.033236256269575, 43.476435251064956 ], [ -66.033210231371598, 43.476523197282816 ], [ -66.03318412028986, 43.476611225802742 ], [ -66.03315809519404, 43.476699172081261 ], [ -66.033131961450849, 43.476787111702713 ], [ -66.033105949766963, 43.476875034996148 ], [ -66.033079815825559, 43.476962974678123 ], [ -66.033053790334051, 43.477050921077854 ], [ -66.033027656194378, 43.477138860820396 ], [ -66.033001652968139, 43.477226896240076 ], [ -66.032975518630181, 43.477314836043199 ], [ -66.032949506352992, 43.477402759518441 ], [ -66.032923371816821, 43.477490699382081 ], [ -66.03289737737849, 43.477578655874801 ], [ -66.032871242644106, 43.477666595799001 ], [ -66.032845229971429, 43.47775451939544 ], [ -66.03281908142857, 43.477842482425928 ], [ -66.032793091021148, 43.477930495042699 ], [ -66.032766955890253, 43.478018435087982 ], [ -66.03274092921167, 43.478106381851433 ], [ -66.032714793882477, 43.478194321957261 ], [ -66.032688780616439, 43.478282245735521 ], [ -66.032662645089019, 43.478370185901866 ], [ -66.03263664966201, 43.478458142697804 ], [ -66.032610504752029, 43.478546161973433 ], [ -66.032584477479858, 43.478634108918733 ], [ -66.032558341555855, 43.478722049206198 ], [ -66.032532359343961, 43.47880998307761 ], [ -66.032506223221759, 43.478897923425599 ], [ -66.032480195553916, 43.47898587049211 ], [ -66.03245405923343, 43.479073810900623 ], [ -66.032428067441487, 43.479161823942242 ], [ -66.032401930922745, 43.479249764411328 ], [ -66.032375902859144, 43.479337711599086 ], [ -66.03232362932583, 43.479513592688569 ], [ -66.032297614576336, 43.479601516921299 ], [ -66.032271477561792, 43.479689457541689 ], [ -66.032245471466325, 43.479777493841574 ], [ -66.032219334253483, 43.479865434522523 ], [ -66.032193305497188, 43.479953381922378 ], [ -66.032167168086048, 43.480041322663872 ], [ -66.032141152743122, 43.480129247078402 ], [ -66.032115015133712, 43.480217187880413 ], [ -66.03210687875881, 43.480244679298799 ], [ -66.03209201604723, 43.480305592793194 ], [ -66.032070093255513, 43.480394143675994 ], [ -66.032048324196936, 43.480482688146388 ], [ -66.032026545869414, 43.480571311699421 ], [ -66.031961192684122, 43.48083695854352 ], [ -66.031939291853647, 43.480925598586332 ], [ -66.031873982928673, 43.48119123269408 ], [ -66.031852203934392, 43.481279856512707 ], [ -66.031830420431206, 43.481368424360831 ], [ -66.031808510248084, 43.481456952595181 ], [ -66.031764956436589, 43.48163406541115 ], [ -66.031743177025447, 43.48172268939576 ], [ -66.031677834202242, 43.481988314487189 ], [ -66.031655932285062, 43.482076954961279 ], [ -66.031590574849503, 43.482342603496676 ], [ -66.031568826421264, 43.482431237658723 ], [ -66.031547023797074, 43.482519772980091 ], [ -66.0315251305652, 43.482608334603 ], [ -66.03150335942405, 43.482696879902534 ], [ -66.031481579012549, 43.482785504285495 ], [ -66.031416219577082, 43.483051153616799 ], [ -66.031394339456412, 43.483139692392413 ], [ -66.031372545015515, 43.483228339987491 ], [ -66.031307197942382, 43.483493966770006 ], [ -66.03128541678069, 43.483582591451729 ], [ -66.031263644723282, 43.483671137116055 ], [ -66.031241750405243, 43.483759699169795 ], [ -66.031219946530427, 43.483848234988365 ], [ -66.031198196685878, 43.48393686971491 ], [ -66.031132834000132, 43.484202520339444 ], [ -66.031110943605739, 43.484291138596568 ], [ -66.031023806945612, 43.484645335648047 ], [ -66.031002024700143, 43.484733960761261 ], [ -66.03098025155964, 43.48482250685668 ], [ -66.030958356155395, 43.48491106934118 ], [ -66.030936551196774, 43.484999605590687 ], [ -66.030914800269144, 43.485088240748887 ], [ -66.030849447946323, 43.485353869620262 ], [ -66.030827542851995, 43.48544251135479 ], [ -66.030762189528801, 43.485708140623956 ], [ -66.030740392669202, 43.485796789181805 ], [ -66.030718618528795, 43.485885335675135 ], [ -66.030696735735447, 43.485973875510908 ], [ -66.030674929776296, 43.486062412158127 ], [ -66.030653164235048, 43.486151070761132 ], [ -66.030566034188197, 43.486505247551435 ], [ -66.030544128006852, 43.48659388971712 ], [ -66.030478771433266, 43.486859520279246 ], [ -66.030456987103364, 43.486948146222211 ], [ -66.030435211879777, 43.487036693146557 ], [ -66.030413282733676, 43.487125246546888 ], [ -66.030391507343268, 43.487213793537499 ], [ -66.030369722679723, 43.487302419613187 ], [ -66.03030439575889, 43.487568060883504 ], [ -66.030282488574016, 43.487656703447179 ], [ -66.030238905056805, 43.487833787946855 ], [ -66.030195352859593, 43.488010882491729 ], [ -66.030173567445701, 43.488099508866092 ], [ -66.030151791138849, 43.488188056221439 ], [ -66.030129860905618, 43.488276610052303 ], [ -66.030108084431916, 43.488365157473915 ], [ -66.030092775363244, 43.488427327737732 ], [ -66.030085299042582, 43.488453634792037 ], [ -66.030060306318347, 43.488541721328545 ], [ -66.030010012895474, 43.488717907379005 ], [ -66.029984974616767, 43.488806007142323 ], [ -66.02995982766636, 43.488894100244949 ], [ -66.029934811659871, 43.488982289035576 ], [ -66.029909664518314, 43.489070382200154 ], [ -66.029884639473167, 43.489158459040908 ], [ -66.029859492140503, 43.48924655226741 ], [ -66.029834453289624, 43.489334652216755 ], [ -66.02978415814637, 43.489510838824543 ], [ -66.029759164278772, 43.489598925733098 ], [ -66.029734007276815, 43.489687098167181 ], [ -66.0297089996034, 43.489775208184405 ], [ -66.029683851601732, 43.489863301627658 ], [ -66.02965882569859, 43.48995137874735 ], [ -66.029608529217342, 43.490127565788626 ], [ -66.029583489412687, 43.490215666047916 ], [ -66.029558340933036, 43.490303759645954 ], [ -66.029533323400486, 43.490391948933251 ], [ -66.029508174729699, 43.490480042593255 ], [ -66.029483148159159, 43.490568119929861 ], [ -66.029432850339674, 43.490744307404618 ], [ -66.029407855138103, 43.490832394747223 ], [ -66.029382705989448, 43.49092048856199 ], [ -66.029357665326415, 43.49100858910024 ], [ -66.02933253844941, 43.491096771943305 ], [ -66.02930749759561, 43.491184872543585 ], [ -66.029282348064612, 43.491272966482235 ], [ -66.029257320636049, 43.491361044097737 ], [ -66.029207021096113, 43.491537232129787 ], [ -66.029182025036988, 43.491625319751421 ], [ -66.029156875028107, 43.49171341384482 ], [ -66.029131824313779, 43.491801593715557 ], [ -66.029106674113663, 43.491889687870909 ], [ -66.029081677673403, 43.491977775616547 ], [ -66.029070403099283, 43.492016986338001 ], [ -66.029063860588337, 43.492066664215301 ], [ -66.029051992396248, 43.492156214129956 ], [ -66.029040038036911, 43.49224584635644 ], [ -66.029028201408835, 43.492335406260061 ], [ -66.029016238110756, 43.492424926548431 ], [ -66.02900440139085, 43.492514486527746 ], [ -66.028992424384015, 43.492604029938562 ], [ -66.028980569532592, 43.492693557033384 ], [ -66.028968723481697, 43.49278319618012 ], [ -66.028956777992718, 43.492872749617732 ], [ -66.028944923003564, 43.49296227682607 ], [ -66.028932945765902, 43.493051820425983 ], [ -66.028921108724688, 43.493141380670203 ], [ -66.028909153857683, 43.493231013313178 ], [ -66.028885461505894, 43.493410101030605 ], [ -66.028873484037405, 43.493499644819636 ], [ -66.028861660383541, 43.493589182206165 ], [ -66.028849673628983, 43.493678805125036 ], [ -66.028837836266447, 43.49376836563421 ], [ -66.028825872230144, 43.49385788652755 ], [ -66.028802179235527, 43.494036974774644 ], [ -66.028790223907095, 43.494126607796247 ], [ -66.028778386315096, 43.494216168494638 ], [ -66.028766408431068, 43.494305712624026 ], [ -66.028754552706999, 43.494395240437626 ], [ -66.028742606387965, 43.494484794556115 ], [ -66.028730759418181, 43.494574434460425 ], [ -66.028718903556396, 43.49466396238752 ], [ -66.028706957099089, 43.494753516619511 ], [ -66.028695101145431, 43.49484304462225 ], [ -66.02868312293819, 43.494932589016351 ], [ -66.028671284933012, 43.495022150055306 ], [ -66.028659329096854, 43.495111783493321 ], [ -66.02863564843399, 43.495290849752784 ], [ -66.028623669995952, 43.495380394335974 ], [ -66.028611831761296, 43.495469955564154 ], [ -66.028599844036307, 43.495559579277895 ], [ -66.028588019327344, 43.495649117534661 ], [ -66.028576040704522, 43.495738662269105 ], [ -66.028552345781307, 43.495917752105292 ], [ -66.028540389483666, 43.496007385921907 ], [ -66.028528564545383, 43.496096924367833 ], [ -66.028516585691733, 43.496186469291381 ], [ -66.028504715385296, 43.496276020946496 ], [ -66.028492781715684, 43.496365552812101 ], [ -66.028480933781069, 43.496455193511814 ], [ -66.027052295450829, 43.50003450205925 ], [ -66.022083268579323, 43.51767078291104 ], [ -66.023472314511423, 43.523980967957257 ], [ -66.028900757912069, 43.530122445328644 ], [ -66.04899908484299, 43.530104910920329 ], [ -66.094149155550852, 43.530804683761353 ], [ -66.129637019003709, 43.572781965886882 ], [ -66.175610840705531, 43.626849746891153 ], [ -66.183894261873405, 43.669219803259246 ], [ -66.190688933651302, 43.70392278003655 ], [ -66.20052522767044, 43.748879950547675 ], [ -66.200569889693867, 43.750056488727331 ], [ -66.201680369393927, 43.77930362525904 ], [ -66.202218795239588, 43.785780793396164 ], [ -66.205172838262897, 43.82128841137196 ], [ -66.207109989434372, 43.844546486716524 ], [ -66.207606167835024, 43.850500638405506 ], [ -66.208460366703036, 43.85893549417581 ], [ -66.210247259764415, 43.876571145437723 ], [ -66.211448284634187, 43.888418047961423 ], [ -66.212734732048176, 43.901101500072585 ], [ -66.214524185129633, 43.918733548746161 ], [ -66.214684716290932, 43.920314807447596 ], [ -66.214942221139282, 43.923891814382984 ], [ -66.215069928626761, 43.925665799996601 ], [ -66.215928048063006, 43.937581079375029 ], [ -66.216330433765279, 43.943166549886151 ], [ -66.217754748266017, 43.962928147207556 ], [ -66.218539876774358, 43.968195255700529 ], [ -66.221950538621442, 44.00003165021495 ], [ -66.221950908742855, 44.000035318747017 ], [ -66.222018428801036, 44.000665034298848 ], [ -66.228049816336593, 44.007101437924305 ], [ -66.2400167811345, 44.019865990489201 ], [ -66.252610287328736, 44.033290261673059 ], [ -66.261434504408228, 44.042691389388295 ], [ -66.267749599219641, 44.049416666062115 ], [ -66.274495279986397, 44.056598123013472 ], [ -66.333544414974213, 44.118244384233932 ], [ -66.352496370824554, 44.137888610827105 ], [ -66.365879164516784, 44.15174878444634 ], [ -66.366206344454426, 44.151431399076422 ], [ -66.429319665264856, 44.218494733101849 ], [ -66.445475664611621, 44.235835954309138 ], [ -66.447081458051869, 44.244315844414395 ], [ -66.442942403814357, 44.250052260261171 ], [ -66.442935221383223, 44.250062216185434 ], [ -66.440423070855033, 44.253543175068707 ], [ -66.369807037361895, 44.320926536158595 ] ] ] } },
{ "type": "Feature", "properties": { "FED_NUM": 12002, "ED_NAMEE": "Cape Breton—Canso—Antigonish", "ED_NAMEF": "Cape Breton—Canso—Antigonish", "REP_ORDER": "2023", "SHAPE_AREA": 20565331006.900002, "SHAPE_LEN": 817039.157442, "NUM_CF": null, "CF_NOMFR": null, "CF_NOMAN": null, "DEC_REP": null, "PROV_CODE": "12", "PROV_NAME": "PE" }, "geometry": { "type": "Polygon", "coordinates": [ [ [ -62.247957502574238, 45.749431063315662 ], [ -62.247374986036739, 45.750003568287696 ], [ -62.238691450296152, 45.758535742020392 ], [ -62.238473009005922, 45.758700240271139 ], [ -62.225260149510355, 45.765777286391838 ], [ -62.186655402478344, 45.786432053223209 ], [ -62.165737178284324, 45.797609903908032 ], [ -62.158073589738436, 45.804068984213806 ], [ -62.149151243017386, 45.811586020947225 ], [ -62.137018495559317, 45.821802748686409 ], [ -62.132834868298211, 45.825324327742692 ], [ -62.13078753411628, 45.827047437278779 ], [ -62.118248143114094, 45.838333683551518 ], [ -62.101396240707373, 45.85107453944017 ], [ -62.073906781547578, 45.866025582516201 ], [ -62.072168616146371, 45.866970360481083 ], [ -62.036336602751625, 45.882556402644759 ], [ -62.000003780242949, 45.898014829077951 ], [ -62.000000012808705, 45.898016424730642 ], [ -61.998885510271414, 45.898490220727027 ], [ -61.995340633563117, 45.899617600147458 ], [ -61.897298337192147, 45.930722904542876 ], [ -61.874158404164135, 45.937468530977796 ], [ -61.658127709057496, 46.000072684461827 ], [ -61.656195471088161, 46.000073236792524 ], [ -61.638977308759479, 46.000076268527437 ], [ -61.628730726377583, 45.999421067926122 ], [ -61.603321257804836, 45.999252681649644 ], [ -61.593460819625371, 45.999505069392178 ], [ -61.583719086981844, 45.999753370705562 ], [ -61.583670124359813, 46.000064052594794 ], [ -61.583668196199675, 46.000076239475412 ], [ -61.582496914751019, 46.007508838927642 ], [ -61.579102943018633, 46.024090939053131 ], [ -61.576991574259424, 46.036413373614366 ], [ -61.572810991443831, 46.039742520705595 ], [ -61.558086665300543, 46.051932048536308 ], [ -61.542390545600519, 46.064262114203849 ], [ -61.526167367767499, 46.07613217236306 ], [ -61.519631084088708, 46.080974325239012 ], [ -61.504298453776954, 46.092327281189355 ], [ -61.500160207515073, 46.096107634589117 ], [ -61.499999999791932, 46.096180829979957 ], [ -61.499996523985587, 46.096182409397152 ], [ -61.498031439974454, 46.097079984724893 ], [ -61.495793807401, 46.100403637512969 ], [ -61.490431295541661, 46.11412155824587 ], [ -61.486440523848003, 46.124668026705415 ], [ -61.484531015352836, 46.129712646677561 ], [ -61.481436935226583, 46.137419966431864 ], [ -61.478220286082511, 46.145429901768772 ], [ -61.475720021190014, 46.150780388560918 ], [ -61.475126439295714, 46.151701734372317 ], [ -61.469720986674183, 46.160090025965012 ], [ -61.459812139283564, 46.172016043455017 ], [ -61.45490049182991, 46.176444453458139 ], [ -61.451925795109126, 46.179125981656135 ], [ -61.445453488011353, 46.183918152215917 ], [ -61.437094438519061, 46.188194053443752 ], [ -61.428520016107633, 46.192007089250318 ], [ -61.42513604692784, 46.193511542540477 ], [ -61.419795808319513, 46.196046911901163 ], [ -61.418094302383061, 46.196828529795553 ], [ -61.395888642873452, 46.207023731479147 ], [ -61.381498579758677, 46.213625471522825 ], [ -61.359892043303127, 46.22394772383722 ], [ -61.349988712568653, 46.228870216715535 ], [ -61.347609976024614, 46.230052280128469 ], [ -61.338643124630906, 46.234507051487981 ], [ -61.335875710775326, 46.23587641524675 ], [ -61.319857147360793, 46.243799442685791 ], [ -61.312439077689376, 46.247466711872768 ], [ -61.30769634979616, 46.250044909782893 ], [ -61.306622272047605, 46.249892324031059 ], [ -61.30657966686114, 46.250053656885534 ], [ -61.306578079393603, 46.250059673319164 ], [ -61.300039309072467, 46.27480501089795 ], [ -61.294829098283799, 46.294504143539562 ], [ -61.290300540149346, 46.311497330974113 ], [ -61.28157689840674, 46.3441982065658 ], [ -61.274792670692989, 46.369598318349773 ], [ -61.26378574229593, 46.378205224598354 ], [ -61.218971088271395, 46.413203240805309 ], [ -61.198897145913165, 46.428856565130154 ], [ -61.176365107624619, 46.447109464186042 ], [ -61.150911688469165, 46.467705836834 ], [ -61.126972680829965, 46.48705436511522 ], [ -61.110853115844854, 46.500070732088609 ], [ -61.077878289423666, 46.500056827595579 ], [ -61.077880553540574, 46.500072766223475 ], [ -61.079446648835258, 46.51117331473715 ], [ -61.080324487855485, 46.523360193106249 ], [ -61.075780445473207, 46.54204896610625 ], [ -61.071159246864561, 46.561039995255314 ], [ -61.068053822781266, 46.583421337682537 ], [ -61.067024949133639, 46.590831934423882 ], [ -61.065239627456819, 46.603685599326838 ], [ -61.043897057739649, 46.642911952515277 ], [ -61.020588453262555, 46.664158030222694 ], [ -61.020241649824328, 46.664491776297787 ], [ -61.004612553862344, 46.679526287038428 ], [ -61.001345302923788, 46.682667701959019 ], [ -61.000000016776021, 46.683961051009113 ], [ -60.989053225549611, 46.694481714771527 ], [ -60.988516250615099, 46.694997637520864 ], [ -60.934737120538294, 46.746596633751203 ], [ -60.931148201477683, 46.750067397963896 ], [ -60.93083046697101, 46.750374658303599 ], [ -60.913889765210783, 46.783500476839386 ], [ -60.913837669596283, 46.78374684817188 ], [ -60.800515708902708, 46.870223435657472 ], [ -60.71797545170768, 46.976483867520543 ], [ -60.71621857234549, 46.978739721565596 ], [ -60.691117485229384, 47.000050596485735 ], [ -60.691105765602877, 47.00006053341275 ], [ -60.620050297135016, 47.06024733000941 ], [ -60.564555535642619, 47.061110741924693 ], [ -60.550930049968947, 47.054262469004584 ], [ -60.550695481250031, 47.055043766640573 ], [ -60.548479588828698, 47.055229920546566 ], [ -60.547646482319138, 47.05529989504808 ], [ -60.50000000653057, 47.059917342296714 ], [ -60.488436400471024, 47.061034172716305 ], [ -60.472714607592145, 47.062550196155286 ], [ -60.470624538325055, 47.062794802038567 ], [ -60.458479260095437, 47.064215193364824 ], [ -60.438194607067452, 47.073037688362639 ], [ -60.42602243250068, 47.080189843131741 ], [ -60.417103852152962, 47.085427884839852 ], [ -60.415073483313236, 47.086748443537275 ], [ -60.372213888814947, 47.114597540866754 ], [ -60.326793479768227, 47.143575569323879 ], [ -60.235801984056145, 47.202455448221997 ], [ -60.183380570051661, 47.235080692516711 ], [ -60.109070519061056, 47.232021707674576 ], [ -60.119021898391914, 47.218697272818801 ], [ -60.125607121038207, 47.200981105776613 ], [ -60.232035841195454, 47.06928465312199 ], [ -60.236703467715841, 47.063489361316144 ], [ -60.285525315469442, 47.000040983886883 ], [ -60.285526096425905, 47.000039997731008 ], [ -60.285819553360277, 46.999658032518809 ], [ -60.287431189438195, 46.958965037376906 ], [ -60.287547967592658, 46.956013634722375 ], [ -60.288094984637567, 46.942184234579912 ], [ -60.288825607737294, 46.923701021581259 ], [ -60.289082217207039, 46.917205370875102 ], [ -60.289456739807328, 46.907722824866291 ], [ -60.289759165167077, 46.900062196458627 ], [ -60.289915940450847, 46.896090585179799 ], [ -60.29018493605178, 46.889273714239408 ], [ -60.290488265914384, 46.881584548460772 ], [ -60.292783359176937, 46.823327446109857 ], [ -60.292935452393387, 46.820140563225195 ], [ -60.293381106549013, 46.810800119818239 ], [ -60.293929759540688, 46.799295590202298 ], [ -60.295104226451073, 46.774651131362489 ], [ -60.29627536697911, 46.750050943069134 ], [ -60.296710823928592, 46.740897607689931 ], [ -60.298150432983718, 46.710612122712497 ], [ -60.299996389487745, 46.67172237510345 ], [ -60.300441217233569, 46.662341212505844 ], [ -60.300657926956852, 46.660538563488458 ], [ -60.302851657049359, 46.642284369767694 ], [ -60.303996390339364, 46.6327534482717 ], [ -60.310171148382203, 46.581277508391608 ], [ -60.3108849586961, 46.575319716308968 ], [ -60.313048294768407, 46.557254291094225 ], [ -60.319808505681841, 46.500714661048036 ], [ -60.319903890643282, 46.500068347599623 ], [ -60.319904610851637, 46.500063526427255 ], [ -60.332678258311745, 46.413355497078413 ], [ -60.33305049327025, 46.413294981010779 ], [ -60.34086506729038, 46.360157298259786 ], [ -60.332127249416438, 46.35718216205008 ], [ -60.325879963461375, 46.355054276373885 ], [ -60.30882335787922, 46.349292197722114 ], [ -60.291837639935544, 46.343576238579786 ], [ -60.283331783227169, 46.34073583467304 ], [ -60.271047549616476, 46.336543171457592 ], [ -60.277593429293375, 46.325643057497757 ], [ -60.282660042474525, 46.316884067402725 ], [ -60.284188361452493, 46.314406300445789 ], [ -60.286176316486831, 46.311183012129241 ], [ -60.285228620261648, 46.309406087946662 ], [ -60.285190463275377, 46.309339700446621 ], [ -60.285670865276202, 46.307457021030238 ], [ -60.286027940238917, 46.303057804930162 ], [ -60.286487934280451, 46.299884777827316 ], [ -60.287645789959704, 46.296629063653093 ], [ -60.285950094950174, 46.294172815879953 ], [ -60.285209958373351, 46.293345574906809 ], [ -60.28524693760739, 46.291333985483433 ], [ -60.286488185535539, 46.289809078533217 ], [ -60.287691050837317, 46.289093626380449 ], [ -60.289944107171614, 46.289143358480963 ], [ -60.291551932782177, 46.289447678716016 ], [ -60.293520268485139, 46.288335640996344 ], [ -60.295675566406651, 46.285878317566272 ], [ -60.297709290416563, 46.28402871455912 ], [ -60.298476016101617, 46.283504558114359 ], [ -60.299225675934196, 46.282992029911348 ], [ -60.299693471569036, 46.282895560344329 ], [ -60.300063254136084, 46.282503320023764 ], [ -60.301575127184385, 46.281721605970858 ], [ -60.301868484832859, 46.28045407394999 ], [ -60.301058667778953, 46.278736873140588 ], [ -60.299471731687518, 46.276152657879649 ], [ -60.298492681914439, 46.27513670669456 ], [ -60.297741359685155, 46.274231795633803 ], [ -60.296549708177096, 46.273258757860809 ], [ -60.295361853209023, 46.27179003792142 ], [ -60.294839852149465, 46.270727601176389 ], [ -60.294730132160552, 46.269822116333543 ], [ -60.29490600102411, 46.268311786033522 ], [ -60.294245426848128, 46.267016006735133 ], [ -60.293703099629198, 46.265914303036134 ], [ -60.294599817459954, 46.264904168253516 ], [ -60.294410336619258, 46.263972436786041 ], [ -60.293704649914524, 46.262734550198331 ], [ -60.293890539600199, 46.261943826152915 ], [ -60.295094810392797, 46.2611615120205 ], [ -60.296340724180617, 46.260571468609932 ], [ -60.296891574938243, 46.259965684227083 ], [ -60.297367554012972, 46.258872422171365 ], [ -60.297303273087707, 46.25826249197231 ], [ -60.297264907520614, 46.257898506212001 ], [ -60.296288212589275, 46.257007816094173 ], [ -60.295270636246059, 46.256546079859802 ], [ -60.294729187853747, 46.256053631961528 ], [ -60.294780600572992, 46.255543103178894 ], [ -60.295435292333885, 46.255178911979741 ], [ -60.295992281127724, 46.254761949218185 ], [ -60.296048141572406, 46.254156755517492 ], [ -60.295419387692611, 46.253621540047774 ], [ -60.294644671671172, 46.252633499289487 ], [ -60.294658465375392, 46.252288703452749 ], [ -60.297515116199989, 46.250025607472438 ], [ -60.297526142655158, 46.250015590656034 ], [ -60.303335029492871, 46.244748431740661 ], [ -60.306168550331861, 46.242209421469482 ], [ -60.306517005462169, 46.241508496753205 ], [ -60.307978864695066, 46.23856765218035 ], [ -60.310449648567932, 46.233596307770092 ], [ -60.322421487664904, 46.209493026703598 ], [ -60.32127329382498, 46.20882640683346 ], [ -60.321190092244265, 46.208458607677578 ], [ -60.320793380525068, 46.208021105554735 ], [ -60.320662913722281, 46.207518996689352 ], [ -60.32031731359902, 46.206988700173277 ], [ -60.319976590269391, 46.206710006328741 ], [ -60.319955921633948, 46.206674280499151 ], [ -60.319809498742991, 46.206421205041096 ], [ -60.319819190542347, 46.206290094592646 ], [ -60.31963949127762, 46.205912787852277 ], [ -60.319608995325289, 46.205244791115597 ], [ -60.320093306863704, 46.20445041140686 ], [ -60.320525420614011, 46.203904395929221 ], [ -60.32085561181497, 46.203149094634256 ], [ -60.321106684239609, 46.20272450021541 ], [ -60.321330589073085, 46.202434009584721 ], [ -60.321733013573201, 46.202041899216475 ], [ -60.32213228847624, 46.201773301449315 ], [ -60.322755987834078, 46.201453603142724 ], [ -60.322761944386393, 46.201451190441404 ], [ -60.321620204364869, 46.200609104362073 ], [ -60.320880289713706, 46.200043606513141 ], [ -60.320832799021808, 46.200007393600728 ], [ -60.31963201183035, 46.1990864035388 ], [ -60.318062188869362, 46.197945203310113 ], [ -60.317908909857216, 46.19781831254484 ], [ -60.317756210325626, 46.197708507871241 ], [ -60.317577404815097, 46.197599002787207 ], [ -60.317398320858267, 46.197497595810525 ], [ -60.312316412185062, 46.193723518265358 ], [ -60.312307664196027, 46.193717023864856 ], [ -60.311837512104262, 46.193369274209019 ], [ -60.311180229927743, 46.192879514128798 ], [ -60.310674006446817, 46.192502335657608 ], [ -60.310183616987381, 46.192173479935072 ], [ -60.303710855913472, 46.187832313926549 ], [ -60.303512891934155, 46.187699492471232 ], [ -60.304330404724986, 46.187042011382147 ], [ -60.305070617782356, 46.186347495196408 ], [ -60.30548341022002, 46.185856806639407 ], [ -60.305844287846327, 46.185338800677279 ], [ -60.306128392090429, 46.184801895562771 ], [ -60.306190038474519, 46.184679315359922 ], [ -60.306465691569791, 46.184131205788368 ], [ -60.306858421240179, 46.183360995383438 ], [ -60.307569711018722, 46.181853103579783 ], [ -60.307624505053276, 46.181736904956495 ], [ -60.30763719135733, 46.181709901102636 ], [ -60.307645323191281, 46.181692796690655 ], [ -60.308311083647432, 46.180281097816781 ], [ -60.30940989651635, 46.177998294830317 ], [ -60.310819654871345, 46.175077205362797 ], [ -60.310887317954261, 46.174936998529347 ], [ -60.311456714237515, 46.173782097380389 ], [ -60.311469407166477, 46.173756253499654 ], [ -60.311997491396284, 46.17268059829825 ], [ -60.312246701571027, 46.171954714054898 ], [ -60.312318999174735, 46.171640500376348 ], [ -60.312351195060366, 46.171325303389445 ], [ -60.312357911327048, 46.171001508143895 ], [ -60.312325309051211, 46.170686612740759 ], [ -60.312251300269487, 46.17009929147482 ], [ -60.312243307130927, 46.170031212559515 ], [ -60.312214584903373, 46.169821697595424 ], [ -60.312094979916708, 46.168794704365688 ], [ -60.311984236140226, 46.167803307701767 ], [ -60.311920890493937, 46.167236203058593 ], [ -60.311850716427834, 46.166445203926706 ], [ -60.31184809953232, 46.166417185720462 ], [ -60.311848495353395, 46.166410113927924 ], [ -60.311848612373176, 46.166408309449281 ], [ -60.31180268193809, 46.166101200235779 ], [ -60.311797105087173, 46.166056010223649 ], [ -60.311769616508414, 46.165822295214021 ], [ -60.311604504645729, 46.164480015195437 ], [ -60.311446900723574, 46.163380892048401 ], [ -60.311292501300287, 46.162164010365167 ], [ -60.311116211764102, 46.160731496508703 ], [ -60.310963589205571, 46.159398606660162 ], [ -60.310840897040464, 46.158434390928079 ], [ -60.310741908342898, 46.157623790338519 ], [ -60.310708803635158, 46.157371908797302 ], [ -60.310577716964175, 46.156236592744605 ], [ -60.310424205749214, 46.154948610156417 ], [ -60.310249711578123, 46.15403729381449 ], [ -60.310067610153446, 46.153495599492082 ], [ -60.309749009182923, 46.152646608926503 ], [ -60.30962739128281, 46.152324203307749 ], [ -60.309589694707405, 46.152222511749081 ], [ -60.309552886502395, 46.152112316656584 ], [ -60.309517285018323, 46.15200569467757 ], [ -60.309476392242345, 46.151889486326539 ], [ -60.309395493318348, 46.151662601689274 ], [ -60.30880910432704, 46.15003680757799 ], [ -60.308796498675527, 46.150003212736742 ], [ -60.308686400173137, 46.149711708787798 ], [ -60.308507004931492, 46.14917902584272 ], [ -60.308443188904548, 46.14898949814895 ], [ -60.307787286837652, 46.147597004863584 ], [ -60.307397286046964, 46.147071200264982 ], [ -60.306927794176289, 46.146580407109099 ], [ -60.306839899381728, 46.146498208095082 ], [ -60.30674900119282, 46.146424987282678 ], [ -60.306737702971908, 46.146416606074041 ], [ -60.306534596190559, 46.146252498947447 ], [ -60.306533428467425, 46.146251597462019 ], [ -60.306276318885907, 46.146052901935931 ], [ -60.30621650008127, 46.146005613105658 ], [ -60.305845181385884, 46.145759203980951 ], [ -60.305449391027679, 46.145539309975753 ], [ -60.305026797684199, 46.145336706759508 ], [ -60.30393569848561, 46.1449022871316 ], [ -60.302344303897343, 46.144265297094435 ], [ -60.300726705037434, 46.14363578852408 ], [ -60.299654382331497, 46.143126387440638 ], [ -60.298258471928463, 46.142540393376251 ], [ -60.296006546723255, 46.141652570618874 ], [ -60.289454672631507, 46.138969586962091 ], [ -60.285146217115255, 46.137240024928474 ], [ -60.283309406546806, 46.136387694049361 ], [ -60.281322794314846, 46.135184608359701 ], [ -60.276896446943638, 46.132125988223038 ], [ -60.269953257271283, 46.127521349911312 ], [ -60.269515923818759, 46.127231249865154 ], [ -60.267532012821789, 46.125875352372582 ], [ -60.266681180211627, 46.125304350230039 ], [ -60.264819900652824, 46.124036980303437 ], [ -60.263687492664246, 46.123268940128106 ], [ -60.262890411129966, 46.122848023753349 ], [ -60.262460529641537, 46.12262581601675 ], [ -60.257388930366503, 46.119870145023661 ], [ -60.249320047647572, 46.11544438517145 ], [ -60.247106157401731, 46.114317447429393 ], [ -60.24579555255584, 46.113634144191053 ], [ -60.244839293107418, 46.113173895127126 ], [ -60.243153211908073, 46.1122375949329 ], [ -60.243062799108579, 46.112182294318387 ], [ -60.243025280736262, 46.112155306278467 ], [ -60.240737766859638, 46.110862818227922 ], [ -60.240737194701119, 46.110862486695318 ], [ -60.240676806389864, 46.110827702564599 ], [ -60.24057598267985, 46.110772599697789 ], [ -60.240470196893632, 46.110714699107277 ], [ -60.240139683569247, 46.110522508198144 ], [ -60.239002606837914, 46.109861110025257 ], [ -60.238503902182273, 46.109586292179145 ], [ -60.236728397349019, 46.108603690714951 ], [ -60.235145183073215, 46.107686000580209 ], [ -60.234239206313127, 46.107172599961494 ], [ -60.234190091523026, 46.107144405206519 ], [ -60.23409071433516, 46.10708709105392 ], [ -60.233841459325724, 46.106943223736891 ], [ -60.23360943443511, 46.106809270451521 ], [ -60.233894225787552, 46.106552298912916 ], [ -60.234210663790059, 46.106190949056597 ], [ -60.234723412296034, 46.105605448991966 ], [ -60.236193959264007, 46.104855281790819 ], [ -60.23775702123077, 46.104862857733721 ], [ -60.2386792715387, 46.105076503821593 ], [ -60.23957406190727, 46.105018061235441 ], [ -60.240029863181299, 46.104988283145907 ], [ -60.240857019182073, 46.104947780613323 ], [ -60.241223651756791, 46.104985488991062 ], [ -60.241925757187701, 46.104825109522722 ], [ -60.242791043913648, 46.104393892194537 ], [ -60.243165851294428, 46.104166131129595 ], [ -60.243554121482759, 46.103877925779081 ], [ -60.243746438912751, 46.103575967621346 ], [ -60.243684297037717, 46.103335103513039 ], [ -60.243575686667896, 46.103116858421856 ], [ -60.243411708156273, 46.102871039555417 ], [ -60.242887021006453, 46.102299794043027 ], [ -60.2428214388516, 46.10203827230329 ], [ -60.242793390224435, 46.101821543710962 ], [ -60.242818890841299, 46.101800833662359 ], [ -60.243250490721543, 46.101451046898617 ], [ -60.243336517730796, 46.101381389342556 ], [ -60.243487244955801, 46.10134357961342 ], [ -60.243597114987004, 46.101316031537038 ], [ -60.244215923840727, 46.101160853914401 ], [ -60.244777586568276, 46.100909825101731 ], [ -60.245370775811033, 46.100644722555536 ], [ -60.245577501192514, 46.100538891217987 ], [ -60.245674883555303, 46.100489063021257 ], [ -60.248133355684423, 46.099230626108429 ], [ -60.249457015865275, 46.098809222927656 ], [ -60.250233404433466, 46.098191037076759 ], [ -60.250451737017386, 46.09801718899665 ], [ -60.25050958964065, 46.097932190609704 ], [ -60.250891401943697, 46.097370989563963 ], [ -60.25134180650894, 46.096709030097536 ], [ -60.251612530325595, 46.095998331222255 ], [ -60.251669825208261, 46.095866006972464 ], [ -60.25172709900199, 46.095734454923232 ], [ -60.251732621020629, 46.095721834661539 ], [ -60.251777647823594, 46.09562356251368 ], [ -60.25197365155536, 46.095132013769991 ], [ -60.252085320510012, 46.094853265596292 ], [ -60.252096655755963, 46.094185140082658 ], [ -60.252098749881611, 46.094062259935463 ], [ -60.252107921441208, 46.093524241308778 ], [ -60.252733268708866, 46.092300252326147 ], [ -60.252836413370176, 46.092234952448997 ], [ -60.253361189293486, 46.091902799059874 ], [ -60.25661549242222, 46.0898427890167 ], [ -60.257511884902065, 46.089206311831127 ], [ -60.258550481362683, 46.088468842781758 ], [ -60.26086590538339, 46.087281872785994 ], [ -60.261534886987072, 46.086938885721167 ], [ -60.263575854094405, 46.086051004811935 ], [ -60.264798848436428, 46.085022641532717 ], [ -60.265638196842893, 46.083863497386979 ], [ -60.267024379522482, 46.081949098413766 ], [ -60.268130572789225, 46.080645885587856 ], [ -60.269039356988849, 46.079821570541917 ], [ -60.27023231911204, 46.079396724579645 ], [ -60.271843924709472, 46.079284197661195 ], [ -60.273981811889257, 46.079063240257355 ], [ -60.275222458089161, 46.078548935503719 ], [ -60.275771022662504, 46.077987796178761 ], [ -60.276245015069691, 46.07732826794966 ], [ -60.276283502894572, 46.077274742991911 ], [ -60.276665983664252, 46.076558668617174 ], [ -60.276967726069088, 46.075719731645492 ], [ -60.27713046196439, 46.075461672959065 ], [ -60.27740925443684, 46.075192430738632 ], [ -60.277764664579223, 46.075061713869673 ], [ -60.278196794781543, 46.074970646908454 ], [ -60.278831610382312, 46.07488775248526 ], [ -60.279216737302747, 46.074841853381223 ], [ -60.279518082404067, 46.074671999762693 ], [ -60.279716434635631, 46.074377763356743 ], [ -60.280160896244496, 46.073866130801775 ], [ -60.280719268025351, 46.073572812043174 ], [ -60.281330641471442, 46.073589421088151 ], [ -60.281846197998838, 46.073750842787661 ], [ -60.282439979075839, 46.073885764883684 ], [ -60.282873417881198, 46.073781402873195 ], [ -60.282964368217606, 46.07375944632885 ], [ -60.283010948748661, 46.073748220679171 ], [ -60.283104183486785, 46.073687620374272 ], [ -60.283553141268939, 46.073289471941656 ], [ -60.283870038442934, 46.073109452921976 ], [ -60.284424530836233, 46.073019058094872 ], [ -60.285205796327524, 46.072992745591954 ], [ -60.285849233676629, 46.073102764573235 ], [ -60.286275419586183, 46.073264013408085 ], [ -60.28673294443815, 46.073667774939061 ], [ -60.287020196811163, 46.074006984789854 ], [ -60.287048655564696, 46.074309807029572 ], [ -60.286986138371027, 46.074701200141412 ], [ -60.286747210055026, 46.075148808410091 ], [ -60.28709148820144, 46.07564168879248 ], [ -60.287112148586047, 46.075671223058663 ], [ -60.28776640974111, 46.075832306253965 ], [ -60.287926989764173, 46.075871854829813 ], [ -60.288704330456127, 46.075782650737949 ], [ -60.288778026585739, 46.075774540942405 ], [ -60.288984592141773, 46.075751810879552 ], [ -60.289063375737548, 46.0757368981048 ], [ -60.289221820939105, 46.075645173997593 ], [ -60.289482051776574, 46.075366758445547 ], [ -60.289708147548268, 46.075125691132051 ], [ -60.291297178860788, 46.074410639129198 ], [ -60.295117661356379, 46.073504001907665 ], [ -60.297765874043634, 46.072599672316969 ], [ -60.299802679704648, 46.071771551475749 ], [ -60.30115611520948, 46.07106024979506 ], [ -60.302754914874775, 46.070312350988402 ], [ -60.30573512398211, 46.06971782520035 ], [ -60.308338144902869, 46.068842421002785 ], [ -60.309276330088323, 46.068290365694423 ], [ -60.309867731866241, 46.067730153560824 ], [ -60.310460725174714, 46.067139710566657 ], [ -60.311238610214666, 46.066311895781112 ], [ -60.311958536109039, 46.065784902247827 ], [ -60.312680044624955, 46.06543400586682 ], [ -60.31373635586781, 46.064920198987636 ], [ -60.31529742174321, 46.06405028123288 ], [ -60.31564465637063, 46.063824270269279 ], [ -60.315854372111268, 46.063687767200662 ], [ -60.316734646739526, 46.063114976762286 ], [ -60.316735667128903, 46.063114090933304 ], [ -60.316776022969499, 46.063087837962826 ], [ -60.317308591367684, 46.062871134582309 ], [ -60.318812332070692, 46.062259266306732 ], [ -60.319741554552017, 46.061888279657097 ], [ -60.320415012298191, 46.06142057880151 ], [ -60.321360270614029, 46.060717480645863 ], [ -60.322899721903831, 46.059393663909731 ], [ -60.323882361705195, 46.058812384786847 ], [ -60.324361406559994, 46.058548730617893 ], [ -60.324461809201104, 46.058493480793274 ], [ -60.324648394484242, 46.058454957301606 ], [ -60.324889674611775, 46.058374220584795 ], [ -60.325162047241328, 46.058268303068317 ], [ -60.326007475934567, 46.058025090248577 ], [ -60.32605270374836, 46.057885297037359 ], [ -60.325999191302671, 46.057706787929391 ], [ -60.326298607114808, 46.057448715655234 ], [ -60.326772400108254, 46.057316209916756 ], [ -60.327199912914793, 46.056893903058757 ], [ -60.327227407436858, 46.056708090452474 ], [ -60.327332605204212, 46.056690092898364 ], [ -60.327751596408277, 46.056877410325995 ], [ -60.327865693991477, 46.056832109106438 ], [ -60.328088107186232, 46.056645316380532 ], [ -60.328097417549827, 46.05656609595566 ], [ -60.328021300310667, 46.056482097413955 ], [ -60.328087522760526, 46.05640609567488 ], [ -60.328247599289163, 46.056359405327719 ], [ -60.328608514025071, 46.05640780145032 ], [ -60.328774802823425, 46.056405303495772 ], [ -60.328808616836767, 46.056263697992947 ], [ -60.329037914445294, 46.056017497527073 ], [ -60.329348498448468, 46.056055106739187 ], [ -60.329411280901056, 46.056154402436782 ], [ -60.329544597263556, 46.056189913172602 ], [ -60.329676277616485, 46.056141504985085 ], [ -60.329751382917173, 46.056038107870393 ], [ -60.329817210182583, 46.05601399994336 ], [ -60.330228979988689, 46.055969604683618 ], [ -60.330317399911593, 46.055850987735411 ], [ -60.33073447732405, 46.05566340338563 ], [ -60.33091460768717, 46.055250992955692 ], [ -60.331636806547188, 46.054610206091525 ], [ -60.331805103104323, 46.054639691742274 ], [ -60.33230988648441, 46.05443710423382 ], [ -60.332295694439033, 46.054264900448089 ], [ -60.332196604006718, 46.054035906194194 ], [ -60.332805796603921, 46.053918988847343 ], [ -60.332914721809594, 46.053673996813821 ], [ -60.33307510169967, 46.053575493497981 ], [ -60.333340382585554, 46.053510802842922 ], [ -60.333405610993424, 46.053247396144037 ], [ -60.333215500472775, 46.052865794315096 ], [ -60.333214748488444, 46.052771763865422 ], [ -60.329524899721036, 46.048346085626505 ], [ -60.326621156850337, 46.045581818602194 ], [ -60.322051690869941, 46.041230996015599 ], [ -60.318063313701813, 46.036096006273773 ], [ -60.312680112245566, 46.028469398753664 ], [ -60.312496980022622, 46.020338102835737 ], [ -60.308516521195614, 46.018851494183671 ], [ -60.305743789602268, 46.017815790048644 ], [ -60.304017389400776, 46.017023498097736 ], [ -60.295383602559397, 46.012551086857044 ], [ -60.281828587728029, 46.000837336366345 ], [ -60.280859992815031, 45.999999984278539 ], [ -60.274601397874683, 45.994775207190415 ], [ -60.268354996956653, 45.999999985513305 ], [ -60.263888342871169, 46.003789232715953 ], [ -60.261039790105535, 46.00620530454399 ], [ -60.257226581416937, 46.009334737234056 ], [ -60.246330701870555, 46.018273691130986 ], [ -60.218567909266469, 46.041338494381677 ], [ -60.215218110313259, 46.041769992326699 ], [ -60.205989676658547, 46.049675104411342 ], [ -60.20499808369761, 46.049920505427075 ], [ -60.200604847988807, 46.050428582674165 ], [ -60.198714005384879, 46.050647198150024 ], [ -60.198774590655205, 46.051736706517509 ], [ -60.198914222362696, 46.054247602736567 ], [ -60.198932491960079, 46.054575554870155 ], [ -60.199092685607724, 46.057456504503747 ], [ -60.191609782250246, 46.063573356462456 ], [ -60.187898869846954, 46.066606011155187 ], [ -60.182336381195611, 46.071150805851701 ], [ -60.178101244366829, 46.074606897077082 ], [ -60.171622883057445, 46.0798922759896 ], [ -60.165558803896687, 46.084838199409027 ], [ -60.153929068714852, 46.09432895895079 ], [ -60.151353200121548, 46.096430387253285 ], [ -60.151260306643273, 46.096506167514292 ], [ -60.151201018324045, 46.09655451720068 ], [ -60.15070232496852, 46.096961366734625 ], [ -60.14878170343917, 46.098527988468135 ], [ -60.148457155364262, 46.098792749996655 ], [ -60.141167394301668, 46.104738720149406 ], [ -60.140990703194035, 46.104882807741866 ], [ -60.134005294314726, 46.110726385424897 ], [ -60.133482198029782, 46.111204724670024 ], [ -60.132771046989177, 46.111854986470597 ], [ -60.132107697806788, 46.112461508008103 ], [ -60.124182794027867, 46.118979304344016 ], [ -60.121936232293663, 46.124738776755507 ], [ -60.121707240672251, 46.124762066235505 ], [ -60.121148657150293, 46.124549731604013 ], [ -60.121065763054268, 46.124151346894507 ], [ -60.120879269798507, 46.124002531191664 ], [ -60.120029238643305, 46.123917729240851 ], [ -60.119701991116273, 46.123738288534256 ], [ -60.119176405401923, 46.123139599710669 ], [ -60.116960879231407, 46.12317276325539 ], [ -60.116067137859972, 46.122933774929699 ], [ -60.115106611735712, 46.12298112754889 ], [ -60.114900905590133, 46.123200809919425 ], [ -60.113595550084128, 46.123653234486696 ], [ -60.113049918894738, 46.123676747742628 ], [ -60.112025657656183, 46.123721343514731 ], [ -60.111484640149115, 46.123671648447441 ], [ -60.111257600056916, 46.123557902517113 ], [ -60.110581229762964, 46.123079119624151 ], [ -60.110141964511399, 46.1228159871157 ], [ -60.109666994626956, 46.122740960947347 ], [ -60.109419484159623, 46.122770704152458 ], [ -60.107060226712015, 46.123332009033291 ], [ -60.106642793479509, 46.123393429388585 ], [ -60.106091658837364, 46.123289469072176 ], [ -60.105497768272713, 46.123013394537601 ], [ -60.104937456935922, 46.122837181694813 ], [ -60.104359076774401, 46.122759525232432 ], [ -60.103448274274811, 46.123096448407061 ], [ -60.102729762608448, 46.123222226576402 ], [ -60.100882400860783, 46.123400358887011 ], [ -60.099611042029203, 46.123701101200126 ], [ -60.09680596193472, 46.123629817876321 ], [ -60.096026110825512, 46.123690997995624 ], [ -60.09261533635199, 46.123568216823998 ], [ -60.092204062404257, 46.123512748319676 ], [ -60.090922409690691, 46.123516119079923 ], [ -60.089156833056023, 46.123615131478012 ], [ -60.088821699127948, 46.1235885999712 ], [ -60.082321626626516, 46.123629737542636 ], [ -60.081343959490823, 46.12351475612784 ], [ -60.080756481758122, 46.123364736332888 ], [ -60.079701245338079, 46.123247744678928 ], [ -60.078949147170924, 46.12327351817428 ], [ -60.078316696433376, 46.123239330921265 ], [ -60.077740808810184, 46.123359599767063 ], [ -60.075726764990854, 46.123506068469659 ], [ -60.075312640309768, 46.123504468936581 ], [ -60.073026960197303, 46.123157911558806 ], [ -60.072457713486678, 46.123152312471923 ], [ -60.071715680226212, 46.123232285944461 ], [ -60.069456019573352, 46.123372358789922 ], [ -60.065602636819456, 46.123057393610559 ], [ -60.065099484753674, 46.123026472491695 ], [ -60.064904136112503, 46.123048458774733 ], [ -60.064544608834886, 46.122994218367417 ], [ -60.062608049751098, 46.122899409539656 ], [ -60.062255207185302, 46.122962353692493 ], [ -60.061367172325497, 46.123353528145842 ], [ -60.060565649557127, 46.123818950981708 ], [ -60.060063437649525, 46.124013018422467 ], [ -60.057291458940277, 46.124778689479278 ], [ -60.056028481850596, 46.124917062683977 ], [ -60.055187294846455, 46.124913378367623 ], [ -60.054187670220806, 46.124725584175117 ], [ -60.053219186358071, 46.124196584513548 ], [ -60.052870315523805, 46.123944566971367 ], [ -60.052009608906062, 46.123094300294078 ], [ -60.051276677282502, 46.122760359160154 ], [ -60.049969726127436, 46.122510596310555 ], [ -60.048837058928079, 46.122391333531887 ], [ -60.046848897875648, 46.122294933280628 ], [ -60.045704738964695, 46.122148335544352 ], [ -60.044653949629136, 46.121950154506692 ], [ -60.041961771802647, 46.121223417708265 ], [ -60.041689859516396, 46.121225363686023 ], [ -60.040199882934601, 46.121735809848687 ], [ -60.039747012093265, 46.121733059049021 ], [ -60.039325759189033, 46.121623135136183 ], [ -60.037576998812703, 46.120200697813004 ], [ -60.036221703110314, 46.119409496621195 ], [ -60.03458215503467, 46.119330952943891 ], [ -60.032600761226334, 46.119351494760529 ], [ -60.032278601575705, 46.119325121525556 ], [ -60.029774911687426, 46.119431053306471 ], [ -60.029174568133222, 46.119523419864628 ], [ -60.028839959777741, 46.11948772526484 ], [ -60.028021337733172, 46.119547420636117 ], [ -60.026861484615317, 46.11945425703864 ], [ -60.026581497509333, 46.119365951133865 ], [ -60.026514742163876, 46.119379373911926 ], [ -60.02634697829604, 46.119338217546428 ], [ -60.025633927912011, 46.119176600861195 ], [ -60.025588695242881, 46.119166368836432 ], [ -60.024813938260763, 46.11908498719076 ], [ -60.023468185207761, 46.119103013249592 ], [ -60.022212577698177, 46.119105383596732 ], [ -60.021500448043959, 46.119158817767676 ], [ -60.020943797924758, 46.119160506056453 ], [ -60.020014787524765, 46.119058858230552 ], [ -60.019755767646778, 46.119037704436614 ], [ -60.019484169663457, 46.11903422788275 ], [ -60.018811325556335, 46.119078766126229 ], [ -60.01791579304264, 46.119148071468786 ], [ -60.016270748710454, 46.119243714578523 ], [ -60.01607577530006, 46.119259343961396 ], [ -60.01589452207218, 46.119284305473002 ], [ -60.015711515300588, 46.119317313274898 ], [ -60.015529301270291, 46.119360262872135 ], [ -60.015359533518307, 46.119412523224845 ], [ -60.015190573661201, 46.119472907427074 ], [ -60.015032768791443, 46.119542603247751 ], [ -60.014875741794071, 46.119622206521278 ], [ -60.014677881588362, 46.119762842383011 ], [ -60.014480123180505, 46.119877374981257 ], [ -60.014271222846553, 46.119982629654324 ], [ -60.014048604366948, 46.120078494300543 ], [ -60.013812680773853, 46.120156932990021 ], [ -60.01357858960089, 46.120225530827909 ], [ -60.01333071458631, 46.12028566860495 ], [ -60.012159303491579, 46.120549338579586 ], [ -60.010767076846491, 46.120827932814855 ], [ -60.009347116198938, 46.121187674869233 ], [ -60.008462853294482, 46.12138323278122 ], [ -60.008384268689241, 46.121400075513712 ], [ -60.008332082061109, 46.121407714036025 ], [ -60.008292758158724, 46.121416572097971 ], [ -60.008163431259902, 46.121414996032875 ], [ -60.008112159370214, 46.121405553501738 ], [ -60.008060438392235, 46.121404191329916 ], [ -60.008035035787827, 46.121395418707401 ], [ -60.007996738431537, 46.121385414274506 ], [ -60.007919149178747, 46.121384279920974 ], [ -60.007906672464088, 46.121375853398256 ], [ -60.007893729076763, 46.121375529536174 ], [ -60.0078671014859, 46.121365827289829 ], [ -60.007854175638847, 46.121365481145979 ], [ -60.007841666907211, 46.121357042420179 ], [ -60.007816295469127, 46.121347384058993 ], [ -60.007752765855166, 46.121301630278445 ], [ -60.007753263654656, 46.121292641940229 ], [ -60.007741333433557, 46.121274319105197 ], [ -60.007727582181857, 46.121264973063354 ], [ -60.00772807998608, 46.12125598472673 ], [ -60.007716069115915, 46.121238557651786 ], [ -60.007716566922177, 46.121229569316213 ], [ -60.007595417249007, 46.120885271270389 ], [ -60.007522505318086, 46.120750160081634 ], [ -60.007434913311762, 46.12062274924596 ], [ -60.007333930379694, 46.120503992680732 ], [ -60.00690456004547, 46.12013902580852 ], [ -60.006714961129418, 46.119983752147881 ], [ -60.006297784902877, 46.119609177229172 ], [ -60.005602596695823, 46.119014911726559 ], [ -60.005349797858379, 46.118759859709179 ], [ -60.005125153251456, 46.118486659895609 ], [ -60.004913144936218, 46.118195773872223 ], [ -60.004874991808073, 46.118159677751471 ], [ -60.004836340385715, 46.11813256981911 ], [ -60.00478611843598, 46.118104241220479 ], [ -60.004747435085136, 46.118077121061276 ], [ -60.004697164561954, 46.118049700361873 ], [ -60.004645138799944, 46.118030326027636 ], [ -60.004387918812377, 46.118000196754693 ], [ -60.004258570010307, 46.117998602996146 ], [ -60.004219280354242, 46.118007471371719 ], [ -60.004192964225616, 46.118015778447969 ], [ -60.004154123466279, 46.118015668684443 ], [ -60.00412730882109, 46.118032963933118 ], [ -60.004102266230333, 46.118041292658567 ], [ -60.004062926936115, 46.118050171047727 ], [ -60.004036112234381, 46.118067466272286 ], [ -60.004009747328197, 46.118076681238946 ], [ -60.003984206161377, 46.118093998126291 ], [ -60.003970316267853, 46.118111640020643 ], [ -60.003917894022457, 46.118147182311723 ], [ -60.00390352307712, 46.11817379012016 ], [ -60.003890906700896, 46.118191453686094 ], [ -60.003509588910148, 46.118897912237195 ], [ -60.003482583183512, 46.118942205910479 ], [ -60.003453474103189, 46.119049453163029 ], [ -60.003449077169755, 46.119202358949615 ], [ -60.003459535967529, 46.119319634255383 ], [ -60.003458089587895, 46.119346588891105 ], [ -60.003471323154855, 46.119364946011395 ], [ -60.003470824506906, 46.119373934251037 ], [ -60.003456934006685, 46.119391576165484 ], [ -60.003456761232812, 46.119418552493471 ], [ -60.00344282199238, 46.119437102355214 ], [ -60.003441873403723, 46.119454170894123 ], [ -60.003429706414508, 46.11946375419744 ], [ -60.003415815869701, 46.119481396112526 ], [ -60.003389000047299, 46.119498691254826 ], [ -60.003376383087655, 46.119516354851399 ], [ -60.003349518506027, 46.119534557931132 ], [ -60.003323169273386, 46.119542852615815 ], [ -60.003297592760845, 46.119561111839637 ], [ -60.003271243502645, 46.119569406510323 ], [ -60.003258318216609, 46.11956905971973 ], [ -60.003231952253323, 46.119578274522269 ], [ -60.003206084138149, 46.119577603203254 ], [ -60.003192660143341, 46.119586244649888 ], [ -60.003166841594904, 46.119585563241067 ], [ -60.003101682187214, 46.119593759860201 ], [ -60.003050721664074, 46.119602324944729 ], [ -60.002985562210178, 46.119610521481739 ], [ -60.002804490871426, 46.119608458463624 ], [ -60.002753222219965, 46.119599013002734 ], [ -60.00268780342504, 46.119588291001641 ], [ -60.00263653482191, 46.119578845476184 ], [ -60.002572822253676, 46.119560087067455 ], [ -60.002522052550603, 46.119541653237334 ], [ -60.002098684904801, 46.119400917522391 ], [ -60.001570210968289, 46.119313241775394 ], [ -60.001531916877191, 46.119303234726281 ], [ -60.001453943127821, 46.11928498028648 ], [ -60.001402256866129, 46.119283626559458 ], [ -60.001363415000448, 46.119283515610235 ], [ -60.001234094585968, 46.119281929762636 ], [ -60.001078232914864, 46.119315636347167 ], [ -60.001039715915553, 46.11933351334963 ], [ -60.001000455659309, 46.119341494724225 ], [ -60.000960664999319, 46.11935934997733 ], [ -60.000933848290934, 46.119376644390677 ], [ -60.000895331180139, 46.119394521337085 ], [ -60.000868015247505, 46.119420803961205 ], [ -60.000842486566029, 46.119438154544177 ], [ -60.000815139340332, 46.11946532282758 ], [ -60.000628360249877, 46.119687239414311 ], [ -60.000615194123043, 46.119714798827495 ], [ -60.000601302376829, 46.119732440334367 ], [ -60.000574485301719, 46.119749734670364 ], [ -60.000561367902854, 46.119776386137445 ], [ -60.000534502004776, 46.119794588410912 ], [ -60.000521883820859, 46.119812251636397 ], [ -60.000469474329215, 46.119847769938829 ], [ -60.000430213513603, 46.119855751086483 ], [ -60.000403347513355, 46.119873953327691 ], [ -60.000376997526089, 46.11988224717588 ], [ -60.000337705418623, 46.119891113956584 ], [ -60.000312643522008, 46.119899463986215 ], [ -60.000273351386355, 46.119908330739968 ], [ -60.000247483123054, 46.119907658583251 ], [ -60.000208190967058, 46.119916525309293 ], [ -59.999082958282926, 46.119901349963378 ], [ -59.999043616326972, 46.119910226265375 ], [ -59.999017797653373, 46.119909543684443 ], [ -59.998901175717108, 46.119935288380951 ], [ -59.99887435785427, 46.119952582233708 ], [ -59.998848039564635, 46.119960887842232 ], [ -59.998809521102061, 46.119978763955615 ], [ -59.998782685635952, 46.119996080059096 ], [ -59.998762926825137, 46.120007317932469 ], [ -59.998611735135384, 46.120093296821508 ], [ -59.998598809732783, 46.120092949371696 ], [ -59.998573297314501, 46.120110277097652 ], [ -59.998507636617774, 46.120127458705063 ], [ -59.99846784424448, 46.120145312934639 ], [ -59.998441493732635, 46.120153606235014 ], [ -59.99840348911453, 46.120162528421417 ], [ -59.998364695310208, 46.120161508252139 ], [ -59.998325402551295, 46.120170374179175 ], [ -59.998170179237817, 46.12016809908696 ], [ -59.998144779305207, 46.120159323764973 ], [ -59.998106017540756, 46.120158315684229 ], [ -59.998028092530497, 46.120139150310244 ], [ -59.998003174868821, 46.120121408984737 ], [ -59.997964880885128, 46.120111400407119 ], [ -59.997519748814092, 46.119799974040134 ], [ -59.997306445855642, 46.119581032294739 ], [ -59.997281271819716, 46.119544372477939 ], [ -59.997243574099606, 46.119499294827037 ], [ -59.997205426106291, 46.11946319530297 ], [ -59.997065954657096, 46.11936230337502 ], [ -59.99663180846516, 46.119158275793346 ], [ -59.996096473653765, 46.118863384685 ], [ -59.996075072529962, 46.118844404706415 ], [ -59.996025654180869, 46.11880062403786 ], [ -59.995705052701865, 46.1185164573631 ], [ -59.9956539819037, 46.118480009487911 ], [ -59.995500606190241, 46.118396778528385 ], [ -59.995437384133581, 46.118368992615963 ], [ -59.995308712611248, 46.118331421853021 ], [ -59.99524452218234, 46.118321624321972 ], [ -59.995039204121206, 46.118264907331017 ], [ -59.978333267981533, 46.116843792873716 ], [ -59.929604445242951, 46.105614373311539 ], [ -59.929534106257769, 46.105562394024282 ], [ -59.929301180936868, 46.105181105175816 ], [ -59.92913440689, 46.104640194127867 ], [ -59.928967704424771, 46.104370611058627 ], [ -59.928505617052089, 46.10407900367133 ], [ -59.928327214390947, 46.103992296977573 ], [ -59.926986918097249, 46.103523200274779 ], [ -59.926164102904174, 46.103452906127181 ], [ -59.925324603940744, 46.103605010951298 ], [ -59.925162990414911, 46.103567208023065 ], [ -59.924972906875503, 46.103391899219901 ], [ -59.92486158869351, 46.103365195539347 ], [ -59.924551895268685, 46.103410088786674 ], [ -59.923798590197357, 46.103651194167476 ], [ -59.923634612100734, 46.103768899072072 ], [ -59.923109010551038, 46.104024007193644 ], [ -59.922610189974201, 46.104384400319795 ], [ -59.922641982023059, 46.104585901651568 ], [ -59.922813701828773, 46.104815911661767 ], [ -59.923015492350046, 46.104943898372241 ], [ -59.923046509786957, 46.105061608039428 ], [ -59.922948590690801, 46.105155298276706 ], [ -59.922688216144927, 46.105263096331278 ], [ -59.922115693642318, 46.105299802189187 ], [ -59.921849488778044, 46.105227601954539 ], [ -59.921717219130926, 46.105139699606077 ], [ -59.921625081048909, 46.105006403338386 ], [ -59.921486100041811, 46.104926105498826 ], [ -59.92133291754336, 46.104912695316244 ], [ -59.921095213665403, 46.104977899345172 ], [ -59.92065161669462, 46.105174201996903 ], [ -59.920284096241311, 46.105267397776863 ], [ -59.91991999445235, 46.105289004974267 ], [ -59.919683906582492, 46.105250611547163 ], [ -59.919558304431078, 46.105155111475412 ], [ -59.919599195393538, 46.104379505388351 ], [ -59.919496199937207, 46.104241505813263 ], [ -59.919369809136661, 46.104197911053859 ], [ -59.918305084718106, 46.104180505249531 ], [ -59.917873206235306, 46.104329614767586 ], [ -59.917145793635918, 46.104727905331821 ], [ -59.916879600323682, 46.104655690808741 ], [ -59.91676909324746, 46.104577106385868 ], [ -59.916268505159806, 46.103955905973557 ], [ -59.916039091508885, 46.103774200169518 ], [ -59.915729400692406, 46.103819098098654 ], [ -59.915184511835371, 46.104044991719405 ], [ -59.914467110632664, 46.104228402695114 ], [ -59.914270423263282, 46.104332095736744 ], [ -59.914187491928026, 46.104442693751338 ], [ -59.914187611578051, 46.104849700523566 ], [ -59.914069483380736, 46.104966203835403 ], [ -59.91392810506219, 46.105041314447867 ], [ -59.913671096262121, 46.10507739646912 ], [ -59.913524039426633, 46.105107166174392 ], [ -59.913165828502422, 46.105115642224703 ], [ -59.912779820688101, 46.105165850300338 ], [ -59.912456434773688, 46.10525748817885 ], [ -59.912204123823344, 46.105360235175119 ], [ -59.912050379800867, 46.105455739680771 ], [ -59.911855279749361, 46.105519011537659 ], [ -59.911611345381935, 46.105567851089447 ], [ -59.911228112915019, 46.105595124787769 ], [ -59.910439642229989, 46.105625263985608 ], [ -59.910156538238368, 46.105624332414486 ], [ -59.909755226372049, 46.105696845354238 ], [ -59.909355232158084, 46.105752446795393 ], [ -59.909104005157772, 46.105779921207819 ], [ -59.908944882406203, 46.105811187920814 ], [ -59.90884227878189, 46.105852958360678 ], [ -59.907567594482934, 46.106359387008837 ], [ -59.906355967782517, 46.106497147074073 ], [ -59.903041651605101, 46.105946215600163 ], [ -59.900067909474089, 46.106266868562344 ], [ -59.896497118897969, 46.106691590278409 ], [ -59.889290480417344, 46.108180733594907 ], [ -59.884352904623235, 46.109525711200241 ], [ -59.883667144187164, 46.109712492316113 ], [ -59.883314295445331, 46.11136775921122 ], [ -59.879694879195149, 46.112131537522401 ], [ -59.875432910696411, 46.113800306341275 ], [ -59.866317669492929, 46.117883373536337 ], [ -59.845342232914966, 46.126532886083005 ], [ -59.844200750688216, 46.127183759359639 ], [ -59.80564750825625, 46.149147891663446 ], [ -59.795383093938987, 46.154989552932719 ], [ -59.776516929492942, 46.165762984942859 ], [ -59.776502249757542, 46.165771367496468 ], [ -59.773720410222829, 46.165933065981555 ], [ -59.767461766312131, 46.168242951874575 ], [ -59.760429803829247, 46.171894802013213 ], [ -59.752519153303155, 46.17817464200801 ], [ -59.752427460705967, 46.178247406566108 ], [ -59.749109917116975, 46.175744288513471 ], [ -59.73785342614309, 46.17172829603647 ], [ -59.722841758358697, 46.163910047310367 ], [ -59.711644856550997, 46.156120355429238 ], [ -59.69048635273289, 46.141777459655579 ], [ -59.67447744769126, 46.124131632470764 ], [ -59.662503144266537, 46.108427548050216 ], [ -59.662494627824771, 46.108416394234396 ], [ -59.658137773838995, 46.089253025601181 ], [ -59.652150930149368, 46.059117385971838 ], [ -59.651726587663539, 46.039548925211626 ], [ -59.65567810288816, 46.031237362671078 ], [ -59.671093320615341, 46.010687662095286 ], [ -59.682600124058254, 46.000067431018664 ], [ -59.682609640156819, 46.000058656878366 ], [ -59.694083962960285, 45.989462339068908 ], [ -59.70326801161584, 45.990330866041333 ], [ -59.75153259068508, 45.990919667173848 ], [ -59.75893200165973, 45.975262306780849 ], [ -59.759023042489908, 45.970602502201828 ], [ -59.767906821825854, 45.962529555666229 ], [ -59.767859662370263, 45.962489790273274 ], [ -59.771043952604181, 45.959961392261313 ], [ -59.774965161859662, 45.954511636242096 ], [ -59.780386743341708, 45.943184384623279 ], [ -59.785639392291287, 45.93074044899317 ], [ -59.789199046137234, 45.925244745011128 ], [ -59.796800768691071, 45.919028248863142 ], [ -59.816674400431758, 45.904107713497254 ], [ -59.878688384881457, 45.866149792997128 ], [ -59.894052352301564, 45.859445763221522 ], [ -59.903089412748969, 45.855218561100529 ], [ -59.961382829476705, 45.827912054632144 ], [ -59.999997957739438, 45.809722969096391 ], [ -59.99999998888822, 45.809722012049093 ], [ -60.000002269197417, 45.809720948015617 ], [ -60.034069131531396, 45.793649478639374 ], [ -60.057797182674264, 45.782990706688942 ], [ -60.06724797691588, 45.777167367336567 ], [ -60.077971500329696, 45.768399777305433 ], [ -60.089235126739055, 45.757623885156278 ], [ -60.095826401624429, 45.750081310063834 ], [ -60.098691428754535, 45.746801946061105 ], [ -60.118246056804111, 45.719335290031111 ], [ -60.129314496069519, 45.705633817033394 ], [ -60.130477752381189, 45.704138202126423 ], [ -60.132312416193351, 45.701779135038493 ], [ -60.133140814520985, 45.701975845768892 ], [ -60.143700369455573, 45.691245195698848 ], [ -60.150273788873015, 45.687098943630836 ], [ -60.169207445730251, 45.677100195395951 ], [ -60.194585612671908, 45.665253585047672 ], [ -60.215653740278654, 45.656067005424362 ], [ -60.2388172000935, 45.644156951894288 ], [ -60.268916399789241, 45.62901980657152 ], [ -60.309023500422867, 45.61025844859698 ], [ -60.321810839375857, 45.603783006210151 ], [ -60.37780213957322, 45.583815635339292 ], [ -60.461653682290518, 45.553494810848989 ], [ -60.500000016893026, 45.539145600598495 ], [ -60.500002474264861, 45.539144688223658 ], [ -60.507557312521961, 45.536314754994237 ], [ -60.536938234281671, 45.529360299410186 ], [ -60.538038275287455, 45.529099691964042 ], [ -60.560507094689711, 45.525095833303759 ], [ -60.588925941269991, 45.519821012662355 ], [ -60.607325858826052, 45.518953033848064 ], [ -60.607349580386966, 45.519237580512694 ], [ -60.640469121941564, 45.51662383117938 ], [ -60.690254932370145, 45.510202934161448 ], [ -60.755673972981462, 45.505310691111468 ], [ -60.75592824137351, 45.505294160415126 ], [ -60.755776359195387, 45.505185185370998 ], [ -60.815744763780678, 45.506959031858251 ], [ -60.890039899375907, 45.50782200107767 ], [ -60.890546991612474, 45.500085044988452 ], [ -60.89065076692826, 45.498501396270548 ], [ -60.892247824578476, 45.474116947751355 ], [ -60.897926004354098, 45.387226921889699 ], [ -60.89757706443617, 45.362151283187188 ], [ -60.898370240250522, 45.343762180615066 ], [ -60.899109161568454, 45.339784068733053 ], [ -60.90150779062683, 45.334382247386579 ], [ -60.907131180162985, 45.318741423710108 ], [ -60.9088783201232, 45.314491558984564 ], [ -60.91075908449978, 45.309915889925016 ], [ -60.914333220253475, 45.301629612104904 ], [ -60.917375556374992, 45.295224557302866 ], [ -60.922478512079714, 45.28688965686213 ], [ -60.928182828181775, 45.277632000655508 ], [ -60.932755603740958, 45.274288507295061 ], [ -60.946703230133579, 45.264086099603396 ], [ -60.948767969902427, 45.262575257734291 ], [ -60.964077364931818, 45.251382675517533 ], [ -60.965732303426947, 45.250041034606305 ], [ -60.969383683571635, 45.247080576267336 ], [ -60.980344005558678, 45.238191235159263 ], [ -60.996343409304046, 45.228869830465754 ], [ -60.999999999322753, 45.226738592244821 ], [ -61.004211428755191, 45.224283532241849 ], [ -61.012336160604256, 45.219545999950341 ], [ -61.028575426518024, 45.209880078964019 ], [ -61.061376056331731, 45.190668370130993 ], [ -61.090486115209849, 45.173429755485579 ], [ -61.095773492771038, 45.171616714706268 ], [ -61.105076514614346, 45.168167961795383 ], [ -61.112416265667306, 45.166064154812332 ], [ -61.124417953100526, 45.163338112270623 ], [ -61.141869922046084, 45.159630955819289 ], [ -61.15908046152969, 45.155770138731413 ], [ -61.178794828734027, 45.151473537184557 ], [ -61.188278834970028, 45.149294231642543 ], [ -61.193898079054698, 45.148436441983577 ], [ -61.213786604346019, 45.147961050728 ], [ -61.217130376312397, 45.147880693179786 ], [ -61.242527161459869, 45.147346257215858 ], [ -61.278042014818269, 45.14606972911276 ], [ -61.296731437089718, 45.145392290032923 ], [ -61.323798110157604, 45.144656804998377 ], [ -61.373860383818304, 45.144116950692059 ], [ -61.387234267316821, 45.143968019063422 ], [ -61.440289325934025, 45.143705484675991 ], [ -61.450991751983537, 45.143648745278533 ], [ -61.451292753765138, 45.143847299528275 ], [ -61.463503156203188, 45.133752016171016 ], [ -61.467095722911388, 45.130780664286981 ], [ -61.48809382563006, 45.114538813161339 ], [ -61.500000003002498, 45.105322645759543 ], [ -61.500006114453981, 45.105317911141363 ], [ -61.521382686225571, 45.088758556582249 ], [ -61.521401950975694, 45.088763590277793 ], [ -61.552222139393756, 45.09679401441138 ], [ -61.577434675181777, 45.103478629723213 ], [ -61.580182624166881, 45.104206653385575 ], [ -61.585183623917708, 45.105587825437375 ], [ -61.623725604857754, 45.116220538720405 ], [ -61.632448189937143, 45.118623948268393 ], [ -61.645929024278516, 45.122449335380466 ], [ -61.681024816657192, 45.132396075299781 ], [ -61.698254457947783, 45.13771427889958 ], [ -61.708870274274851, 45.140906857208137 ], [ -61.712674532555667, 45.141951668186167 ], [ -61.71585899692284, 45.143007728998747 ], [ -61.717184097593758, 45.143405990898962 ], [ -61.720062025812609, 45.144270863281491 ], [ -61.720644160796901, 45.144445779134657 ], [ -61.726918634449142, 45.147053256463224 ], [ -61.727515869015903, 45.147301417785464 ], [ -61.734721647209383, 45.150294946564387 ], [ -61.73512217969671, 45.150461329756254 ], [ -61.738543447108512, 45.151882287462506 ], [ -61.739649835127139, 45.152341761816103 ], [ -61.743119501630005, 45.153864566852889 ], [ -61.767854270243731, 45.164713807613566 ], [ -61.782533845854921, 45.171535174040997 ], [ -61.797574882146137, 45.178520073531431 ], [ -61.802325157397817, 45.180603701747614 ], [ -61.807104644385731, 45.182699744882925 ], [ -61.818533804023964, 45.187710210171304 ], [ -61.82290026853169, 45.189623805496176 ], [ -61.829276973229909, 45.191461690158086 ], [ -61.840238236896489, 45.194619578002253 ], [ -61.855071239531128, 45.19889012625287 ], [ -61.86378412888584, 45.20150913882896 ], [ -61.864227006279236, 45.201642248084546 ], [ -61.864500104408094, 45.201719779131757 ], [ -61.866708972438417, 45.202346966830298 ], [ -61.869963632485714, 45.203262434514279 ], [ -61.895498608799656, 45.210516814191415 ], [ -61.899587251063799, 45.211677521406244 ], [ -61.923523428683495, 45.218272829743455 ], [ -61.928987015952536, 45.219804597916742 ], [ -61.938187472261461, 45.222681951117714 ], [ -61.937455508719026, 45.223877535526633 ], [ -61.936726111657869, 45.224940788552594 ], [ -61.934786192985861, 45.227678316883726 ], [ -61.934224238978892, 45.228557562582267 ], [ -61.927347304104508, 45.240241339184564 ], [ -61.92812833195989, 45.24051061326395 ], [ -61.928125073632287, 45.240516197134589 ], [ -61.931384595711933, 45.241539830818461 ], [ -61.936342513215173, 45.243096496513502 ], [ -61.939814697885254, 45.244045898725375 ], [ -61.946778583415934, 45.245924006279878 ], [ -61.949903250931555, 45.246766473388924 ], [ -61.961482554064659, 45.250045243711838 ], [ -61.969158900918437, 45.252217785387494 ], [ -61.971044145910867, 45.252730605513968 ], [ -61.971816634703345, 45.252940722312168 ], [ -61.976033980406207, 45.254087698207307 ], [ -61.976662938341917, 45.254258726393083 ], [ -61.980232880466936, 45.255299885867217 ], [ -61.989116278231414, 45.257767492421195 ], [ -62.000071260780302, 45.26058401413917 ], [ -62.001334300477069, 45.260880096006161 ], [ -62.001730918080057, 45.261005703188232 ], [ -62.01233952520878, 45.263887757410032 ], [ -62.012965724990245, 45.264057226207562 ], [ -62.012864492545745, 45.264214744643517 ], [ -62.009696518488518, 45.269411926683773 ], [ -62.004934937782522, 45.277296871651579 ], [ -62.004134635428358, 45.278621843075008 ], [ -61.999966765602998, 45.285518940374786 ], [ -61.999123307041515, 45.286914505389149 ], [ -61.996351794295272, 45.291499345790015 ], [ -61.995302573151307, 45.293217285587552 ], [ -61.990662938125375, 45.300812372190386 ], [ -61.989626049567335, 45.302509380926885 ], [ -61.987584342750438, 45.305850613284896 ], [ -61.9875808229596, 45.305868195373279 ], [ -61.987074809085449, 45.305796915423734 ], [ -61.986433405545277, 45.305517898426828 ], [ -61.986148496065866, 45.30535209068448 ], [ -61.986061598939116, 45.305083773519584 ], [ -61.979525836660194, 45.300128022132533 ], [ -61.973062714792221, 45.296727144502256 ], [ -61.964763490487123, 45.292358730632046 ], [ -61.964536799122328, 45.292381504894315 ], [ -61.964006099341752, 45.292340799440247 ], [ -61.963385288300032, 45.292018806886659 ], [ -61.96286870390275, 45.291800092821944 ], [ -61.961561495038737, 45.29170098577108 ], [ -61.961481063446158, 45.291648947740953 ], [ -61.953113537005422, 45.295915010564713 ], [ -61.946418894701253, 45.299585372005737 ], [ -61.944095897568864, 45.300106807604095 ], [ -61.943776994349086, 45.299947394199997 ], [ -61.943535710797455, 45.299941789870282 ], [ -61.943274084210373, 45.300050495153066 ], [ -61.943118410448932, 45.30017119456538 ], [ -61.942775614535044, 45.300665395801595 ], [ -61.942485803721674, 45.300987197853097 ], [ -61.942261511169995, 45.301121112058951 ], [ -61.941989095155925, 45.301153897371314 ], [ -61.9417028064845, 45.301079109529482 ], [ -61.9414787895195, 45.300927398076119 ], [ -61.941402602174811, 45.300825194970351 ], [ -61.941304891800186, 45.300428606603106 ], [ -61.941245699883325, 45.300394587209198 ], [ -61.941256690946126, 45.300327590945081 ], [ -61.941151017225984, 45.300101196199343 ], [ -61.940424403774664, 45.299838409426847 ], [ -61.940262597317556, 45.29975259686708 ], [ -61.939817504681976, 45.299695289010458 ], [ -61.939376713292916, 45.300007092428366 ], [ -61.939108999424271, 45.29998060544041 ], [ -61.938903692295263, 45.299805904984133 ], [ -61.938703004672313, 45.299785988327343 ], [ -61.938077011549595, 45.300022991530859 ], [ -61.937093486588907, 45.299880806310021 ], [ -61.936817985681131, 45.299881807198837 ], [ -61.936056600521084, 45.30012530014551 ], [ -61.935581592693076, 45.300443606746754 ], [ -61.935530125835847, 45.300513392179333 ], [ -61.928328295236156, 45.301738203833935 ], [ -61.928012392144417, 45.301753405690953 ], [ -61.927747794668726, 45.301687405954908 ], [ -61.923419518747409, 45.301462551879418 ], [ -61.919631853036321, 45.301259013235423 ], [ -61.91878160920421, 45.301308956368608 ], [ -61.917649406988261, 45.301372396208741 ], [ -61.917597906642101, 45.301453612565361 ], [ -61.916817786816814, 45.301648608178425 ], [ -61.91647219990486, 45.301682494219293 ], [ -61.916286906128029, 45.301750398802618 ], [ -61.916216603948037, 45.301926112778155 ], [ -61.916211493500548, 45.302199695835007 ], [ -61.91593730572815, 45.302395011227141 ], [ -61.91565859424901, 45.302435402986418 ], [ -61.915342403262827, 45.302593395597157 ], [ -61.915194506142029, 45.302615306745324 ], [ -61.914741398481986, 45.302728112419793 ], [ -61.91437528960725, 45.302876091670065 ], [ -61.914085607554988, 45.303054993043503 ], [ -61.913800511516399, 45.303174494151897 ], [ -61.913219882368203, 45.30319499758378 ], [ -61.912615983518322, 45.303155004100816 ], [ -61.911876998086306, 45.302907287182883 ], [ -61.911216084806632, 45.30245639475244 ], [ -61.911191379695147, 45.302344302206876 ], [ -61.911363404171773, 45.301811697162712 ], [ -61.911276799078131, 45.301419509844649 ], [ -61.911050611756345, 45.300736009690333 ], [ -61.91086291303948, 45.300343698530675 ], [ -61.910615591640223, 45.300202891448535 ], [ -61.910556504041892, 45.300168795773033 ], [ -61.91015799413065, 45.300160807798989 ], [ -61.910088097294448, 45.300122287854983 ], [ -61.909312184982291, 45.300615006942799 ], [ -61.908717309370523, 45.300813300889516 ], [ -61.908592496538652, 45.300966986968483 ], [ -61.908329092863696, 45.301166702300641 ], [ -61.908162500810015, 45.301211612907615 ], [ -61.907451078661161, 45.301250604059931 ], [ -61.906689316958115, 45.30163669676346 ], [ -61.906064811380858, 45.301853695853474 ], [ -61.905972340130035, 45.302174929478554 ], [ -61.906171890009617, 45.323660581272833 ], [ -61.906270278733892, 45.33239636820322 ], [ -61.906291951040778, 45.334321095022297 ], [ -61.906232368633439, 45.338236354258484 ], [ -61.906326705469439, 45.340511396433257 ], [ -61.906463582361766, 45.349553872627659 ], [ -61.906495015958143, 45.352342326462356 ], [ -61.906009174778617, 45.358617455951602 ], [ -61.906964540080317, 45.36135351961633 ], [ -61.907049597551854, 45.361326908013581 ], [ -61.907233700845062, 45.361207300531014 ], [ -61.90741639155511, 45.360964597442091 ], [ -61.907556786607785, 45.360898801707762 ], [ -61.907707982748967, 45.360908800367987 ], [ -61.908676901431939, 45.361248992110276 ], [ -61.908821804784004, 45.361266698857179 ], [ -61.909130482633408, 45.361207601025335 ], [ -61.90933618733682, 45.361239691548477 ], [ -61.909750308033864, 45.361549789847082 ], [ -61.909777798089692, 45.361908103704103 ], [ -61.909718432695819, 45.362158637661516 ], [ -61.909718181852966, 45.362159598525629 ], [ -61.910445907345597, 45.363331499597258 ], [ -61.910535814965101, 45.363612893010448 ], [ -61.910694590970479, 45.363738306567754 ], [ -61.910696090373825, 45.363742366717382 ], [ -61.910865400400155, 45.364205408165098 ], [ -61.911193783896593, 45.364532007440246 ], [ -61.911389293919726, 45.365111188453895 ], [ -61.911544890540824, 45.36527610197772 ], [ -61.911762219257277, 45.365935596550791 ], [ -61.91205140008406, 45.366399505713979 ], [ -61.911993407579565, 45.366631307748605 ], [ -61.91203598833534, 45.367291707017486 ], [ -61.912141786611627, 45.367446698000492 ], [ -61.912412786035794, 45.367576592562578 ], [ -61.91246390937085, 45.367852413224995 ], [ -61.912416807961286, 45.368088608469826 ], [ -61.912138804049057, 45.368395000618165 ], [ -61.912136881689122, 45.368629006008085 ], [ -61.912264384415209, 45.368864299226502 ], [ -61.912455889049284, 45.369002898519625 ], [ -61.913104066023699, 45.369203303791132 ], [ -61.914147717225646, 45.369727881904055 ], [ -61.91311743644566, 45.371110147165098 ], [ -61.911493777852534, 45.373097291343178 ], [ -61.911705408009944, 45.373651502712164 ], [ -61.911995104765289, 45.373829710528526 ], [ -61.912226898925184, 45.374168298098354 ], [ -61.91231070527332, 45.374385894241904 ], [ -61.912522401124576, 45.374624500831978 ], [ -61.913118892302073, 45.375049101760325 ], [ -61.913504598579046, 45.375715302566519 ], [ -61.913381899323888, 45.376472291992314 ], [ -61.913442184776628, 45.376772395401076 ], [ -61.913490498787588, 45.376802086950995 ], [ -61.913698585521601, 45.377366008666527 ], [ -61.91390581562527, 45.377521003069866 ], [ -61.914466689877699, 45.377757693131336 ], [ -61.914913790356252, 45.378081090031891 ], [ -61.916384508326303, 45.378909597864535 ], [ -61.916521008286274, 45.379383315030012 ], [ -61.917304496373589, 45.380005801096949 ], [ -61.91796992349952, 45.380274394485355 ], [ -61.918130395229412, 45.380379990465819 ], [ -61.918136002352213, 45.380872300454293 ], [ -61.918223017100914, 45.381050303369413 ], [ -61.918540597329347, 45.381443885026982 ], [ -61.91852001364078, 45.38170110721272 ], [ -61.918569597028309, 45.381925300969122 ], [ -61.918687796736265, 45.382136303121712 ], [ -61.918685992789527, 45.382299004122707 ], [ -61.918640594488807, 45.382443994175389 ], [ -61.918707677665438, 45.382740219437096 ], [ -61.919013489766776, 45.383079528456328 ], [ -61.919637289482033, 45.3834281993066 ], [ -61.920069011660281, 45.383592197053218 ], [ -61.921239405157586, 45.384166609704764 ], [ -61.921624395253119, 45.384281086353162 ], [ -61.922007691375889, 45.384558298586306 ], [ -61.922373593804991, 45.384981594670847 ], [ -61.923115099086282, 45.385638090635226 ], [ -61.923544802690081, 45.386179009352475 ], [ -61.923812883002512, 45.386348397315231 ], [ -61.924254008176106, 45.386465205215252 ], [ -61.924412984990184, 45.386590494742272 ], [ -61.924364203972338, 45.386918009566067 ], [ -61.924530808631893, 45.387158707379172 ], [ -61.924543084436223, 45.387286206874641 ], [ -61.92424649351284, 45.387544286836253 ], [ -61.924090306281037, 45.387736491180824 ], [ -61.92404808132941, 45.387842004976648 ], [ -61.924069594401779, 45.388065098972227 ], [ -61.924236294597065, 45.388234398482211 ], [ -61.924776992163125, 45.388585297277622 ], [ -61.925134791276918, 45.389321786686672 ], [ -61.925329498448505, 45.389563610791456 ], [ -61.925701901199773, 45.389836400671513 ], [ -61.926110299556846, 45.390011408642984 ], [ -61.926966199435462, 45.390295397654256 ], [ -61.927790606768532, 45.390903602144832 ], [ -61.928116411821065, 45.391055402688202 ], [ -61.92836270016695, 45.391144610530333 ], [ -61.928766507901727, 45.391236013098926 ], [ -61.929586801286462, 45.39133210015671 ], [ -61.930063803689563, 45.391565303346269 ], [ -61.930479910030762, 45.391855601382566 ], [ -61.930769697127019, 45.39217670235319 ], [ -61.931098481120983, 45.392431800796885 ], [ -61.93139940425425, 45.392542995078898 ], [ -61.932458178400154, 45.392827005074636 ], [ -61.933184486798659, 45.393324100362932 ], [ -61.933465106090559, 45.393478106865828 ], [ -61.934197898151361, 45.393753197407115 ], [ -61.934597120086408, 45.393832495373978 ], [ -61.935219480796007, 45.39379769994175 ], [ -61.935721789067806, 45.393714392785782 ], [ -61.936484513236799, 45.393685106962991 ], [ -61.936623303614958, 45.393710394392187 ], [ -61.936805697844896, 45.393824809655243 ], [ -61.936969299759305, 45.394033709871778 ], [ -61.937120509331422, 45.394115107823424 ], [ -61.937553997558467, 45.394187811926038 ], [ -61.937780107263535, 45.394319792964183 ], [ -61.937901706755227, 45.394348402731509 ], [ -61.938190294690813, 45.39433208462809 ], [ -61.938692695333764, 45.394105911221267 ], [ -61.938917394005898, 45.394043408252855 ], [ -61.939174599863712, 45.394208310848363 ], [ -61.939308616322712, 45.394364398095554 ], [ -61.939469013916721, 45.39468429390552 ], [ -61.939499911870698, 45.395002998014697 ], [ -61.939401493144025, 45.39517769476825 ], [ -61.939036289660002, 45.395449006790287 ], [ -61.939009476667302, 45.395713804387547 ], [ -61.939051496939214, 45.395822612030329 ], [ -61.939226085862558, 45.395964496210112 ], [ -61.939637806802509, 45.396099816422172 ], [ -61.939915288927018, 45.396221908868036 ], [ -61.940035184234269, 45.396413205200183 ], [ -61.940189584342548, 45.396526494838668 ], [ -61.94054510852888, 45.396659592770114 ], [ -61.941124881872277, 45.397158800987469 ], [ -61.941293418538464, 45.397165397511152 ], [ -61.941469807841955, 45.397001793553294 ], [ -61.941404505146785, 45.396761106344393 ], [ -61.941530999857548, 45.396516009903038 ], [ -61.94166678344574, 45.396509507975566 ], [ -61.941950599149166, 45.396623892399049 ], [ -61.942346520774258, 45.396885594412225 ], [ -61.942719089136091, 45.397229692391619 ], [ -61.943030688900137, 45.39763100926212 ], [ -61.943527268881972, 45.398795669702089 ], [ -61.943823631240001, 45.399769232522175 ], [ -61.944175073729248, 45.399730926265072 ], [ -61.944250194417208, 45.39943478938585 ], [ -61.962721943129239, 45.39732541859302 ], [ -61.964991140298217, 45.397071773247198 ], [ -61.979701123404325, 45.395916637219827 ], [ -62.000239754637626, 45.39357643255962 ], [ -62.013600647670643, 45.392135440241894 ], [ -62.03684033934536, 45.389623602062834 ], [ -62.038764351878768, 45.389368662887115 ], [ -62.040647322117671, 45.389161326932886 ], [ -62.043092002423556, 45.388891235605271 ], [ -62.045282021176419, 45.388642651938149 ], [ -62.04563730010058, 45.388617812662147 ], [ -62.045755813669899, 45.388614397051889 ], [ -62.04577612544162, 45.388596392121265 ], [ -62.048801078920697, 45.388263048347476 ], [ -62.054128295595248, 45.387675764585012 ], [ -62.06943085182052, 45.38598693156203 ], [ -62.085593189873016, 45.384101958970241 ], [ -62.089803581909493, 45.383734330500083 ], [ -62.090824101764639, 45.383621365716152 ], [ -62.091438671161121, 45.383660220140072 ], [ -62.092099449430556, 45.385378031477231 ], [ -62.096577338213486, 45.397016006282136 ], [ -62.098430456131304, 45.401830560378286 ], [ -62.104828529607531, 45.416505160598611 ], [ -62.107986122958827, 45.423743981223147 ], [ -62.108236608232488, 45.424318161937478 ], [ -62.109048969569223, 45.426180111092194 ], [ -62.109691254167252, 45.427652180694288 ], [ -62.112336718800094, 45.433686107770122 ], [ -62.115846460542144, 45.441689018097783 ], [ -62.119424029367046, 45.449843792136292 ], [ -62.124258548794174, 45.460859215119989 ], [ -62.125053108263863, 45.462669168887359 ], [ -62.126739657977538, 45.466691425724861 ], [ -62.130901746516109, 45.476212443267336 ], [ -62.137226520193309, 45.490673374283695 ], [ -62.138824489448062, 45.494203464297371 ], [ -62.139545463272711, 45.496131190851656 ], [ -62.141225694352322, 45.500084927411251 ], [ -62.141327820041582, 45.500325219761727 ], [ -62.144045699022925, 45.506719201056278 ], [ -62.144900650920945, 45.508730144960055 ], [ -62.146555849342761, 45.512622932247872 ], [ -62.148332085565528, 45.516799658794014 ], [ -62.15485095181532, 45.532122062987526 ], [ -62.155047817186542, 45.532584701073532 ], [ -62.160703534079332, 45.545870005567195 ], [ -62.162682084886306, 45.550515891551257 ], [ -62.166779575083559, 45.560134304735747 ], [ -62.168361663910559, 45.563847122923676 ], [ -62.169159939652218, 45.565720255216092 ], [ -62.170403822734031, 45.568638693491238 ], [ -62.170999355907881, 45.570035852363155 ], [ -62.1721050438749, 45.572629587528851 ], [ -62.173589588993579, 45.577927701238963 ], [ -62.175088980058284, 45.579627894237184 ], [ -62.175312599288482, 45.580179882602259 ], [ -62.175427514860743, 45.580463543284694 ], [ -62.176683702610177, 45.583564035545685 ], [ -62.178206968459719, 45.585648980041512 ], [ -62.1776661052075, 45.585776163224978 ], [ -62.180404816304566, 45.592308042232865 ], [ -62.181372061409213, 45.594614559019199 ], [ -62.185883283803506, 45.605369003329429 ], [ -62.185506303252041, 45.606012608634977 ], [ -62.191534468000512, 45.618834224057828 ], [ -62.19626999081553, 45.630111680291137 ], [ -62.200068868978775, 45.639154658722362 ], [ -62.201641168463595, 45.642896427095486 ], [ -62.201812994065101, 45.643305318966185 ], [ -62.202045723480019, 45.643859080111852 ], [ -62.208911170283429, 45.660189938687147 ], [ -62.211450074466818, 45.66601405810529 ], [ -62.212921299585908, 45.669567494359747 ], [ -62.218037332685505, 45.681600610404743 ], [ -62.219831806383489, 45.685992297176924 ], [ -62.224119516144128, 45.696816591778287 ], [ -62.228531213006804, 45.706541194715307 ], [ -62.233199611579408, 45.718125595608946 ], [ -62.23525864340278, 45.722065891997239 ], [ -62.24787176660459, 45.7494059517932 ], [ -62.247957502574238, 45.749431063315662 ] ] ] } },
{ "type": "Feature", "properties": { "FED_NUM": 12003, "ED_NAMEE": "Central Nova", "ED_NAMEF": "Nova-Centre", "REP_ORDER": "2023", "SHAPE_AREA": 11811363069.200001, "SHAPE_LEN": 680355.01764900004, "NUM_CF": null, "CF_NOMFR": null, "CF_NOMAN": null, "DEC_REP": null, "PROV_CODE": "12", "PROV_NAME": "PE" }, "geometry": { "type": "Polygon", "coordinates": [ [ [ -63.33069973721603, 46.068210745504743 ], [ -63.330463590696922, 46.068143146593442 ], [ -63.275881371113421, 46.052494111557813 ], [ -63.275645440841494, 46.052426363812607 ], [ -63.275409447914306, 46.052358706942556 ], [ -63.146209150013647, 46.015204651424945 ], [ -63.145974688992609, 46.015135447023532 ], [ -63.132503195032776, 46.011157663963267 ], [ -63.104856306606166, 46.003128338742847 ], [ -63.100287057097759, 46.000082242632772 ], [ -63.100283763549932, 46.000080055125537 ], [ -63.09204332482723, 45.994585044906835 ], [ -63.091859155153557, 45.994462211038091 ], [ -63.091674986500458, 45.9943393768636 ], [ -63.086704431519529, 45.991023793080032 ], [ -63.058914374178471, 45.972333304309664 ], [ -63.040004518698368, 45.956487239049608 ], [ -63.039841634149518, 45.956350673026961 ], [ -63.039678750603507, 45.956214106795009 ], [ -63.028374632462771, 45.946734620721337 ], [ -63.000000006117453, 45.92771635882734 ], [ -62.972767272669721, 45.909441326754902 ], [ -62.972583898669185, 45.909318195408545 ], [ -62.972400558345889, 45.909195074893141 ], [ -62.970232490808876, 45.90773919480354 ], [ -62.95076839567907, 45.900215006366139 ], [ -62.950545881251067, 45.900128937758254 ], [ -62.950323367685591, 45.900042868639417 ], [ -62.92332986189178, 45.889597165067997 ], [ -62.923107453840927, 45.889511033467059 ], [ -62.922885046652631, 45.889424901355618 ], [ -62.912010538053359, 45.885213178808101 ], [ -62.897690683651632, 45.881622824511147 ], [ -62.897451387845514, 45.881562803246368 ], [ -62.897212092685997, 45.881502781368653 ], [ -62.872771972658683, 45.875368424882339 ], [ -62.872532744220401, 45.875308339798835 ], [ -62.872293516429195, 45.875248254102715 ], [ -62.86844924861898, 45.874282601496958 ], [ -62.846043064488711, 45.870465608349029 ], [ -62.845796115223301, 45.870423499327117 ], [ -62.845549166425975, 45.870381389643235 ], [ -62.828100230085312, 45.86740456302109 ], [ -62.827853314844987, 45.867362405904984 ], [ -62.827606400073151, 45.867320248127079 ], [ -62.818458863956735, 45.865758108955418 ], [ -62.808183792819008, 45.864569757234094 ], [ -62.807933045900853, 45.86454074769081 ], [ -62.807682299310123, 45.864511737460653 ], [ -62.790272693239771, 45.8624953796974 ], [ -62.790021969728471, 45.862466321090828 ], [ -62.789771246545094, 45.862437261797481 ], [ -62.777776707762392, 45.861045958947749 ], [ -62.777526000604233, 45.86101686611353 ], [ -62.777275293774302, 45.860987772592594 ], [ -62.767852649491552, 45.85989358249946 ], [ -62.767601955334072, 45.859864462483642 ], [ -62.767351261505112, 45.859835341781164 ], [ -62.754407426225619, 45.858330503339488 ], [ -62.747222319110058, 45.858294892382524 ], [ -62.746968194953041, 45.858293625866608 ], [ -62.746714070810469, 45.858292358641286 ], [ -62.71073235415345, 45.858106757104331 ], [ -62.699089817642282, 45.858041798658377 ], [ -62.698835696377252, 45.858040397780236 ], [ -62.695759565281882, 45.858023353404683 ], [ -62.642242967829631, 45.858679166126826 ], [ -62.641988872329229, 45.858682200951499 ], [ -62.630424122803248, 45.858819771538869 ], [ -62.630418682703947, 45.85880543610584 ], [ -62.630173091342193, 45.858810898584572 ], [ -62.550301077926967, 45.860555531924987 ], [ -62.550047057320221, 45.860560975904335 ], [ -62.549793036651209, 45.860566419175008 ], [ -62.540227941536507, 45.86077056063813 ], [ -62.500000013559522, 45.861271814149575 ], [ -62.500000011691824, 45.820944326809034 ], [ -62.525390899941222, 45.797017796605445 ], [ -62.52965891528715, 45.792992931224262 ], [ -62.544226010602308, 45.779249353593059 ], [ -62.575116251586174, 45.750072291504232 ], [ -62.575118541890603, 45.750070143426811 ], [ -62.603631139425573, 45.723098906827936 ], [ -62.588250535118405, 45.719187143077122 ], [ -62.575947397089053, 45.716355553787608 ], [ -62.562383760277356, 45.71285572030515 ], [ -62.548553106463451, 45.707133798876441 ], [ -62.533109336680624, 45.700788695156525 ], [ -62.523358340813175, 45.696780268319955 ], [ -62.521945914115385, 45.696199521234249 ], [ -62.513686986040902, 45.692410285255391 ], [ -62.505992163800968, 45.688132900008711 ], [ -62.500000009355745, 45.685959002044171 ], [ -62.4999993617961, 45.685958776217092 ], [ -62.495218847847511, 45.684224018826626 ], [ -62.452849441512733, 45.671967283001543 ], [ -62.452751461934852, 45.671938904096059 ], [ -62.440878585789775, 45.677405349743736 ], [ -62.425873182200888, 45.683558790323289 ], [ -62.403908230200095, 45.691267864841549 ], [ -62.397237858982656, 45.693607452743066 ], [ -62.379269026415955, 45.698415867764311 ], [ -62.347315579496012, 45.705772683477903 ], [ -62.345174223359606, 45.706392689627393 ], [ -62.334721674350064, 45.709418142720416 ], [ -62.328029946039536, 45.714221148757183 ], [ -62.325785351835165, 45.715380539490567 ], [ -62.309082422225508, 45.724004616880087 ], [ -62.305335747380042, 45.725601746687424 ], [ -62.284999303762554, 45.734266336578898 ], [ -62.278927367933335, 45.736743986178915 ], [ -62.24787176660459, 45.7494059517932 ], [ -62.23525864340278, 45.722065891997239 ], [ -62.233199611579408, 45.718125595608946 ], [ -62.228531213006804, 45.706541194715307 ], [ -62.224119516144128, 45.696816591778287 ], [ -62.219831806383489, 45.685992297176924 ], [ -62.218037332685505, 45.681600610404743 ], [ -62.212921299585908, 45.669567494359747 ], [ -62.211450074466818, 45.66601405810529 ], [ -62.208911170283429, 45.660189938687147 ], [ -62.202045723480019, 45.643859080111852 ], [ -62.201812994065101, 45.643305318966185 ], [ -62.201641168463595, 45.642896427095486 ], [ -62.200068868978775, 45.639154658722362 ], [ -62.19626999081553, 45.630111680291137 ], [ -62.191534468000512, 45.618834224057828 ], [ -62.185506303252041, 45.606012608634977 ], [ -62.185883283803506, 45.605369003329429 ], [ -62.181372061409213, 45.594614559019199 ], [ -62.180404816304566, 45.592308042232865 ], [ -62.1776661052075, 45.585776163224978 ], [ -62.178206968459719, 45.585648980041512 ], [ -62.176683702610177, 45.583564035545685 ], [ -62.175427514860743, 45.580463543284694 ], [ -62.175312599288482, 45.580179882602259 ], [ -62.175088980058284, 45.579627894237184 ], [ -62.173589588993579, 45.577927701238963 ], [ -62.1721050438749, 45.572629587528851 ], [ -62.170999355907881, 45.570035852363155 ], [ -62.170403822734031, 45.568638693491238 ], [ -62.169159939652218, 45.565720255216092 ], [ -62.168361663910559, 45.563847122923676 ], [ -62.166779575083559, 45.560134304735747 ], [ -62.162682084886306, 45.550515891551257 ], [ -62.160703534079332, 45.545870005567195 ], [ -62.155047817186542, 45.532584701073532 ], [ -62.15485095181532, 45.532122062987526 ], [ -62.148332085565528, 45.516799658794014 ], [ -62.146555849342761, 45.512622932247872 ], [ -62.144900650920945, 45.508730144960055 ], [ -62.144045699022925, 45.506719201056278 ], [ -62.141327820041582, 45.500325219761727 ], [ -62.141225694352322, 45.500084927411251 ], [ -62.139545463272711, 45.496131190851656 ], [ -62.138824489448062, 45.494203464297371 ], [ -62.137226520193309, 45.490673374283695 ], [ -62.130901746516109, 45.476212443267336 ], [ -62.126739657977538, 45.466691425724861 ], [ -62.125053108263863, 45.462669168887359 ], [ -62.124258548794174, 45.460859215119989 ], [ -62.119424029367046, 45.449843792136292 ], [ -62.115846460542144, 45.441689018097783 ], [ -62.112336718800094, 45.433686107770122 ], [ -62.109691254167252, 45.427652180694288 ], [ -62.109048969569223, 45.426180111092194 ], [ -62.108236608232488, 45.424318161937478 ], [ -62.107986122958827, 45.423743981223147 ], [ -62.104828529607531, 45.416505160598611 ], [ -62.098430456131304, 45.401830560378286 ], [ -62.096577338213486, 45.397016006282136 ], [ -62.092099449430556, 45.385378031477231 ], [ -62.091438671161121, 45.383660220140072 ], [ -62.090824101764639, 45.383621365716152 ], [ -62.089803581909493, 45.383734330500083 ], [ -62.085593189873016, 45.384101958970241 ], [ -62.06943085182052, 45.38598693156203 ], [ -62.054128295595248, 45.387675764585012 ], [ -62.048801078920697, 45.388263048347476 ], [ -62.04577612544162, 45.388596392121265 ], [ -62.045755813669899, 45.388614397051889 ], [ -62.04563730010058, 45.388617812662147 ], [ -62.045282021176419, 45.388642651938149 ], [ -62.043092002423556, 45.388891235605271 ], [ -62.040647322117671, 45.389161326932886 ], [ -62.038764351878768, 45.389368662887115 ], [ -62.03684033934536, 45.389623602062834 ], [ -62.013600647670643, 45.392135440241894 ], [ -62.000239754637626, 45.39357643255962 ], [ -61.979701123404325, 45.395916637219827 ], [ -61.964991140298217, 45.397071773247198 ], [ -61.962721943129239, 45.39732541859302 ], [ -61.944250194417208, 45.39943478938585 ], [ -61.944175073729248, 45.399730926265072 ], [ -61.943823631240001, 45.399769232522175 ], [ -61.943527268881972, 45.398795669702089 ], [ -61.943030688900137, 45.39763100926212 ], [ -61.942719089136091, 45.397229692391619 ], [ -61.942346520774258, 45.396885594412225 ], [ -61.941950599149166, 45.396623892399049 ], [ -61.94166678344574, 45.396509507975566 ], [ -61.941530999857548, 45.396516009903038 ], [ -61.941404505146785, 45.396761106344393 ], [ -61.941469807841955, 45.397001793553294 ], [ -61.941293418538464, 45.397165397511152 ], [ -61.941124881872277, 45.397158800987469 ], [ -61.94054510852888, 45.396659592770114 ], [ -61.940189584342548, 45.396526494838668 ], [ -61.940035184234269, 45.396413205200183 ], [ -61.939915288927018, 45.396221908868036 ], [ -61.939637806802509, 45.396099816422172 ], [ -61.939226085862558, 45.395964496210112 ], [ -61.939051496939214, 45.395822612030329 ], [ -61.939009476667302, 45.395713804387547 ], [ -61.939036289660002, 45.395449006790287 ], [ -61.939401493144025, 45.39517769476825 ], [ -61.939499911870698, 45.395002998014697 ], [ -61.939469013916721, 45.39468429390552 ], [ -61.939308616322712, 45.394364398095554 ], [ -61.939174599863712, 45.394208310848363 ], [ -61.938917394005898, 45.394043408252855 ], [ -61.938692695333764, 45.394105911221267 ], [ -61.938190294690813, 45.39433208462809 ], [ -61.937901706755227, 45.394348402731509 ], [ -61.937780107263535, 45.394319792964183 ], [ -61.937553997558467, 45.394187811926038 ], [ -61.937120509331422, 45.394115107823424 ], [ -61.936969299759305, 45.394033709871778 ], [ -61.936805697844896, 45.393824809655243 ], [ -61.936623303614958, 45.393710394392187 ], [ -61.936484513236799, 45.393685106962991 ], [ -61.935721789067806, 45.393714392785782 ], [ -61.935219480796007, 45.39379769994175 ], [ -61.934597120086408, 45.393832495373978 ], [ -61.934197898151361, 45.393753197407115 ], [ -61.933465106090559, 45.393478106865828 ], [ -61.933184486798659, 45.393324100362932 ], [ -61.932458178400154, 45.392827005074636 ], [ -61.93139940425425, 45.392542995078898 ], [ -61.931098481120983, 45.392431800796885 ], [ -61.930769697127019, 45.39217670235319 ], [ -61.930479910030762, 45.391855601382566 ], [ -61.930063803689563, 45.391565303346269 ], [ -61.929586801286462, 45.39133210015671 ], [ -61.928766507901727, 45.391236013098926 ], [ -61.92836270016695, 45.391144610530333 ], [ -61.928116411821065, 45.391055402688202 ], [ -61.927790606768532, 45.390903602144832 ], [ -61.926966199435462, 45.390295397654256 ], [ -61.926110299556846, 45.390011408642984 ], [ -61.925701901199773, 45.389836400671513 ], [ -61.925329498448505, 45.389563610791456 ], [ -61.925134791276918, 45.389321786686672 ], [ -61.924776992163125, 45.388585297277622 ], [ -61.924236294597065, 45.388234398482211 ], [ -61.924069594401779, 45.388065098972227 ], [ -61.92404808132941, 45.387842004976648 ], [ -61.924090306281037, 45.387736491180824 ], [ -61.92424649351284, 45.387544286836253 ], [ -61.924543084436223, 45.387286206874641 ], [ -61.924530808631893, 45.387158707379172 ], [ -61.924364203972338, 45.386918009566067 ], [ -61.924412984990184, 45.386590494742272 ], [ -61.924254008176106, 45.386465205215252 ], [ -61.923812883002512, 45.386348397315231 ], [ -61.923544802690081, 45.386179009352475 ], [ -61.923115099086282, 45.385638090635226 ], [ -61.922373593804991, 45.384981594670847 ], [ -61.922007691375889, 45.384558298586306 ], [ -61.921624395253119, 45.384281086353162 ], [ -61.921239405157586, 45.384166609704764 ], [ -61.920069011660281, 45.383592197053218 ], [ -61.919637289482033, 45.3834281993066 ], [ -61.919013489766776, 45.383079528456328 ], [ -61.918707677665438, 45.382740219437096 ], [ -61.918640594488807, 45.382443994175389 ], [ -61.918685992789527, 45.382299004122707 ], [ -61.918687796736265, 45.382136303121712 ], [ -61.918569597028309, 45.381925300969122 ], [ -61.91852001364078, 45.38170110721272 ], [ -61.918540597329347, 45.381443885026982 ], [ -61.918223017100914, 45.381050303369413 ], [ -61.918136002352213, 45.380872300454293 ], [ -61.918130395229412, 45.380379990465819 ], [ -61.91796992349952, 45.380274394485355 ], [ -61.917304496373589, 45.380005801096949 ], [ -61.916521008286274, 45.379383315030012 ], [ -61.916384508326303, 45.378909597864535 ], [ -61.914913790356252, 45.378081090031891 ], [ -61.914466689877699, 45.377757693131336 ], [ -61.91390581562527, 45.377521003069866 ], [ -61.913698585521601, 45.377366008666527 ], [ -61.913490498787588, 45.376802086950995 ], [ -61.913442184776628, 45.376772395401076 ], [ -61.913381899323888, 45.376472291992314 ], [ -61.913504598579046, 45.375715302566519 ], [ -61.913118892302073, 45.375049101760325 ], [ -61.912522401124576, 45.374624500831978 ], [ -61.91231070527332, 45.374385894241904 ], [ -61.912226898925184, 45.374168298098354 ], [ -61.911995104765289, 45.373829710528526 ], [ -61.911705408009944, 45.373651502712164 ], [ -61.911493777852534, 45.373097291343178 ], [ -61.91311743644566, 45.371110147165098 ], [ -61.914147717225646, 45.369727881904055 ], [ -61.913104066023699, 45.369203303791132 ], [ -61.912455889049284, 45.369002898519625 ], [ -61.912264384415209, 45.368864299226502 ], [ -61.912136881689122, 45.368629006008085 ], [ -61.912138804049057, 45.368395000618165 ], [ -61.912416807961286, 45.368088608469826 ], [ -61.91246390937085, 45.367852413224995 ], [ -61.912412786035794, 45.367576592562578 ], [ -61.912141786611627, 45.367446698000492 ], [ -61.91203598833534, 45.367291707017486 ], [ -61.911993407579565, 45.366631307748605 ], [ -61.91205140008406, 45.366399505713979 ], [ -61.911762219257277, 45.365935596550791 ], [ -61.911544890540824, 45.36527610197772 ], [ -61.911389293919726, 45.365111188453895 ], [ -61.911193783896593, 45.364532007440246 ], [ -61.910865400400155, 45.364205408165098 ], [ -61.910696090373825, 45.363742366717382 ], [ -61.910694590970479, 45.363738306567754 ], [ -61.910535814965101, 45.363612893010448 ], [ -61.910445907345597, 45.363331499597258 ], [ -61.909718181852966, 45.362159598525629 ], [ -61.909718432695819, 45.362158637661516 ], [ -61.909777798089692, 45.361908103704103 ], [ -61.909750308033864, 45.361549789847082 ], [ -61.90933618733682, 45.361239691548477 ], [ -61.909130482633408, 45.361207601025335 ], [ -61.908821804784004, 45.361266698857179 ], [ -61.908676901431939, 45.361248992110276 ], [ -61.907707982748967, 45.360908800367987 ], [ -61.907556786607785, 45.360898801707762 ], [ -61.90741639155511, 45.360964597442091 ], [ -61.907233700845062, 45.361207300531014 ], [ -61.907049597551854, 45.361326908013581 ], [ -61.906964540080317, 45.36135351961633 ], [ -61.906009174778617, 45.358617455951602 ], [ -61.906495015958143, 45.352342326462356 ], [ -61.906463582361766, 45.349553872627659 ], [ -61.906326705469439, 45.340511396433257 ], [ -61.906232368633439, 45.338236354258484 ], [ -61.906291951040778, 45.334321095022297 ], [ -61.906270278733892, 45.33239636820322 ], [ -61.906171890009617, 45.323660581272833 ], [ -61.905972340130035, 45.302174929478554 ], [ -61.906064811380858, 45.301853695853474 ], [ -61.906689316958115, 45.30163669676346 ], [ -61.907451078661161, 45.301250604059931 ], [ -61.908162500810015, 45.301211612907615 ], [ -61.908329092863696, 45.301166702300641 ], [ -61.908592496538652, 45.300966986968483 ], [ -61.908717309370523, 45.300813300889516 ], [ -61.909312184982291, 45.300615006942799 ], [ -61.910088097294448, 45.300122287854983 ], [ -61.91015799413065, 45.300160807798989 ], [ -61.910556504041892, 45.300168795773033 ], [ -61.910615591640223, 45.300202891448535 ], [ -61.91086291303948, 45.300343698530675 ], [ -61.911050611756345, 45.300736009690333 ], [ -61.911276799078131, 45.301419509844649 ], [ -61.911363404171773, 45.301811697162712 ], [ -61.911191379695147, 45.302344302206876 ], [ -61.911216084806632, 45.30245639475244 ], [ -61.911876998086306, 45.302907287182883 ], [ -61.912615983518322, 45.303155004100816 ], [ -61.913219882368203, 45.30319499758378 ], [ -61.913800511516399, 45.303174494151897 ], [ -61.914085607554988, 45.303054993043503 ], [ -61.91437528960725, 45.302876091670065 ], [ -61.914741398481986, 45.302728112419793 ], [ -61.915194506142029, 45.302615306745324 ], [ -61.915342403262827, 45.302593395597157 ], [ -61.91565859424901, 45.302435402986418 ], [ -61.91593730572815, 45.302395011227141 ], [ -61.916211493500548, 45.302199695835007 ], [ -61.916216603948037, 45.301926112778155 ], [ -61.916286906128029, 45.301750398802618 ], [ -61.91647219990486, 45.301682494219293 ], [ -61.916817786816814, 45.301648608178425 ], [ -61.917597906642101, 45.301453612565361 ], [ -61.917649406988261, 45.301372396208741 ], [ -61.91878160920421, 45.301308956368608 ], [ -61.919631853036321, 45.301259013235423 ], [ -61.923419518747409, 45.301462551879418 ], [ -61.927747794668726, 45.301687405954908 ], [ -61.928012392144417, 45.301753405690953 ], [ -61.928328295236156, 45.301738203833935 ], [ -61.935530125835847, 45.300513392179333 ], [ -61.935581592693076, 45.300443606746754 ], [ -61.936056600521084, 45.30012530014551 ], [ -61.936817985681131, 45.299881807198837 ], [ -61.937093486588907, 45.299880806310021 ], [ -61.938077011549595, 45.300022991530859 ], [ -61.938703004672313, 45.299785988327343 ], [ -61.938903692295263, 45.299805904984133 ], [ -61.939108999424271, 45.29998060544041 ], [ -61.939376713292916, 45.300007092428366 ], [ -61.939817504681976, 45.299695289010458 ], [ -61.940262597317556, 45.29975259686708 ], [ -61.940424403774664, 45.299838409426847 ], [ -61.941151017225984, 45.300101196199343 ], [ -61.941256690946126, 45.300327590945081 ], [ -61.941245699883325, 45.300394587209198 ], [ -61.941304891800186, 45.300428606603106 ], [ -61.941402602174811, 45.300825194970351 ], [ -61.9414787895195, 45.300927398076119 ], [ -61.9417028064845, 45.301079109529482 ], [ -61.941989095155925, 45.301153897371314 ], [ -61.942261511169995, 45.301121112058951 ], [ -61.942485803721674, 45.300987197853097 ], [ -61.942775614535044, 45.300665395801595 ], [ -61.943118410448932, 45.30017119456538 ], [ -61.943274084210373, 45.300050495153066 ], [ -61.943535710797455, 45.299941789870282 ], [ -61.943776994349086, 45.299947394199997 ], [ -61.944095897568864, 45.300106807604095 ], [ -61.946418894701253, 45.299585372005737 ], [ -61.953113537005422, 45.295915010564713 ], [ -61.961481063446158, 45.291648947740953 ], [ -61.961561495038737, 45.29170098577108 ], [ -61.96286870390275, 45.291800092821944 ], [ -61.963385288300032, 45.292018806886659 ], [ -61.964006099341752, 45.292340799440247 ], [ -61.964536799122328, 45.292381504894315 ], [ -61.964763490487123, 45.292358730632046 ], [ -61.973062714792221, 45.296727144502256 ], [ -61.979525836660194, 45.300128022132533 ], [ -61.986061598939116, 45.305083773519584 ], [ -61.986148496065866, 45.30535209068448 ], [ -61.986433405545277, 45.305517898426828 ], [ -61.987074809085449, 45.305796915423734 ], [ -61.9875808229596, 45.305868195373279 ], [ -61.987584342750438, 45.305850613284896 ], [ -61.989626049567335, 45.302509380926885 ], [ -61.990662938125375, 45.300812372190386 ], [ -61.995302573151307, 45.293217285587552 ], [ -61.996351794295272, 45.291499345790015 ], [ -61.999123307041515, 45.286914505389149 ], [ -61.999966765602998, 45.285518940374786 ], [ -62.004134635428358, 45.278621843075008 ], [ -62.004934937782522, 45.277296871651579 ], [ -62.009696518488518, 45.269411926683773 ], [ -62.012864492545745, 45.264214744643517 ], [ -62.012965724990245, 45.264057226207562 ], [ -62.01233952520878, 45.263887757410032 ], [ -62.001730918080057, 45.261005703188232 ], [ -62.001334300477069, 45.260880096006161 ], [ -62.000071260780302, 45.26058401413917 ], [ -61.989116278231414, 45.257767492421195 ], [ -61.980232880466936, 45.255299885867217 ], [ -61.976662938341917, 45.254258726393083 ], [ -61.976033980406207, 45.254087698207307 ], [ -61.971816634703345, 45.252940722312168 ], [ -61.971044145910867, 45.252730605513968 ], [ -61.969158900918437, 45.252217785387494 ], [ -61.961482554064659, 45.250045243711838 ], [ -61.949903250931555, 45.246766473388924 ], [ -61.946778583415934, 45.245924006279878 ], [ -61.939814697885254, 45.244045898725375 ], [ -61.936342513215173, 45.243096496513502 ], [ -61.931384595711933, 45.241539830818461 ], [ -61.928125073632287, 45.240516197134589 ], [ -61.92812833195989, 45.24051061326395 ], [ -61.927347304104508, 45.240241339184564 ], [ -61.934224238978892, 45.228557562582267 ], [ -61.934786192985861, 45.227678316883726 ], [ -61.936726111657869, 45.224940788552594 ], [ -61.937455508719026, 45.223877535526633 ], [ -61.938187472261461, 45.222681951117714 ], [ -61.928987015952536, 45.219804597916742 ], [ -61.923523428683495, 45.218272829743455 ], [ -61.899587251063799, 45.211677521406244 ], [ -61.895498608799656, 45.210516814191415 ], [ -61.869963632485714, 45.203262434514279 ], [ -61.866708972438417, 45.202346966830298 ], [ -61.864500104408094, 45.201719779131757 ], [ -61.864227006279236, 45.201642248084546 ], [ -61.86378412888584, 45.20150913882896 ], [ -61.855071239531128, 45.19889012625287 ], [ -61.840238236896489, 45.194619578002253 ], [ -61.829276973229909, 45.191461690158086 ], [ -61.82290026853169, 45.189623805496176 ], [ -61.818533804023964, 45.187710210171304 ], [ -61.807104644385731, 45.182699744882925 ], [ -61.802325157397817, 45.180603701747614 ], [ -61.797574882146137, 45.178520073531431 ], [ -61.782533845854921, 45.171535174040997 ], [ -61.767854270243731, 45.164713807613566 ], [ -61.743119501630005, 45.153864566852889 ], [ -61.739649835127139, 45.152341761816103 ], [ -61.738543447108512, 45.151882287462506 ], [ -61.73512217969671, 45.150461329756254 ], [ -61.734721647209383, 45.150294946564387 ], [ -61.727515869015903, 45.147301417785464 ], [ -61.726918634449142, 45.147053256463224 ], [ -61.720644160796901, 45.144445779134657 ], [ -61.720062025812609, 45.144270863281491 ], [ -61.717184097593758, 45.143405990898962 ], [ -61.71585899692284, 45.143007728998747 ], [ -61.712674532555667, 45.141951668186167 ], [ -61.708870274274851, 45.140906857208137 ], [ -61.698254457947783, 45.13771427889958 ], [ -61.681024816657192, 45.132396075299781 ], [ -61.645929024278516, 45.122449335380466 ], [ -61.632448189937143, 45.118623948268393 ], [ -61.623725604857754, 45.116220538720405 ], [ -61.585183623917708, 45.105587825437375 ], [ -61.580182624166881, 45.104206653385575 ], [ -61.577434675181777, 45.103478629723213 ], [ -61.552222139393756, 45.09679401441138 ], [ -61.521401950975694, 45.088763590277793 ], [ -61.542756625148741, 45.074463188022563 ], [ -61.543092481036325, 45.074238183825756 ], [ -61.562608797054502, 45.061157100341156 ], [ -61.572048241237304, 45.058733424537273 ], [ -61.595330121338918, 45.052750323057353 ], [ -61.614234980450568, 45.048370205030679 ], [ -61.635610917240292, 45.043411848549198 ], [ -61.678873736658183, 45.033358026986804 ], [ -61.700823657508032, 45.028065110735874 ], [ -61.713331902511683, 45.025046015258127 ], [ -61.780851683298287, 45.008712479400742 ], [ -61.791995605183423, 45.00584367516926 ], [ -61.805188462549623, 45.002445214361472 ], [ -61.814416462004935, 45.000066665491453 ], [ -61.823048945357705, 44.99784055467893 ], [ -61.851517926801904, 44.990491772990019 ], [ -61.896693000814118, 44.979463890795813 ], [ -61.912768942443179, 44.97553284934525 ], [ -61.968933341400543, 44.975805477674278 ], [ -61.973763350703386, 44.975827267887212 ], [ -61.99612061890079, 44.975924802887128 ], [ -61.996453038268733, 44.976159377074737 ], [ -61.996692321424248, 44.962538352459084 ], [ -61.997543880694337, 44.914005696385217 ], [ -62.000000015444812, 44.912834438821456 ], [ -62.000010677332249, 44.912829332491029 ], [ -62.032700011267458, 44.897228879648345 ], [ -62.07318016771795, 44.879488098807684 ], [ -62.073118513986536, 44.879429068689852 ], [ -62.084815741691393, 44.87425689371436 ], [ -62.17195816478462, 44.823911507480638 ], [ -62.171986686134026, 44.823895132134979 ], [ -62.196990526115734, 44.810148518049431 ], [ -62.197153678487361, 44.810058766848627 ], [ -62.415337696124027, 44.785302654494316 ], [ -62.415338617370359, 44.7853047313384 ], [ -62.493605625457505, 44.77700186469427 ], [ -62.493607946019154, 44.777083639116213 ], [ -62.493757404285319, 44.77705840288219 ], [ -62.500027498104657, 44.775999102973643 ], [ -62.507322953198248, 44.774765945229717 ], [ -62.516899625070117, 44.773091170651504 ], [ -62.526298880819766, 44.771446317609858 ], [ -62.526581436002864, 44.771396848014021 ], [ -62.544379838459875, 44.76824901208024 ], [ -62.561757113437949, 44.764579214124474 ], [ -62.592548795260726, 44.757684469756462 ], [ -62.615654472056121, 44.751565127753942 ], [ -62.615681376566741, 44.751560483937212 ], [ -62.615639706419344, 44.751397059451655 ], [ -62.615305644968458, 44.75008699406763 ], [ -62.615234409782062, 44.749807680699774 ], [ -62.63374686890301, 44.735005678150898 ], [ -62.667516058439965, 44.718972393579747 ], [ -62.694170370729886, 44.706300970806979 ], [ -62.696825100523206, 44.705038135964905 ], [ -62.737911028167247, 44.686516366650864 ], [ -62.755072691000393, 44.678770181517308 ], [ -62.793207337958762, 44.66821594290829 ], [ -62.793673204555674, 44.668078967424755 ], [ -62.849042279334277, 44.651881920786025 ], [ -62.884335844254196, 44.642474569866721 ], [ -62.905515510432124, 44.638530934758919 ], [ -62.940661340452571, 44.631974348070344 ], [ -62.96228638224234, 44.62782644746347 ], [ -62.999999991354002, 44.620578407387825 ], [ -63.00424033308267, 44.619762337899871 ], [ -63.038795397869265, 44.614838936522105 ], [ -63.046221796659985, 44.613778939241101 ], [ -63.138106983365127, 44.619515329701564 ], [ -63.13805716673739, 44.619362993222815 ], [ -63.158698908845381, 44.620044615155095 ], [ -63.174526118592119, 44.620564013197509 ], [ -63.195860080191864, 44.621510611593422 ], [ -63.215315015518406, 44.620858656916624 ], [ -63.215678793676197, 44.620803353455322 ], [ -63.228942824102013, 44.618785578087639 ], [ -63.249838475518224, 44.615602516007705 ], [ -63.288080521936067, 44.607106351730039 ], [ -63.298988039338461, 44.604679499731759 ], [ -63.322077085211689, 44.600069216424771 ], [ -63.337643778158196, 44.596957120411602 ], [ -63.341700690383647, 44.596189880052378 ], [ -63.363323047425254, 44.592097224737792 ], [ -63.363520995727491, 44.592280854039331 ], [ -63.376441524714224, 44.604264422062073 ], [ -63.377692491167089, 44.60542423146898 ], [ -63.385123070407602, 44.612312147294283 ], [ -63.397759767768974, 44.624020229834478 ], [ -63.408459721938208, 44.633930223411397 ], [ -63.415014817896335, 44.640037749205774 ], [ -63.415661182372958, 44.643295525206071 ], [ -63.415128206247417, 44.644977412703227 ], [ -63.414694402778508, 44.645640969899347 ], [ -63.413415450223575, 44.647053158430992 ], [ -63.412427465286285, 44.649117458478997 ], [ -63.411912462544791, 44.652988847693173 ], [ -63.414924952118653, 44.655831277132556 ], [ -63.421474485089945, 44.658073437638777 ], [ -63.421498318718292, 44.658082016102348 ], [ -63.421569995600095, 44.658107839666187 ], [ -63.428746456780047, 44.660711612017828 ], [ -63.430978118690618, 44.661510932349373 ], [ -63.431129140496815, 44.661565013455089 ], [ -63.431187639016997, 44.661585953017443 ], [ -63.441096142508471, 44.665133856726307 ], [ -63.446410725806601, 44.667095457368362 ], [ -63.462033710237449, 44.673423771496722 ], [ -63.462697669668742, 44.673616858815251 ], [ -63.463161153836509, 44.673636292941069 ], [ -63.463155609720729, 44.673555400571104 ], [ -63.463509262291382, 44.673576499916649 ], [ -63.463586300034613, 44.673581112110107 ], [ -63.463792297765011, 44.673680695117362 ], [ -63.463819605085654, 44.673811710318745 ], [ -63.464096413203855, 44.67405909987297 ], [ -63.464344397006322, 44.674084487974831 ], [ -63.464974587338688, 44.674478307199614 ], [ -63.46520369507077, 44.674677197456084 ], [ -63.465455794465498, 44.675105687371008 ], [ -63.46569489249633, 44.675328492563082 ], [ -63.466592797155847, 44.67592600207616 ], [ -63.466861904080112, 44.676591997443552 ], [ -63.467585701502891, 44.677122294358867 ], [ -63.467884605569786, 44.677247692722602 ], [ -63.468862303151425, 44.677795601570239 ], [ -63.469839584323893, 44.677861403173189 ], [ -63.470839495470223, 44.678287407497997 ], [ -63.471281103652622, 44.678688608671884 ], [ -63.471469702282405, 44.679052493939864 ], [ -63.470821814046772, 44.679666002208805 ], [ -63.469897286917671, 44.680273095832547 ], [ -63.469142106365929, 44.68056399264708 ], [ -63.468510499164744, 44.680691792917855 ], [ -63.468348908251286, 44.680960790616766 ], [ -63.46842392209156, 44.681140294202805 ], [ -63.468253099210031, 44.681365605915467 ], [ -63.468247509860497, 44.681614398355528 ], [ -63.468702111874741, 44.681850000460642 ], [ -63.468789805668514, 44.681994307103544 ], [ -63.468955786380974, 44.681998095350018 ], [ -63.469204202493273, 44.681893105533497 ], [ -63.469647712835751, 44.68188350031766 ], [ -63.470210904059222, 44.682291595877984 ], [ -63.47105260372313, 44.682294993592386 ], [ -63.471504009400995, 44.682479215367316 ], [ -63.472169712498953, 44.682826293423645 ], [ -63.472434190071134, 44.683349993472397 ], [ -63.472905985338848, 44.683451707912894 ], [ -63.472795591264749, 44.6836901913004 ], [ -63.472613413049331, 44.683800606826985 ], [ -63.472582688449791, 44.683989592567102 ], [ -63.472913486524121, 44.684147303901575 ], [ -63.472929439552352, 44.684181619500819 ], [ -63.473023010550548, 44.684300006980074 ], [ -63.473028812916276, 44.684663597882363 ], [ -63.473187707604353, 44.684825297738435 ], [ -63.47361790883452, 44.685483202166218 ], [ -63.473178385814649, 44.685895897554225 ], [ -63.472859012856709, 44.686596009614263 ], [ -63.472977211272095, 44.686922704469914 ], [ -63.473306607927512, 44.686989491966727 ], [ -63.473767705829566, 44.687699400420797 ], [ -63.473635494413607, 44.687929603398729 ], [ -63.473901007964159, 44.688062104010768 ], [ -63.474227111241625, 44.688077408582565 ], [ -63.47428068669786, 44.688118190676299 ], [ -63.474211514269868, 44.688302304957787 ], [ -63.474414890978828, 44.688461087488619 ], [ -63.475070118866839, 44.688673596513112 ], [ -63.47501968379126, 44.689055697637357 ], [ -63.475104716551385, 44.689259197640176 ], [ -63.475312496736592, 44.689319307007864 ], [ -63.475349021248881, 44.689493993740705 ], [ -63.475510313328705, 44.689726800007797 ], [ -63.47537170267492, 44.689854089825907 ], [ -63.475473389931423, 44.690425391055136 ], [ -63.475409514470705, 44.690862602234311 ], [ -63.475636503097839, 44.690990304243201 ], [ -63.475842786149691, 44.691330892526814 ], [ -63.475822493551405, 44.69141339649417 ], [ -63.47609859226484, 44.691680496909662 ], [ -63.476796998641206, 44.692411686535337 ], [ -63.477049310136785, 44.692468805232615 ], [ -63.477418987800846, 44.692872405610437 ], [ -63.477728097158867, 44.693021695435611 ], [ -63.477948885673563, 44.69328750080637 ], [ -63.477765989970109, 44.693658687489211 ], [ -63.477446899494879, 44.693857003115575 ], [ -63.477444286307758, 44.693916198224315 ], [ -63.478008888212315, 44.694174009073045 ], [ -63.47851669990478, 44.694339700239063 ], [ -63.478655280085071, 44.694583904408404 ], [ -63.47899768911256, 44.694856500422766 ], [ -63.479342108298169, 44.69533060030885 ], [ -63.479563490317247, 44.695707094525552 ], [ -63.479473389442802, 44.695863093232305 ], [ -63.479522299797623, 44.696133000864187 ], [ -63.479417811889057, 44.696363702263959 ], [ -63.479438103130221, 44.696652711581905 ], [ -63.479330305531313, 44.696831988080667 ], [ -63.479309103954762, 44.696934212432907 ], [ -63.479245352947004, 44.697016963727805 ], [ -63.480762514965981, 44.700781122371936 ], [ -63.480888298963876, 44.700952836909366 ], [ -63.480832903808746, 44.700964900337596 ], [ -63.480161190154931, 44.701093797055492 ], [ -63.479350898838511, 44.701248410532678 ], [ -63.478540798978287, 44.701403307777603 ], [ -63.478502807652333, 44.701411994279766 ], [ -63.478389291446412, 44.701428894511224 ], [ -63.478287215764951, 44.701446398084663 ], [ -63.477819596859632, 44.701541094636497 ], [ -63.477451603071934, 44.701609309720993 ], [ -63.477009289573409, 44.701695687160409 ], [ -63.47695758379573, 44.701704000598077 ], [ -63.476438401664268, 44.701807893254212 ], [ -63.475970794921338, 44.701893607082447 ], [ -63.475033198342949, 44.702074007172158 ], [ -63.474159707505343, 44.702236892281789 ], [ -63.473387203634523, 44.702392307031559 ], [ -63.472514001903896, 44.702555195131296 ], [ -63.472210095162652, 44.702615896227101 ], [ -63.471210621130012, 44.702795594960584 ], [ -63.470640089673978, 44.702907308317059 ], [ -63.47054569527026, 44.70291481028211 ], [ -63.470096408165524, 44.703001803586794 ], [ -63.469551887510896, 44.703104906364317 ], [ -63.46904490542655, 44.703198888713622 ], [ -63.46882978858433, 44.703251006732607 ], [ -63.468373694308717, 44.703354609972223 ], [ -63.468120500166705, 44.703415996472508 ], [ -63.467207196212151, 44.703650205115864 ], [ -63.466801309297317, 44.703763614954752 ], [ -63.466661810731722, 44.703798211120166 ], [ -63.466141712439047, 44.70395610795709 ], [ -63.46590120758443, 44.704025516043252 ], [ -63.465507405035375, 44.704138907840509 ], [ -63.465076303640984, 44.704261105755201 ], [ -63.464581409076921, 44.704409893425144 ], [ -63.463998216239517, 44.704575196242374 ], [ -63.463364585134727, 44.704740704091883 ], [ -63.463249994584757, 44.704775408872081 ], [ -63.462489102007986, 44.70497548755435 ], [ -63.461676800129453, 44.705202100424835 ], [ -63.461182811798814, 44.70531489866012 ], [ -63.460689799691913, 44.705382591302367 ], [ -63.460224309221687, 44.705420510446224 ], [ -63.460196515351186, 44.705422405985153 ], [ -63.460184312994151, 44.705422407624511 ], [ -63.460183885527293, 44.705422401535195 ], [ -63.460170889367014, 44.705422299955941 ], [ -63.460095513167403, 44.705421907131623 ], [ -63.460049749046455, 44.705421526708122 ], [ -63.460019815132405, 44.705421292419011 ], [ -63.459970498228387, 44.705420593966785 ], [ -63.459893487231469, 44.705420006394938 ], [ -63.459716917345318, 44.70542699460961 ], [ -63.459402487060537, 44.705415691155395 ], [ -63.459099315247173, 44.705385400792288 ], [ -63.458645701431308, 44.705336800412091 ], [ -63.457978599426347, 44.70526749246698 ], [ -63.457311520210141, 44.705189093396775 ], [ -63.456681295087932, 44.705129599660879 ], [ -63.456189915540378, 44.705107201162505 ], [ -63.455899508594094, 44.705095695967721 ], [ -63.455596597179117, 44.705101406915489 ], [ -63.455306384970491, 44.705126004001663 ], [ -63.455015104834509, 44.705159608669888 ], [ -63.454635500026903, 44.705200703080209 ], [ -63.453850998219586, 44.705292910751112 ], [ -63.45321908457084, 44.705359396601082 ], [ -63.452321116541199, 44.705458300182443 ], [ -63.451701810234376, 44.705524690819111 ], [ -63.451197104032381, 44.705556387897651 ], [ -63.4506791080168, 44.705569607716896 ], [ -63.450528196319304, 44.705568108092393 ], [ -63.449948410585456, 44.705527112638606 ], [ -63.449368403426547, 44.705449298460636 ], [ -63.449205409060461, 44.705430097574151 ], [ -63.448036582176137, 44.70512230281831 ], [ -63.447473096508723, 44.704883294322443 ], [ -63.447010596706363, 44.704662697395236 ], [ -63.446435791893421, 44.704342610676051 ], [ -63.446073793384052, 44.704150611304925 ], [ -63.445723909293797, 44.70394940208385 ], [ -63.444746298516158, 44.703544509535988 ], [ -63.444457704583407, 44.703442110136891 ], [ -63.444169218191362, 44.703349595732298 ], [ -63.443868195812144, 44.703275097429028 ], [ -63.44355341533165, 44.703217805781371 ], [ -63.443113605443017, 44.703142099760498 ], [ -63.442672701631871, 44.703092488230844 ], [ -63.442231911412129, 44.703061800952504 ], [ -63.441995096070229, 44.703054485770267 ], [ -63.441815312667657, 44.703049005181605 ], [ -63.441411407809184, 44.703063211542826 ], [ -63.440993887528329, 44.703095400367587 ], [ -63.440589091749601, 44.703154602354125 ], [ -63.439943690012562, 44.703275003428921 ], [ -63.439909092080818, 44.703282989625201 ], [ -63.439044011621263, 44.703481896873207 ], [ -63.438842386538397, 44.703527709103 ], [ -63.43820729259923, 44.703672387970848 ], [ -63.437562009364441, 44.703801799891927 ], [ -63.43692811663724, 44.703939299663773 ], [ -63.436333201343118, 44.704069412713793 ], [ -63.435762293800984, 44.704189484768953 ], [ -63.43512960781878, 44.704318797230023 ], [ -63.43435698736311, 44.704482904146424 ], [ -63.434226606587352, 44.704511900941 ], [ -63.433870587757198, 44.704591001673634 ], [ -63.433773494755137, 44.704612097199238 ], [ -63.43302184670641, 44.704746846632574 ], [ -63.432962996971561, 44.70475739757191 ], [ -63.432862116169169, 44.704774902680192 ], [ -63.432734803826591, 44.704800497492641 ], [ -63.43215258488862, 44.704929698794558 ], [ -63.431645694839013, 44.70501530675611 ], [ -63.431519696733424, 44.705040985868166 ], [ -63.430860609139621, 44.70518749965337 ], [ -63.42983461488074, 44.705402996292449 ], [ -63.428732890903973, 44.705608709335529 ], [ -63.427502908764033, 44.705885210981606 ], [ -63.42609751428985, 44.706178592613654 ], [ -63.425084085861393, 44.706393898372973 ], [ -63.42420939243096, 44.706574502884266 ], [ -63.423690110591217, 44.706686205102756 ], [ -63.423512404223331, 44.706721114937288 ], [ -63.422536708724564, 44.706918296140699 ], [ -63.421372105472386, 44.707159307425719 ], [ -63.420231409812686, 44.707401208782649 ], [ -63.419103309062315, 44.707642090548639 ], [ -63.418153991232018, 44.707830992257023 ], [ -63.417608286621721, 44.707951907375815 ], [ -63.417532698462416, 44.707969291684108 ], [ -63.416975384924619, 44.708072098976345 ], [ -63.416227989213859, 44.708235992742679 ], [ -63.415151508493096, 44.708450612845255 ], [ -63.414124194289116, 44.708674907469991 ], [ -63.413351596983844, 44.708847795518096 ], [ -63.413313708125138, 44.708856216111386 ], [ -63.413275990393011, 44.708865199043302 ], [ -63.412350601012299, 44.709045002494712 ], [ -63.411464520588929, 44.709234498197333 ], [ -63.410564396367583, 44.709415095997848 ], [ -63.409639221723509, 44.709612894261596 ], [ -63.409236005236956, 44.70969629347794 ], [ -63.408930712108734, 44.709759402736942 ], [ -63.408309316308888, 44.709897594570293 ], [ -63.40782803742195, 44.710013280107312 ], [ -63.407662793355087, 44.710052991954285 ], [ -63.407637610184757, 44.71006200810573 ], [ -63.406446308305583, 44.710312108164423 ], [ -63.40567240061133, 44.710484110257795 ], [ -63.405039417250599, 44.710595200457298 ], [ -63.404532691347384, 44.710706895571299 ], [ -63.404494893775926, 44.710715988620009 ], [ -63.403950304871529, 44.710836808108162 ], [ -63.403253111061474, 44.710965296724126 ], [ -63.402771700895833, 44.711086713150543 ], [ -63.402353207483785, 44.711180901057581 ], [ -63.401910508512486, 44.71124911193963 ], [ -63.401389992639245, 44.711369706720596 ], [ -63.401301698564176, 44.711387099351839 ], [ -63.400757111139946, 44.71149889248386 ], [ -63.400367590644869, 44.711580401524586 ], [ -63.400060004674202, 44.711645391955109 ], [ -63.399999498462734, 44.711655500118439 ], [ -63.399959106110231, 44.711661912178066 ], [ -63.399135821162133, 44.711815993337886 ], [ -63.399077801581562, 44.711829695482486 ], [ -63.398983226713497, 44.711850814884649 ], [ -63.398932809556307, 44.711859113540449 ], [ -63.398895009902105, 44.711868204264903 ], [ -63.398881965920786, 44.711870961183585 ], [ -63.398857189869481, 44.711876392245735 ], [ -63.398818094857482, 44.711885599378739 ], [ -63.398804199601834, 44.711889212576274 ], [ -63.398717303200662, 44.711911112733368 ], [ -63.397754297628239, 44.712099989896409 ], [ -63.396891895615987, 44.71230728811711 ], [ -63.395815291901989, 44.712531610759108 ], [ -63.394750111102681, 44.712763894133793 ], [ -63.394518113171301, 44.712817798607972 ], [ -63.39359690183111, 44.713031786846742 ], [ -63.393602505048136, 44.71303530090988 ], [ -63.393810903437071, 44.713163310915213 ], [ -63.393833801205865, 44.713178512869561 ], [ -63.393860797956691, 44.713195090206696 ], [ -63.394220404350172, 44.713415710870983 ], [ -63.394470313455408, 44.713580493056924 ], [ -63.394806995018833, 44.713772489916352 ], [ -63.394931291491815, 44.713872710286388 ], [ -63.395305891663654, 44.714110605976664 ], [ -63.395317298740146, 44.71411949401196 ], [ -63.395442906601701, 44.714201910345537 ], [ -63.395680002039668, 44.714356813337488 ], [ -63.396041306208275, 44.714576099338053 ], [ -63.396116100602562, 44.714621803339156 ], [ -63.396340592037234, 44.714768609470006 ], [ -63.396490197532422, 44.714859994249565 ], [ -63.396764385243685, 44.715078705810711 ], [ -63.396875006177346, 44.715196214647996 ], [ -63.396887511718532, 44.71521449218811 ], [ -63.397011108212013, 44.715341593254884 ], [ -63.397072398941425, 44.715441291181705 ], [ -63.397122190789865, 44.715513986331558 ], [ -63.397170606656154, 44.715576888650638 ], [ -63.397305892578558, 44.715803307378607 ], [ -63.397414806495483, 44.716029712151638 ], [ -63.397450787138396, 44.716119597948875 ], [ -63.397498516344804, 44.716264397097227 ], [ -63.397510301523837, 44.716336398912347 ], [ -63.397508298810457, 44.71640841194143 ], [ -63.397507498375774, 44.716480388649352 ], [ -63.397492897189444, 44.716552512163894 ], [ -63.397479498245552, 44.716624599355335 ], [ -63.397425094916997, 44.716794903960782 ], [ -63.397306897193417, 44.717054589557463 ], [ -63.397213886119935, 44.717305205383873 ], [ -63.397160589759459, 44.717440394144759 ], [ -63.397120899978503, 44.717538698255716 ], [ -63.397093810347222, 44.717646802260759 ], [ -63.397079320371205, 44.717744998526882 ], [ -63.397079093067205, 44.717758805524923 ], [ -63.397077509841473, 44.717852993808037 ], [ -63.397087310087755, 44.71798800225384 ], [ -63.397121397385924, 44.718168807657406 ], [ -63.397156612569567, 44.718330795557868 ], [ -63.397168291039542, 44.71838470569908 ], [ -63.397203299408837, 44.718511490827574 ], [ -63.397275507122728, 44.718737201517506 ], [ -63.397346406836711, 44.718954010337129 ], [ -63.397359205930165, 44.71897191229921 ], [ -63.397418406171099, 44.719143705692268 ], [ -63.397454389291809, 44.719233592789855 ], [ -63.397552912377861, 44.719415094622001 ], [ -63.39761399441764, 44.719496804390879 ], [ -63.397687802344095, 44.719578390949493 ], [ -63.39776280345238, 44.719651091896139 ], [ -63.397849217091398, 44.71972369591677 ], [ -63.398010493191308, 44.719859994916632 ], [ -63.39811060989539, 44.719915397708554 ], [ -63.398336213930669, 44.720043396456084 ], [ -63.398635496461672, 44.720226005246367 ], [ -63.398847311286659, 44.720362999107479 ], [ -63.398947508719594, 44.720427497887876 ], [ -63.3989589027804, 44.720436408469212 ], [ -63.399059188145195, 44.72050899925943 ], [ -63.399145602445685, 44.720590587180958 ], [ -63.399233320238494, 44.72067309696024 ], [ -63.399307117204643, 44.720763803095956 ], [ -63.399331495504427, 44.720817692055185 ], [ -63.399439400587447, 44.721088900278588 ], [ -63.399632893831509, 44.72150450980098 ], [ -63.399875000808642, 44.722082994201486 ], [ -63.399959311518451, 44.722317992873293 ], [ -63.400000393526611, 44.722422303781222 ], [ -63.400139211075057, 44.722778300689356 ], [ -63.400283415088289, 44.723175695551532 ], [ -63.400426506509724, 44.723600115041222 ], [ -63.400560092698186, 44.72393450110323 ], [ -63.400665117218146, 44.72433119625164 ], [ -63.400845406576202, 44.724828390865 ], [ -63.400868811558723, 44.724927295747364 ], [ -63.401003197279692, 44.725198688591682 ], [ -63.40101479425963, 44.725234709912577 ], [ -63.401074201515364, 44.725415387204727 ], [ -63.401157791988034, 44.725641095699558 ], [ -63.401243701869824, 44.72583070202397 ], [ -63.401315590689812, 44.726002409179358 ], [ -63.401340105612306, 44.726066309644565 ], [ -63.401459584316854, 44.726372799074241 ], [ -63.401580496974255, 44.726680310790414 ], [ -63.401724494917929, 44.727050701425028 ], [ -63.401822891191273, 44.727222296270128 ], [ -63.401907494438163, 44.727402888167276 ], [ -63.402151700394384, 44.727837799673949 ], [ -63.402323094860733, 44.728154100785851 ], [ -63.402481579068997, 44.728434406767676 ], [ -63.402493181727721, 44.728462199516457 ], [ -63.402652813900396, 44.728715491718056 ], [ -63.402774481296902, 44.728969006478728 ], [ -63.402883681074677, 44.729230600333182 ], [ -63.402991692809138, 44.729510991223407 ], [ -63.403087820259387, 44.729961493542596 ], [ -63.403241095408717, 44.730323100353701 ], [ -63.403257285352616, 44.730363212083965 ], [ -63.403397891360932, 44.730711385732221 ], [ -63.403422203273408, 44.730765389828129 ], [ -63.403713486541982, 44.731425094144114 ], [ -63.40400281653983, 44.732121192382422 ], [ -63.404271853953034, 44.732603694924904 ], [ -63.404710544003571, 44.733547880309516 ], [ -63.405147269862951, 44.734447998750291 ], [ -63.405716271930686, 44.734324272566404 ], [ -63.406065646191834, 44.734266586417391 ], [ -63.406358689011654, 44.735151496512593 ], [ -63.406954815809264, 44.736920520507802 ], [ -63.408680206282604, 44.742039676016503 ], [ -63.408680257388099, 44.742039833465832 ], [ -63.408966557153114, 44.742889252973285 ], [ -63.415633602956056, 44.762659460723214 ], [ -63.423660337259534, 44.786440753066017 ], [ -63.428415786398524, 44.80051913403129 ], [ -63.428418477611864, 44.800527108171707 ], [ -63.431183725695334, 44.808709820984312 ], [ -63.435922441569716, 44.808748438555305 ], [ -63.439178014802025, 44.808774737029644 ], [ -63.439330881366736, 44.808775966394322 ], [ -63.440046078261162, 44.808781723467519 ], [ -63.441296840701739, 44.808791794499705 ], [ -63.465887787818097, 44.808986079073293 ], [ -63.466770170617735, 44.808992924875838 ], [ -63.493041849017494, 44.809192761126461 ], [ -63.494037332889512, 44.80920017056787 ], [ -63.495382261092324, 44.8091290899455 ], [ -63.505099937363489, 44.808614930476871 ], [ -63.507813435596326, 44.808471167326061 ], [ -63.508096498590184, 44.808465005700526 ], [ -63.509278386498323, 44.808393523266773 ], [ -63.510655457688017, 44.808320517278744 ], [ -63.563811656983638, 44.805485830621336 ], [ -63.565995043816393, 44.80536906093414 ], [ -63.567386096008221, 44.805298200010448 ], [ -63.567868307581385, 44.805268809425939 ], [ -63.569305306070419, 44.805191896401865 ], [ -63.570821355260534, 44.805110718369818 ], [ -63.571206254385878, 44.807013705851951 ], [ -63.571208407613994, 44.808375584039453 ], [ -63.571213420844906, 44.811577932795352 ], [ -63.572961593912268, 44.820669133747543 ], [ -63.572991718604001, 44.820838027465292 ], [ -63.570868766455831, 44.828843800801714 ], [ -63.570638321096553, 44.829590752567704 ], [ -63.570317406960122, 44.830602398836341 ], [ -63.570241691909089, 44.830683788495456 ], [ -63.570287914141801, 44.83077180430972 ], [ -63.570257594102564, 44.830830496710384 ], [ -63.570136419567874, 44.831195595345527 ], [ -63.570155595536768, 44.831654601913698 ], [ -63.570172387544666, 44.831781500829074 ], [ -63.570367514940251, 44.832026996115921 ], [ -63.570591086178645, 44.832383705686233 ], [ -63.570668397553725, 44.832784700182359 ], [ -63.570666695842618, 44.832954695945027 ], [ -63.570643106151877, 44.832985798449052 ], [ -63.57058510518192, 44.833043912896159 ], [ -63.570305005684133, 44.833097090043069 ], [ -63.570224195428366, 44.833166599715149 ], [ -63.570333497665118, 44.833338895764143 ], [ -63.570330109764754, 44.833417998435458 ], [ -63.570471393789049, 44.833622709842615 ], [ -63.570488202682967, 44.833749587061895 ], [ -63.570288803186983, 44.833863903888179 ], [ -63.570029709445521, 44.833945215137348 ], [ -63.570011180791809, 44.833988300622067 ], [ -63.570062387941093, 44.834218792311965 ], [ -63.570029513321678, 44.834597602007811 ], [ -63.569936107632458, 44.834702393129263 ], [ -63.569857901215343, 44.834712506978889 ], [ -63.569749307354989, 44.834781292329183 ], [ -63.569702207089016, 44.834843609217202 ], [ -63.569687910822736, 44.834918396974778 ], [ -63.569844289566866, 44.835028593000487 ], [ -63.569875407061602, 44.835080604053324 ], [ -63.569869501089272, 44.835218910270548 ], [ -63.569653315038792, 44.835336793624037 ], [ -63.569489213293878, 44.835404400218515 ], [ -63.56940261647118, 44.835481599264178 ], [ -63.569539588168389, 44.835785104156955 ], [ -63.569551301135029, 44.835899988815456 ], [ -63.569405804004141, 44.836055000039863 ], [ -63.569387206037788, 44.836359103722373 ], [ -63.569248393805793, 44.836355987813832 ], [ -63.568858799296294, 44.836497790445407 ], [ -63.568533294201515, 44.836573806636984 ], [ -63.56830109985507, 44.836675490635315 ], [ -63.568082306828465, 44.836852688272259 ], [ -63.567763390247777, 44.837162108001486 ], [ -63.567741494464059, 44.837284195610572 ], [ -63.567754893457312, 44.837359597129151 ], [ -63.567818818558123, 44.837424194078302 ], [ -63.567819610653402, 44.837535012707605 ], [ -63.567567116436891, 44.837849792495135 ], [ -63.567544389860153, 44.837991599791465 ], [ -63.567469504184601, 44.838053304188328 ], [ -63.567339885732039, 44.838093895249024 ], [ -63.567427400573429, 44.838257996002604 ], [ -63.567501281855584, 44.83847699881008 ], [ -63.567596773744683, 44.838669093278916 ], [ -63.567676185202579, 44.838805100702146 ], [ -63.567809104382192, 44.838946391858222 ], [ -63.568107695806781, 44.839110986904203 ], [ -63.568185902625075, 44.83923131129594 ], [ -63.568481779863397, 44.83971620074049 ], [ -63.568559998970656, 44.839966996160342 ], [ -63.568808015094667, 44.840403394787209 ], [ -63.568945096233968, 44.84057638939003 ], [ -63.56911339999899, 44.840670991352162 ], [ -63.569358116951626, 44.840925392363033 ], [ -63.569426912660532, 44.841523998892235 ], [ -63.569449596666928, 44.841643111048683 ], [ -63.569613588477651, 44.841967000379249 ], [ -63.569604186374058, 44.842445205412346 ], [ -63.569710980093575, 44.842676906724797 ], [ -63.569734491511397, 44.842776186734383 ], [ -63.569732817953401, 44.842946201200505 ], [ -63.569603107111512, 44.843247901927512 ], [ -63.569698005205822, 44.843756115499787 ], [ -63.569602109181453, 44.843920104087054 ], [ -63.569601213939087, 44.844070298548964 ], [ -63.569723912079475, 44.84457910284361 ], [ -63.569699389951396, 44.84489100053321 ], [ -63.569730480372968, 44.845073500033621 ], [ -63.569916300060058, 44.845405799421584 ], [ -63.569976003470543, 44.845699687994113 ], [ -63.569943187429175, 44.845817601036771 ], [ -63.569924792913476, 44.84583888850387 ], [ -63.569816911208271, 44.845909802280588 ], [ -63.569956591620247, 44.846023502665268 ], [ -63.570151028932194, 44.846273068076989 ], [ -63.570140611887766, 44.846278402751935 ], [ -63.570126793027612, 44.846286583928759 ], [ -63.56962930821755, 44.846542500170607 ], [ -63.569540117863774, 44.846588395157475 ], [ -63.566758819546067, 44.848023696639046 ], [ -63.564016402934698, 44.849431690003648 ], [ -63.562905889020911, 44.850010591706329 ], [ -63.562842982118219, 44.850043300737916 ], [ -63.562578310450512, 44.850180510430206 ], [ -63.560980216940941, 44.851008800150652 ], [ -63.55914151559962, 44.852019497655334 ], [ -63.558233488708055, 44.852606294959649 ], [ -63.558016086322397, 44.852765807169256 ], [ -63.557389095049068, 44.853228895399077 ], [ -63.556170904962691, 44.854208906065132 ], [ -63.5561458083315, 44.854236006409799 ], [ -63.556082871416343, 44.854287449912327 ], [ -63.556080508388014, 44.854289389952612 ], [ -63.556030313487753, 44.854333797895599 ], [ -63.554490788932057, 44.855589901703276 ], [ -63.553452285979944, 44.856445596636938 ], [ -63.551797709564966, 44.857799493129576 ], [ -63.551771993379546, 44.857817598566406 ], [ -63.549053107417166, 44.860053298161759 ], [ -63.548359799929379, 44.860623810857547 ], [ -63.547731795978684, 44.861131791382377 ], [ -63.544858103853613, 44.863501407719966 ], [ -63.544529091405032, 44.863774007961297 ], [ -63.542998014354822, 44.865042399167258 ], [ -63.542227897820126, 44.86566630033267 ], [ -63.539264406014453, 44.868089395737648 ], [ -63.537430089026827, 44.869576105951964 ], [ -63.535758484345742, 44.871154895127191 ], [ -63.53494549070912, 44.872084099429692 ], [ -63.534232906431924, 44.873059713231719 ], [ -63.533621893038848, 44.874061787287658 ], [ -63.532820895884846, 44.875756097112927 ], [ -63.532688087064756, 44.876159896461644 ], [ -63.532167088500195, 44.877757593362581 ], [ -63.532154706499995, 44.877784705934339 ], [ -63.532129110495241, 44.877860449628905 ], [ -63.532127619589311, 44.877864896976632 ], [ -63.532114013716999, 44.877910008785882 ], [ -63.531967785807772, 44.878385997236073 ], [ -63.531834496063013, 44.878762887496414 ], [ -63.531795112907012, 44.878879204668543 ], [ -63.531607992833642, 44.879462494582604 ], [ -63.531420797332878, 44.880036806091937 ], [ -63.531233904934311, 44.880638090202062 ], [ -63.530965802060258, 44.881500012957659 ], [ -63.530684183982864, 44.882433505562048 ], [ -63.530577400701389, 44.882774712189644 ], [ -63.53041890447242, 44.8831597953086 ], [ -63.53007090896196, 44.88429119319909 ], [ -63.529817304293978, 44.885081014726623 ], [ -63.529562604934618, 44.885888689620742 ], [ -63.52953070451364, 44.885991097314609 ], [ -63.529528595151497, 44.885998105769453 ], [ -63.529202902338163, 44.886983309003448 ], [ -63.52888170071293, 44.887997501090418 ], [ -63.528468012692493, 44.889290300897976 ], [ -63.528119694863676, 44.890384785741269 ], [ -63.527759721051034, 44.891462196981017 ], [ -63.527504284151554, 44.892333002539957 ], [ -63.527212002218157, 44.893193993417242 ], [ -63.52699449275007, 44.894056498666203 ], [ -63.526939816953053, 44.894307892571014 ], [ -63.526806985155332, 44.895441005130046 ], [ -63.526830098634591, 44.896305100147735 ], [ -63.526955600429936, 44.897151613656213 ], [ -63.527181197336503, 44.897999497311375 ], [ -63.527460181998677, 44.898730900592383 ], [ -63.52780239397142, 44.899444997700606 ], [ -63.528140601561098, 44.90000969617298 ], [ -63.528159895133378, 44.900041995104118 ], [ -63.528221598898199, 44.900141700875984 ], [ -63.528768206915025, 44.900888414348337 ], [ -63.529150306579155, 44.901409391748096 ], [ -63.529979093405053, 44.902558707839916 ], [ -63.531130000520776, 44.904162011027438 ], [ -63.531489103675192, 44.904641912426897 ], [ -63.532170214305744, 44.90556510383712 ], [ -63.532875804787466, 44.906525000111266 ], [ -63.533915196959747, 44.907964998180447 ], [ -63.534855607382951, 44.909250615977072 ], [ -63.535772113536403, 44.910536304756697 ], [ -63.536191189294293, 44.911196891554127 ], [ -63.536534487254173, 44.911874899748526 ], [ -63.536800790713457, 44.912579407060562 ], [ -63.537359095028009, 44.914041385729305 ], [ -63.537577712908103, 44.914655206087353 ], [ -63.537731816103566, 44.915286495984631 ], [ -63.537797213782468, 44.915917199185053 ], [ -63.537843695024222, 44.917636389667905 ], [ -63.53787351094433, 44.918932497530037 ], [ -63.537900499007904, 44.919562693107743 ], [ -63.537941195552094, 44.920894690437223 ], [ -63.537941190402663, 44.92089510854376 ], [ -63.537939304513188, 44.921011607953503 ], [ -63.537938002883266, 44.921092702012615 ], [ -63.537974591269688, 44.922703890455253 ], [ -63.538015391007612, 44.923271798562041 ], [ -63.53811411813524, 44.924208395517624 ], [ -63.538172588721999, 44.924506087579054 ], [ -63.538173055256422, 44.924508149157859 ], [ -63.538314202935268, 44.925145499428439 ], [ -63.538649207440066, 44.926282614642155 ], [ -63.539099405509177, 44.927402193903951 ], [ -63.539589209041011, 44.928423403506876 ], [ -63.540262193401055, 44.929868809394819 ], [ -63.540482880203562, 44.930347405788424 ], [ -63.540713695553222, 44.930907110048423 ], [ -63.540808394560116, 44.931277600722304 ], [ -63.540834608743722, 44.931354114889828 ], [ -63.540844911625079, 44.931385403136375 ], [ -63.540961086820772, 44.932016801605016 ], [ -63.541001300211761, 44.93265581157916 ], [ -63.541070597372325, 44.933826607073286 ], [ -63.541153202835496, 44.934933508673062 ], [ -63.541231900952404, 44.936293308387185 ], [ -63.541243013374064, 44.936392302797671 ], [ -63.541244400232351, 44.936410295651761 ], [ -63.541262701467666, 44.936734287889266 ], [ -63.541261104196529, 44.936833312333256 ], [ -63.541269734833847, 44.936896532081143 ], [ -63.541173188718844, 44.936888545882496 ], [ -63.541043300120286, 44.936855931826209 ], [ -63.540907278626108, 44.93681250495144 ], [ -63.540560672272434, 44.936734801174033 ], [ -63.539974373347441, 44.936661794603651 ], [ -63.538396240947613, 44.936451636743556 ], [ -63.538368928777018, 44.9364480027401 ], [ -63.536921990094207, 44.931688904998346 ], [ -63.536377216997685, 44.931449414355171 ], [ -63.535721574695565, 44.931350209331129 ], [ -63.53463946259108, 44.931778880339849 ], [ -63.534386891899203, 44.931805808889486 ], [ -63.533094448910781, 44.932203139498526 ], [ -63.530600527777594, 44.932189330365929 ], [ -63.530575450879539, 44.932727924364301 ], [ -63.531265021230617, 44.933480444122601 ], [ -63.531790776339896, 44.935801649449019 ], [ -63.532564040535192, 44.936656601899891 ], [ -63.53295772845869, 44.937360031027723 ], [ -63.53263455261353, 44.938019833066988 ], [ -63.530902424324488, 44.938424051666949 ], [ -63.53021043502325, 44.938975882690606 ], [ -63.530758252525125, 44.939879780472637 ], [ -63.530284575510414, 44.940608233456139 ], [ -63.528260667834054, 44.942150276332306 ], [ -63.527288499171128, 44.942641280013468 ], [ -63.526471116551306, 44.943629406901593 ], [ -63.52622399439656, 44.94463265894634 ], [ -63.525003552719134, 44.945903419573568 ], [ -63.52332245204159, 44.948423879285535 ], [ -63.522250856432628, 44.949630385244056 ], [ -63.521772027962399, 44.950676358272027 ], [ -63.520499369909366, 44.951720979072498 ], [ -63.520072160461091, 44.952761693472077 ], [ -63.519264009348738, 44.954368592477365 ], [ -63.51871684190148, 44.955408538445781 ], [ -63.518374924433942, 44.955852949529579 ], [ -63.517754858212953, 44.956610282199229 ], [ -63.516555506767965, 44.957964445052312 ], [ -63.515290444840858, 44.958937598616707 ], [ -63.515099274850179, 44.959579604088795 ], [ -63.514960187161954, 44.959709687963496 ], [ -63.514535752893714, 44.960106719654469 ], [ -63.514475807304159, 44.960124827665339 ], [ -63.513628867595102, 44.960380512784894 ], [ -63.511636820689716, 44.961443381289904 ], [ -63.510583499121118, 44.961454108643693 ], [ -63.510080305635206, 44.96124554807659 ], [ -63.509576357988628, 44.960687271034089 ], [ -63.508416324854224, 44.96043046595787 ], [ -63.507725388129479, 44.960788888075939 ], [ -63.507875631121905, 44.96135294559155 ], [ -63.508824966688643, 44.961994321255055 ], [ -63.509106740122157, 44.963150295640496 ], [ -63.508253302012385, 44.963750058142267 ], [ -63.506081643988949, 44.963862610133567 ], [ -63.505247550057703, 44.963850573885843 ], [ -63.5048533826414, 44.963730841446626 ], [ -63.504245039631975, 44.962988505369488 ], [ -63.503001358880638, 44.962498016037429 ], [ -63.502231136752172, 44.962476480999435 ], [ -63.501866366355671, 44.962466285905371 ], [ -63.500614827365631, 44.962047180657287 ], [ -63.499999992480234, 44.961678392361833 ], [ -63.499345031169128, 44.961285503014352 ], [ -63.499180271616581, 44.961253882939914 ], [ -63.498904950140613, 44.961197081656351 ], [ -63.497574058879444, 44.960990971192061 ], [ -63.496080088987277, 44.961159056903576 ], [ -63.495178081082095, 44.961427392457637 ], [ -63.494828501539175, 44.961717602208168 ], [ -63.494502369798724, 44.961882163159316 ], [ -63.49321800458781, 44.962171311348882 ], [ -63.492383484521454, 44.96239284166937 ], [ -63.491809031233338, 44.962780777783109 ], [ -63.490997984497604, 44.963925101717528 ], [ -63.48997266936712, 44.964660275867665 ], [ -63.488762574953576, 44.965264288151559 ], [ -63.488339055298731, 44.966226614205219 ], [ -63.488404925609153, 44.967189804706877 ], [ -63.48808081475741, 44.968767491130819 ], [ -63.487658967791347, 44.969536576688633 ], [ -63.487019762651656, 44.96996189987474 ], [ -63.485957485254417, 44.970125312027839 ], [ -63.485005626759104, 44.970423146100359 ], [ -63.483279447134777, 44.971706222948022 ], [ -63.482003855785671, 44.972800376723761 ], [ -63.481469068777514, 44.973583768157987 ], [ -63.481332523180221, 44.973774574125009 ], [ -63.480361226996365, 44.975144014333566 ], [ -63.479226217751524, 44.976184132048182 ], [ -63.478261641144869, 44.977480735152227 ], [ -63.478049352815361, 44.977659519955623 ], [ -63.477482389511017, 44.978089369556692 ], [ -63.47725679625794, 44.978235373602161 ], [ -63.476129764604487, 44.978810616554483 ], [ -63.475581309453304, 44.9789832281757 ], [ -63.474624808636939, 44.979269502001223 ], [ -63.472485842682836, 44.979952949436573 ], [ -63.472149260826392, 44.980338450926503 ], [ -63.471988254105298, 44.980603061817135 ], [ -63.472099340194291, 44.981439218694931 ], [ -63.472172305505758, 44.982308031330824 ], [ -63.471712510008977, 44.983132767625527 ], [ -63.470400814793585, 44.984255512672846 ], [ -63.469716875532299, 44.985197998109136 ], [ -63.468894209293104, 44.986036357843595 ], [ -63.468067209326755, 44.986428399002946 ], [ -63.467936835132342, 44.986458286919934 ], [ -63.467325618553211, 44.986598481158929 ], [ -63.465577681026105, 44.986449483094709 ], [ -63.463889205499434, 44.986748400738257 ], [ -63.462501170609038, 44.987576943506994 ], [ -63.461337109507582, 44.988482013263024 ], [ -63.461217624372345, 44.988845248806783 ], [ -63.46128723149728, 44.989913782833298 ], [ -63.460505323585267, 44.990703260845294 ], [ -63.458155308909696, 44.991684251286124 ], [ -63.457217853010832, 44.991813873968084 ], [ -63.456725834550042, 44.991838660285723 ], [ -63.456399439703283, 44.992022972711396 ], [ -63.456172925528641, 44.992278604014338 ], [ -63.456077064861532, 44.992643497574221 ], [ -63.457518361915959, 44.993926147669193 ], [ -63.45801904369975, 44.994536680803208 ], [ -63.45804278843503, 44.994935692228267 ], [ -63.457628628485345, 44.995549303392551 ], [ -63.456318138038128, 44.996347446734397 ], [ -63.456026805108294, 44.996704983218734 ], [ -63.454865775930621, 44.998129795115624 ], [ -63.453667169278845, 44.999000183093266 ], [ -63.451685572790488, 44.999744976408756 ], [ -63.450731324074212, 44.999919017380556 ], [ -63.450533995030213, 45.000043933157968 ], [ -63.449200886010082, 45.000887680737854 ], [ -63.448056826770681, 45.001605491868531 ], [ -63.446044410932181, 45.002085146036997 ], [ -63.443305910626073, 45.002175303267251 ], [ -63.440711683159073, 45.002468494672677 ], [ -63.437783001562948, 45.002197192340887 ], [ -63.435067712933048, 45.001479185975292 ], [ -63.433801935619229, 45.001233786576051 ], [ -63.433362662042732, 45.001241591863469 ], [ -63.433201637033179, 45.001302082038649 ], [ -63.433067387246759, 45.001427696056311 ], [ -63.432409363657044, 45.002433951662397 ], [ -63.431852951566079, 45.002975965210503 ], [ -63.431686925627325, 45.003780984950673 ], [ -63.432281119898171, 45.005313482958023 ], [ -63.432922331845973, 45.006951078486999 ], [ -63.433763751824905, 45.007836280700701 ], [ -63.435855191892919, 45.009597220639918 ], [ -63.43610108577704, 45.010399708289988 ], [ -63.435793500130444, 45.012080853425381 ], [ -63.435182792729876, 45.013151191207811 ], [ -63.435086727646215, 45.013411319630855 ], [ -63.435054980516497, 45.013497291218947 ], [ -63.4339900815108, 45.016380007106008 ], [ -63.433527842773024, 45.017420999311192 ], [ -63.433425673870765, 45.017959925460424 ], [ -63.433520218728056, 45.018479645891588 ], [ -63.43444158817703, 45.021103636151501 ], [ -63.434976796301704, 45.021787686411066 ], [ -63.435639952385174, 45.023496602229038 ], [ -63.43636590235598, 45.025529217035142 ], [ -63.436997585900556, 45.026429767350997 ], [ -63.437781616508694, 45.027250541330545 ], [ -63.437766034556454, 45.027728788702817 ], [ -63.437490307810961, 45.028079548745303 ], [ -63.436997151849383, 45.028263530242576 ], [ -63.436431903258608, 45.028336014861374 ], [ -63.436107690087418, 45.028521395998041 ], [ -63.435871854543002, 45.028807498365147 ], [ -63.43578341903256, 45.029136474163359 ], [ -63.435876587331052, 45.029562267963875 ], [ -63.437055535270844, 45.030841676400691 ], [ -63.437945480061337, 45.032524939060139 ], [ -63.438182822192658, 45.03350710318459 ], [ -63.437948468791802, 45.034306149737532 ], [ -63.437471201091867, 45.034988398631377 ], [ -63.436773596210053, 45.035687078145308 ], [ -63.435811853158121, 45.036335927765279 ], [ -63.434958445978978, 45.037312574108881 ], [ -63.434539059963974, 45.038528083577745 ], [ -63.43434813266385, 45.040488835604833 ], [ -63.434271104875855, 45.040694611615407 ], [ -63.434214271931019, 45.041075388459809 ], [ -63.433970055249155, 45.041784279750146 ], [ -63.43377268153052, 45.042139969702234 ], [ -63.433453166980264, 45.042499778948347 ], [ -63.432754158665404, 45.042913549974884 ], [ -63.4316794369118, 45.043382563492585 ], [ -63.430101684018098, 45.043737967523093 ], [ -63.428958948468761, 45.043653007187004 ], [ -63.428076276662281, 45.04343371578441 ], [ -63.426928746583727, 45.043010547913262 ], [ -63.425979059178104, 45.04243775519199 ], [ -63.425343789945529, 45.041881895378012 ], [ -63.424953724912825, 45.041691006676047 ], [ -63.424198021524909, 45.041617387841157 ], [ -63.423868012336435, 45.04173937365875 ], [ -63.423686996123386, 45.041806092261652 ], [ -63.423523790864017, 45.041866000795032 ], [ -63.423495873196593, 45.041887341523534 ], [ -63.422921312739966, 45.042338806357463 ], [ -63.422803800471002, 45.04258540259967 ], [ -63.422899798021447, 45.042682595982257 ], [ -63.42365000966965, 45.043000905237463 ], [ -63.42375189015835, 45.04309039876896 ], [ -63.423828305386692, 45.043250502873803 ], [ -63.42378618859162, 45.043435504846506 ], [ -63.423633514073209, 45.043598194743531 ], [ -63.423514197267544, 45.043642895355283 ], [ -63.423161242065632, 45.043681822813539 ], [ -63.422938338714481, 45.0437064118424 ], [ -63.422150516612867, 45.043793298863704 ], [ -63.42177059931678, 45.043919002623682 ], [ -63.42158589559525, 45.044049302547656 ], [ -63.421385205358206, 45.044404802855915 ], [ -63.421566194386862, 45.045560800463626 ], [ -63.421650794162808, 45.045784490991544 ], [ -63.422327810079928, 45.046718500185705 ], [ -63.423106797304186, 45.047500594239033 ], [ -63.42317398741082, 45.047616891533259 ], [ -63.423261298839186, 45.048022690990749 ], [ -63.423177586429098, 45.048503606157233 ], [ -63.42291520759025, 45.049107104036906 ], [ -63.422740008387954, 45.049392014135954 ], [ -63.422563504671686, 45.049585801007773 ], [ -63.422349095832047, 45.04975501252072 ], [ -63.421884078639728, 45.050029102991139 ], [ -63.421825628728207, 45.050062014173257 ], [ -63.42136982126673, 45.050376601506834 ], [ -63.421193744524999, 45.050587157702516 ], [ -63.421149628111024, 45.05077678877668 ], [ -63.421185932133469, 45.051014364841052 ], [ -63.421314480567112, 45.051157748930365 ], [ -63.42159712625913, 45.051372218919965 ], [ -63.421993735186007, 45.051561042934644 ], [ -63.422723094417925, 45.05173008896665 ], [ -63.423024552821403, 45.05183879390011 ], [ -63.423279808835325, 45.051994104406496 ], [ -63.423504269885193, 45.052398514171863 ], [ -63.42359423705426, 45.052711512337858 ], [ -63.423655843336476, 45.053226701997843 ], [ -63.42362405234018, 45.053485864805729 ], [ -63.423434629077164, 45.053978008785435 ], [ -63.423305676042766, 45.054631933596397 ], [ -63.42319636503958, 45.054962353632277 ], [ -63.423018516440337, 45.055342162755984 ], [ -63.422818454071162, 45.055581495314549 ], [ -63.422629187406692, 45.055721228915125 ], [ -63.421887374189772, 45.056033453463428 ], [ -63.421627074778335, 45.056229407888871 ], [ -63.421429242661844, 45.056513118419737 ], [ -63.421437543210963, 45.057379837945831 ], [ -63.421400112077109, 45.057651641707587 ], [ -63.421330914712833, 45.057827484994682 ], [ -63.421181990385669, 45.057978300609214 ], [ -63.420870155521854, 45.058187968711898 ], [ -63.420614539410494, 45.058294918555212 ], [ -63.420034977426383, 45.058408554635911 ], [ -63.419492003608376, 45.058455377661559 ], [ -63.41897768967015, 45.058364936385829 ], [ -63.418437255574212, 45.058178148176729 ], [ -63.418036772072725, 45.058045047525923 ], [ -63.417690403470893, 45.057997902757698 ], [ -63.417081719124518, 45.058249915830999 ], [ -63.416500724018441, 45.058371594848595 ], [ -63.414988224865425, 45.058324310536534 ], [ -63.413658492978406, 45.058577129658353 ], [ -63.413107507124614, 45.058479900175826 ], [ -63.412431253832594, 45.058340601139001 ], [ -63.411453873849787, 45.058462947800493 ], [ -63.411122602541703, 45.058445833280366 ], [ -63.410908793691441, 45.058387840026064 ], [ -63.410396211876964, 45.058151030474484 ], [ -63.409886627531598, 45.057778341894299 ], [ -63.409563039544082, 45.057529153124179 ], [ -63.409067418081037, 45.057196501002124 ], [ -63.408542711023991, 45.056833205702354 ], [ -63.408221077294499, 45.056633902481437 ], [ -63.407959825056196, 45.056342321990527 ], [ -63.407406243995638, 45.055188277999164 ], [ -63.407304952957134, 45.055051804850777 ], [ -63.407125544463653, 45.054905636834775 ], [ -63.406939078947268, 45.054814875926482 ], [ -63.406064210322775, 45.054633905978271 ], [ -63.405788721350575, 45.054532034761777 ], [ -63.405555675831401, 45.054419761299584 ], [ -63.405307964330852, 45.054270733813574 ], [ -63.405051103718939, 45.053996134433554 ], [ -63.405007561837877, 45.053861246788379 ], [ -63.405067769614071, 45.053738328041739 ], [ -63.405213417151018, 45.053598048439845 ], [ -63.405726765240345, 45.053328042597656 ], [ -63.406080348238518, 45.053168926332212 ], [ -63.406215979622722, 45.053070712620439 ], [ -63.406277038258636, 45.052986604438935 ], [ -63.406288090059078, 45.052849123980877 ], [ -63.406240797750293, 45.052692609370148 ], [ -63.406024456480338, 45.052481138922523 ], [ -63.405854217147379, 45.052373380382669 ], [ -63.405613872292903, 45.052299944896674 ], [ -63.405260604525751, 45.052236565655306 ], [ -63.404034664895192, 45.052368373230301 ], [ -63.403499950114458, 45.052461512089458 ], [ -63.403383722275962, 45.052575744150168 ], [ -63.403330548359484, 45.052686224386164 ], [ -63.403360299096946, 45.052867054446203 ], [ -63.403753972322008, 45.053306293367953 ], [ -63.403996844314335, 45.053614913766459 ], [ -63.404169395675439, 45.05392610348656 ], [ -63.404351378288233, 45.054486989324189 ], [ -63.404410183541614, 45.055230088063276 ], [ -63.404337327208594, 45.055539796753514 ], [ -63.404203117906654, 45.055770769012298 ], [ -63.403910079789824, 45.055924075958409 ], [ -63.403583045736369, 45.056007895387069 ], [ -63.402812467885738, 45.056000088415679 ], [ -63.401735148750667, 45.055744959262512 ], [ -63.400928269174813, 45.05540864529565 ], [ -63.400043386341196, 45.055208896711115 ], [ -63.399380440281085, 45.055222452984289 ], [ -63.399079366135659, 45.055337771614198 ], [ -63.398589517460607, 45.055584750432267 ], [ -63.397073510361551, 45.056403153867201 ], [ -63.396141855841421, 45.056697145381207 ], [ -63.395294707753585, 45.056887438952174 ], [ -63.394444253876664, 45.056933860851402 ], [ -63.393921668670053, 45.056878009755614 ], [ -63.393309044516322, 45.056679275565287 ], [ -63.392967000715295, 45.056399376071667 ], [ -63.393002211623816, 45.055584795251683 ], [ -63.392661416543675, 45.05509110635905 ], [ -63.392111922203, 45.054862868319795 ], [ -63.391465203806931, 45.054793034979042 ], [ -63.39148620336077, 45.054640588536955 ], [ -63.391525195746929, 45.054404011285037 ], [ -63.391753712920583, 45.05393829885476 ], [ -63.391848113008855, 45.053592195567191 ], [ -63.391859101368119, 45.053002706902468 ], [ -63.392014010180979, 45.052559105718672 ], [ -63.39207398305853, 45.052350701643448 ], [ -63.392125995021829, 45.051837284556278 ], [ -63.392131818571173, 45.051477299173555 ], [ -63.39222770011304, 45.050980807644969 ], [ -63.392345384776874, 45.050734208277753 ], [ -63.392564408094145, 45.050113904897515 ], [ -63.392856990770881, 45.049471708407424 ], [ -63.392982086290687, 45.049066897291922 ], [ -63.393111611413111, 45.048804790529644 ], [ -63.393388083249263, 45.048387806827535 ], [ -63.393552892745845, 45.047968087918342 ], [ -63.39343480383468, 45.047510113713351 ], [ -63.39337850788484, 45.047045696849104 ], [ -63.393454704860247, 45.046612108963693 ], [ -63.393618498764809, 45.046310897888127 ], [ -63.393699091487839, 45.046162596329282 ], [ -63.393796714325916, 45.045868104964768 ], [ -63.393914710323742, 45.04573231133292 ], [ -63.394201679610028, 45.045208701632056 ], [ -63.394846300833542, 45.04444020257327 ], [ -63.395431106115986, 45.043638592607977 ], [ -63.395616792682731, 45.043488610448478 ], [ -63.396084804687305, 45.042913790559012 ], [ -63.396336889412595, 45.042658510389352 ], [ -63.396636984462248, 45.042210398345055 ], [ -63.396895898898329, 45.041927502544269 ], [ -63.397047414975638, 45.041673795592828 ], [ -63.397180508148082, 45.041574012930248 ], [ -63.397272381729422, 45.041398102211801 ], [ -63.397364396008356, 45.041222099497169 ], [ -63.397745986519723, 45.040704702133866 ], [ -63.397931700870913, 45.040554705352591 ], [ -63.398432409139033, 45.040234008943791 ], [ -63.399091311252079, 45.039873490013221 ], [ -63.399826893271403, 45.039542488182285 ], [ -63.400750085853836, 45.039021904282194 ], [ -63.400947579992803, 45.038856405391712 ], [ -63.401002090279832, 45.038766604618495 ], [ -63.40105701083165, 45.038546192023112 ], [ -63.401013304738342, 45.038287896563808 ], [ -63.400931098010581, 45.038135587147295 ], [ -63.400201508950012, 45.03738221190698 ], [ -63.400037216663208, 45.037077602907985 ], [ -63.40001030374119, 45.036815714540552 ], [ -63.400186584299178, 45.036269698932294 ], [ -63.400506499680908, 45.035517295959288 ], [ -63.400653010402102, 45.035010101015104 ], [ -63.400635316331687, 45.034792002856697 ], [ -63.400563196137021, 45.034663702817291 ], [ -63.400186315698079, 45.034247097663311 ], [ -63.399596982940352, 45.033718703246066 ], [ -63.399405602039408, 45.033635114159857 ], [ -63.399144594880312, 45.033605198236287 ], [ -63.398832486151093, 45.033475102394554 ], [ -63.398016115029776, 45.032909691851266 ], [ -63.396438107373555, 45.032041392252815 ], [ -63.395260803272457, 45.031317011823091 ], [ -63.394587786150268, 45.031027994184051 ], [ -63.394246890812077, 45.030917088327037 ], [ -63.39388729767164, 45.03084921166694 ], [ -63.392880603576728, 45.030774012864576 ], [ -63.39260369426664, 45.030727891201686 ], [ -63.392430491345884, 45.03073179874491 ], [ -63.392192788117526, 45.030801297111495 ], [ -63.391361714312914, 45.031145795852773 ], [ -63.390642100123955, 45.031493005164521 ], [ -63.389780335708856, 45.031970282553971 ], [ -63.38954800553239, 45.032088511477191 ], [ -63.388878699084422, 45.032314099157468 ], [ -63.388715882197864, 45.032452803197167 ], [ -63.388513113235724, 45.032847693492869 ], [ -63.388413903275897, 45.032940407673593 ], [ -63.388158709941337, 45.03314409912312 ], [ -63.386981597984253, 45.033959287997455 ], [ -63.386553192492215, 45.034166906301998 ], [ -63.386362495236888, 45.034304892601796 ], [ -63.386042411433216, 45.034463495818969 ], [ -63.385258806541344, 45.034745813372545 ], [ -63.384984394261295, 45.034881811403139 ], [ -63.384804279010055, 45.034913103217171 ], [ -63.38425670168612, 45.03492390685836 ], [ -63.38407938902423, 45.034895899762965 ], [ -63.382999186072858, 45.034601193272522 ], [ -63.382637399788173, 45.034462013110442 ], [ -63.381528599590546, 45.033944903811069 ], [ -63.38086938868873, 45.033600689305864 ], [ -63.38020211301621, 45.033193101810539 ], [ -63.379916111630372, 45.03310310470426 ], [ -63.379633206793052, 45.033064797872079 ], [ -63.379486908976034, 45.033089008524286 ], [ -63.379040284328873, 45.033208997677662 ], [ -63.378143597458532, 45.033638910590945 ], [ -63.377641218763273, 45.033757594349112 ], [ -63.376985298681873, 45.033817208970774 ], [ -63.376804203384673, 45.033868310962681 ], [ -63.376737911353032, 45.033973610418471 ], [ -63.376652796466203, 45.034474209218423 ], [ -63.376401001744249, 45.034840299451986 ], [ -63.376194288940638, 45.034962108834875 ], [ -63.375744804813429, 45.035141289637409 ], [ -63.375514290845494, 45.035294188415193 ], [ -63.375397181908994, 45.035410102942663 ], [ -63.375310995470926, 45.035578303458522 ], [ -63.375340209284033, 45.035669991152325 ], [ -63.37557990551749, 45.03591318984266 ], [ -63.375856908017234, 45.036311592637936 ], [ -63.376069388154008, 45.036775802683621 ], [ -63.376093895153247, 45.036966407087917 ], [ -63.376033789200235, 45.037174786685618 ], [ -63.375854302995613, 45.037427791442568 ], [ -63.375149606893018, 45.038163008562933 ], [ -63.374764694711672, 45.038628893644379 ], [ -63.374471194486055, 45.03904940344465 ], [ -63.374383590474331, 45.03936789720769 ], [ -63.374127398057979, 45.039943592180101 ], [ -63.373984590086074, 45.040130194846384 ], [ -63.373829483685995, 45.040221505285942 ], [ -63.373582699751893, 45.04024728813949 ], [ -63.373260000486006, 45.040223792191384 ], [ -63.372595502055475, 45.040108992524374 ], [ -63.372266508370245, 45.039982402172271 ], [ -63.371819684737467, 45.039750103666108 ], [ -63.370243112511915, 45.038267791260445 ], [ -63.369667316955081, 45.037814700979922 ], [ -63.369399711215223, 45.03757079900722 ], [ -63.36885769536697, 45.036758398755126 ], [ -63.368553196602633, 45.036117788353899 ], [ -63.368324503244629, 45.035878812605162 ], [ -63.367987395426667, 45.035688692676501 ], [ -63.367441108178539, 45.035438216067973 ], [ -63.366814306334412, 45.035237209727768 ], [ -63.366538284459473, 45.035171203913727 ], [ -63.364690806688863, 45.034933106476821 ], [ -63.363445883270934, 45.034816207206454 ], [ -63.363059410852415, 45.034727793392065 ], [ -63.362748307460002, 45.034577915437346 ], [ -63.362490784769328, 45.034357997017104 ], [ -63.362351517651923, 45.034002398968873 ], [ -63.362433895354123, 45.032856486111591 ], [ -63.362421112649912, 45.03253960461916 ], [ -63.362259185613119, 45.031953800612541 ], [ -63.362100816597362, 45.031530504314745 ], [ -63.361873721944086, 45.031141094905763 ], [ -63.36145340873874, 45.030707600257266 ], [ -63.361166509704915, 45.030285095496289 ], [ -63.36080920375462, 45.029936113241234 ], [ -63.360743108080058, 45.029800010254021 ], [ -63.360571514538762, 45.029653400470352 ], [ -63.360418982288117, 45.02957450382393 ], [ -63.360242615423111, 45.029526794868765 ], [ -63.360030601637867, 45.02952559493373 ], [ -63.359850494176094, 45.029557005386835 ], [ -63.359597102926259, 45.02972110835092 ], [ -63.359278790073319, 45.029840109531108 ], [ -63.358846916071244, 45.02988519740618 ], [ -63.358596577399766, 45.029873619263007 ], [ -63.358490499313689, 45.029868688946415 ], [ -63.356772695121165, 45.030072904087426 ], [ -63.356657206555951, 45.030038402843061 ], [ -63.3565293985016, 45.029908702534094 ], [ -63.356501300847519, 45.029444889086435 ], [ -63.356332498824791, 45.029239010981328 ], [ -63.356184988192808, 45.029172192386405 ], [ -63.356023690394586, 45.029160402477771 ], [ -63.355798819105551, 45.029194599831662 ], [ -63.355672610714208, 45.029266704404868 ], [ -63.355619297501384, 45.029447486515274 ], [ -63.355288912420555, 45.029471192638944 ], [ -63.355062107711447, 45.029544914888056 ], [ -63.354937988758557, 45.029688399721856 ], [ -63.354861515614161, 45.030121999621883 ], [ -63.355105092688383, 45.030396988398806 ], [ -63.355641899380998, 45.030845188244882 ], [ -63.356002697293377, 45.03100431094645 ], [ -63.355745408288499, 45.031599699929984 ], [ -63.355583704916761, 45.031829391759679 ], [ -63.355445489254592, 45.031917091265186 ], [ -63.355132288815071, 45.032048095039883 ], [ -63.354416789709191, 45.032185296428153 ], [ -63.353534716782022, 45.032540093918492 ], [ -63.352381511433094, 45.032840899118604 ], [ -63.351455492552901, 45.033178792963213 ], [ -63.350960515262884, 45.033491499085272 ], [ -63.35021419463034, 45.034039506720809 ], [ -63.349863515629053, 45.034367494020614 ], [ -63.349557405345912, 45.034581789897452 ], [ -63.349264095209058, 45.03476071230633 ], [ -63.348938886588726, 45.034907300866642 ], [ -63.348810507294594, 45.034908105719907 ], [ -63.348208915455331, 45.034414700087979 ], [ -63.348146882900707, 45.034310304694657 ], [ -63.348112288195559, 45.033984907538482 ], [ -63.348042507762763, 45.033927789095316 ], [ -63.347920919523034, 45.033901096389492 ], [ -63.346940192105265, 45.03386558936289 ], [ -63.346849603006028, 45.033891087734894 ], [ -63.346458200075027, 45.03425380877178 ], [ -63.346136116711563, 45.03445179605685 ], [ -63.346059719044426, 45.034533093462073 ], [ -63.345892512903063, 45.034992204765203 ], [ -63.345755492664829, 45.035170894986855 ], [ -63.345631207985583, 45.035203493615519 ], [ -63.345548512144376, 45.035181791501763 ], [ -63.345113489538399, 45.034822999666197 ], [ -63.344803793217579, 45.034763994453378 ], [ -63.34465751999921, 45.03478819317391 ], [ -63.344263581869505, 45.034968705961589 ], [ -63.343833795293889, 45.035084991931384 ], [ -63.343571197609059, 45.035205305004347 ], [ -63.343335306511328, 45.035235193369701 ], [ -63.343224711986508, 45.035212693573811 ], [ -63.343149896173813, 45.035143586891941 ], [ -63.342988807140493, 45.034779592347384 ], [ -63.343003509636937, 45.034704705057088 ], [ -63.343129302127792, 45.034410899519834 ], [ -63.343134006023774, 45.034312099836981 ], [ -63.343011310636612, 45.034194293471053 ], [ -63.342756405471448, 45.034156495400893 ], [ -63.342031295420753, 45.034491211347991 ], [ -63.341310283737457, 45.034394596774099 ], [ -63.341164893672449, 45.034399010112473 ], [ -63.340870417033216, 45.034486899873009 ], [ -63.340771104345308, 45.03457950552577 ], [ -63.340761309898944, 45.034666389303055 ], [ -63.340811414406602, 45.034786302448218 ], [ -63.340976991459854, 45.03494070425004 ], [ -63.340990117225019, 45.03501619612171 ], [ -63.340888892969637, 45.035148396992525 ], [ -63.340520685212937, 45.035258194425005 ], [ -63.338867988358565, 45.035265700973532 ], [ -63.338732609235649, 45.035294113701653 ], [ -63.338578509150373, 45.035365613473608 ], [ -63.338049010477661, 45.035463589918457 ], [ -63.337800990918865, 45.03539820169901 ], [ -63.337373693426564, 45.035344309033924 ], [ -63.336993387100321, 45.035358897410632 ], [ -63.33668889737703, 45.035422691010417 ], [ -63.336298108046286, 45.035654714121968 ], [ -63.336125808038965, 45.036101813207523 ], [ -63.335972905311309, 45.036264313733462 ], [ -63.335976345376189, 45.036590616710768 ], [ -63.317486095644469, 45.043183561431931 ], [ -63.314641884799087, 45.044198385981218 ], [ -63.31298077659919, 45.044790997614058 ], [ -63.290796751803995, 45.052701140110294 ], [ -63.282820537570416, 45.055543267224607 ], [ -63.275964604225166, 45.057985390174387 ], [ -63.269952138693213, 45.0601264359371 ], [ -63.264238687902832, 45.062160457193364 ], [ -63.257549869444048, 45.06454104670199 ], [ -63.234023101709091, 45.07290859820116 ], [ -63.233052943983751, 45.073253458173809 ], [ -63.226931052051746, 45.075435093201989 ], [ -63.215254005407296, 45.079645645003545 ], [ -63.203071350950211, 45.083998710065615 ], [ -63.200288970576139, 45.084992588494472 ], [ -63.190830063380467, 45.088370312658576 ], [ -63.178794417412846, 45.092666113132928 ], [ -63.177224349003261, 45.093229614600538 ], [ -63.173732748135123, 45.094472024906345 ], [ -63.170903579386405, 45.09548128464634 ], [ -63.17078989675904, 45.095496910333047 ], [ -63.170686091705754, 45.095557583671436 ], [ -63.16955889047798, 45.095947902501564 ], [ -63.169032305695289, 45.096076700203305 ], [ -63.168291694392842, 45.096021788603998 ], [ -63.167225596270058, 45.09620380599538 ], [ -63.166819592719463, 45.096379286480364 ], [ -63.166740395280492, 45.096610884596529 ], [ -63.166582494888495, 45.096852300285128 ], [ -63.166195296185933, 45.097095587411097 ], [ -63.16568259786748, 45.097280210883589 ], [ -63.165213613387344, 45.097481802783598 ], [ -63.164625399694287, 45.097506000370359 ], [ -63.164072903620479, 45.097594508599329 ], [ -63.163661693220355, 45.097868908251584 ], [ -63.16353619524876, 45.098108554356564 ], [ -63.163160481394705, 45.098259704832451 ], [ -63.162037022300701, 45.098643285749681 ], [ -63.161782038285111, 45.098650096901721 ], [ -63.161591546318427, 45.098704384634487 ], [ -63.161299655630295, 45.098857813007314 ], [ -63.161058331390819, 45.098921171160157 ], [ -63.160985248841882, 45.099018289171681 ], [ -63.156888854614664, 45.100478654890452 ], [ -63.155754202786007, 45.100883106980682 ], [ -63.155365725047474, 45.101020000322741 ], [ -63.155363328824954, 45.101020835202661 ], [ -63.134700364247863, 45.108297977499021 ], [ -63.134699221247907, 45.108298371594252 ], [ -63.125703267909593, 45.111464442728952 ], [ -63.120424319288304, 45.113321736347721 ], [ -63.114417626648788, 45.115434519771917 ], [ -63.097656968869842, 45.121404910777102 ], [ -63.087286010785199, 45.125146758880589 ], [ -63.083437906582695, 45.126538992272252 ], [ -63.080575616272064, 45.127578416190858 ], [ -63.078944506691421, 45.128163612336458 ], [ -63.064330511931601, 45.133483541390916 ], [ -63.062952782226397, 45.133970568035458 ], [ -63.060535696779759, 45.134827046095516 ], [ -63.056038635852758, 45.136420279708581 ], [ -63.041953663912352, 45.141408247618735 ], [ -63.032756964841802, 45.144690647814159 ], [ -63.031582492377773, 45.145073338494029 ], [ -63.026975655584742, 45.146753360709432 ], [ -63.021477996150821, 45.148714377082477 ], [ -63.020891827418652, 45.148923411942704 ], [ -63.01597450397378, 45.150859369680973 ], [ -63.013861775302495, 45.151691001305338 ], [ -63.006040154293736, 45.154093045276575 ], [ -63.000000000542819, 45.156082681324634 ], [ -62.999297584635393, 45.156314045214422 ], [ -62.996820888093687, 45.157509939149435 ], [ -62.992166288343199, 45.160916501490689 ], [ -62.984122296509639, 45.163503212156115 ], [ -62.970618773559295, 45.168539628668817 ], [ -62.957918978746534, 45.173588604353974 ], [ -62.957818488780866, 45.173668232772116 ], [ -62.95736652536619, 45.17373199347216 ], [ -62.956411715056255, 45.174181709460854 ], [ -62.956147321182229, 45.174243924934203 ], [ -62.956124825043204, 45.174250279334103 ], [ -62.955956290097596, 45.174312384569951 ], [ -62.954269890795096, 45.174552797409227 ], [ -62.953673837150603, 45.175276053436953 ], [ -62.95354997389385, 45.175317090660343 ], [ -62.947498634134405, 45.177321943960671 ], [ -62.944611085749706, 45.178530112919837 ], [ -62.942090250135138, 45.179576343186412 ], [ -62.937817934020998, 45.181349189900999 ], [ -62.935999378390065, 45.182064473032185 ], [ -62.926286224409012, 45.185699904212804 ], [ -62.914802833903614, 45.189948064445531 ], [ -62.914649275525264, 45.189989443193724 ], [ -62.911753668175876, 45.190641109482883 ], [ -62.91141901385739, 45.190744176405161 ], [ -62.904231886556154, 45.192957888005594 ], [ -62.898693586636774, 45.194516395410773 ], [ -62.898462491317183, 45.19465687521992 ], [ -62.897480429196683, 45.195417779962732 ], [ -62.895122555202391, 45.196467053807638 ], [ -62.892254114671481, 45.19774344652415 ], [ -62.888817012333895, 45.199294920935749 ], [ -62.885875609876607, 45.201777397697334 ], [ -62.8856202237885, 45.20192864173557 ], [ -62.882247308487926, 45.203925833121012 ], [ -62.878084165377075, 45.205715734879433 ], [ -62.873558422959071, 45.207318728405973 ], [ -62.869058116174592, 45.20936154939487 ], [ -62.865475021301627, 45.21089853686123 ], [ -62.862149303233238, 45.212297499926926 ], [ -62.85972535397449, 45.213213766168515 ], [ -62.855894503852269, 45.215350857119937 ], [ -62.855026904582125, 45.215902690039577 ], [ -62.851905306303074, 45.218370933329744 ], [ -62.851825879486547, 45.218433774081412 ], [ -62.847849516007749, 45.220662515420138 ], [ -62.844919334630326, 45.222229185913548 ], [ -62.84422804388123, 45.22260126436192 ], [ -62.840454396720872, 45.224561902238527 ], [ -62.837921989806766, 45.225877473546255 ], [ -62.833495186636199, 45.2289337065925 ], [ -62.831016432070371, 45.230369756771317 ], [ -62.829714345254757, 45.232243217861942 ], [ -62.826916600089234, 45.233190718540726 ], [ -62.825378195662871, 45.234575256027675 ], [ -62.823651262075323, 45.236940855413458 ], [ -62.818996870310251, 45.238900810992305 ], [ -62.814785753156634, 45.244008905338298 ], [ -62.810143144834996, 45.24559503385521 ], [ -62.804735058302619, 45.246624458068382 ], [ -62.799350796332284, 45.246965457723732 ], [ -62.798362717390262, 45.247027991460335 ], [ -62.792389098148298, 45.247685936044 ], [ -62.787421373929462, 45.249972554627909 ], [ -62.787332527235627, 45.250044078761718 ], [ -62.786109474077676, 45.25102874027943 ], [ -62.785505680158934, 45.25126113639498 ], [ -62.783409615173071, 45.25206787532008 ], [ -62.781666080010652, 45.252915916113508 ], [ -62.779458490843091, 45.253602657132291 ], [ -62.777364751780631, 45.25410602785778 ], [ -62.776589993139588, 45.254292278195429 ], [ -62.773087466435513, 45.254950225651839 ], [ -62.772136659986622, 45.255128819707984 ], [ -62.76898751343883, 45.255866118635893 ], [ -62.764600145127069, 45.256725333674567 ], [ -62.761431443192812, 45.257135729421123 ], [ -62.760147345990241, 45.257677991978305 ], [ -62.758806872134166, 45.259364076792068 ], [ -62.757987711159359, 45.2601844185223 ], [ -62.756948504659917, 45.260609665975018 ], [ -62.755682409631873, 45.26112773114459 ], [ -62.750604599078834, 45.262502679581679 ], [ -62.748193255873915, 45.263015603316163 ], [ -62.745328155273803, 45.263857130655865 ], [ -62.741194925890667, 45.264716892652444 ], [ -62.739861684181648, 45.26589444613515 ], [ -62.739760186062227, 45.2660807873321 ], [ -62.73899233480946, 45.265968919942509 ], [ -62.738705027940824, 45.265993589390384 ], [ -62.7386925768974, 45.266015204972064 ], [ -62.738667198273575, 45.266088704330279 ], [ -62.738644683567735, 45.26616170564612 ], [ -62.73862909099212, 45.266242701082 ], [ -62.738622198829006, 45.266313806565755 ], [ -62.738596092977907, 45.266493699304206 ], [ -62.738550292666432, 45.266774483938313 ], [ -62.738548707951551, 45.266784594196132 ], [ -62.738533077332953, 45.266888705592791 ], [ -62.738531700490867, 45.266906701251003 ], [ -62.738531597949532, 45.266933686837703 ], [ -62.738530110200678, 45.266969695694392 ], [ -62.738528710038068, 45.266996709143008 ], [ -62.738525793389094, 45.267026410248114 ], [ -62.738514381570909, 45.267059698330741 ], [ -62.738500710036163, 45.267083004770519 ], [ -62.738474704499112, 45.267112708330522 ], [ -62.738420722859793, 45.267162234454645 ], [ -62.738408316786028, 45.267173598945014 ], [ -62.738349679315718, 45.267208106739552 ], [ -62.738291900328015, 45.267281499173841 ], [ -62.738201106743446, 45.267379814622181 ], [ -62.738041899203104, 45.267520404831188 ], [ -62.73772709840388, 45.267785186625389 ], [ -62.737518492715324, 45.267962090780607 ], [ -62.737308690494764, 45.2681298911372 ], [ -62.737217921634667, 45.268199896720219 ], [ -62.737115897715739, 45.268271090151799 ], [ -62.737009391119152, 45.268340807935431 ], [ -62.736893496548269, 45.268402801420997 ], [ -62.736711093578712, 45.268493291225411 ], [ -62.736595504195328, 45.268541513252181 ], [ -62.736492096502822, 45.268576289854174 ], [ -62.736363910418142, 45.268616291046335 ], [ -62.736250912533549, 45.268646093387716 ], [ -62.73615781381416, 45.268663698027417 ], [ -62.736004608983265, 45.268685005204681 ], [ -62.735915293861083, 45.268692897832047 ], [ -62.735834896648036, 45.268693909380481 ], [ -62.735737986333405, 45.268691796113544 ], [ -62.735303493225047, 45.268683393214943 ], [ -62.735155596758126, 45.268681301746852 ], [ -62.734983690944716, 45.268670401159959 ], [ -62.734833702177738, 45.268653110651819 ], [ -62.734680388638083, 45.268628795446197 ], [ -62.734426907306435, 45.268597705340881 ], [ -62.734370492585832, 45.268590111509887 ], [ -62.734312194878711, 45.268587503570288 ], [ -62.734250991357854, 45.268584194334522 ], [ -62.734199220012357, 45.268582193971405 ], [ -62.734142006232318, 45.268584899480359 ], [ -62.734082683560267, 45.268592399424513 ], [ -62.734022388115633, 45.268602494246011 ], [ -62.733642299213486, 45.268670987442903 ], [ -62.733523901759746, 45.26869100934703 ], [ -62.733391013695474, 45.268716395178103 ], [ -62.733275084809655, 45.268742607374477 ], [ -62.733148998260035, 45.268773012186955 ], [ -62.732993011326457, 45.268809396367509 ], [ -62.732851288728483, 45.268852297547852 ], [ -62.732709597995516, 45.268895209700858 ], [ -62.732693022228823, 45.268898296378893 ], [ -62.732472210119944, 45.268945594860469 ], [ -62.732316111200348, 45.268988201386932 ], [ -62.732190888781325, 45.269024688743066 ], [ -62.732054910246632, 45.269056613408807 ], [ -62.731751306237385, 45.269114409392309 ], [ -62.731709106622965, 45.269123299716149 ], [ -62.731648406957866, 45.269135114390913 ], [ -62.731587493546577, 45.269142200347723 ], [ -62.731556710629178, 45.269144007800939 ], [ -62.731495021501161, 45.269144194825124 ], [ -62.731464196306305, 45.269142687222612 ], [ -62.731403078513488, 45.269136105770507 ], [ -62.731361509281541, 45.269129503695034 ], [ -62.731212700439691, 45.269111489641318 ], [ -62.731173989085079, 45.269105600342115 ], [ -62.731120803855546, 45.269097097861263 ], [ -62.731073204776308, 45.269085801231839 ], [ -62.731028696020751, 45.269072195519868 ], [ -62.730984084175738, 45.269057707651342 ], [ -62.730977599520102, 45.269056296259372 ], [ -62.730896204384436, 45.269038592919003 ], [ -62.730768908202123, 45.269009506826777 ], [ -62.730617287608034, 45.26898030139126 ], [ -62.730587011052961, 45.268975204589808 ], [ -62.730584508966622, 45.268974897634131 ], [ -62.730540404235818, 45.268969810017758 ], [ -62.730465683107013, 45.2689591969201 ], [ -62.730427505775289, 45.268951913502555 ], [ -62.730414784913592, 45.268950107978732 ], [ -62.730404690211508, 45.268948088452234 ], [ -62.730370502795523, 45.268940811934435 ], [ -62.730337183055831, 45.268937899437574 ], [ -62.730312900907485, 45.268939092518771 ], [ -62.730277187340263, 45.268943498673508 ], [ -62.730249093822977, 45.268947003605597 ], [ -62.730198097280294, 45.268955905197224 ], [ -62.730045003769966, 45.268979611830645 ], [ -62.729900009026366, 45.269010312761239 ], [ -62.729829286610077, 45.269025209236659 ], [ -62.729816789979637, 45.269029490021516 ], [ -62.729736100097895, 45.269056486999474 ], [ -62.729581699132865, 45.269099398935779 ], [ -62.729298196289449, 45.269193212735949 ], [ -62.72891081958138, 45.269326796569118 ], [ -62.728873010040488, 45.269339809524595 ], [ -62.728298496407533, 45.26957009501546 ], [ -62.728033811873424, 45.269696100814151 ], [ -62.727930305657516, 45.269748100363358 ], [ -62.727594306760601, 45.269895791064215 ], [ -62.727172210799615, 45.270105096809004 ], [ -62.726966384732364, 45.270213796285987 ], [ -62.726965890394631, 45.270214103709741 ], [ -62.726752188979674, 45.270324010174392 ], [ -62.72651939381538, 45.270414404763073 ], [ -62.726094294610903, 45.270601506816178 ], [ -62.725417005277109, 45.270893715499952 ], [ -62.725409594778313, 45.270896889753324 ], [ -62.725266482222416, 45.270966804325234 ], [ -62.725203399845576, 45.271004500778076 ], [ -62.725150113422117, 45.27103669418829 ], [ -62.725097103323648, 45.27107970338934 ], [ -62.725084890458994, 45.271089696396267 ], [ -62.72503481645294, 45.271133192035386 ], [ -62.72499149257839, 45.271177204598537 ], [ -62.724873391516788, 45.27132948356558 ], [ -62.724779595766165, 45.271481396776494 ], [ -62.724644506500468, 45.271722290830049 ], [ -62.724617607571545, 45.271766409446329 ], [ -62.724590512094572, 45.271820304789991 ], [ -62.724523891481105, 45.271918492098003 ], [ -62.724457020711171, 45.272007198577363 ], [ -62.724364815142572, 45.27210420629028 ], [ -62.724271294222078, 45.272182504368047 ], [ -62.724182615481773, 45.272259131689907 ], [ -62.721063549232859, 45.273370317798516 ], [ -62.71733396141591, 45.275253901689013 ], [ -62.717280911814903, 45.275280704210942 ], [ -62.715785876202212, 45.275554104033873 ], [ -62.714407410345203, 45.275806165166948 ], [ -62.714109698356381, 45.27587224281654 ], [ -62.71454585538163, 45.276067167801237 ], [ -62.715098523785663, 45.276382767889757 ], [ -62.715098683187243, 45.276382654139454 ], [ -62.715583065717354, 45.276642386392041 ], [ -62.7156732014599, 45.276706508062837 ], [ -62.730617234427477, 45.287332045812811 ], [ -62.740404966211166, 45.294287554297647 ], [ -62.748322044786072, 45.299911515426331 ], [ -62.753679301033934, 45.303715948339146 ], [ -62.756750644017707, 45.305896666821376 ], [ -62.757590699219151, 45.306493072007726 ], [ -62.760244305917183, 45.30839869631982 ], [ -62.762683839466483, 45.310150399237891 ], [ -62.771235135271333, 45.316289120407951 ], [ -62.77339398047409, 45.317838517024967 ], [ -62.785418323414412, 45.32646566813257 ], [ -62.791403250705507, 45.3307579977321 ], [ -62.80089421235607, 45.337562479208437 ], [ -62.803152075863871, 45.339180835903129 ], [ -62.810157670804216, 45.344201100904371 ], [ -62.813549603898863, 45.346674917658 ], [ -62.816194318620461, 45.348603528217609 ], [ -62.816245974825044, 45.348641194022221 ], [ -62.816881652527989, 45.349104717755097 ], [ -62.824070427639697, 45.354345666567234 ], [ -62.833340344303352, 45.361101390687615 ], [ -62.841891208847692, 45.366948617732305 ], [ -62.84202660273219, 45.367429235617863 ], [ -62.852532516438188, 45.375079408739232 ], [ -62.861040549593589, 45.381272179029331 ], [ -62.867657148363008, 45.386296318878522 ], [ -62.877192383893878, 45.39353396712027 ], [ -62.885186325528672, 45.399599334234694 ], [ -62.902418210594909, 45.41197890252684 ], [ -62.904325699037585, 45.413348681708506 ], [ -62.918487288775268, 45.423908808822056 ], [ -62.939536671298256, 45.438613134057597 ], [ -62.940682376481767, 45.439447071878249 ], [ -62.944432645573258, 45.44217656190996 ], [ -62.945178208189866, 45.442719144705372 ], [ -62.945689331367518, 45.443091079800318 ], [ -62.946396280439977, 45.443605532290313 ], [ -62.946809724860451, 45.443906388126365 ], [ -62.947395502656306, 45.444332628808738 ], [ -62.949859396102916, 45.446085250439737 ], [ -62.94995464678022, 45.446152826874354 ], [ -62.950008417488824, 45.446190998021983 ], [ -62.950625583113485, 45.446628901932563 ], [ -62.950626687730612, 45.446629732881263 ], [ -62.95088497160404, 45.44682757304713 ], [ -62.95466316000352, 45.449451289866225 ], [ -62.9559259174262, 45.450328074019019 ], [ -62.957533710245869, 45.451455154510441 ], [ -62.963311485871138, 45.455504795716038 ], [ -62.973686011777161, 45.462773692431945 ], [ -62.979504426146505, 45.466843239874947 ], [ -62.98330997067049, 45.469504385147431 ], [ -62.999096200307889, 45.48014983991839 ], [ -62.999928589784624, 45.480933947768527 ], [ -63.001848810653854, 45.482742676231268 ], [ -63.008499067381123, 45.486083430395681 ], [ -63.009471484392925, 45.487154132035997 ], [ -63.009753355066017, 45.487464486551808 ], [ -63.009906576639843, 45.487633202888176 ], [ -63.010270469168937, 45.488270988047347 ], [ -63.010435420901338, 45.4885295746586 ], [ -63.010904384315261, 45.489438509402696 ], [ -63.013932592703384, 45.494904022641435 ], [ -63.01429645567854, 45.495754991138497 ], [ -63.016124020344115, 45.50002819813276 ], [ -63.017108916829606, 45.502330872037319 ], [ -63.018432985338471, 45.504726785075938 ], [ -63.018909755454445, 45.505581955370211 ], [ -63.031085909274033, 45.52752260972872 ], [ -63.037625633118779, 45.539298166982071 ], [ -63.038943051477254, 45.541669566099799 ], [ -63.0496218508843, 45.561339405524684 ], [ -63.051844640027205, 45.565431603577103 ], [ -63.053270701419734, 45.568056591623055 ], [ -63.055046745462896, 45.571329833128367 ], [ -63.058749669945207, 45.578152818074351 ], [ -63.059988828670086, 45.580419460650141 ], [ -63.065561708965369, 45.590747407141073 ], [ -63.073314936694445, 45.6047811830135 ], [ -63.077313725341426, 45.612086399165385 ], [ -63.078552393797494, 45.614581786588168 ], [ -63.082494000645355, 45.621336376247747 ], [ -63.086614552901281, 45.628691477757357 ], [ -63.087678939041261, 45.630692477750443 ], [ -63.087579399449424, 45.631131188435006 ], [ -63.089536664564882, 45.634184514464692 ], [ -63.090937653260191, 45.636817606945797 ], [ -63.091394946256095, 45.637676995957243 ], [ -63.092930491855277, 45.640562569906201 ], [ -63.095451536987575, 45.645309349747968 ], [ -63.095901504014101, 45.646144609153808 ], [ -63.102359214644679, 45.658272897508283 ], [ -63.104503006767317, 45.661811478260255 ], [ -63.112932915121796, 45.677555993349401 ], [ -63.121190528887738, 45.691987362625305 ], [ -63.123264432746609, 45.696235424235248 ], [ -63.125539890384907, 45.700348691134984 ], [ -63.126453599855296, 45.702015404372958 ], [ -63.13235006291152, 45.712409540269029 ], [ -63.134354587146532, 45.716138652074143 ], [ -63.135035229692484, 45.717387727224853 ], [ -63.136124734399168, 45.719175059586497 ], [ -63.140528608379469, 45.727992201229505 ], [ -63.143842260359001, 45.734606572929238 ], [ -63.151115407284045, 45.747315608112388 ], [ -63.153159739184687, 45.750705759296906 ], [ -63.154549794352043, 45.752479088180166 ], [ -63.160728016764558, 45.76330696202487 ], [ -63.160812566116363, 45.76345514229336 ], [ -63.160829419534089, 45.763484697186712 ], [ -63.183186199148516, 45.802358871440504 ], [ -63.187534501677654, 45.809912014951259 ], [ -63.187554330418585, 45.809902695705183 ], [ -63.200242627623922, 45.832917880023352 ], [ -63.206271862088251, 45.843846134795825 ], [ -63.206302607506942, 45.843901839413334 ], [ -63.23520706053457, 45.896219448659892 ], [ -63.253885550436273, 45.929963938192387 ], [ -63.286020386518963, 45.987901407710268 ], [ -63.292768135826947, 46.000048548286479 ], [ -63.292768660187797, 46.000049485275547 ], [ -63.300495311632034, 46.013950748399488 ], [ -63.33069973721603, 46.068210745504743 ] ] ] } },
{ "type": "Feature", "properties": { "FED_NUM": 12004, "ED_NAMEE": "Cumberland—Colchester", "ED_NAMEF": "Cumberland—Colchester", "REP_ORDER": "2023", "SHAPE_AREA": 11078185377.299999, "SHAPE_LEN": 558850.75999599998, "NUM_CF": null, "CF_NOMFR": null, "CF_NOMAN": null, "DEC_REP": null, "PROV_CODE": "12", "PROV_NAME": "PE" }, "geometry": { "type": "Polygon", "coordinates": [ [ [ -64.9389234512076, 45.436076337906393 ], [ -64.933749555536806, 45.449457268108461 ], [ -64.863197215727766, 45.497162483484935 ], [ -64.858956908005638, 45.50008495691182 ], [ -64.806070037265314, 45.536489586877188 ], [ -64.806045271851985, 45.536489209233132 ], [ -64.769206736888222, 45.559960372839427 ], [ -64.742991848663451, 45.573799541748073 ], [ -64.70253020771024, 45.59588928290357 ], [ -64.660170608180678, 45.618906387272304 ], [ -64.659887371886953, 45.619060205324566 ], [ -64.611843067980587, 45.644784238628624 ], [ -64.61164428985964, 45.644890560458073 ], [ -64.611643813892726, 45.644892999080007 ], [ -64.611442950101235, 45.645000630743027 ], [ -64.58882764645989, 45.657112313285076 ], [ -64.588626561770596, 45.657219948316275 ], [ -64.588425428213711, 45.657327595463059 ], [ -64.571126133051919, 45.666584330741557 ], [ -64.540133023009687, 45.684271655940449 ], [ -64.511753494028, 45.690489266398039 ], [ -64.500000007298894, 45.694741860885202 ], [ -64.499997922856593, 45.694742612914091 ], [ -64.499006225361398, 45.695101321637104 ], [ -64.485750629505617, 45.702958147694829 ], [ -64.485052188159443, 45.703475211680782 ], [ -64.484878111169792, 45.703604084586104 ], [ -64.484704033173372, 45.70373295723126 ], [ -64.476297713189268, 45.709955060187895 ], [ -64.470287482559911, 45.722417418134249 ], [ -64.469569079311583, 45.725151312313002 ], [ -64.469523205809949, 45.725325850297786 ], [ -64.469477331948866, 45.725500388394295 ], [ -64.467395323721661, 45.733421718686266 ], [ -64.466690028159491, 45.734568478264485 ], [ -64.45932004838518, 45.746548298174631 ], [ -64.455815686472093, 45.750039460779178 ], [ -64.455805064548784, 45.75005005060072 ], [ -64.45328353075665, 45.752561712517675 ], [ -64.453137727108029, 45.75270691692009 ], [ -64.445229063707473, 45.760582394129706 ], [ -64.436066027572878, 45.767107674031053 ], [ -64.425112356152738, 45.773056227730535 ], [ -64.412408427495947, 45.784127547554654 ], [ -64.40663932757235, 45.790420112543245 ], [ -64.39659142778423, 45.801969816674699 ], [ -64.389081160112795, 45.808839688526014 ], [ -64.375188560746125, 45.82085806986435 ], [ -64.366725357136104, 45.8262834163558 ], [ -64.361064746387285, 45.832802813894382 ], [ -64.360186701384606, 45.840296615991242 ], [ -64.358006485293586, 45.845320979746937 ], [ -64.357932721277962, 45.845490871733276 ], [ -64.357858989651177, 45.845660774418178 ], [ -64.357587266282408, 45.846286913702571 ], [ -64.352043230629306, 45.853034866857257 ], [ -64.34398559633614, 45.855367303961707 ], [ -64.334618205929061, 45.857226081081592 ], [ -64.334373738019579, 45.857274573398591 ], [ -64.334129269576636, 45.857323065069387 ], [ -64.33307685196921, 45.857531828036684 ], [ -64.330821155298281, 45.857004799697719 ], [ -64.33058231312755, 45.856948994577692 ], [ -64.330347978523804, 45.856884500432031 ], [ -64.323371061827004, 45.854964253968802 ], [ -64.314721474862282, 45.851565156990468 ], [ -64.311462704061896, 45.8498672128107 ], [ -64.300278747644498, 45.843591671782981 ], [ -64.295452080702347, 45.840257331801304 ], [ -64.290582871848542, 45.834289295156275 ], [ -64.287726348711558, 45.831551359834357 ], [ -64.286665326742721, 45.830840333409739 ], [ -64.286481982517074, 45.830717461505849 ], [ -64.286298639304704, 45.830594589299047 ], [ -64.285051185595279, 45.829758596128052 ], [ -64.283016000353328, 45.829784927836663 ], [ -64.28161558070974, 45.831144705227459 ], [ -64.279314970994051, 45.833108279663115 ], [ -64.278797761947956, 45.833540739694776 ], [ -64.277986663479311, 45.83421890237355 ], [ -64.27662006993917, 45.834886414434287 ], [ -64.275602010891021, 45.836375014652852 ], [ -64.274884190515223, 45.838512869302107 ], [ -64.273840734060528, 45.840427475663432 ], [ -64.274085565944631, 45.841202573380684 ], [ -64.27482129908843, 45.841755562905959 ], [ -64.274950954309446, 45.842002580435484 ], [ -64.2751774964605, 45.842434179363451 ], [ -64.274548862265036, 45.84315015062041 ], [ -64.273634787338452, 45.84324769743322 ], [ -64.272917953418641, 45.842876342348688 ], [ -64.2721780326725, 45.842231544546415 ], [ -64.271273265727174, 45.842024268377855 ], [ -64.270306809949346, 45.84272516096302 ], [ -64.269648958620266, 45.84361742705741 ], [ -64.269382754649271, 45.844823569585166 ], [ -64.270048844728848, 45.846043349099638 ], [ -64.27031833550457, 45.846536854182766 ], [ -64.270569681652418, 45.846704450099026 ], [ -64.270851534108004, 45.846892405287768 ], [ -64.271042730523874, 45.847019920845568 ], [ -64.271840515198591, 45.847162454958095 ], [ -64.273381896456513, 45.847247158149216 ], [ -64.273869823526553, 45.847579192201863 ], [ -64.274156625192006, 45.8480406773946 ], [ -64.274107132399266, 45.848625096287833 ], [ -64.273852062537003, 45.849535091721059 ], [ -64.273129619993682, 45.850585870942794 ], [ -64.272747341726571, 45.851532864755427 ], [ -64.272879757542512, 45.852791376432364 ], [ -64.272581925391279, 45.853841063422351 ], [ -64.272363392487307, 45.853992066887187 ], [ -64.272152271972359, 45.854137921826101 ], [ -64.271654082049963, 45.8541696838344 ], [ -64.270986023970934, 45.853887773763432 ], [ -64.269979167139596, 45.852849348160582 ], [ -64.269269984897448, 45.852470625562333 ], [ -64.268181111991524, 45.852430379829578 ], [ -64.266820175541326, 45.852916853295604 ], [ -64.264340291724622, 45.855177492755303 ], [ -64.263987570121699, 45.855679463554054 ], [ -64.263875580119446, 45.855838847866366 ], [ -64.263763589313953, 45.8559982321527 ], [ -64.263544580734774, 45.856309860956749 ], [ -64.26348974797078, 45.856387888970808 ], [ -64.263460155504106, 45.856429972665545 ], [ -64.263441332595477, 45.856456783969655 ], [ -64.263406533173665, 45.856506295879306 ], [ -64.263377754398121, 45.856547273167493 ], [ -64.262286410716456, 45.858100173527497 ], [ -64.262258390636674, 45.85893069243668 ], [ -64.263164463068705, 45.859472948422841 ], [ -64.264583533290704, 45.859559305984554 ], [ -64.265326769138142, 45.859460233588443 ], [ -64.265965579211525, 45.859375070513686 ], [ -64.26627192391156, 45.859454656117713 ], [ -64.266500315303048, 45.859513978689449 ], [ -64.266774780589046, 45.859585281679223 ], [ -64.267413749140445, 45.861061984856406 ], [ -64.267398170788553, 45.861097843688057 ], [ -64.267209165555329, 45.861532346672242 ], [ -64.267108226611441, 45.861764429597706 ], [ -64.266138287463491, 45.862209560888132 ], [ -64.26437849431359, 45.862687940624632 ], [ -64.263864424288315, 45.86306356058352 ], [ -64.263312398419544, 45.863562324446086 ], [ -64.262898189547812, 45.863913578529065 ], [ -64.262896252408083, 45.86403854314873 ], [ -64.262896125922836, 45.864047421119011 ], [ -64.263060640182459, 45.864300929972657 ], [ -64.263139507648319, 45.86452530994724 ], [ -64.263160395364778, 45.864797096543917 ], [ -64.262999619579958, 45.865098584104381 ], [ -64.26252244361828, 45.865529830948404 ], [ -64.262157530186187, 45.865894033763283 ], [ -64.261862190159206, 45.866246318234651 ], [ -64.261632207376891, 45.866638106938652 ], [ -64.261227512854504, 45.867081308316301 ], [ -64.261227094190147, 45.867081396436248 ], [ -64.260820482922028, 45.867202804185396 ], [ -64.260387111201226, 45.867206250663635 ], [ -64.260356400416356, 45.86720651197016 ], [ -64.259347787503245, 45.867214404821205 ], [ -64.259131510080863, 45.867341490724819 ], [ -64.259116607603076, 45.867350197839556 ], [ -64.259038894295443, 45.867453510366758 ], [ -64.258994390641803, 45.867512802629314 ], [ -64.258992497913653, 45.867515293323791 ], [ -64.259312312829238, 45.867856011338681 ], [ -64.259925291539261, 45.868508987507603 ], [ -64.260111907312648, 45.868948412483718 ], [ -64.260118485150826, 45.869321797876765 ], [ -64.260128893205604, 45.869372588421633 ], [ -64.260158512689841, 45.869517003073589 ], [ -64.260114702282095, 45.869861911585033 ], [ -64.260136299860363, 45.87002710391468 ], [ -64.260184895781563, 45.870398997032417 ], [ -64.260388991596656, 45.870845395475087 ], [ -64.260570502380304, 45.871242288446467 ], [ -64.260607502720191, 45.87135151422337 ], [ -64.260659811142503, 45.871505595713487 ], [ -64.260614410232151, 45.87156599795523 ], [ -64.26051799547713, 45.871694296070316 ], [ -64.260339889163262, 45.871795501973658 ], [ -64.26021759802417, 45.871865009497895 ], [ -64.259731104565518, 45.871977398632879 ], [ -64.258455014921196, 45.872345500051594 ], [ -64.258433103040574, 45.872351798435446 ], [ -64.258429988730768, 45.872352691388421 ], [ -64.258376090942022, 45.872348800712338 ], [ -64.258293787248817, 45.872342898294754 ], [ -64.258291901646515, 45.872344412780322 ], [ -64.258218099467157, 45.872403392346257 ], [ -64.258078596427382, 45.872514691650863 ], [ -64.25807668816185, 45.872517205396775 ], [ -64.258025102104554, 45.872585895026845 ], [ -64.25783640765718, 45.872837009760438 ], [ -64.257799709358167, 45.873535508429327 ], [ -64.257600798975503, 45.873816004335204 ], [ -64.257320107591326, 45.87421200845354 ], [ -64.25704512021224, 45.874876697717518 ], [ -64.257021301419897, 45.874934303432866 ], [ -64.257021107656243, 45.874934716039142 ], [ -64.257015190139967, 45.874943089817464 ], [ -64.256819707079998, 45.875221902985729 ], [ -64.256636384226624, 45.87539269573076 ], [ -64.256580296340829, 45.875444997979649 ], [ -64.256380700940824, 45.875555800785598 ], [ -64.256112417749478, 45.875704591920751 ], [ -64.255572809343633, 45.87588780305515 ], [ -64.254672900027515, 45.875938989066483 ], [ -64.254402000685246, 45.876070293327381 ], [ -64.254317607856763, 45.876239902877721 ], [ -64.254345608448361, 45.876406705277887 ], [ -64.254351204452661, 45.876439891065097 ], [ -64.254351689216605, 45.876442900194931 ], [ -64.254607190463403, 45.877058094390037 ], [ -64.254583902662716, 45.877280096072418 ], [ -64.254896212296657, 45.877521708468002 ], [ -64.254928905150933, 45.877547002885869 ], [ -64.254929304485984, 45.877547607553147 ], [ -64.254931689384208, 45.877550588825756 ], [ -64.255131800237919, 45.87781190505693 ], [ -64.255162197724147, 45.878183496191618 ], [ -64.25517828526813, 45.878380499010717 ], [ -64.255151315240425, 45.878492004219893 ], [ -64.255074921746129, 45.878806927158408 ], [ -64.255074065761121, 45.878810508804449 ], [ -64.255068904974607, 45.878831794890623 ], [ -64.254712511535161, 45.879573501429931 ], [ -64.254496091706216, 45.879785008098025 ], [ -64.25397129537464, 45.880043885121928 ], [ -64.253792294106518, 45.880082786229288 ], [ -64.253765307465059, 45.880088700226665 ], [ -64.253747197172956, 45.880094692183626 ], [ -64.253478415113022, 45.880184103263971 ], [ -64.252814519392189, 45.880532297846749 ], [ -64.252026291099071, 45.880855105658384 ], [ -64.25123019901794, 45.881455698415181 ], [ -64.251197014047392, 45.881476494803863 ], [ -64.250442895718407, 45.881949297320496 ], [ -64.250296488609465, 45.882296705073998 ], [ -64.249449506598694, 45.88288870759424 ], [ -64.248503305763748, 45.883364097923383 ], [ -64.248135485144658, 45.883700598338862 ], [ -64.247712214344745, 45.884187292048715 ], [ -64.247364382821061, 45.884420702845254 ], [ -64.246394790242093, 45.884717091412774 ], [ -64.246394191129042, 45.885138105291084 ], [ -64.246568705483412, 45.885529506845771 ], [ -64.246682891989764, 45.885785510422174 ], [ -64.246683316133229, 45.886025895111693 ], [ -64.246683498167329, 45.886166785928729 ], [ -64.246570612759342, 45.886335992749196 ], [ -64.245973599169446, 45.88672889852996 ], [ -64.245663793230264, 45.887026506044883 ], [ -64.245351904662584, 45.887192897052529 ], [ -64.244388789966976, 45.887461494591513 ], [ -64.244222908510991, 45.887542309752256 ], [ -64.244071614774299, 45.887615992246609 ], [ -64.243871015889269, 45.887882693353752 ], [ -64.243722799470348, 45.88807980722666 ], [ -64.243724002610364, 45.888080588441966 ], [ -64.243847098978279, 45.888161093220731 ], [ -64.244002001627251, 45.88826238671335 ], [ -64.244088602768215, 45.888414604354779 ], [ -64.244212390011555, 45.88886109730138 ], [ -64.244170691148952, 45.889039409640901 ], [ -64.244147577571695, 45.889138305808778 ], [ -64.244120993932015, 45.889177909015267 ], [ -64.243904103688052, 45.889500303595007 ], [ -64.243589394666117, 45.889765987167166 ], [ -64.243108496408524, 45.890048710168927 ], [ -64.24307460053727, 45.890068690146691 ], [ -64.243073889766507, 45.89006879552749 ], [ -64.242926008990992, 45.890094393083139 ], [ -64.241457500661724, 45.890449088891081 ], [ -64.241293692160411, 45.890488710477868 ], [ -64.241108397555863, 45.890522211156167 ], [ -64.240578996590031, 45.890617809919746 ], [ -64.240399712761914, 45.890595896525184 ], [ -64.240210614584242, 45.890572901088227 ], [ -64.240199109824019, 45.890566405639582 ], [ -64.240109782913692, 45.890515907502092 ], [ -64.23945529955364, 45.889934900528473 ], [ -64.239291197999108, 45.889904785616558 ], [ -64.239273803353939, 45.889908603550467 ], [ -64.238844791333264, 45.890001808464817 ], [ -64.238323398970408, 45.89033208795054 ], [ -64.238191606046911, 45.890455714191965 ], [ -64.238177310414471, 45.890469093964242 ], [ -64.23813901447086, 45.890615597993765 ], [ -64.238100698228607, 45.890762011705412 ], [ -64.238162194329718, 45.891195794745933 ], [ -64.238461491458182, 45.891867202029076 ], [ -64.238448692974387, 45.891980994633997 ], [ -64.238446307159492, 45.892002008389674 ], [ -64.238573590938955, 45.892498103485103 ], [ -64.238574219209767, 45.892500292696809 ], [ -64.238557787027673, 45.892588688664922 ], [ -64.238527200635744, 45.892753912979067 ], [ -64.238344994731349, 45.892957812150506 ], [ -64.238101196337794, 45.893129201845852 ], [ -64.238054886873186, 45.893153690564397 ], [ -64.237743085128926, 45.893318796808103 ], [ -64.237168811067349, 45.893509403716649 ], [ -64.236332699357391, 45.893704289871351 ], [ -64.236220104387115, 45.893663002737362 ], [ -64.235140480227571, 45.893598762634532 ], [ -64.234201369436818, 45.892336977907313 ], [ -64.23305043673092, 45.892348131149717 ], [ -64.23177351755983, 45.892933509971158 ], [ -64.23145590067324, 45.89371690256614 ], [ -64.228420373557057, 45.894943907897321 ], [ -64.227705765095166, 45.895232737123258 ], [ -64.227064302052895, 45.89566310720452 ], [ -64.226943491927756, 45.896226742659096 ], [ -64.227833044525084, 45.896798885615318 ], [ -64.227915245193955, 45.897286556101029 ], [ -64.227279749151236, 45.897860684181296 ], [ -64.227161046370426, 45.898405541829483 ], [ -64.227106532987662, 45.898655806202875 ], [ -64.226743545893655, 45.898875279102882 ], [ -64.226342590269113, 45.899117690879336 ], [ -64.225653919086596, 45.899126084953664 ], [ -64.224549471502058, 45.899139554606528 ], [ -64.223156159575126, 45.899326208367768 ], [ -64.222287805876135, 45.900398314130697 ], [ -64.222279873486102, 45.900498035907951 ], [ -64.222276983957016, 45.900534497645921 ], [ -64.222233886423865, 45.901080692942713 ], [ -64.222162318638112, 45.901194895118948 ], [ -64.22206800808685, 45.901247796463451 ], [ -64.221913592318018, 45.901334391780324 ], [ -64.220841489792548, 45.901422486375218 ], [ -64.220559614795292, 45.901529698332993 ], [ -64.220440523642964, 45.901627993921558 ], [ -64.220332288782146, 45.90171719288719 ], [ -64.220331916855883, 45.901719198231518 ], [ -64.22031219631647, 45.901820192008941 ], [ -64.220079688476901, 45.902114708215784 ], [ -64.220005095887146, 45.902209105666664 ], [ -64.219991505787206, 45.902284310307046 ], [ -64.21980149612213, 45.90257691015546 ], [ -64.219360189031633, 45.903256487356487 ], [ -64.21930229638734, 45.903486092320257 ], [ -64.219302987342942, 45.9036342921599 ], [ -64.219303783413949, 45.903827702214627 ], [ -64.219551393928313, 45.904080887344101 ], [ -64.219701589746876, 45.904234495216407 ], [ -64.22003859329682, 45.904779483894856 ], [ -64.220144795822307, 45.905039198144593 ], [ -64.220144613364738, 45.90503989427264 ], [ -64.220126703279277, 45.905116413275252 ], [ -64.220112306886975, 45.905177707065207 ], [ -64.219995995625197, 45.905656695496042 ], [ -64.220046894573798, 45.906257210528729 ], [ -64.220089022329219, 45.906372993550654 ], [ -64.220332795220941, 45.906644510596671 ], [ -64.220518908730867, 45.906851799305812 ], [ -64.220509709191887, 45.906919197631666 ], [ -64.220490094131577, 45.907061908237495 ], [ -64.220378909510089, 45.907362192908515 ], [ -64.220370009280416, 45.9073734067834 ], [ -64.220069084680532, 45.907752203634097 ], [ -64.219829719233715, 45.908053494338141 ], [ -64.219508789139894, 45.908327091945559 ], [ -64.218914205141772, 45.908620506278339 ], [ -64.218260987512338, 45.909205702862259 ], [ -64.217809915293557, 45.909609803238119 ], [ -64.217642183415236, 45.910290703804051 ], [ -64.217109320757359, 45.9108074976929 ], [ -64.216982903729985, 45.910915010148209 ], [ -64.216829220564293, 45.911045799516508 ], [ -64.216592289260092, 45.911169496082401 ], [ -64.215016812833767, 45.911202793779196 ], [ -64.215015089079714, 45.911202794526254 ], [ -64.214966194129929, 45.911240992399016 ], [ -64.214770503978457, 45.911393888067344 ], [ -64.214681600374306, 45.911811993827541 ], [ -64.214612188613401, 45.912138507256799 ], [ -64.214519207087037, 45.912307492394753 ], [ -64.214455997774508, 45.912422205774433 ], [ -64.214115498571275, 45.912778903287723 ], [ -64.214093713249724, 45.912830505124276 ], [ -64.21406051164206, 45.912909206876805 ], [ -64.213958903033728, 45.91296970720142 ], [ -64.213851990439679, 45.913033299944239 ], [ -64.21360669732546, 45.913053687057015 ], [ -64.213511019465827, 45.913031596892942 ], [ -64.213239295504806, 45.912969001493472 ], [ -64.212987309859329, 45.912970712104354 ], [ -64.212863603092217, 45.912971594835469 ], [ -64.212625298020541, 45.913017799784811 ], [ -64.212577512361847, 45.913027095430863 ], [ -64.212479104924114, 45.913058503171641 ], [ -64.212255806857314, 45.913129798420606 ], [ -64.21165811167424, 45.913522491711689 ], [ -64.211343698956966, 45.913958593418251 ], [ -64.211337793556268, 45.913966806213551 ], [ -64.21124820147088, 45.914038810644868 ], [ -64.211192104399558, 45.914083906247789 ], [ -64.21095360171131, 45.914457893638996 ], [ -64.210525407893428, 45.914892698766032 ], [ -64.210388597170834, 45.915093304692377 ], [ -64.21026039416941, 45.915587988221297 ], [ -64.210199106957546, 45.915669309546637 ], [ -64.210165605186901, 45.915713813593619 ], [ -64.209885984850033, 45.915932301873696 ], [ -64.209865915780313, 45.916007094644229 ], [ -64.209854100597795, 45.916050991770604 ], [ -64.210004808012727, 45.916347102306943 ], [ -64.209947491735406, 45.9164722074458 ], [ -64.209938088242339, 45.916492603117177 ], [ -64.209937913859932, 45.916493106110927 ], [ -64.209875108550975, 45.916509003066579 ], [ -64.209760205973978, 45.916538197399831 ], [ -64.209320412277677, 45.916396909357225 ], [ -64.209035997014709, 45.916392802100184 ], [ -64.208805386637707, 45.916298204075353 ], [ -64.208648488608745, 45.916093803128192 ], [ -64.208558699022987, 45.915976903081322 ], [ -64.208424108139297, 45.91590739005575 ], [ -64.208325911543739, 45.915919309501568 ], [ -64.208218504994022, 45.915932299528329 ], [ -64.208213209025274, 45.91593441532514 ], [ -64.20808090640017, 45.915986502224222 ], [ -64.207810813420863, 45.916092897259993 ], [ -64.207809707594777, 45.916093294108023 ], [ -64.207798100959792, 45.916095797873361 ], [ -64.207569188706429, 45.916145490267255 ], [ -64.206921204490186, 45.916187304678779 ], [ -64.20666258182176, 45.916204001780713 ], [ -64.206574402040431, 45.916201709841488 ], [ -64.206338380736028, 45.916195407055483 ], [ -64.206279008946851, 45.916159706440546 ], [ -64.206237199849781, 45.916134596120827 ], [ -64.206000263118682, 45.916393217783288 ], [ -64.205368986496936, 45.917082321456064 ], [ -64.205215401205535, 45.917249962665274 ], [ -64.201976822041416, 45.920784836422385 ], [ -64.196627584269422, 45.926621975541629 ], [ -64.193104781246788, 45.930465226307113 ], [ -64.192662737880099, 45.930947247044543 ], [ -64.19238978622846, 45.93123090480411 ], [ -64.191155929824461, 45.932531042797891 ], [ -64.191077072423781, 45.932619381456426 ], [ -64.178864983277208, 45.945477564887554 ], [ -64.17796752957679, 45.946422561563388 ], [ -64.177951345498272, 45.946439616161463 ], [ -64.177490100915051, 45.946925239976103 ], [ -64.17745034928636, 45.946967113013706 ], [ -64.177349445391187, 45.94707332999905 ], [ -64.177146500157278, 45.947287046442248 ], [ -64.17626918581108, 45.948210744416755 ], [ -64.175930230595256, 45.948567596973504 ], [ -64.175299271997673, 45.94923186002007 ], [ -64.174841202818115, 45.949714131424372 ], [ -64.17081758042869, 45.953952578952133 ], [ -64.166941310805427, 45.958241289631445 ], [ -64.164609804162225, 45.960820537476756 ], [ -64.164457904242482, 45.961223185034328 ], [ -64.163951223523952, 45.962566640064921 ], [ -64.163623231038017, 45.963436427188761 ], [ -64.163011530713348, 45.965062608965155 ], [ -64.162563194854656, 45.966254457393376 ], [ -64.162299969627242, 45.966954158667868 ], [ -64.161736371594984, 45.968452256643666 ], [ -64.161508349319377, 45.969057974488877 ], [ -64.161452385428902, 45.969206789246783 ], [ -64.160231637140924, 45.972430155074889 ], [ -64.160028878365708, 45.972965429915874 ], [ -64.159412670005082, 45.974598676007282 ], [ -64.15934681658517, 45.974773233899349 ], [ -64.159283021706599, 45.974942301434297 ], [ -64.159204994223245, 45.975149049222196 ], [ -64.159145143543327, 45.975307695792885 ], [ -64.158991128964189, 45.975384500408964 ], [ -64.158264140865739, 45.975747091964813 ], [ -64.156033178050933, 45.976859699954126 ], [ -64.155803889144408, 45.976974053696161 ], [ -64.152784627678372, 45.978539155477513 ], [ -64.149423687615069, 45.980147472917892 ], [ -64.048793447755514, 45.976888489448484 ], [ -64.046808600175666, 45.976818179884731 ], [ -64.046803529200318, 45.976818011643061 ], [ -64.046805428026488, 45.97681913497258 ], [ -64.046812656329251, 45.976823396578155 ], [ -64.04689730152684, 45.976873404710503 ], [ -64.048202600499621, 45.977644200298862 ], [ -64.048458797501226, 45.977769291597888 ], [ -64.048791512681532, 45.977931707825128 ], [ -64.049000404637056, 45.978075809411649 ], [ -64.049198380078863, 45.978212401433588 ], [ -64.049693199161439, 45.978812405850221 ], [ -64.049746396806484, 45.978876897900726 ], [ -64.049867213011609, 45.978966399869037 ], [ -64.050096893891876, 45.979136800611165 ], [ -64.050268091331233, 45.979303687458447 ], [ -64.050411716154386, 45.979443796118147 ], [ -64.050530417605742, 45.979648400184246 ], [ -64.050570096390501, 45.979841704415755 ], [ -64.050579501163384, 45.979887607302537 ], [ -64.050456009816529, 45.980696209830597 ], [ -64.050341482455096, 45.98084709911145 ], [ -64.050283194456227, 45.980923890987292 ], [ -64.050002602319978, 45.981141912037607 ], [ -64.049999304440945, 45.981142994455254 ], [ -64.049662692459577, 45.98124780695197 ], [ -64.049103613262574, 45.98126270839898 ], [ -64.048809193017519, 45.981298788167251 ], [ -64.048674396151569, 45.98131539648552 ], [ -64.048324605324908, 45.98141420085696 ], [ -64.047702092006205, 45.981589887179446 ], [ -64.047151298938701, 45.981702010786016 ], [ -64.047122494379309, 45.981707806963747 ], [ -64.045770488557736, 45.981741788423378 ], [ -64.0451418772507, 45.981826404991594 ], [ -64.045031879438241, 45.981841202909408 ], [ -64.044830693129938, 45.981848687948627 ], [ -64.044586786560131, 45.981857907857311 ], [ -64.044442880555991, 45.981804802040585 ], [ -64.044361489738108, 45.981774793985153 ], [ -64.044093878879451, 45.981766506348826 ], [ -64.043533204389476, 45.982098108893759 ], [ -64.04346810521902, 45.98213620064471 ], [ -64.043466480463053, 45.982137604222942 ], [ -64.043466002861351, 45.982137896812802 ], [ -64.043457999839006, 45.982145094165247 ], [ -64.043242819604501, 45.982336998886126 ], [ -64.043105092623733, 45.982537399925377 ], [ -64.043105108789874, 45.982544325784879 ], [ -64.043105700371214, 45.982773990931939 ], [ -64.043105911622746, 45.982859292423448 ], [ -64.043222409971776, 45.98295835317095 ], [ -64.043377488524754, 45.9830901926235 ], [ -64.043382702306147, 45.983091107851649 ], [ -64.043393413876188, 45.983092694673175 ], [ -64.04371208569637, 45.983143208966617 ], [ -64.044261201884098, 45.983084513530237 ], [ -64.045203194542509, 45.98303999464386 ], [ -64.045611192838436, 45.982939296190949 ], [ -64.046371603551833, 45.982526312574137 ], [ -64.04665260696342, 45.98253069223427 ], [ -64.046656389805108, 45.982530804614498 ], [ -64.046708892333555, 45.982558705725388 ], [ -64.046841292925123, 45.982629209526358 ], [ -64.046762207214215, 45.982688100036803 ], [ -64.046742022522807, 45.982703094214799 ], [ -64.046477003102481, 45.982786214116366 ], [ -64.046424491497163, 45.982817287659266 ], [ -64.046320009477881, 45.982879106829358 ], [ -64.046323285163922, 45.982886506672116 ], [ -64.046357198365655, 45.982963095440169 ], [ -64.046688107113724, 45.983049107531208 ], [ -64.046911002550516, 45.983107110317945 ], [ -64.04760740557694, 45.983424297709263 ], [ -64.04788040826206, 45.983615407582413 ], [ -64.048036109440474, 45.983733092106796 ], [ -64.048221095323115, 45.984002286928067 ], [ -64.048336192994242, 45.984157083899291 ], [ -64.048406607692442, 45.984251703959337 ], [ -64.048522705423863, 45.984535707815908 ], [ -64.048653392317092, 45.985004284212643 ], [ -64.048716417244904, 45.985230195867061 ], [ -64.048716408247302, 45.985230389058763 ], [ -64.048679394598466, 45.985487884327028 ], [ -64.048494114228504, 45.98592209558214 ], [ -64.048381095586464, 45.986087605189205 ], [ -64.048236593592762, 45.986299394060367 ], [ -64.048035391608622, 45.986437395617187 ], [ -64.047845806363853, 45.986567303798516 ], [ -64.046948190730546, 45.986819188529608 ], [ -64.046679298090297, 45.986942803351411 ], [ -64.046438793189466, 45.987053396154877 ], [ -64.046142584390665, 45.987117001065656 ], [ -64.045939302203692, 45.987160713753667 ], [ -64.045555806430357, 45.987210211314846 ], [ -64.045458399848172, 45.9872244955274 ], [ -64.045054316134014, 45.987377001996755 ], [ -64.044852893438545, 45.987543705403262 ], [ -64.044743711453123, 45.987634200702878 ], [ -64.04469179952558, 45.987800802879448 ], [ -64.044673105769775, 45.98785850840472 ], [ -64.044673595296288, 45.98785939646492 ], [ -64.044673504891392, 45.987859591147341 ], [ -64.044897592562336, 45.988324199591503 ], [ -64.045202190811409, 45.988781987250846 ], [ -64.045571081405583, 45.989336407598429 ], [ -64.045901318472588, 45.990041100129105 ], [ -64.046412191002204, 45.990450589295143 ], [ -64.046412005009245, 45.9904517054675 ], [ -64.046341387809562, 45.990773293852882 ], [ -64.046318303329656, 45.990878294053942 ], [ -64.046314496099214, 45.991339198028776 ], [ -64.046051486986215, 45.991533695457292 ], [ -64.046048001011471, 45.991534996950321 ], [ -64.045922286952177, 45.991580798623737 ], [ -64.045612978604296, 45.991693604275 ], [ -64.045098796482378, 45.991725007852644 ], [ -64.045094911766043, 45.991724806414474 ], [ -64.04508028154757, 45.991723904551378 ], [ -64.044711880319468, 45.991702904449745 ], [ -64.044293108703897, 45.991779691970819 ], [ -64.042828394942589, 45.992626387699495 ], [ -64.04270630298285, 45.992874803085385 ], [ -64.042590004882783, 45.993111405830199 ], [ -64.042590214291238, 45.993114808467006 ], [ -64.042604550322366, 45.993356110300454 ], [ -64.042604616953383, 45.993357448959848 ], [ -64.042446603509703, 45.993495049953225 ], [ -64.041875648361994, 45.993997338162771 ], [ -64.04182540572323, 45.996496884251101 ], [ -64.041815769697692, 45.996976061664441 ], [ -64.04202997703932, 45.999870457699579 ], [ -64.0420422716997, 46.000036257741769 ], [ -64.042043149039756, 46.000047892172724 ], [ -64.042056272725105, 46.000225339020922 ], [ -64.042379738622685, 46.004593960971675 ], [ -64.036708030835797, 46.015334076543937 ], [ -64.033475465831089, 46.018775641521991 ], [ -64.033337093429239, 46.018922933322706 ], [ -64.033136444226685, 46.019029917271126 ], [ -64.028946820689342, 46.021263650015641 ], [ -64.028744279896813, 46.021371613198085 ], [ -64.028725467875731, 46.021381652041477 ], [ -64.028528074584329, 46.021460267961167 ], [ -64.02735741841407, 46.021926505735898 ], [ -64.027139588108994, 46.022013256166076 ], [ -64.02690838821286, 46.022081158076844 ], [ -64.025374851606145, 46.022531493859645 ], [ -64.023404907330175, 46.022956124011017 ], [ -64.018987064546948, 46.023883645884474 ], [ -64.017903890267547, 46.024105823512322 ], [ -64.017898250635255, 46.024096612794075 ], [ -64.012573919360278, 46.025198932641175 ], [ -64.010990740782006, 46.025560941496018 ], [ -64.010748376941208, 46.025616374474936 ], [ -64.010505994945618, 46.025671773069192 ], [ -64.006419955113046, 46.026605942419607 ], [ -64.000132767730236, 46.028409374699208 ], [ -63.999999987260317, 46.0284452952463 ], [ -63.999998535451375, 46.028445718549428 ], [ -63.99914951199321, 46.028675444155617 ], [ -63.991135159554062, 46.030045815841532 ], [ -63.990887380283667, 46.030088175401119 ], [ -63.990639600539467, 46.030130534296198 ], [ -63.989065153355895, 46.030399647792109 ], [ -63.976059645942058, 46.032676553278833 ], [ -63.967212897524909, 46.034209292878778 ], [ -63.966965288448996, 46.034252163708224 ], [ -63.966717678893858, 46.034295033874351 ], [ -63.957777618774173, 46.035842919000082 ], [ -63.946747890474263, 46.037908458349555 ], [ -63.940534385246025, 46.039052675905893 ], [ -63.939743098500855, 46.039205157828896 ], [ -63.939497178479513, 46.039252536069057 ], [ -63.939251242436022, 46.039299936635551 ], [ -63.931288247548267, 46.040833912537657 ], [ -63.93104230944315, 46.040881268348386 ], [ -63.930796355311145, 46.04092864648409 ], [ -63.926220928438674, 46.041809659482162 ], [ -63.925975060991355, 46.041857000466081 ], [ -63.925729066615268, 46.041903990883569 ], [ -63.917906124786832, 46.043397957821426 ], [ -63.917660016290128, 46.043444951173726 ], [ -63.91741390727119, 46.043491943872503 ], [ -63.911474822966483, 46.044625601268699 ], [ -63.905907412014528, 46.045692080573417 ], [ -63.905662013504475, 46.04573908652926 ], [ -63.905417612742461, 46.045788550913478 ], [ -63.898178636321191, 46.047252945443454 ], [ -63.895935596187037, 46.047697190873002 ], [ -63.895690117980514, 46.047745806811598 ], [ -63.895444639235066, 46.047794422100829 ], [ -63.890254304830499, 46.048822136011083 ], [ -63.877934581959828, 46.05101965140188 ], [ -63.870773650879826, 46.052250342067033 ], [ -63.85403520397508, 46.055132902085447 ], [ -63.853563067288846, 46.055219359826786 ], [ -63.853316183831424, 46.055264568501251 ], [ -63.853069299869915, 46.055309776517468 ], [ -63.819653134467877, 46.061421947317783 ], [ -63.814826951102717, 46.062298080549446 ], [ -63.812988722079901, 46.062631676829618 ], [ -63.812741682580949, 46.062676528598097 ], [ -63.802326876741333, 46.064565967792177 ], [ -63.802255667012417, 46.064578891300094 ], [ -63.801832736659712, 46.064655579970996 ], [ -63.790895139586461, 46.066638340239948 ], [ -63.775388983924195, 46.069473498191904 ], [ -63.775142010874958, 46.06951863359847 ], [ -63.77489503732216, 46.069563768346434 ], [ -63.759198077821992, 46.072430690417519 ], [ -63.746503709454799, 46.074718859063665 ], [ -63.744393230544489, 46.075126248607639 ], [ -63.744147151377142, 46.075173751631624 ], [ -63.74390107168167, 46.075221254002827 ], [ -63.732176424714957, 46.077483464327372 ], [ -63.720597911842049, 46.078383215307056 ], [ -63.70378853991447, 46.079686792173426 ], [ -63.703534721335473, 46.079706449064616 ], [ -63.703280902531041, 46.079726105252639 ], [ -63.699884695803476, 46.079989080947669 ], [ -63.659991445905675, 46.084105320284159 ], [ -63.659738766577711, 46.084131347306148 ], [ -63.659486086952576, 46.084157373632607 ], [ -63.65928195088766, 46.084178390263794 ], [ -63.643481680239603, 46.085695939986202 ], [ -63.632990553632283, 46.088218779110647 ], [ -63.614956796805068, 46.093031573852564 ], [ -63.614949910493841, 46.093033427701663 ], [ -63.614711611238391, 46.093096991749249 ], [ -63.614476979291695, 46.093158620049685 ], [ -63.614472830844171, 46.093159721205481 ], [ -63.602386888902537, 46.096333578991086 ], [ -63.583784520695389, 46.099433233234627 ], [ -63.58353601957667, 46.099474600643575 ], [ -63.583287502291448, 46.099515990308547 ], [ -63.579253310208415, 46.100187618809493 ], [ -63.532835383798115, 46.094540440401268 ], [ -63.532583725245146, 46.094509744657287 ], [ -63.53233206704131, 46.09447904822467 ], [ -63.500000011296024, 46.090530680374243 ], [ -63.499995001053186, 46.090530083252048 ], [ -63.488684305568476, 46.089145976324083 ], [ -63.483983459345559, 46.088515234914624 ], [ -63.483732646765191, 46.088481568092433 ], [ -63.483481834566398, 46.088447900587006 ], [ -63.418191730942276, 46.079660546655383 ], [ -63.348611841681503, 46.070511580899428 ], [ -63.348361239988272, 46.070478533331887 ], [ -63.348110383559941, 46.070446498492061 ], [ -63.330943083583605, 46.068252831184878 ], [ -63.330768947821099, 46.068230553827384 ], [ -63.33069973721603, 46.068210745504743 ], [ -63.300495311632034, 46.013950748399488 ], [ -63.292768660187797, 46.000049485275547 ], [ -63.292768135826947, 46.000048548286479 ], [ -63.286020386518963, 45.987901407710268 ], [ -63.253885550436273, 45.929963938192387 ], [ -63.23520706053457, 45.896219448659892 ], [ -63.206302607506942, 45.843901839413334 ], [ -63.206271862088251, 45.843846134795825 ], [ -63.200242627623922, 45.832917880023352 ], [ -63.187554330418585, 45.809902695705183 ], [ -63.187534501677654, 45.809912014951259 ], [ -63.183186199148516, 45.802358871440504 ], [ -63.160829419534089, 45.763484697186712 ], [ -63.160812566116363, 45.76345514229336 ], [ -63.160728016764558, 45.76330696202487 ], [ -63.154549794352043, 45.752479088180166 ], [ -63.153159739184687, 45.750705759296906 ], [ -63.151115407284045, 45.747315608112388 ], [ -63.143842260359001, 45.734606572929238 ], [ -63.140528608379469, 45.727992201229505 ], [ -63.136124734399168, 45.719175059586497 ], [ -63.135035229692484, 45.717387727224853 ], [ -63.134354587146532, 45.716138652074143 ], [ -63.13235006291152, 45.712409540269029 ], [ -63.126453599855296, 45.702015404372958 ], [ -63.125539890384907, 45.700348691134984 ], [ -63.123264432746609, 45.696235424235248 ], [ -63.121190528887738, 45.691987362625305 ], [ -63.112932915121796, 45.677555993349401 ], [ -63.104503006767317, 45.661811478260255 ], [ -63.102359214644679, 45.658272897508283 ], [ -63.095901504014101, 45.646144609153808 ], [ -63.095451536987575, 45.645309349747968 ], [ -63.092930491855277, 45.640562569906201 ], [ -63.091394946256095, 45.637676995957243 ], [ -63.090937653260191, 45.636817606945797 ], [ -63.089536664564882, 45.634184514464692 ], [ -63.087579399449424, 45.631131188435006 ], [ -63.087678939041261, 45.630692477750443 ], [ -63.086614552901281, 45.628691477757357 ], [ -63.082494000645355, 45.621336376247747 ], [ -63.078552393797494, 45.614581786588168 ], [ -63.077313725341426, 45.612086399165385 ], [ -63.073314936694445, 45.6047811830135 ], [ -63.065561708965369, 45.590747407141073 ], [ -63.059988828670086, 45.580419460650141 ], [ -63.058749669945207, 45.578152818074351 ], [ -63.055046745462896, 45.571329833128367 ], [ -63.053270701419734, 45.568056591623055 ], [ -63.051844640027205, 45.565431603577103 ], [ -63.0496218508843, 45.561339405524684 ], [ -63.038943051477254, 45.541669566099799 ], [ -63.037625633118779, 45.539298166982071 ], [ -63.031085909274033, 45.52752260972872 ], [ -63.018909755454445, 45.505581955370211 ], [ -63.018432985338471, 45.504726785075938 ], [ -63.017108916829606, 45.502330872037319 ], [ -63.016124020344115, 45.50002819813276 ], [ -63.01429645567854, 45.495754991138497 ], [ -63.013932592703384, 45.494904022641435 ], [ -63.010904384315261, 45.489438509402696 ], [ -63.010435420901338, 45.4885295746586 ], [ -63.010270469168937, 45.488270988047347 ], [ -63.009906576639843, 45.487633202888176 ], [ -63.009753355066017, 45.487464486551808 ], [ -63.009471484392925, 45.487154132035997 ], [ -63.008499067381123, 45.486083430395681 ], [ -63.001848810653854, 45.482742676231268 ], [ -62.999928589784624, 45.480933947768527 ], [ -62.999096200307889, 45.48014983991839 ], [ -62.98330997067049, 45.469504385147431 ], [ -62.979504426146505, 45.466843239874947 ], [ -62.973686011777161, 45.462773692431945 ], [ -62.963311485871138, 45.455504795716038 ], [ -62.957533710245869, 45.451455154510441 ], [ -62.9559259174262, 45.450328074019019 ], [ -62.95466316000352, 45.449451289866225 ], [ -62.95088497160404, 45.44682757304713 ], [ -62.950626687730612, 45.446629732881263 ], [ -62.950625583113485, 45.446628901932563 ], [ -62.950008417488824, 45.446190998021983 ], [ -62.94995464678022, 45.446152826874354 ], [ -62.949859396102916, 45.446085250439737 ], [ -62.947395502656306, 45.444332628808738 ], [ -62.946809724860451, 45.443906388126365 ], [ -62.946396280439977, 45.443605532290313 ], [ -62.945689331367518, 45.443091079800318 ], [ -62.945178208189866, 45.442719144705372 ], [ -62.944432645573258, 45.44217656190996 ], [ -62.940682376481767, 45.439447071878249 ], [ -62.939536671298256, 45.438613134057597 ], [ -62.918487288775268, 45.423908808822056 ], [ -62.904325699037585, 45.413348681708506 ], [ -62.902418210594909, 45.41197890252684 ], [ -62.885186325528672, 45.399599334234694 ], [ -62.877192383893878, 45.39353396712027 ], [ -62.867657148363008, 45.386296318878522 ], [ -62.861040549593589, 45.381272179029331 ], [ -62.852532516438188, 45.375079408739232 ], [ -62.84202660273219, 45.367429235617863 ], [ -62.841891208847692, 45.366948617732305 ], [ -62.833340344303352, 45.361101390687615 ], [ -62.824070427639697, 45.354345666567234 ], [ -62.816881652527989, 45.349104717755097 ], [ -62.816245974825044, 45.348641194022221 ], [ -62.816194318620461, 45.348603528217609 ], [ -62.813549603898863, 45.346674917658 ], [ -62.810157670804216, 45.344201100904371 ], [ -62.803152075863871, 45.339180835903129 ], [ -62.80089421235607, 45.337562479208437 ], [ -62.791403250705507, 45.3307579977321 ], [ -62.785418323414412, 45.32646566813257 ], [ -62.77339398047409, 45.317838517024967 ], [ -62.771235135271333, 45.316289120407951 ], [ -62.762683839466483, 45.310150399237891 ], [ -62.760244305917183, 45.30839869631982 ], [ -62.757590699219151, 45.306493072007726 ], [ -62.756750644017707, 45.305896666821376 ], [ -62.753679301033934, 45.303715948339146 ], [ -62.748322044786072, 45.299911515426331 ], [ -62.740404966211166, 45.294287554297647 ], [ -62.730617234427477, 45.287332045812811 ], [ -62.7156732014599, 45.276706508062837 ], [ -62.715583065717354, 45.276642386392041 ], [ -62.715098683187243, 45.276382654139454 ], [ -62.715098523785663, 45.276382767889757 ], [ -62.71454585538163, 45.276067167801237 ], [ -62.714109698356381, 45.27587224281654 ], [ -62.714407410345203, 45.275806165166948 ], [ -62.715785876202212, 45.275554104033873 ], [ -62.717280911814903, 45.275280704210942 ], [ -62.71733396141591, 45.275253901689013 ], [ -62.721063549232859, 45.273370317798516 ], [ -62.724182615481773, 45.272259131689907 ], [ -62.724271294222078, 45.272182504368047 ], [ -62.724364815142572, 45.27210420629028 ], [ -62.724457020711171, 45.272007198577363 ], [ -62.724523891481105, 45.271918492098003 ], [ -62.724590512094572, 45.271820304789991 ], [ -62.724617607571545, 45.271766409446329 ], [ -62.724644506500468, 45.271722290830049 ], [ -62.724779595766165, 45.271481396776494 ], [ -62.724873391516788, 45.27132948356558 ], [ -62.72499149257839, 45.271177204598537 ], [ -62.72503481645294, 45.271133192035386 ], [ -62.725084890458994, 45.271089696396267 ], [ -62.725097103323648, 45.27107970338934 ], [ -62.725150113422117, 45.27103669418829 ], [ -62.725203399845576, 45.271004500778076 ], [ -62.725266482222416, 45.270966804325234 ], [ -62.725409594778313, 45.270896889753324 ], [ -62.725417005277109, 45.270893715499952 ], [ -62.726094294610903, 45.270601506816178 ], [ -62.72651939381538, 45.270414404763073 ], [ -62.726752188979674, 45.270324010174392 ], [ -62.726965890394631, 45.270214103709741 ], [ -62.726966384732364, 45.270213796285987 ], [ -62.727172210799615, 45.270105096809004 ], [ -62.727594306760601, 45.269895791064215 ], [ -62.727930305657516, 45.269748100363358 ], [ -62.728033811873424, 45.269696100814151 ], [ -62.728298496407533, 45.26957009501546 ], [ -62.728873010040488, 45.269339809524595 ], [ -62.72891081958138, 45.269326796569118 ], [ -62.729298196289449, 45.269193212735949 ], [ -62.729581699132865, 45.269099398935779 ], [ -62.729736100097895, 45.269056486999474 ], [ -62.729816789979637, 45.269029490021516 ], [ -62.729829286610077, 45.269025209236659 ], [ -62.729900009026366, 45.269010312761239 ], [ -62.730045003769966, 45.268979611830645 ], [ -62.730198097280294, 45.268955905197224 ], [ -62.730249093822977, 45.268947003605597 ], [ -62.730277187340263, 45.268943498673508 ], [ -62.730312900907485, 45.268939092518771 ], [ -62.730337183055831, 45.268937899437574 ], [ -62.730370502795523, 45.268940811934435 ], [ -62.730404690211508, 45.268948088452234 ], [ -62.730414784913592, 45.268950107978732 ], [ -62.730427505775289, 45.268951913502555 ], [ -62.730465683107013, 45.2689591969201 ], [ -62.730540404235818, 45.268969810017758 ], [ -62.730584508966622, 45.268974897634131 ], [ -62.730587011052961, 45.268975204589808 ], [ -62.730617287608034, 45.26898030139126 ], [ -62.730768908202123, 45.269009506826777 ], [ -62.730896204384436, 45.269038592919003 ], [ -62.730977599520102, 45.269056296259372 ], [ -62.730984084175738, 45.269057707651342 ], [ -62.731028696020751, 45.269072195519868 ], [ -62.731073204776308, 45.269085801231839 ], [ -62.731120803855546, 45.269097097861263 ], [ -62.731173989085079, 45.269105600342115 ], [ -62.731212700439691, 45.269111489641318 ], [ -62.731361509281541, 45.269129503695034 ], [ -62.731403078513488, 45.269136105770507 ], [ -62.731464196306305, 45.269142687222612 ], [ -62.731495021501161, 45.269144194825124 ], [ -62.731556710629178, 45.269144007800939 ], [ -62.731587493546577, 45.269142200347723 ], [ -62.731648406957866, 45.269135114390913 ], [ -62.731709106622965, 45.269123299716149 ], [ -62.731751306237385, 45.269114409392309 ], [ -62.732054910246632, 45.269056613408807 ], [ -62.732190888781325, 45.269024688743066 ], [ -62.732316111200348, 45.268988201386932 ], [ -62.732472210119944, 45.268945594860469 ], [ -62.732693022228823, 45.268898296378893 ], [ -62.732709597995516, 45.268895209700858 ], [ -62.732851288728483, 45.268852297547852 ], [ -62.732993011326457, 45.268809396367509 ], [ -62.733148998260035, 45.268773012186955 ], [ -62.733275084809655, 45.268742607374477 ], [ -62.733391013695474, 45.268716395178103 ], [ -62.733523901759746, 45.26869100934703 ], [ -62.733642299213486, 45.268670987442903 ], [ -62.734022388115633, 45.268602494246011 ], [ -62.734082683560267, 45.268592399424513 ], [ -62.734142006232318, 45.268584899480359 ], [ -62.734199220012357, 45.268582193971405 ], [ -62.734250991357854, 45.268584194334522 ], [ -62.734312194878711, 45.268587503570288 ], [ -62.734370492585832, 45.268590111509887 ], [ -62.734426907306435, 45.268597705340881 ], [ -62.734680388638083, 45.268628795446197 ], [ -62.734833702177738, 45.268653110651819 ], [ -62.734983690944716, 45.268670401159959 ], [ -62.735155596758126, 45.268681301746852 ], [ -62.735303493225047, 45.268683393214943 ], [ -62.735737986333405, 45.268691796113544 ], [ -62.735834896648036, 45.268693909380481 ], [ -62.735915293861083, 45.268692897832047 ], [ -62.736004608983265, 45.268685005204681 ], [ -62.73615781381416, 45.268663698027417 ], [ -62.736250912533549, 45.268646093387716 ], [ -62.736363910418142, 45.268616291046335 ], [ -62.736492096502822, 45.268576289854174 ], [ -62.736595504195328, 45.268541513252181 ], [ -62.736711093578712, 45.268493291225411 ], [ -62.736893496548269, 45.268402801420997 ], [ -62.737009391119152, 45.268340807935431 ], [ -62.737115897715739, 45.268271090151799 ], [ -62.737217921634667, 45.268199896720219 ], [ -62.737308690494764, 45.2681298911372 ], [ -62.737518492715324, 45.267962090780607 ], [ -62.73772709840388, 45.267785186625389 ], [ -62.738041899203104, 45.267520404831188 ], [ -62.738201106743446, 45.267379814622181 ], [ -62.738291900328015, 45.267281499173841 ], [ -62.738349679315718, 45.267208106739552 ], [ -62.738408316786028, 45.267173598945014 ], [ -62.738420722859793, 45.267162234454645 ], [ -62.738474704499112, 45.267112708330522 ], [ -62.738500710036163, 45.267083004770519 ], [ -62.738514381570909, 45.267059698330741 ], [ -62.738525793389094, 45.267026410248114 ], [ -62.738528710038068, 45.266996709143008 ], [ -62.738530110200678, 45.266969695694392 ], [ -62.738531597949532, 45.266933686837703 ], [ -62.738531700490867, 45.266906701251003 ], [ -62.738533077332953, 45.266888705592791 ], [ -62.738548707951551, 45.266784594196132 ], [ -62.738550292666432, 45.266774483938313 ], [ -62.738596092977907, 45.266493699304206 ], [ -62.738622198829006, 45.266313806565755 ], [ -62.73862909099212, 45.266242701082 ], [ -62.738644683567735, 45.26616170564612 ], [ -62.738667198273575, 45.266088704330279 ], [ -62.7386925768974, 45.266015204972064 ], [ -62.738705027940824, 45.265993589390384 ], [ -62.73899233480946, 45.265968919942509 ], [ -62.739760186062227, 45.2660807873321 ], [ -62.739861684181648, 45.26589444613515 ], [ -62.741194925890667, 45.264716892652444 ], [ -62.745328155273803, 45.263857130655865 ], [ -62.748193255873915, 45.263015603316163 ], [ -62.750604599078834, 45.262502679581679 ], [ -62.755682409631873, 45.26112773114459 ], [ -62.756948504659917, 45.260609665975018 ], [ -62.757987711159359, 45.2601844185223 ], [ -62.758806872134166, 45.259364076792068 ], [ -62.760147345990241, 45.257677991978305 ], [ -62.761431443192812, 45.257135729421123 ], [ -62.764600145127069, 45.256725333674567 ], [ -62.76898751343883, 45.255866118635893 ], [ -62.772136659986622, 45.255128819707984 ], [ -62.773087466435513, 45.254950225651839 ], [ -62.776589993139588, 45.254292278195429 ], [ -62.777364751780631, 45.25410602785778 ], [ -62.779458490843091, 45.253602657132291 ], [ -62.781666080010652, 45.252915916113508 ], [ -62.783409615173071, 45.25206787532008 ], [ -62.785505680158934, 45.25126113639498 ], [ -62.786109474077676, 45.25102874027943 ], [ -62.787332527235627, 45.250044078761718 ], [ -62.787421373929462, 45.249972554627909 ], [ -62.792389098148298, 45.247685936044 ], [ -62.798362717390262, 45.247027991460335 ], [ -62.799350796332284, 45.246965457723732 ], [ -62.804735058302619, 45.246624458068382 ], [ -62.810143144834996, 45.24559503385521 ], [ -62.814785753156634, 45.244008905338298 ], [ -62.818996870310251, 45.238900810992305 ], [ -62.823651262075323, 45.236940855413458 ], [ -62.825378195662871, 45.234575256027675 ], [ -62.826916600089234, 45.233190718540726 ], [ -62.829714345254757, 45.232243217861942 ], [ -62.831016432070371, 45.230369756771317 ], [ -62.833495186636199, 45.2289337065925 ], [ -62.837921989806766, 45.225877473546255 ], [ -62.840454396720872, 45.224561902238527 ], [ -62.84422804388123, 45.22260126436192 ], [ -62.844919334630326, 45.222229185913548 ], [ -62.847849516007749, 45.220662515420138 ], [ -62.851825879486547, 45.218433774081412 ], [ -62.851905306303074, 45.218370933329744 ], [ -62.855026904582125, 45.215902690039577 ], [ -62.855894503852269, 45.215350857119937 ], [ -62.85972535397449, 45.213213766168515 ], [ -62.862149303233238, 45.212297499926926 ], [ -62.865475021301627, 45.21089853686123 ], [ -62.869058116174592, 45.20936154939487 ], [ -62.873558422959071, 45.207318728405973 ], [ -62.878084165377075, 45.205715734879433 ], [ -62.882247308487926, 45.203925833121012 ], [ -62.8856202237885, 45.20192864173557 ], [ -62.885875609876607, 45.201777397697334 ], [ -62.888817012333895, 45.199294920935749 ], [ -62.892254114671481, 45.19774344652415 ], [ -62.895122555202391, 45.196467053807638 ], [ -62.897480429196683, 45.195417779962732 ], [ -62.898462491317183, 45.19465687521992 ], [ -62.898693586636774, 45.194516395410773 ], [ -62.904231886556154, 45.192957888005594 ], [ -62.91141901385739, 45.190744176405161 ], [ -62.911753668175876, 45.190641109482883 ], [ -62.914649275525264, 45.189989443193724 ], [ -62.914802833903614, 45.189948064445531 ], [ -62.926286224409012, 45.185699904212804 ], [ -62.935999378390065, 45.182064473032185 ], [ -62.937817934020998, 45.181349189900999 ], [ -62.942090250135138, 45.179576343186412 ], [ -62.944611085749706, 45.178530112919837 ], [ -62.947498634134405, 45.177321943960671 ], [ -62.95354997389385, 45.175317090660343 ], [ -62.953673837150603, 45.175276053436953 ], [ -62.954269890795096, 45.174552797409227 ], [ -62.955956290097596, 45.174312384569951 ], [ -62.956124825043204, 45.174250279334103 ], [ -62.956147321182229, 45.174243924934203 ], [ -62.956411715056255, 45.174181709460854 ], [ -62.95736652536619, 45.17373199347216 ], [ -62.957818488780866, 45.173668232772116 ], [ -62.957918978746534, 45.173588604353974 ], [ -62.970618773559295, 45.168539628668817 ], [ -62.984122296509639, 45.163503212156115 ], [ -62.992166288343199, 45.160916501490689 ], [ -62.996820888093687, 45.157509939149435 ], [ -62.999297584635393, 45.156314045214422 ], [ -63.000000000542819, 45.156082681324634 ], [ -63.006040154293736, 45.154093045276575 ], [ -63.013861775302495, 45.151691001305338 ], [ -63.01597450397378, 45.150859369680973 ], [ -63.020891827418652, 45.148923411942704 ], [ -63.021477996150821, 45.148714377082477 ], [ -63.026975655584742, 45.146753360709432 ], [ -63.031582492377773, 45.145073338494029 ], [ -63.032756964841802, 45.144690647814159 ], [ -63.041953663912352, 45.141408247618735 ], [ -63.056038635852758, 45.136420279708581 ], [ -63.060535696779759, 45.134827046095516 ], [ -63.062952782226397, 45.133970568035458 ], [ -63.064330511931601, 45.133483541390916 ], [ -63.078944506691421, 45.128163612336458 ], [ -63.080575616272064, 45.127578416190858 ], [ -63.083437906582695, 45.126538992272252 ], [ -63.087286010785199, 45.125146758880589 ], [ -63.097656968869842, 45.121404910777102 ], [ -63.114417626648788, 45.115434519771917 ], [ -63.120424319288304, 45.113321736347721 ], [ -63.125703267909593, 45.111464442728952 ], [ -63.134699221247907, 45.108298371594252 ], [ -63.134700364247863, 45.108297977499021 ], [ -63.155363328824954, 45.101020835202661 ], [ -63.155365725047474, 45.101020000322741 ], [ -63.155754202786007, 45.100883106980682 ], [ -63.156888854614664, 45.100478654890452 ], [ -63.160985248841882, 45.099018289171681 ], [ -63.161058331390819, 45.098921171160157 ], [ -63.161299655630295, 45.098857813007314 ], [ -63.161591546318427, 45.098704384634487 ], [ -63.161782038285111, 45.098650096901721 ], [ -63.162037022300701, 45.098643285749681 ], [ -63.163160481394705, 45.098259704832451 ], [ -63.16353619524876, 45.098108554356564 ], [ -63.163661693220355, 45.097868908251584 ], [ -63.164072903620479, 45.097594508599329 ], [ -63.164625399694287, 45.097506000370359 ], [ -63.165213613387344, 45.097481802783598 ], [ -63.16568259786748, 45.097280210883589 ], [ -63.166195296185933, 45.097095587411097 ], [ -63.166582494888495, 45.096852300285128 ], [ -63.166740395280492, 45.096610884596529 ], [ -63.166819592719463, 45.096379286480364 ], [ -63.167225596270058, 45.09620380599538 ], [ -63.168291694392842, 45.096021788603998 ], [ -63.169032305695289, 45.096076700203305 ], [ -63.16955889047798, 45.095947902501564 ], [ -63.170686091705754, 45.095557583671436 ], [ -63.17078989675904, 45.095496910333047 ], [ -63.170903579386405, 45.09548128464634 ], [ -63.173732748135123, 45.094472024906345 ], [ -63.177224349003261, 45.093229614600538 ], [ -63.178794417412846, 45.092666113132928 ], [ -63.190830063380467, 45.088370312658576 ], [ -63.200288970576139, 45.084992588494472 ], [ -63.203071350950211, 45.083998710065615 ], [ -63.215254005407296, 45.079645645003545 ], [ -63.226931052051746, 45.075435093201989 ], [ -63.233052943983751, 45.073253458173809 ], [ -63.234023101709091, 45.07290859820116 ], [ -63.257549869444048, 45.06454104670199 ], [ -63.264238687902832, 45.062160457193364 ], [ -63.269952138693213, 45.0601264359371 ], [ -63.275964604225166, 45.057985390174387 ], [ -63.282820537570416, 45.055543267224607 ], [ -63.290796751803995, 45.052701140110294 ], [ -63.31298077659919, 45.044790997614058 ], [ -63.314641884799087, 45.044198385981218 ], [ -63.317486095644469, 45.043183561431931 ], [ -63.335976345376189, 45.036590616710768 ], [ -63.335972905311309, 45.036264313733462 ], [ -63.336125808038965, 45.036101813207523 ], [ -63.336298108046286, 45.035654714121968 ], [ -63.33668889737703, 45.035422691010417 ], [ -63.336993387100321, 45.035358897410632 ], [ -63.337373693426564, 45.035344309033924 ], [ -63.337800990918865, 45.03539820169901 ], [ -63.338049010477661, 45.035463589918457 ], [ -63.338578509150373, 45.035365613473608 ], [ -63.338732609235649, 45.035294113701653 ], [ -63.338867988358565, 45.035265700973532 ], [ -63.340520685212937, 45.035258194425005 ], [ -63.340888892969637, 45.035148396992525 ], [ -63.340990117225019, 45.03501619612171 ], [ -63.340976991459854, 45.03494070425004 ], [ -63.340811414406602, 45.034786302448218 ], [ -63.340761309898944, 45.034666389303055 ], [ -63.340771104345308, 45.03457950552577 ], [ -63.340870417033216, 45.034486899873009 ], [ -63.341164893672449, 45.034399010112473 ], [ -63.341310283737457, 45.034394596774099 ], [ -63.342031295420753, 45.034491211347991 ], [ -63.342756405471448, 45.034156495400893 ], [ -63.343011310636612, 45.034194293471053 ], [ -63.343134006023774, 45.034312099836981 ], [ -63.343129302127792, 45.034410899519834 ], [ -63.343003509636937, 45.034704705057088 ], [ -63.342988807140493, 45.034779592347384 ], [ -63.343149896173813, 45.035143586891941 ], [ -63.343224711986508, 45.035212693573811 ], [ -63.343335306511328, 45.035235193369701 ], [ -63.343571197609059, 45.035205305004347 ], [ -63.343833795293889, 45.035084991931384 ], [ -63.344263581869505, 45.034968705961589 ], [ -63.34465751999921, 45.03478819317391 ], [ -63.344803793217579, 45.034763994453378 ], [ -63.345113489538399, 45.034822999666197 ], [ -63.345548512144376, 45.035181791501763 ], [ -63.345631207985583, 45.035203493615519 ], [ -63.345755492664829, 45.035170894986855 ], [ -63.345892512903063, 45.034992204765203 ], [ -63.346059719044426, 45.034533093462073 ], [ -63.346136116711563, 45.03445179605685 ], [ -63.346458200075027, 45.03425380877178 ], [ -63.346849603006028, 45.033891087734894 ], [ -63.346940192105265, 45.03386558936289 ], [ -63.347920919523034, 45.033901096389492 ], [ -63.348042507762763, 45.033927789095316 ], [ -63.348112288195559, 45.033984907538482 ], [ -63.348146882900707, 45.034310304694657 ], [ -63.348208915455331, 45.034414700087979 ], [ -63.348810507294594, 45.034908105719907 ], [ -63.348938886588726, 45.034907300866642 ], [ -63.349264095209058, 45.03476071230633 ], [ -63.349557405345912, 45.034581789897452 ], [ -63.349863515629053, 45.034367494020614 ], [ -63.35021419463034, 45.034039506720809 ], [ -63.350960515262884, 45.033491499085272 ], [ -63.351455492552901, 45.033178792963213 ], [ -63.352381511433094, 45.032840899118604 ], [ -63.353534716782022, 45.032540093918492 ], [ -63.354416789709191, 45.032185296428153 ], [ -63.355132288815071, 45.032048095039883 ], [ -63.355445489254592, 45.031917091265186 ], [ -63.355583704916761, 45.031829391759679 ], [ -63.355745408288499, 45.031599699929984 ], [ -63.356002697293377, 45.03100431094645 ], [ -63.355641899380998, 45.030845188244882 ], [ -63.355105092688383, 45.030396988398806 ], [ -63.354861515614161, 45.030121999621883 ], [ -63.354937988758557, 45.029688399721856 ], [ -63.355062107711447, 45.029544914888056 ], [ -63.355288912420555, 45.029471192638944 ], [ -63.355619297501384, 45.029447486515274 ], [ -63.355672610714208, 45.029266704404868 ], [ -63.355798819105551, 45.029194599831662 ], [ -63.356023690394586, 45.029160402477771 ], [ -63.356184988192808, 45.029172192386405 ], [ -63.356332498824791, 45.029239010981328 ], [ -63.356501300847519, 45.029444889086435 ], [ -63.3565293985016, 45.029908702534094 ], [ -63.356657206555951, 45.030038402843061 ], [ -63.356772695121165, 45.030072904087426 ], [ -63.358490499313689, 45.029868688946415 ], [ -63.358596577399766, 45.029873619263007 ], [ -63.358846916071244, 45.02988519740618 ], [ -63.359278790073319, 45.029840109531108 ], [ -63.359597102926259, 45.02972110835092 ], [ -63.359850494176094, 45.029557005386835 ], [ -63.360030601637867, 45.02952559493373 ], [ -63.360242615423111, 45.029526794868765 ], [ -63.360418982288117, 45.02957450382393 ], [ -63.360571514538762, 45.029653400470352 ], [ -63.360743108080058, 45.029800010254021 ], [ -63.36080920375462, 45.029936113241234 ], [ -63.361166509704915, 45.030285095496289 ], [ -63.36145340873874, 45.030707600257266 ], [ -63.361873721944086, 45.031141094905763 ], [ -63.362100816597362, 45.031530504314745 ], [ -63.362259185613119, 45.031953800612541 ], [ -63.362421112649912, 45.03253960461916 ], [ -63.362433895354123, 45.032856486111591 ], [ -63.362351517651923, 45.034002398968873 ], [ -63.362490784769328, 45.034357997017104 ], [ -63.362748307460002, 45.034577915437346 ], [ -63.363059410852415, 45.034727793392065 ], [ -63.363445883270934, 45.034816207206454 ], [ -63.364690806688863, 45.034933106476821 ], [ -63.366538284459473, 45.035171203913727 ], [ -63.366814306334412, 45.035237209727768 ], [ -63.367441108178539, 45.035438216067973 ], [ -63.367987395426667, 45.035688692676501 ], [ -63.368324503244629, 45.035878812605162 ], [ -63.368553196602633, 45.036117788353899 ], [ -63.36885769536697, 45.036758398755126 ], [ -63.369399711215223, 45.03757079900722 ], [ -63.369667316955081, 45.037814700979922 ], [ -63.370243112511915, 45.038267791260445 ], [ -63.371819684737467, 45.039750103666108 ], [ -63.372266508370245, 45.039982402172271 ], [ -63.372595502055475, 45.040108992524374 ], [ -63.373260000486006, 45.040223792191384 ], [ -63.373582699751893, 45.04024728813949 ], [ -63.373829483685995, 45.040221505285942 ], [ -63.373984590086074, 45.040130194846384 ], [ -63.374127398057979, 45.039943592180101 ], [ -63.374383590474331, 45.03936789720769 ], [ -63.374471194486055, 45.03904940344465 ], [ -63.374764694711672, 45.038628893644379 ], [ -63.375149606893018, 45.038163008562933 ], [ -63.375854302995613, 45.037427791442568 ], [ -63.376033789200235, 45.037174786685618 ], [ -63.376093895153247, 45.036966407087917 ], [ -63.376069388154008, 45.036775802683621 ], [ -63.375856908017234, 45.036311592637936 ], [ -63.37557990551749, 45.03591318984266 ], [ -63.375340209284033, 45.035669991152325 ], [ -63.375310995470926, 45.035578303458522 ], [ -63.375397181908994, 45.035410102942663 ], [ -63.375514290845494, 45.035294188415193 ], [ -63.375744804813429, 45.035141289637409 ], [ -63.376194288940638, 45.034962108834875 ], [ -63.376401001744249, 45.034840299451986 ], [ -63.376652796466203, 45.034474209218423 ], [ -63.376737911353032, 45.033973610418471 ], [ -63.376804203384673, 45.033868310962681 ], [ -63.376985298681873, 45.033817208970774 ], [ -63.377641218763273, 45.033757594349112 ], [ -63.378143597458532, 45.033638910590945 ], [ -63.379040284328873, 45.033208997677662 ], [ -63.379486908976034, 45.033089008524286 ], [ -63.379633206793052, 45.033064797872079 ], [ -63.379916111630372, 45.03310310470426 ], [ -63.38020211301621, 45.033193101810539 ], [ -63.38086938868873, 45.033600689305864 ], [ -63.381528599590546, 45.033944903811069 ], [ -63.382637399788173, 45.034462013110442 ], [ -63.382999186072858, 45.034601193272522 ], [ -63.38407938902423, 45.034895899762965 ], [ -63.38425670168612, 45.03492390685836 ], [ -63.384804279010055, 45.034913103217171 ], [ -63.384984394261295, 45.034881811403139 ], [ -63.385258806541344, 45.034745813372545 ], [ -63.386042411433216, 45.034463495818969 ], [ -63.386362495236888, 45.034304892601796 ], [ -63.386553192492215, 45.034166906301998 ], [ -63.386981597984253, 45.033959287997455 ], [ -63.388158709941337, 45.03314409912312 ], [ -63.388413903275897, 45.032940407673593 ], [ -63.388513113235724, 45.032847693492869 ], [ -63.388715882197864, 45.032452803197167 ], [ -63.388878699084422, 45.032314099157468 ], [ -63.38954800553239, 45.032088511477191 ], [ -63.389780335708856, 45.031970282553971 ], [ -63.390642100123955, 45.031493005164521 ], [ -63.391361714312914, 45.031145795852773 ], [ -63.392192788117526, 45.030801297111495 ], [ -63.392430491345884, 45.03073179874491 ], [ -63.39260369426664, 45.030727891201686 ], [ -63.392880603576728, 45.030774012864576 ], [ -63.39388729767164, 45.03084921166694 ], [ -63.394246890812077, 45.030917088327037 ], [ -63.394587786150268, 45.031027994184051 ], [ -63.395260803272457, 45.031317011823091 ], [ -63.396438107373555, 45.032041392252815 ], [ -63.398016115029776, 45.032909691851266 ], [ -63.398832486151093, 45.033475102394554 ], [ -63.399144594880312, 45.033605198236287 ], [ -63.399405602039408, 45.033635114159857 ], [ -63.399596982940352, 45.033718703246066 ], [ -63.400186315698079, 45.034247097663311 ], [ -63.400563196137021, 45.034663702817291 ], [ -63.400635316331687, 45.034792002856697 ], [ -63.400653010402102, 45.035010101015104 ], [ -63.400506499680908, 45.035517295959288 ], [ -63.400186584299178, 45.036269698932294 ], [ -63.40001030374119, 45.036815714540552 ], [ -63.400037216663208, 45.037077602907985 ], [ -63.400201508950012, 45.03738221190698 ], [ -63.400931098010581, 45.038135587147295 ], [ -63.401013304738342, 45.038287896563808 ], [ -63.40105701083165, 45.038546192023112 ], [ -63.401002090279832, 45.038766604618495 ], [ -63.400947579992803, 45.038856405391712 ], [ -63.400750085853836, 45.039021904282194 ], [ -63.399826893271403, 45.039542488182285 ], [ -63.399091311252079, 45.039873490013221 ], [ -63.398432409139033, 45.040234008943791 ], [ -63.397931700870913, 45.040554705352591 ], [ -63.397745986519723, 45.040704702133866 ], [ -63.397364396008356, 45.041222099497169 ], [ -63.397272381729422, 45.041398102211801 ], [ -63.397180508148082, 45.041574012930248 ], [ -63.397047414975638, 45.041673795592828 ], [ -63.396895898898329, 45.041927502544269 ], [ -63.396636984462248, 45.042210398345055 ], [ -63.396336889412595, 45.042658510389352 ], [ -63.396084804687305, 45.042913790559012 ], [ -63.395616792682731, 45.043488610448478 ], [ -63.395431106115986, 45.043638592607977 ], [ -63.394846300833542, 45.04444020257327 ], [ -63.394201679610028, 45.045208701632056 ], [ -63.393914710323742, 45.04573231133292 ], [ -63.393796714325916, 45.045868104964768 ], [ -63.393699091487839, 45.046162596329282 ], [ -63.393618498764809, 45.046310897888127 ], [ -63.393454704860247, 45.046612108963693 ], [ -63.39337850788484, 45.047045696849104 ], [ -63.39343480383468, 45.047510113713351 ], [ -63.393552892745845, 45.047968087918342 ], [ -63.393388083249263, 45.048387806827535 ], [ -63.393111611413111, 45.048804790529644 ], [ -63.392982086290687, 45.049066897291922 ], [ -63.392856990770881, 45.049471708407424 ], [ -63.392564408094145, 45.050113904897515 ], [ -63.392345384776874, 45.050734208277753 ], [ -63.39222770011304, 45.050980807644969 ], [ -63.392131818571173, 45.051477299173555 ], [ -63.392125995021829, 45.051837284556278 ], [ -63.39207398305853, 45.052350701643448 ], [ -63.392014010180979, 45.052559105718672 ], [ -63.391859101368119, 45.053002706902468 ], [ -63.391848113008855, 45.053592195567191 ], [ -63.391753712920583, 45.05393829885476 ], [ -63.391525195746929, 45.054404011285037 ], [ -63.39148620336077, 45.054640588536955 ], [ -63.391465203806931, 45.054793034979042 ], [ -63.390150354225774, 45.056280914756996 ], [ -63.38982553588977, 45.056870035844661 ], [ -63.389969742694774, 45.057663554371565 ], [ -63.390344020702145, 45.058472517677536 ], [ -63.390121643868035, 45.058923571490993 ], [ -63.389906714927385, 45.05905925362454 ], [ -63.389468722574385, 45.059046362714675 ], [ -63.388796425436617, 45.058581775308191 ], [ -63.388174042474354, 45.057983289374768 ], [ -63.387747536579468, 45.057918133196623 ], [ -63.387524806351685, 45.057986326794534 ], [ -63.387299167824928, 45.058212122190035 ], [ -63.387209092115079, 45.058524749722338 ], [ -63.387453000871787, 45.05914212868371 ], [ -63.387832944421824, 45.059674192569545 ], [ -63.388316147713823, 45.060252391982409 ], [ -63.389470594972003, 45.060741251960316 ], [ -63.390547737525914, 45.06127415848681 ], [ -63.392011932786936, 45.062127946207497 ], [ -63.392465309758087, 45.0622458689867 ], [ -63.392852690275753, 45.062249698633146 ], [ -63.393176039735586, 45.062156676809799 ], [ -63.39336755161662, 45.062011584509406 ], [ -63.393550543696321, 45.061813487777911 ], [ -63.393637085116254, 45.061638450865935 ], [ -63.393600276405394, 45.061477712300558 ], [ -63.393250713533959, 45.06087203149125 ], [ -63.392849935595507, 45.060423768083403 ], [ -63.392811880096701, 45.060187096215124 ], [ -63.393024993777907, 45.059701091986248 ], [ -63.393371614431715, 45.059545956203152 ], [ -63.393751397008906, 45.059535736409167 ], [ -63.39434015421385, 45.059704941193694 ], [ -63.394885431937624, 45.06039972675714 ], [ -63.394941247675391, 45.061472962549523 ], [ -63.394485210401491, 45.062557226824083 ], [ -63.393954771409554, 45.063434828650777 ], [ -63.393515481526862, 45.063934476336563 ], [ -63.392974054413827, 45.064323888723159 ], [ -63.392037200450787, 45.064928475422306 ], [ -63.391909694698946, 45.065107719170882 ], [ -63.391785906436873, 45.065380450517893 ], [ -63.391776423796571, 45.065548601704521 ], [ -63.391852969270893, 45.065720708307779 ], [ -63.392252899371783, 45.065928835234594 ], [ -63.392853211170468, 45.066263775921179 ], [ -63.393463301843767, 45.066748795795768 ], [ -63.393697684983508, 45.067423937393151 ], [ -63.393611769691766, 45.068361927526276 ], [ -63.39395038936977, 45.068940890398679 ], [ -63.394351567476825, 45.069717196059536 ], [ -63.394362800226766, 45.070166932270027 ], [ -63.393273387859587, 45.073492848049845 ], [ -63.392671052252346, 45.075546945338381 ], [ -63.392665590719588, 45.076355745850464 ], [ -63.393051450499357, 45.076732883748868 ], [ -63.393638028776422, 45.076932863427672 ], [ -63.394966065127598, 45.076638525489386 ], [ -63.395794063082917, 45.076319573860083 ], [ -63.396840711405659, 45.076386884764801 ], [ -63.397488325816468, 45.076691912648727 ], [ -63.398855808765468, 45.078207529737952 ], [ -63.398817367803787, 45.078696086801486 ], [ -63.398616437124737, 45.07913445420872 ], [ -63.398169122690327, 45.0795381483439 ], [ -63.396994281720289, 45.07975220503473 ], [ -63.396083503686235, 45.079978203758088 ], [ -63.395602803039168, 45.080147673374569 ], [ -63.395241628567284, 45.080388504776622 ], [ -63.395064745631963, 45.080612782073985 ], [ -63.395104618160019, 45.080985660990756 ], [ -63.395345879293785, 45.081274893821636 ], [ -63.396401090289785, 45.082634006343156 ], [ -63.396584444956247, 45.082870055703438 ], [ -63.396633287468262, 45.083567079940899 ], [ -63.396657899459477, 45.083917998981661 ], [ -63.396658054861469, 45.083920631604194 ], [ -63.396402539232994, 45.084478500360134 ], [ -63.395874874643553, 45.084887865480177 ], [ -63.394757484493852, 45.085584707938722 ], [ -63.394248571791152, 45.086053844693424 ], [ -63.394164480816563, 45.086415555227134 ], [ -63.393910504755368, 45.087532333643537 ], [ -63.394923148526864, 45.089335082809676 ], [ -63.395630066079377, 45.089899310081549 ], [ -63.396548468001299, 45.090234056505217 ], [ -63.397798324880867, 45.090351064775703 ], [ -63.398892959320605, 45.090223439610035 ], [ -63.4004848915298, 45.090066371753998 ], [ -63.400940331824344, 45.090051166532305 ], [ -63.401743912738077, 45.090124301123247 ], [ -63.404083548629337, 45.090314434416548 ], [ -63.404618696006992, 45.090377173538769 ], [ -63.406120996076552, 45.090140076187318 ], [ -63.409396868532539, 45.089703580358425 ], [ -63.410197957741403, 45.089830465395281 ], [ -63.410490546914602, 45.090020733415862 ], [ -63.410654270499244, 45.090390612761027 ], [ -63.410601967942696, 45.090643073951668 ], [ -63.410411788959934, 45.091159849014609 ], [ -63.409945001913229, 45.091799324310649 ], [ -63.409300781254878, 45.092610828879302 ], [ -63.407088065645951, 45.093257606104878 ], [ -63.405332497255849, 45.093285282388599 ], [ -63.403683725980265, 45.093274083809568 ], [ -63.402958479773361, 45.093411733889226 ], [ -63.40195126601283, 45.093972946832814 ], [ -63.400736287290101, 45.095149076391884 ], [ -63.400402215379337, 45.09576235879846 ], [ -63.4003121247992, 45.096546817287184 ], [ -63.401283009754607, 45.097504899166154 ], [ -63.40371743488835, 45.098881379894664 ], [ -63.40455388925141, 45.099968115289926 ], [ -63.40612584272727, 45.101280429558372 ], [ -63.405737153545729, 45.102524557900466 ], [ -63.404953942518922, 45.103156607923047 ], [ -63.403524246314817, 45.103517460473853 ], [ -63.402003432981203, 45.103366483475511 ], [ -63.398792729878416, 45.103910533658031 ], [ -63.39697688013419, 45.105023227876401 ], [ -63.396209997749516, 45.105493142983804 ], [ -63.395872202621241, 45.105771888476887 ], [ -63.394290170858881, 45.107077637040099 ], [ -63.394022287775954, 45.107253115093755 ], [ -63.394035138305135, 45.107566563047335 ], [ -63.394534402686077, 45.107978005663348 ], [ -63.394708535080227, 45.108088168206962 ], [ -63.394873979890953, 45.108204603021775 ], [ -63.395075422534497, 45.108422149188506 ], [ -63.397768793295604, 45.109161822620607 ], [ -63.400899826053944, 45.11075799770709 ], [ -63.401429194569609, 45.111794908704489 ], [ -63.399682312066943, 45.116094276559416 ], [ -63.396282100191904, 45.12259934894572 ], [ -63.396275602957516, 45.125072015963369 ], [ -63.394907406060589, 45.12955719110937 ], [ -63.394859347546543, 45.129588790001534 ], [ -63.390982070241954, 45.132116229648879 ], [ -63.387322722471289, 45.134529804205684 ], [ -63.383297472431892, 45.138043819434529 ], [ -63.382349316259642, 45.139051438541628 ], [ -63.382296027676446, 45.140308581346986 ], [ -63.382760349373108, 45.142300457901904 ], [ -63.389760734312553, 45.148691704749076 ], [ -63.389898636988136, 45.149567999551188 ], [ -63.390231548967556, 45.151683566778068 ], [ -63.386868746162371, 45.157620748608394 ], [ -63.38735551693506, 45.161326226737415 ], [ -63.388118793012751, 45.165361692204911 ], [ -63.388600348274515, 45.16882944457339 ], [ -63.387921673211672, 45.171549047653585 ], [ -63.388379396197514, 45.172944107611393 ], [ -63.38976301433059, 45.174411705192057 ], [ -63.392316856509481, 45.175757156740104 ], [ -63.395849553293921, 45.177073847477075 ], [ -63.398865010187585, 45.179513784116423 ], [ -63.401587864906318, 45.183860218010622 ], [ -63.402167417632029, 45.186311067749614 ], [ -63.402407034257628, 45.187324373851148 ], [ -63.400063322231986, 45.190777038769859 ], [ -63.396568986343532, 45.193957263021709 ], [ -63.395032989021338, 45.19744833631087 ], [ -63.396828866816023, 45.199474105341885 ], [ -63.399753645530254, 45.200820838717277 ], [ -63.405478748891227, 45.200993417516827 ], [ -63.411297017327406, 45.205209374090259 ], [ -63.418343298317062, 45.210077035111539 ], [ -63.418438204315223, 45.214359877137028 ], [ -63.417857986355465, 45.221601843598584 ], [ -63.416314909956931, 45.230997342834378 ], [ -63.417463847624127, 45.234221100401378 ], [ -63.417479625529197, 45.234225466125537 ], [ -63.421128857830666, 45.235227783084802 ], [ -63.428827678896575, 45.235713349344209 ], [ -63.430390964551769, 45.236661564191593 ], [ -63.436766544138756, 45.240527999708092 ], [ -63.442401591717037, 45.24208287941353 ], [ -63.448356772101214, 45.242919749864676 ], [ -63.451715616178795, 45.245119108148856 ], [ -63.454513950976505, 45.249134718368218 ], [ -63.454470807844238, 45.249884395930806 ], [ -63.454375073044929, 45.25151750413378 ], [ -63.454167853692134, 45.255022812207621 ], [ -63.454340855859719, 45.262392793604427 ], [ -63.456909653728829, 45.268449863473599 ], [ -63.45908487995731, 45.269580346886158 ], [ -63.462096992780033, 45.271146837431054 ], [ -63.468487899712819, 45.270593519516368 ], [ -63.472708144789351, 45.272255880777742 ], [ -63.475195131614882, 45.277461795878828 ], [ -63.47885326130973, 45.283653151979927 ], [ -63.480025428298475, 45.288188896654404 ], [ -63.480764395088606, 45.291140344641398 ], [ -63.479127948137148, 45.298607112873299 ], [ -63.475681647849747, 45.306996429574014 ], [ -63.477839932632207, 45.311380809083069 ], [ -63.483799543153694, 45.315969405830025 ], [ -63.48543269420167, 45.317311615659797 ], [ -63.486534636326709, 45.318073861327719 ], [ -63.49315921988746, 45.322299782406603 ], [ -63.499813277958282, 45.327986300722813 ], [ -63.499814424981835, 45.327987248559801 ], [ -63.500123575875975, 45.328251422726538 ], [ -63.502674250444386, 45.330430697671503 ], [ -63.513187238154309, 45.339390509983382 ], [ -63.513519750560704, 45.339319041725183 ], [ -63.525797112474336, 45.338863521906781 ], [ -63.555035801175478, 45.339017389795067 ], [ -63.555237641052869, 45.339017942497364 ], [ -63.56447353238508, 45.339042830545822 ], [ -63.580474925494663, 45.339083726993167 ], [ -63.590340508962029, 45.339107548241842 ], [ -63.602728393449844, 45.340643457040002 ], [ -63.61253430461413, 45.341857955121064 ], [ -63.638832120982265, 45.345109525858668 ], [ -63.647524208201851, 45.346182478603389 ], [ -63.660110838113638, 45.347713387922525 ], [ -63.681887717447175, 45.350357703917169 ], [ -63.698108062928476, 45.352323731926084 ], [ -63.709790679437255, 45.354506363788587 ], [ -63.717312525365323, 45.355910744905025 ], [ -63.719511223253264, 45.356122075762876 ], [ -63.731696497726269, 45.357292297767707 ], [ -63.73204668842375, 45.357325888963082 ], [ -63.749130050509471, 45.357392910428665 ], [ -63.749215058794775, 45.357393246517368 ], [ -63.76680347983126, 45.356322216183358 ], [ -63.788025398007072, 45.355025311203846 ], [ -63.79706508927957, 45.354471335072482 ], [ -63.818961386265087, 45.342893415758432 ], [ -63.829349712878809, 45.337599256685493 ], [ -63.838715524331604, 45.33282423107417 ], [ -63.84678911013426, 45.32870651554758 ], [ -63.861932671742338, 45.314612653593898 ], [ -63.875045395120708, 45.310290071654087 ], [ -63.878819705282716, 45.309045397912115 ], [ -63.889237824936529, 45.308393793625982 ], [ -63.890559430501213, 45.308311053039347 ], [ -63.902463215550569, 45.307564857294317 ], [ -63.921161811622291, 45.306389512685008 ], [ -63.938365429120999, 45.305304662721262 ], [ -63.94649013931469, 45.304791172510107 ], [ -63.954254740177092, 45.304299737704667 ], [ -63.971618126044241, 45.303198355441026 ], [ -64.00000001326633, 45.310582196221439 ], [ -64.000002312862364, 45.310582788715081 ], [ -64.019107069151687, 45.31554683817793 ], [ -64.01926536859358, 45.315587943876949 ], [ -64.075618876433381, 45.328326911663773 ], [ -64.089251519520658, 45.331402369131617 ], [ -64.089255880163989, 45.33144298799553 ], [ -64.10680542889196, 45.335777438412016 ], [ -64.166177386702557, 45.338555177970719 ], [ -64.222446188958429, 45.34115135860776 ], [ -64.222446097644962, 45.341158108940775 ], [ -64.22571385397201, 45.341317336337816 ], [ -64.227700186700417, 45.341414080132395 ], [ -64.246397394597011, 45.342554339397452 ], [ -64.252950870830773, 45.342953065921719 ], [ -64.278181301789189, 45.344776445174269 ], [ -64.281301657028578, 45.344948318968271 ], [ -64.302050905683004, 45.346088414918128 ], [ -64.323148453015762, 45.345998196128924 ], [ -64.323196088142083, 45.345997971395761 ], [ -64.32850520703181, 45.345907425827491 ], [ -64.355920199184879, 45.345673338201387 ], [ -64.383893261478917, 45.345612488742248 ], [ -64.39685790328295, 45.345546656822378 ], [ -64.417604557242115, 45.345437442897094 ], [ -64.444846967569333, 45.345180195369238 ], [ -64.462630025086369, 45.345092313646624 ], [ -64.463602654890209, 45.34508740760058 ], [ -64.474325664626932, 45.342001066858643 ], [ -64.474625707810432, 45.341930360733123 ], [ -64.479768907592643, 45.34071814222002 ], [ -64.480719931480166, 45.340493952318269 ], [ -64.484033832142245, 45.339300988733704 ], [ -64.487648475264095, 45.338643519637671 ], [ -64.490460541501818, 45.338131927652931 ], [ -64.494028637510027, 45.337383035098604 ], [ -64.499176679927842, 45.336302236929477 ], [ -64.500000008136453, 45.336187944330035 ], [ -64.507169915064566, 45.335192096342446 ], [ -64.520339569306955, 45.331969669729801 ], [ -64.527513871236906, 45.328864390476269 ], [ -64.53919823914876, 45.32128543874196 ], [ -64.541673888400126, 45.319164759237538 ], [ -64.547784894449563, 45.314046574733268 ], [ -64.549153848184986, 45.312891799595732 ], [ -64.552582950984586, 45.309998801655603 ], [ -64.561039046407899, 45.302862766254592 ], [ -64.562187216773907, 45.301885896953912 ], [ -64.577052269215486, 45.289233848155618 ], [ -64.592138455069019, 45.276498365446798 ], [ -64.597430623024479, 45.273611973595436 ], [ -64.608380390366378, 45.267637883265628 ], [ -64.608570976006192, 45.267533869030423 ], [ -64.624259608662584, 45.258924585237963 ], [ -64.63455006902926, 45.253309090915913 ], [ -64.640935643424939, 45.25008536202543 ], [ -64.644808533866126, 45.248129691471597 ], [ -64.6578049349217, 45.241837366522823 ], [ -64.667747235925376, 45.236615010658468 ], [ -64.667745452815666, 45.236612407158745 ], [ -64.69635041554055, 45.221974192262373 ], [ -64.745061544097382, 45.200256797368645 ], [ -64.752055847772965, 45.198255711268388 ], [ -64.753142152070637, 45.197944834369792 ], [ -64.753558128083014, 45.197825810221801 ], [ -64.754110005908899, 45.197651780298067 ], [ -64.767041896815812, 45.193572445045831 ], [ -64.824946273864938, 45.180907654252913 ], [ -64.840017697992664, 45.17760406933369 ], [ -64.845727143738898, 45.175148373447385 ], [ -64.871556929667619, 45.164031210524193 ], [ -64.871941704024053, 45.163865504035783 ], [ -64.872405021355476, 45.163665992066626 ], [ -64.887319218311873, 45.157409262985638 ], [ -64.908937722747879, 45.148332798455073 ], [ -64.937089300836405, 45.136500725932478 ], [ -64.966807453682605, 45.123994588790282 ], [ -65.000000011554448, 45.11000736957115 ], [ -65.005910445950235, 45.107514626852726 ], [ -65.030075982016101, 45.097316119347624 ], [ -65.036471062118565, 45.094615440027702 ], [ -65.036488279377991, 45.094643218077763 ], [ -65.039263164916477, 45.093530860627759 ], [ -65.038643668835689, 45.121925936757087 ], [ -65.036843407906332, 45.159968093616449 ], [ -65.036589421315782, 45.165330666070773 ], [ -65.031583176615726, 45.22815041265234 ], [ -65.026908782699223, 45.250033337548842 ], [ -65.026279527349473, 45.252977610493531 ], [ -65.011800092757511, 45.261333261893299 ], [ -65.000168546562463, 45.272750950920475 ], [ -64.999999987411229, 45.27321954891918 ], [ -64.988811787369443, 45.304303387941111 ], [ -64.961890627359921, 45.375959844828557 ], [ -64.952130819082598, 45.401884908007531 ], [ -64.942170776183758, 45.427674110803473 ], [ -64.942160616210657, 45.427700406057561 ], [ -64.9389234512076, 45.436076337906393 ] ] ] } },
{ "type": "Feature", "properties": { "FED_NUM": 12005, "ED_NAMEE": "Dartmouth—Cole Harbour", "ED_NAMEF": "Dartmouth—Cole Harbour", "REP_ORDER": "2023", "SHAPE_AREA": 171937784.755, "SHAPE_LEN": 60798.408261099998, "NUM_CF": null, "CF_NOMFR": null, "CF_NOMAN": null, "DEC_REP": null, "PROV_CODE": "12", "PROV_NAME": "PE" }, "geometry": { "type": "Polygon", "coordinates": [ [ [ -63.607944443316349, 44.682323775498567 ], [ -63.607800214718729, 44.682489101718247 ], [ -63.607704204350249, 44.682600299062379 ], [ -63.607700887265167, 44.682603979037481 ], [ -63.607646884928847, 44.682663605065997 ], [ -63.607492309337232, 44.682841793487 ], [ -63.607338901165562, 44.683016410503505 ], [ -63.607276690712617, 44.683088395287406 ], [ -63.607184297460151, 44.683195400356311 ], [ -63.607024609170814, 44.683373613834306 ], [ -63.606870021271362, 44.68355269347721 ], [ -63.60670910506601, 44.68373180393214 ], [ -63.606673831850301, 44.683772808401486 ], [ -63.606555804001353, 44.683910007775594 ], [ -63.606401194162537, 44.684088997015472 ], [ -63.606273193780503, 44.684279706389205 ], [ -63.606113496286717, 44.684456102077327 ], [ -63.605957581888696, 44.68462970284876 ], [ -63.605801612954281, 44.684802502900361 ], [ -63.605658199531049, 44.684961710236074 ], [ -63.60547958878189, 44.68514090560631 ], [ -63.605399299694724, 44.685222010081745 ], [ -63.605323497647873, 44.685302905906617 ], [ -63.605269906521627, 44.685358089980319 ], [ -63.605221094734773, 44.685403411636599 ], [ -63.604918106212047, 44.685751606720807 ], [ -63.604674086511643, 44.686073300818109 ], [ -63.604641103256498, 44.686106113311247 ], [ -63.604582895491163, 44.686163809918654 ], [ -63.604551709486934, 44.686196394465355 ], [ -63.604494722663517, 44.68625478524649 ], [ -63.60449429084872, 44.686255197505297 ], [ -63.604450594216686, 44.686299601933513 ], [ -63.604447189885427, 44.686303000887946 ], [ -63.604407298907951, 44.686343639655306 ], [ -63.60435984978043, 44.686380928951593 ], [ -63.604353116433366, 44.686394599190244 ], [ -63.604275615213226, 44.686464299316931 ], [ -63.604059296899408, 44.686653605911253 ], [ -63.603957691279362, 44.686715398888865 ], [ -63.603766977383707, 44.686822605209713 ], [ -63.603576187057968, 44.686920004377058 ], [ -63.603372615855484, 44.686999396835965 ], [ -63.603157488951354, 44.687069805986575 ], [ -63.60292970841266, 44.687130411659119 ], [ -63.602750698305485, 44.687168596759996 ], [ -63.602475198945108, 44.687227386278188 ], [ -63.602398385703914, 44.68724310411902 ], [ -63.602296134832706, 44.687265356775306 ], [ -63.602157284496769, 44.68729560691736 ], [ -63.601917293698513, 44.687338285944172 ], [ -63.601676509115151, 44.68736389896678 ], [ -63.60142431851046, 44.68737960070154 ], [ -63.600843913138078, 44.687384507960708 ], [ -63.600768100525741, 44.687383992139395 ], [ -63.600634300648572, 44.687377501111143 ], [ -63.600596409499673, 44.687375753111155 ], [ -63.600528309758367, 44.687372602980282 ], [ -63.600407090812716, 44.68737150296063 ], [ -63.600263809686076, 44.68737070578851 ], [ -63.599999514914437, 44.687368206816146 ], [ -63.599961581264843, 44.687368400384777 ], [ -63.599797500114867, 44.687366601419996 ], [ -63.599500893744157, 44.687364499428526 ], [ -63.599128588896775, 44.687362001819956 ], [ -63.599103815309292, 44.687361495272981 ], [ -63.599103096023811, 44.68736180987424 ], [ -63.599090789065237, 44.687361290273223 ], [ -63.598674292978536, 44.687358087896008 ], [ -63.598628915552339, 44.687357401086942 ], [ -63.598472597615135, 44.687356587981363 ], [ -63.598308414558922, 44.687364505227926 ], [ -63.59770190826687, 44.687413597426087 ], [ -63.597108407286747, 44.687498601108167 ], [ -63.596956106573757, 44.687533609642813 ], [ -63.59666519726656, 44.687594499642046 ], [ -63.596385793831658, 44.687664384417538 ], [ -63.59613300837475, 44.687752199191877 ], [ -63.595866608893466, 44.68785799819058 ], [ -63.595307419655725, 44.688096793911519 ], [ -63.594913310649687, 44.688273398390145 ], [ -63.594798698200535, 44.68832629605609 ], [ -63.594709493009013, 44.688370889315159 ], [ -63.594632990279791, 44.688415410416049 ], [ -63.594521050699939, 44.688467119997185 ], [ -63.594518690426433, 44.68846819061018 ], [ -63.594378142155144, 44.688539805278999 ], [ -63.594188506147233, 44.688636412795312 ], [ -63.593947202747856, 44.688742687307318 ], [ -63.593578105117551, 44.688919599142444 ], [ -63.592359315370246, 44.689440899729391 ], [ -63.592169488132441, 44.689511197143645 ], [ -63.590862513578209, 44.689932904442614 ], [ -63.5905671238311, 44.690015822006181 ], [ -63.590052097105897, 44.690160385945873 ], [ -63.589570387245594, 44.690291897692184 ], [ -63.589100813282101, 44.690431808172569 ], [ -63.588582393809595, 44.690581195417685 ], [ -63.587999487651082, 44.690729097608845 ], [ -63.587048113533506, 44.690991504205726 ], [ -63.586237589535855, 44.691228208049608 ], [ -63.585882789434677, 44.691324298217737 ], [ -63.584628090616732, 44.691674586820696 ], [ -63.583233696614016, 44.692067889443045 ], [ -63.582043098217568, 44.692391811760558 ], [ -63.581031392820179, 44.692671099953458 ], [ -63.581030293114694, 44.692671396982924 ], [ -63.581029915901532, 44.692671492374444 ], [ -63.580788317760771, 44.692741201884971 ], [ -63.579647997119814, 44.693056591662547 ], [ -63.578798511910719, 44.69329231048804 ], [ -63.578140214132318, 44.693475703371305 ], [ -63.577582589821191, 44.693624303662901 ], [ -63.576912469717612, 44.693800792840477 ], [ -63.576425204827032, 44.693929115478625 ], [ -63.576259406072339, 44.693961889476689 ], [ -63.576100286021941, 44.693999505519137 ], [ -63.575935898727792, 44.694034212506395 ], [ -63.575594190195815, 44.69410820140552 ], [ -63.57523930215428, 44.694172704936378 ], [ -63.574953179870526, 44.694217399727414 ], [ -63.574900011671872, 44.694225710665322 ], [ -63.574641802583287, 44.69425549188297 ], [ -63.573963496139598, 44.69431510572889 ], [ -63.573230490946806, 44.694344907349972 ], [ -63.572902388297855, 44.6943518976109 ], [ -63.571440203623482, 44.694276392778043 ], [ -63.570898106550992, 44.694217904412156 ], [ -63.570385784867703, 44.69415139540552 ], [ -63.570231295718216, 44.694122900885837 ], [ -63.569866688900262, 44.694056498091413 ], [ -63.569363180014484, 44.693935700864841 ], [ -63.568496608535241, 44.693722095232779 ], [ -63.568068904375686, 44.693609904407204 ], [ -63.567569108743768, 44.693480097525779 ], [ -63.566172194992205, 44.693117904166698 ], [ -63.565015903859148, 44.692829308229641 ], [ -63.564871675506168, 44.692791740205287 ], [ -63.563659498406331, 44.69247589336377 ], [ -63.563379788633945, 44.692392600393745 ], [ -63.563320291236231, 44.692374905549684 ], [ -63.563194599787565, 44.692328487728233 ], [ -63.562993612619721, 44.692255002826919 ], [ -63.562851198567436, 44.692198954110097 ], [ -63.5628060828627, 44.692181202911449 ], [ -63.562779404129572, 44.692169639547359 ], [ -63.562742703511603, 44.692153604703243 ], [ -63.562731299655781, 44.692144693463575 ], [ -63.562683607505548, 44.692123409976915 ], [ -63.562660900081909, 44.692195302443288 ], [ -63.562575052331709, 44.692583222231782 ], [ -63.562444683684205, 44.693172206595399 ], [ -63.562404400275774, 44.693361013577764 ], [ -63.562373588337692, 44.693503002163112 ], [ -63.562363300631084, 44.693550689344271 ], [ -63.562325107299522, 44.693741996992351 ], [ -63.562287796422332, 44.693934387845907 ], [ -63.562248592001986, 44.694126386444125 ], [ -63.562209413805782, 44.694319400637454 ], [ -63.562170390029394, 44.694512886965612 ], [ -63.56213120579033, 44.69470690605268 ], [ -63.562092207900776, 44.694901408139195 ], [ -63.562051286477839, 44.695096793755432 ], [ -63.562010212421598, 44.695292407289479 ], [ -63.561971009686353, 44.695488797437115 ], [ -63.561930609916502, 44.695684808632464 ], [ -63.561890406809034, 44.695881697728915 ], [ -63.561887521992553, 44.695896036328293 ], [ -63.561850596379806, 44.696079699142409 ], [ -63.561809387493206, 44.696278091777884 ], [ -63.561768806083322, 44.696476893835467 ], [ -63.561727699168308, 44.696676188372045 ], [ -63.561685695831308, 44.69687570943951 ], [ -63.561644192239342, 44.69707559648414 ], [ -63.561602591009233, 44.697275394694977 ], [ -63.561560997268593, 44.697474888225138 ], [ -63.561521299479772, 44.697674887183709 ], [ -63.561481709903767, 44.697874196373405 ], [ -63.561441909212803, 44.698072707170411 ], [ -63.561409111183721, 44.698212207905129 ], [ -63.561377204954297, 44.698336188782797 ], [ -63.561331795071609, 44.69854959411682 ], [ -63.561285593794551, 44.698763010155169 ], [ -63.561240108866386, 44.698975999239629 ], [ -63.561195312299795, 44.699189306674555 ], [ -63.561151580916444, 44.699401606889921 ], [ -63.561109012499273, 44.699612401962298 ], [ -63.561065699865132, 44.69982319582094 ], [ -63.561022405496495, 44.700033492993803 ], [ -63.560977712977511, 44.700243594477172 ], [ -63.560927921800079, 44.700452996388883 ], [ -63.560870494799282, 44.700661506696036 ], [ -63.560803909313648, 44.700868998883585 ], [ -63.560726412235518, 44.701074401386855 ], [ -63.560640716937662, 44.701277994153074 ], [ -63.560545397042539, 44.701479096310003 ], [ -63.560443105544046, 44.701677491983581 ], [ -63.560326685253798, 44.701880308005599 ], [ -63.560206486151358, 44.702083907896835 ], [ -63.560091190836694, 44.702260184548848 ], [ -63.559997218460907, 44.702417294854747 ], [ -63.559880103551606, 44.702616688907547 ], [ -63.559764195246366, 44.702818087338528 ], [ -63.559646400156019, 44.70302060568492 ], [ -63.559526598371988, 44.703223895634693 ], [ -63.559407190978732, 44.703428997585412 ], [ -63.559285613702784, 44.70363529092316 ], [ -63.559162294997371, 44.703841607386288 ], [ -63.55903767893475, 44.704049803447127 ], [ -63.558912111934902, 44.70425859906581 ], [ -63.558786084805497, 44.704468608520997 ], [ -63.558659190744883, 44.704678798793452 ], [ -63.558533791099677, 44.704890504307855 ], [ -63.558407683249904, 44.705101801605515 ], [ -63.558281988991808, 44.705312009865324 ], [ -63.558157893914974, 44.705522287234039 ], [ -63.558034012428273, 44.70573230218389 ], [ -63.557908984974986, 44.705941508375986 ], [ -63.557784496372513, 44.706150786450024 ], [ -63.557659398328646, 44.706359801721952 ], [ -63.557533391099533, 44.706568592021803 ], [ -63.557408707413558, 44.706777804997742 ], [ -63.557284080037505, 44.706987401008341 ], [ -63.557159118749496, 44.707198197906621 ], [ -63.557033499895759, 44.707408100548776 ], [ -63.556996490551064, 44.707468119794257 ], [ -63.556767412988265, 44.707839491378053 ], [ -63.556652583082574, 44.708041406523492 ], [ -63.556531198263784, 44.708251185436175 ], [ -63.556404206436724, 44.708457212193053 ], [ -63.55627810481559, 44.708668295181916 ], [ -63.556151593043602, 44.708880692944476 ], [ -63.556025404800387, 44.709094012003739 ], [ -63.555899984858662, 44.709307704685187 ], [ -63.555774906618382, 44.709522408730372 ], [ -63.555648789880131, 44.709736787915219 ], [ -63.555523498333883, 44.709952510692787 ], [ -63.555401594751501, 44.710168911081055 ], [ -63.555280990190468, 44.710386005434067 ], [ -63.55516270585602, 44.710603498070149 ], [ -63.555045391473662, 44.710820594157035 ], [ -63.554929891856709, 44.711036910042893 ], [ -63.5548171861209, 44.711254791870296 ], [ -63.554717598739956, 44.711462206188408 ], [ -63.55471159186277, 44.711474701810232 ], [ -63.554615384891932, 44.711697106466389 ], [ -63.554528494116454, 44.711921702055548 ], [ -63.554450521703465, 44.712147794044967 ], [ -63.554382091056063, 44.712374392212368 ], [ -63.554323304893884, 44.712602398228711 ], [ -63.55427398898734, 44.712831193606299 ], [ -63.554234317847083, 44.713061396875325 ], [ -63.55420350243817, 44.713292487963713 ], [ -63.554179799842991, 44.713523790081283 ], [ -63.554165808923599, 44.713755404353236 ], [ -63.554162291473496, 44.713988009267091 ], [ -63.554167702944547, 44.714218814617254 ], [ -63.55418480606901, 44.714446914751662 ], [ -63.554210708594148, 44.714673702385177 ], [ -63.554243601036859, 44.714899596481942 ], [ -63.554285808879072, 44.715122703843228 ], [ -63.554300391527498, 44.715186771873334 ], [ -63.554296290772854, 44.71518674703978 ], [ -63.547528981940722, 44.715300169781557 ], [ -63.545894329319403, 44.715790133798336 ], [ -63.545494487735326, 44.715962390451082 ], [ -63.545265999302238, 44.71624588548034 ], [ -63.545214693284279, 44.716406798322105 ], [ -63.54499789784461, 44.716417586811446 ], [ -63.54452588908471, 44.716443006740953 ], [ -63.544306104195918, 44.716398613272638 ], [ -63.544005783396571, 44.716293203013251 ], [ -63.54349909987706, 44.716218791762181 ], [ -63.542609007655244, 44.716167612170395 ], [ -63.541655609696249, 44.716553610681203 ], [ -63.541466702053413, 44.716691690008965 ], [ -63.541266494655332, 44.717216792115181 ], [ -63.540908889590455, 44.717410488206113 ], [ -63.539758704048225, 44.71734951497578 ], [ -63.539347592335176, 44.717372092298774 ], [ -63.538843910314604, 44.717609912901317 ], [ -63.538074798583104, 44.718217285868946 ], [ -63.537784483058751, 44.718266207918219 ], [ -63.537109894038728, 44.718227595433383 ], [ -63.536860595178666, 44.718352500313209 ], [ -63.536140916634011, 44.718206195036835 ], [ -63.535833716767108, 44.718258592503652 ], [ -63.534954496564268, 44.718211494895705 ], [ -63.534511804009163, 44.717940888248165 ], [ -63.534471297099138, 44.717343198330745 ], [ -63.534203303500675, 44.716878893888797 ], [ -63.534039698449845, 44.716816012580786 ], [ -63.533766908138524, 44.716972005847758 ], [ -63.533528599034625, 44.716970606658769 ], [ -63.533315609216451, 44.716898713975077 ], [ -63.53319580710302, 44.716722216537249 ], [ -63.532797315343927, 44.716709404900953 ], [ -63.532469114147652, 44.716864205159091 ], [ -63.531467391629192, 44.716830085431958 ], [ -63.530868294965039, 44.716840497826716 ], [ -63.530760281818566, 44.716910186916593 ], [ -63.529965409148048, 44.716296391536503 ], [ -63.52883160755767, 44.71545900839736 ], [ -63.528095593871406, 44.714912402746016 ], [ -63.526985918254248, 44.714092897529753 ], [ -63.526636410717543, 44.713837907652824 ], [ -63.525141386876584, 44.712700601943872 ], [ -63.524630406846498, 44.712308693327891 ], [ -63.52227411783258, 44.710578396234261 ], [ -63.520591404408876, 44.709322210319584 ], [ -63.518484496525758, 44.707774290956934 ], [ -63.516528792949217, 44.706326605450755 ], [ -63.514671304327322, 44.704978314317934 ], [ -63.513524902105495, 44.704104887057099 ], [ -63.513201688093254, 44.703813709436588 ], [ -63.512232211518196, 44.7029502041703 ], [ -63.511165711421832, 44.701807190137039 ], [ -63.510362885622357, 44.700801595715504 ], [ -63.5097578161093, 44.700031002576452 ], [ -63.509736080481233, 44.700004100520523 ], [ -63.50888078030551, 44.698907905233696 ], [ -63.50853520200306, 44.698499802196402 ], [ -63.50815048852499, 44.698100897628862 ], [ -63.507728200606913, 44.69772741259343 ], [ -63.507042379775022, 44.697245205488613 ], [ -63.506305293906053, 44.696806397784975 ], [ -63.505704492459458, 44.69651291043877 ], [ -63.505064898024202, 44.696255610092194 ], [ -63.504337115407054, 44.696015696866169 ], [ -63.504264706380695, 44.695992155410188 ], [ -63.504249695308147, 44.695987289027443 ], [ -63.502405411655438, 44.69535989909221 ], [ -63.500749714912693, 44.694796402183655 ], [ -63.500236412989906, 44.694575601995368 ], [ -63.500182087649144, 44.694548601477457 ], [ -63.500000794404492, 44.694457605208683 ], [ -63.499961492377643, 44.694437909334518 ], [ -63.499748488293477, 44.694328294814717 ], [ -63.499095077742432, 44.693912950620579 ], [ -63.499050612140877, 44.693884696665584 ], [ -63.49898718256167, 44.693844605159342 ], [ -63.498249503576261, 44.694189212719245 ], [ -63.497905313998444, 44.694401891624153 ], [ -63.497585394965569, 44.694633812091176 ], [ -63.49741940951786, 44.694766890259153 ], [ -63.497279712510235, 44.694881692144889 ], [ -63.497278297313144, 44.694882691862837 ], [ -63.497175295673188, 44.69498861242959 ], [ -63.49680032158826, 44.695374300977377 ], [ -63.496341300583843, 44.695846393041982 ], [ -63.495441497983855, 44.696756890589171 ], [ -63.495416509636598, 44.696774100257556 ], [ -63.495212205880961, 44.696943310702025 ], [ -63.495134390853217, 44.697005799087876 ], [ -63.494840890626897, 44.697219491319458 ], [ -63.494521985525985, 44.697414393368419 ], [ -63.494178916232059, 44.697591403562257 ], [ -63.493809304817127, 44.69775868900394 ], [ -63.493433094343132, 44.697906800833273 ], [ -63.493428114104816, 44.697908906121633 ], [ -63.493022304441673, 44.698040096231836 ], [ -63.492533789824762, 44.698162094685415 ], [ -63.492376589497617, 44.698196105816777 ], [ -63.492097989852383, 44.698238690598082 ], [ -63.491907702560283, 44.698263792381056 ], [ -63.491806796501081, 44.698272391571464 ], [ -63.491516597719524, 44.698287998044698 ], [ -63.491226300374528, 44.698284801360352 ], [ -63.491216998790939, 44.698284928996614 ], [ -63.49080980919139, 44.698290190710757 ], [ -63.490380706719129, 44.698295611593885 ], [ -63.489572993423756, 44.698306301854416 ], [ -63.488916620921152, 44.698318797774697 ], [ -63.488273115295513, 44.698321692764459 ], [ -63.487654707631769, 44.698334292653783 ], [ -63.487148916504673, 44.698375100760465 ], [ -63.486655791045095, 44.69844268926829 ], [ -63.486060292553461, 44.698608411145919 ], [ -63.485895401204964, 44.698661411628727 ], [ -63.485564605048658, 44.698793304466705 ], [ -63.485246511555403, 44.698943209516827 ], [ -63.484953815035915, 44.69911190584552 ], [ -63.484659889756479, 44.699288686526707 ], [ -63.484098487677457, 44.699625900897971 ], [ -63.483486906008686, 44.69999849834899 ], [ -63.483469287342565, 44.700006696856342 ], [ -63.483410183264994, 44.70003399975311 ], [ -63.483091817681519, 44.700211000428062 ], [ -63.482201917392906, 44.700590002409236 ], [ -63.481935087525315, 44.700686596922694 ], [ -63.481466604510459, 44.700817293829971 ], [ -63.481389783708472, 44.700843697741966 ], [ -63.480888298963876, 44.700952836909366 ], [ -63.480762514965981, 44.700781122371936 ], [ -63.479245352947004, 44.697016963727805 ], [ -63.479309103954762, 44.696934212432907 ], [ -63.479330305531313, 44.696831988080667 ], [ -63.479438103130221, 44.696652711581905 ], [ -63.479417811889057, 44.696363702263959 ], [ -63.479522299797623, 44.696133000864187 ], [ -63.479473389442802, 44.695863093232305 ], [ -63.479563490317247, 44.695707094525552 ], [ -63.479342108298169, 44.69533060030885 ], [ -63.47899768911256, 44.694856500422766 ], [ -63.478655280085071, 44.694583904408404 ], [ -63.47851669990478, 44.694339700239063 ], [ -63.478008888212315, 44.694174009073045 ], [ -63.477444286307758, 44.693916198224315 ], [ -63.477446899494879, 44.693857003115575 ], [ -63.477765989970109, 44.693658687489211 ], [ -63.477948885673563, 44.69328750080637 ], [ -63.477728097158867, 44.693021695435611 ], [ -63.477418987800846, 44.692872405610437 ], [ -63.477049310136785, 44.692468805232615 ], [ -63.476796998641206, 44.692411686535337 ], [ -63.47609859226484, 44.691680496909662 ], [ -63.475822493551405, 44.69141339649417 ], [ -63.475842786149691, 44.691330892526814 ], [ -63.475636503097839, 44.690990304243201 ], [ -63.475409514470705, 44.690862602234311 ], [ -63.475473389931423, 44.690425391055136 ], [ -63.47537170267492, 44.689854089825907 ], [ -63.475510313328705, 44.689726800007797 ], [ -63.475349021248881, 44.689493993740705 ], [ -63.475312496736592, 44.689319307007864 ], [ -63.475104716551385, 44.689259197640176 ], [ -63.47501968379126, 44.689055697637357 ], [ -63.475070118866839, 44.688673596513112 ], [ -63.474414890978828, 44.688461087488619 ], [ -63.474211514269868, 44.688302304957787 ], [ -63.47428068669786, 44.688118190676299 ], [ -63.474227111241625, 44.688077408582565 ], [ -63.473901007964159, 44.688062104010768 ], [ -63.473635494413607, 44.687929603398729 ], [ -63.473767705829566, 44.687699400420797 ], [ -63.473306607927512, 44.686989491966727 ], [ -63.472977211272095, 44.686922704469914 ], [ -63.472859012856709, 44.686596009614263 ], [ -63.473178385814649, 44.685895897554225 ], [ -63.47361790883452, 44.685483202166218 ], [ -63.473187707604353, 44.684825297738435 ], [ -63.473028812916276, 44.684663597882363 ], [ -63.473023010550548, 44.684300006980074 ], [ -63.472929439552352, 44.684181619500819 ], [ -63.472913486524121, 44.684147303901575 ], [ -63.472582688449791, 44.683989592567102 ], [ -63.472613413049331, 44.683800606826985 ], [ -63.472795591264749, 44.6836901913004 ], [ -63.472905985338848, 44.683451707912894 ], [ -63.472434190071134, 44.683349993472397 ], [ -63.472169712498953, 44.682826293423645 ], [ -63.471504009400995, 44.682479215367316 ], [ -63.47105260372313, 44.682294993592386 ], [ -63.470210904059222, 44.682291595877984 ], [ -63.469647712835751, 44.68188350031766 ], [ -63.469204202493273, 44.681893105533497 ], [ -63.468955786380974, 44.681998095350018 ], [ -63.468789805668514, 44.681994307103544 ], [ -63.468702111874741, 44.681850000460642 ], [ -63.468247509860497, 44.681614398355528 ], [ -63.468253099210031, 44.681365605915467 ], [ -63.46842392209156, 44.681140294202805 ], [ -63.468348908251286, 44.680960790616766 ], [ -63.468510499164744, 44.680691792917855 ], [ -63.469142106365929, 44.68056399264708 ], [ -63.469897286917671, 44.680273095832547 ], [ -63.470821814046772, 44.679666002208805 ], [ -63.471469702282405, 44.679052493939864 ], [ -63.471281103652622, 44.678688608671884 ], [ -63.470839495470223, 44.678287407497997 ], [ -63.469839584323893, 44.677861403173189 ], [ -63.468862303151425, 44.677795601570239 ], [ -63.467884605569786, 44.677247692722602 ], [ -63.467585701502891, 44.677122294358867 ], [ -63.466861904080112, 44.676591997443552 ], [ -63.466592797155847, 44.67592600207616 ], [ -63.46569489249633, 44.675328492563082 ], [ -63.465455794465498, 44.675105687371008 ], [ -63.46520369507077, 44.674677197456084 ], [ -63.464974587338688, 44.674478307199614 ], [ -63.464344397006322, 44.674084487974831 ], [ -63.464096413203855, 44.67405909987297 ], [ -63.463819605085654, 44.673811710318745 ], [ -63.463792297765011, 44.673680695117362 ], [ -63.463586300034613, 44.673581112110107 ], [ -63.463509262291382, 44.673576499916649 ], [ -63.463155609720729, 44.673555400571104 ], [ -63.463161153836509, 44.673636292941069 ], [ -63.462697669668742, 44.673616858815251 ], [ -63.462033710237449, 44.673423771496722 ], [ -63.446410725806601, 44.667095457368362 ], [ -63.441096142508471, 44.665133856726307 ], [ -63.431187639016997, 44.661585953017443 ], [ -63.431129140496815, 44.661565013455089 ], [ -63.430978118690618, 44.661510932349373 ], [ -63.428746456780047, 44.660711612017828 ], [ -63.421569995600095, 44.658107839666187 ], [ -63.421498318718292, 44.658082016102348 ], [ -63.421474485089945, 44.658073437638777 ], [ -63.414924952118653, 44.655831277132556 ], [ -63.411912462544791, 44.652988847693173 ], [ -63.412427465286285, 44.649117458478997 ], [ -63.413415450223575, 44.647053158430992 ], [ -63.414694402778508, 44.645640969899347 ], [ -63.415128206247417, 44.644977412703227 ], [ -63.415661182372958, 44.643295525206071 ], [ -63.415014817896335, 44.640037749205774 ], [ -63.408459721938208, 44.633930223411397 ], [ -63.397759767768974, 44.624020229834478 ], [ -63.385123070407602, 44.612312147294283 ], [ -63.377692491167089, 44.60542423146898 ], [ -63.376441524714224, 44.604264422062073 ], [ -63.363520995727491, 44.592280854039331 ], [ -63.363323047425254, 44.592097224737792 ], [ -63.382168767951477, 44.58784981898657 ], [ -63.382236881160473, 44.587835512270651 ], [ -63.427559275505359, 44.578309368715097 ], [ -63.442412560565479, 44.575112067894437 ], [ -63.462858556473705, 44.570706207577629 ], [ -63.464961592660622, 44.570252715090241 ], [ -63.477314346883261, 44.567549511008984 ], [ -63.488181141419346, 44.565231217915169 ], [ -63.499242491224102, 44.562869854587802 ], [ -63.499282669265398, 44.56286128238132 ], [ -63.500000011759774, 44.562029666490432 ], [ -63.50050916427282, 44.562298088261386 ], [ -63.504938220778818, 44.565067494435127 ], [ -63.506051059047572, 44.565866410566542 ], [ -63.509535048889511, 44.568367216376885 ], [ -63.512038171936105, 44.570597246170109 ], [ -63.512213348754059, 44.570753288824697 ], [ -63.512228262288218, 44.570766600418288 ], [ -63.516470437228158, 44.575145874923898 ], [ -63.517799168246896, 44.576518441326186 ], [ -63.517816165085932, 44.576536012146605 ], [ -63.51785200469633, 44.576573013893473 ], [ -63.51788782915466, 44.576610038388068 ], [ -63.517923668881743, 44.576647040118893 ], [ -63.517959493456765, 44.576684064597472 ], [ -63.517995365138027, 44.576721077183869 ], [ -63.518031189829799, 44.576758101646398 ], [ -63.518067014579877, 44.576795126100947 ], [ -63.51810285459873, 44.576832127791675 ], [ -63.518138679465523, 44.576869152230195 ], [ -63.518174519601061, 44.576906153904893 ], [ -63.518210344584553, 44.576943178327404 ], [ -63.518246184836755, 44.576980179986059 ], [ -63.518282009936947, 44.57701720439254 ], [ -63.518317850305856, 44.57705420603515 ], [ -63.51834468250977, 44.577081926858803 ], [ -63.518353675522746, 44.577091230425623 ], [ -63.518389516008355, 44.577128232052203 ], [ -63.518425373179873, 44.577165267298106 ], [ -63.518461213782167, 44.577202268908636 ], [ -63.518497039232493, 44.577239293267041 ], [ -63.518532879951493, 44.577276294861548 ], [ -63.518568705518504, 44.577313319203924 ], [ -63.518604546354226, 44.577350320782394 ], [ -63.518640372037929, 44.577387345108754 ], [ -63.518676212990322, 44.577424346671165 ], [ -63.518712038790746, 44.577461370981531 ], [ -63.518747864649526, 44.577498395283868 ], [ -63.518783705776954, 44.577535396822242 ], [ -63.518819531752413, 44.577572421108556 ], [ -63.518855404834873, 44.577609433502204 ], [ -63.518891230927096, 44.577646457772509 ], [ -63.518927072287937, 44.577683459278767 ], [ -63.518962898496838, 44.577720483533049 ], [ -63.518998739974393, 44.57775748502327 ], [ -63.5190345663, 44.577794509261537 ], [ -63.519070407894233, 44.577831510735706 ], [ -63.519106234336569, 44.577868534957943 ], [ -63.519142076047494, 44.57790553641609 ], [ -63.519177902606515, 44.577942560622311 ], [ -63.519213744434111, 44.577979562064392 ], [ -63.519249571109853, 44.578016586254599 ], [ -63.519285413054163, 44.578053587680635 ], [ -63.519321271685392, 44.578090622726009 ], [ -63.519357113746416, 44.578127624136016 ], [ -63.519392940655621, 44.578164648294155 ], [ -63.51942876762314, 44.578201672444287 ], [ -63.51946460985922, 44.578238673830235 ], [ -63.519500436943467, 44.578275697964344 ], [ -63.519536279296226, 44.578312699334241 ], [ -63.519572106497201, 44.578349723452341 ], [ -63.519607948966659, 44.578386724806194 ], [ -63.519643776284326, 44.578423748908257 ], [ -63.519679618870491, 44.57846075024608 ], [ -63.519715446304858, 44.578497774332121 ], [ -63.519751289007729, 44.5785347756539 ], [ -63.519787116558781, 44.578571799723903 ], [ -63.51982299121763, 44.578608811900686 ], [ -63.519858818885446, 44.578645835954667 ], [ -63.519894661821745, 44.578682837244344 ], [ -63.519930489606253, 44.578719861282309 ], [ -63.519966332659273, 44.578756862555942 ], [ -63.520002160560495, 44.57879388657787 ], [ -63.520038003730185, 44.578830887835466 ], [ -63.520073831748128, 44.578867911841385 ], [ -63.520109675034533, 44.578904913082944 ], [ -63.520145503169203, 44.578941937072827 ], [ -63.520181346572265, 44.57897893829832 ], [ -63.520217174823642, 44.579015962272202 ], [ -63.520253003133384, 44.57905298623804 ], [ -63.520292800717492, 44.579094076490868 ], [ -63.520332586811243, 44.579132200138154 ], [ -63.520370190422852, 44.5791682649729 ], [ -63.520407825933972, 44.579204340668689 ], [ -63.520445429664917, 44.579240405483823 ], [ -63.520483080505485, 44.579276458403527 ], [ -63.520520716195712, 44.579312534069842 ], [ -63.520558320105756, 44.579348598855546 ], [ -63.520595955915446, 44.579384674502244 ], [ -63.52063355994482, 44.579420739268315 ], [ -63.520671195873952, 44.57945681489538 ], [ -63.520708831862784, 44.579492890512604 ], [ -63.520746451281227, 44.579528932492735 ], [ -63.520784087389508, 44.579565008090327 ], [ -63.520821691717295, 44.579601072807343 ], [ -63.520859327945011, 44.579637148385295 ], [ -63.520896932392176, 44.579673213082707 ], [ -63.520972205146201, 44.579745364189506 ], [ -63.521009809772444, 44.579781428857508 ], [ -63.521047461508672, 44.579817481629739 ], [ -63.521085066254258, 44.579853546278102 ], [ -63.52116033960548, 44.57992569728669 ], [ -63.521197944530144, 44.579961761905629 ], [ -63.521235581355057, 44.579997837385378 ], [ -63.521273186399078, 44.580033901984692 ], [ -63.521310838553298, 44.580069954688121 ], [ -63.521348475557382, 44.580106030138381 ], [ -63.521386080780452, 44.580142094708272 ], [ -63.521679465260419, 44.580423340820253 ], [ -63.522782950360046, 44.581481043158213 ], [ -63.522820589700686, 44.581517118224198 ], [ -63.522858229101061, 44.581553193280342 ], [ -63.522895836719066, 44.581589257456578 ], [ -63.522971115818443, 44.581661407519739 ], [ -63.523008755457717, 44.581697482536597 ], [ -63.523046395156747, 44.581733557543608 ], [ -63.523084003073279, 44.58176962167078 ], [ -63.523121642891759, 44.581805696658151 ], [ -63.523159282769967, 44.581841771635702 ], [ -63.523196922707932, 44.581877846603426 ], [ -63.523234530863256, 44.581913910691334 ], [ -63.523272170920649, 44.581949985639412 ], [ -63.523309811037805, 44.581986060577663 ], [ -63.523347451214704, 44.582022135506108 ], [ -63.523385091451331, 44.582058210424691 ], [ -63.52342269990514, 44.582094274463543 ], [ -63.523460340261231, 44.582130349362494 ], [ -63.523497980677043, 44.582166424251604 ], [ -63.523535621152597, 44.582202499130915 ], [ -63.523573261687922, 44.582238574000357 ], [ -63.523610870440216, 44.582274637990139 ], [ -63.523648511094976, 44.582310712839963 ], [ -63.523686151809493, 44.582346787679967 ], [ -63.523723792583752, 44.582382862510144 ], [ -63.523761401574838, 44.582418926460647 ], [ -63.523799042468539, 44.582455001271171 ], [ -63.523836683421962, 44.582491076071854 ], [ -63.523874324435134, 44.582527150862724 ], [ -63.52391196550807, 44.582563225643767 ], [ -63.52394957479769, 44.582599289545207 ], [ -63.523987215990054, 44.582635364306597 ], [ -63.524024857242182, 44.582671439058174 ], [ -63.524062498554059, 44.582707513799903 ], [ -63.52410013992565, 44.582743588531812 ], [ -63.524137749513791, 44.582779652384176 ], [ -63.524171460082471, 44.58281195369667 ], [ -63.524246743231345, 44.582884103093747 ], [ -63.524284416738737, 44.582920188647215 ], [ -63.524322043253235, 44.582956286078684 ], [ -63.524397326880106, 44.583028435397125 ], [ -63.524434985417372, 44.583064543668762 ], [ -63.524472627380227, 44.583100618303412 ], [ -63.524510269402818, 44.583136692928228 ], [ -63.524547943328749, 44.583172778412802 ], [ -63.5245855702616, 44.583208875775526 ], [ -63.524623212463474, 44.583244950370855 ], [ -63.524660886568789, 44.583281035825905 ], [ -63.524698528890198, 44.583317110401559 ], [ -63.52473615606209, 44.583353207725018 ], [ -63.524773830346788, 44.583389293150539 ], [ -63.52481147284746, 44.583425367696712 ], [ -63.524849115407868, 44.58346144223303 ], [ -63.524886774662733, 44.583497550386681 ], [ -63.524962060082366, 44.583569699410219 ], [ -63.524999702881821, 44.58360577390723 ], [ -63.525037362375848, 44.583641882021546 ], [ -63.525112648273584, 44.583714030966433 ], [ -63.52517195244792, 44.583770886657796 ], [ -63.525227344683948, 44.583821599769628 ], [ -63.525266093419518, 44.583857073323607 ], [ -63.525309399279919, 44.583896729534793 ], [ -63.52538146688638, 44.583963922582555 ], [ -63.525419780025061, 44.583999638617222 ], [ -63.52545812506839, 44.584035365510637 ], [ -63.525496438327515, 44.584071081524208 ], [ -63.525534751646852, 44.584106797527284 ], [ -63.525573096870907, 44.58414252438908 ], [ -63.525611410310717, 44.584178240371102 ], [ -63.525649723810702, 44.58421395634258 ], [ -63.52568802216183, 44.584249695061416 ], [ -63.525726367626923, 44.584285421881091 ], [ -63.525764681307571, 44.584321137821007 ], [ -63.525802995048451, 44.5843568537504 ], [ -63.525841340694285, 44.584392580538434 ], [ -63.525879654555588, 44.584428296446767 ], [ -63.52591796847711, 44.584464012344569 ], [ -63.525956282458857, 44.584499728231869 ], [ -63.525994628345693, 44.584535454977747 ], [ -63.526032942447891, 44.584571170843979 ], [ -63.526071241401269, 44.584606909457669 ], [ -63.526109587468881, 44.584642636171957 ], [ -63.526147901751727, 44.584678352006613 ], [ -63.5261862160948, 44.584714067830738 ], [ -63.526224530498084, 44.584749783644341 ], [ -63.526262876806683, 44.584785510316493 ], [ -63.526305846969514, 44.584825554121736 ], [ -63.526344161560743, 44.584861269902476 ], [ -63.526382461003244, 44.584897008430765 ], [ -63.526420807560186, 44.584932735059475 ], [ -63.526459122332106, 44.584968450808645 ], [ -63.526497437164224, 44.585004166547279 ], [ -63.526535752056539, 44.585039882275403 ], [ -63.526574067009093, 44.585075597993004 ], [ -63.526612382021838, 44.585111313700075 ], [ -63.52665069709478, 44.585147029396616 ], [ -63.526689044073457, 44.585182755951543 ], [ -63.526727359266886, 44.585218471627044 ], [ -63.526765674520533, 44.585254187292009 ], [ -63.526827689650879, 44.585311966146058 ], [ -63.526882182939367, 44.585360693576085 ], [ -63.526921494649109, 44.585395854836875 ], [ -63.526960806419638, 44.585431016086062 ], [ -63.527000150096789, 44.585466188192513 ], [ -63.527039461988991, 44.58550134941855 ], [ -63.527078789150849, 44.585536487874755 ], [ -63.527118133010589, 44.58557165994641 ], [ -63.527157445085265, 44.585606821137674 ], [ -63.527196757220793, 44.585641982317377 ], [ -63.527236101263099, 44.585677154354244 ], [ -63.527275413520293, 44.585712315510783 ], [ -63.527314741047071, 44.585747453897412 ], [ -63.527354053425903, 44.58578261503078 ], [ -63.527393397711649, 44.585817787021256 ], [ -63.527432710212139, 44.58585294813146 ], [ -63.527472022773452, 44.58588810923009 ], [ -63.5275113672418, 44.585923281185778 ], [ -63.527550695133506, 44.585958419502852 ], [ -63.527590007877286, 44.585993580566701 ], [ -63.527629352528237, 44.586028752487607 ], [ -63.527668665393712, 44.586063913528307 ], [ -63.527707978319981, 44.58609907455741 ], [ -63.527747306515742, 44.586134212816511 ], [ -63.527786651410146, 44.58616938469104 ], [ -63.527825964518897, 44.586204545685383 ], [ -63.527865277688505, 44.586239706668152 ], [ -63.52790462276549, 44.586274878507886 ], [ -63.527943936056737, 44.586310039467492 ], [ -63.527983264617475, 44.586345177657009 ], [ -63.528022578030374, 44.586380338593457 ], [ -63.528061923350784, 44.586415510386793 ], [ -63.528101236885377, 44.586450671300064 ], [ -63.528140550480778, 44.586485832201745 ], [ -63.528179911192382, 44.586520981201751 ], [ -63.528219612790231, 44.586556498043755 ], [ -63.528258538687354, 44.586591302947184 ], [ -63.528297852526045, 44.586626463802524 ], [ -63.528337198272531, 44.586661635514695 ], [ -63.528376527441452, 44.58669677358828 ], [ -63.52841584146266, 44.586731934408846 ], [ -63.528455187391735, 44.586767106086228 ], [ -63.528533815738292, 44.586837427669458 ], [ -63.528573161849963, 44.586872599312038 ], [ -63.528612491383839, 44.586907737316025 ], [ -63.528651805770046, 44.586942898067107 ], [ -63.528691120217061, 44.586978058806601 ], [ -63.528730466572178, 44.587013230402768 ], [ -63.52876978114088, 44.587048391119097 ], [ -63.52880911097887, 44.587083529065119 ], [ -63.528848457516574, 44.587118700626498 ], [ -63.528927087079794, 44.587189021978034 ], [ -63.528966401952623, 44.587224182636419 ], [ -63.529005748733823, 44.587259354151435 ], [ -63.529045078936768, 44.587294492027866 ], [ -63.52909749347765, 44.587341361647802 ], [ -63.529162714393841, 44.587400203497147 ], [ -63.529201827629855, 44.587435490793538 ], [ -63.529240940926549, 44.587470778078576 ], [ -63.529280054284008, 44.587506065352272 ], [ -63.529319167702162, 44.587541352614579 ], [ -63.529358249333235, 44.587576628997461 ], [ -63.529397362872857, 44.587611916237073 ], [ -63.529436476473158, 44.587647203465323 ], [ -63.52947559013424, 44.587682490682219 ], [ -63.529514703856016, 44.587717777887725 ], [ -63.529553785790533, 44.587753054213863 ], [ -63.529592899633769, 44.587788341396681 ], [ -63.5296320135377, 44.587823628568138 ], [ -63.529671127502397, 44.587858915728226 ], [ -63.529710241527788, 44.587894202876946 ], [ -63.529749323765749, 44.587929479146354 ], [ -63.529788437912629, 44.587964766272371 ], [ -63.529827552120167, 44.588000053387027 ], [ -63.529866666388493, 44.588035340490329 ], [ -63.529905780717513, 44.588070627582255 ], [ -63.52994489510727, 44.588105914662819 ], [ -63.529983977709421, 44.588141190864143 ], [ -63.530023092220596, 44.588176477922012 ], [ -63.530101321425185, 44.588247052003624 ], [ -63.530140436118572, 44.588282339027401 ], [ -63.530179519024145, 44.588317615171988 ], [ -63.530335978647841, 44.588458763108029 ], [ -63.53037506185688, 44.588494039195865 ], [ -63.5305315226951, 44.588635186904718 ], [ -63.530570606207597, 44.588670462935816 ], [ -63.530609721629673, 44.588705749823269 ], [ -63.530766183925365, 44.588846897259444 ], [ -63.530814073496622, 44.588890124824488 ], [ -63.530875885554259, 44.588957527256731 ], [ -63.530916476617293, 44.589001785830483 ], [ -63.530950979226333, 44.589039411249438 ], [ -63.530985465251263, 44.589077003034767 ], [ -63.531019936125219, 44.589114617572669 ], [ -63.531054454113566, 44.589152220212064 ], [ -63.531088925101649, 44.589189834736494 ], [ -63.531123427996178, 44.589227460121698 ], [ -63.531157914306434, 44.589265051873305 ], [ -63.531192417315168, 44.589302677245009 ], [ -63.53122690373953, 44.589340268983108 ], [ -63.53126137501296, 44.589377883473851 ], [ -63.53129589340098, 44.589415486065924 ], [ -63.531330364788538, 44.589453100543174 ], [ -63.531364883290763, 44.58949070312174 ], [ -63.531399354792455, 44.589528317585497 ], [ -63.531433826351204, 44.589565932042539 ], [ -63.531468345024713, 44.58960353460084 ], [ -63.531502816697603, 44.58964114904439 ], [ -63.531537335485318, 44.589678751589169 ], [ -63.531571807272343, 44.58971636601926 ], [ -63.531606294324362, 44.589753957683108 ], [ -63.531640798075429, 44.589791582967102 ], [ -63.532106383935748, 44.590299238836899 ], [ -63.53214072639328, 44.590336696913901 ], [ -63.532175084115281, 44.590374132224575 ], [ -63.532209426686016, 44.590411590288191 ], [ -63.532243801163865, 44.590449059212325 ], [ -63.532278143847869, 44.590486517262555 ], [ -63.532312486588417, 44.590523975306098 ], [ -63.532374400077089, 44.590591466201055 ], [ -63.532420634767156, 44.590633428763681 ], [ -63.532459566515634, 44.590668819119166 ], [ -63.532498513532587, 44.590704186703732 ], [ -63.532537460610143, 44.590739554277086 ], [ -63.53257640774833, 44.590774921839269 ], [ -63.532732196907119, 44.590916391976101 ], [ -63.532753205791543, 44.59093546590794 ], [ -63.532792138057687, 44.590970856167957 ], [ -63.532831085592228, 44.591006223656969 ], [ -63.532870065038509, 44.591041602001823 ], [ -63.532909012694311, 44.591076969468446 ], [ -63.532947945202984, 44.591112359683734 ], [ -63.532986892980034, 44.591147727128003 ], [ -63.533025872668937, 44.591183105428044 ], [ -63.53306482056724, 44.591218472849903 ], [ -63.533103768526153, 44.591253840260585 ], [ -63.533142701337979, 44.591289230419974 ], [ -63.533181649418161, 44.591324597808295 ], [ -63.533220629410323, 44.591359976052324 ], [ -63.533298525873782, 44.591430710772975 ], [ -63.533337458988775, 44.591466100876467 ], [ -63.533376439223595, 44.591501479075674 ], [ -63.533454336172049, 44.591572213706804 ], [ -63.533493284737226, 44.59160758100559 ], [ -63.533532218155365, 44.59164297105319 ], [ -63.533571198693465, 44.591678349196393 ], [ -63.533610147440491, 44.591713716461584 ], [ -63.533649096248169, 44.591749083715619 ], [ -63.533688045116442, 44.591784450958443 ], [ -63.533727010689589, 44.591819851816872 ], [ -63.533765959679137, 44.591855219037306 ], [ -63.533843857840125, 44.591925953444644 ], [ -63.533882807011516, 44.591961320631519 ], [ -63.533921772887965, 44.591996721433972 ], [ -63.533999671533969, 44.592067455751774 ], [ -63.534038620947861, 44.592102822893885 ], [ -63.53407760227455, 44.592138200891434 ], [ -63.534116536602212, 44.59217359077131 ], [ -63.534155486198017, 44.592208957879848 ], [ -63.534233385571468, 44.592279692063343 ], [ -63.534272367201439, 44.592315070004865 ], [ -63.534311301832304, 44.592350459828843 ], [ -63.534389201690772, 44.59242119392281 ], [ -63.534428183563392, 44.592456571819511 ], [ -63.534467133644235, 44.592491938838506 ], [ -63.534506068578224, 44.592527328606572 ], [ -63.534583969042977, 44.5925980625886 ], [ -63.534622951218921, 44.592633440429303 ], [ -63.534661901602881, 44.592668807392329 ], [ -63.534700836840045, 44.592704197104503 ], [ -63.534778737911054, 44.592774930974606 ], [ -63.534817720390308, 44.592810308759276 ], [ -63.534856671077399, 44.592845675666346 ], [ -63.534895606617766, 44.592881065322608 ], [ -63.534934557426084, 44.592916432207289 ], [ -63.534973508295067, 44.592951799080801 ], [ -63.535012491077609, 44.592987176809444 ], [ -63.53505142686052, 44.593022566420956 ], [ -63.535090377911374, 44.59305793326088 ], [ -63.535129329022865, 44.59309330008962 ], [ -63.535168312048079, 44.59312867777345 ], [ -63.535207263280832, 44.593164044579773 ], [ -63.53524619936691, 44.593199434135379 ], [ -63.535324102135576, 44.593270167692125 ], [ -63.535363085464077, 44.593305545319907 ], [ -63.535402036999969, 44.593340912070275 ], [ -63.535440973389257, 44.593376301569975 ], [ -63.535479925046417, 44.593411668297975 ], [ -63.535518876764201, 44.593447035014776 ], [ -63.535557860396025, 44.593482412586546 ], [ -63.535596812235077, 44.593517779280951 ], [ -63.535635748927561, 44.593553168724739 ], [ -63.535713652908768, 44.593623902057594 ], [ -63.535752636843931, 44.593659279573338 ], [ -63.53579158898615, 44.593694646211766 ], [ -63.535830525981794, 44.593730035599627 ], [ -63.535908430569314, 44.59380076882055 ], [ -63.535947414807808, 44.593836146280267 ], [ -63.535986367253166, 44.593871512862734 ], [ -63.536025304552005, 44.593906902194682 ], [ -63.53606425711861, 44.593942268754752 ], [ -63.536103209745825, 44.593977635303652 ], [ -63.53614219428767, 44.594013012707336 ], [ -63.536181131829061, 44.594048401994556 ], [ -63.536259037507961, 44.594119135013976 ], [ -63.536297990438371, 44.594154501506907 ], [ -63.536336975283511, 44.594189878854557 ], [ -63.536375913128111, 44.594225268085829 ], [ -63.536414866240413, 44.594260634545179 ], [ -63.536453819413353, 44.594296000993324 ], [ -63.536492772646895, 44.594331367430264 ], [ -63.536531757795373, 44.594366744721881 ], [ -63.536570695943176, 44.594402133897248 ], [ -63.536609649358653, 44.594437500300621 ], [ -63.536648602834731, 44.59447286669279 ], [ -63.536687556371476, 44.594508233073761 ], [ -63.536726509968815, 44.594543599443547 ], [ -63.536765480274276, 44.594578999428791 ], [ -63.536804433992934, 44.594614365776188 ], [ -63.536843387772187, 44.59464973211238 ], [ -63.536921295512563, 44.59472046475117 ], [ -63.536960266121447, 44.594755864680437 ], [ -63.537077128368701, 44.594861963521083 ], [ -63.537116067365446, 44.594897352539881 ], [ -63.537155053484632, 44.594932729652193 ], [ -63.537271916641394, 44.595038828324903 ], [ -63.537310855941392, 44.595074217287767 ], [ -63.537349842363881, 44.595109594344045 ], [ -63.537388796992026, 44.595144960523491 ], [ -63.537427751680788, 44.595180326691732 ], [ -63.537466706430202, 44.595215692848811 ], [ -63.537505646033388, 44.595251081755741 ], [ -63.537544600904056, 44.59528644789043 ], [ -63.537583587690541, 44.595321824879456 ], [ -63.537622542682513, 44.59535719099172 ], [ -63.53766149773508, 44.595392557092801 ], [ -63.537700437641504, 44.595427945943811 ], [ -63.537739392815332, 44.59546331202251 ], [ -63.537778379905191, 44.59549868895548 ], [ -63.537817335200323, 44.595534055011775 ], [ -63.53785627534932, 44.595569443818036 ], [ -63.537895230765692, 44.595604809851942 ], [ -63.537934186242722, 44.595640175874657 ], [ -63.53797314178037, 44.595675541886195 ], [ -63.538012129234261, 44.595710918751912 ], [ -63.538051069686453, 44.595746307502239 ], [ -63.538167937027062, 44.595852405402425 ], [ -63.53820689292855, 44.595887771346767 ], [ -63.538245865539736, 44.595923170906509 ], [ -63.538323777645886, 44.595993902739174 ], [ -63.538362733789924, 44.596029268638738 ], [ -63.538401689994572, 44.596064634527082 ], [ -63.538440662909174, 44.596100034030826 ], [ -63.538479619235126, 44.596135399896774 ], [ -63.538518575621723, 44.596170765751545 ], [ -63.538538328221193, 44.596188681999053 ], [ -63.538577269492492, 44.596224070598289 ], [ -63.538616226031067, 44.596259436424987 ], [ -63.538655182630293, 44.596294802240479 ], [ -63.538694139290136, 44.59633016804478 ], [ -63.538733112660225, 44.596365567464439 ], [ -63.538772069441379, 44.596400933246343 ], [ -63.538811026283163, 44.59643629901705 ], [ -63.538849983185564, 44.596471664776544 ], [ -63.538888940148617, 44.596507030524869 ], [ -63.538927881965712, 44.596542419023429 ], [ -63.538966870906457, 44.596577795614444 ], [ -63.53900582805143, 44.596613161329152 ], [ -63.539044785257047, 44.596648527032677 ], [ -63.539083742523282, 44.596683892724982 ], [ -63.539122684643608, 44.596719281167601 ], [ -63.539161642031111, 44.596754646837525 ], [ -63.539200631335916, 44.596790023361294 ], [ -63.539239588844708, 44.596825389008821 ], [ -63.539278531207657, 44.596860777406668 ], [ -63.539356446528416, 44.596931508645739 ], [ -63.539395404279787, 44.596966874248473 ], [ -63.539434393948596, 44.597002250704975 ], [ -63.539452725353549, 44.597018899327196 ], [ -63.540375548932822, 44.598002247943256 ], [ -63.543266831439745, 44.600957977907491 ], [ -63.548029936527755, 44.609651533947087 ], [ -63.550787574522943, 44.619668902913389 ], [ -63.552129478588434, 44.626113505086408 ], [ -63.552761102677266, 44.629159326547416 ], [ -63.556259556305811, 44.639401813813272 ], [ -63.556917326822976, 44.641042438638522 ], [ -63.558739462683171, 44.644829720396054 ], [ -63.558753080739649, 44.644857975216865 ], [ -63.560507770423712, 44.647474226061689 ], [ -63.561237321923429, 44.648565664207979 ], [ -63.561839744244296, 44.64916185959882 ], [ -63.565038122780962, 44.651098533758656 ], [ -63.569089991587411, 44.654724915996461 ], [ -63.571086320102992, 44.656010905005381 ], [ -63.573574860344237, 44.657604195228146 ], [ -63.575368354962123, 44.65864437827328 ], [ -63.577007970229531, 44.659669328716049 ], [ -63.581775908242541, 44.662939388989102 ], [ -63.583983863633051, 44.664420946817764 ], [ -63.587773526501032, 44.666909489562933 ], [ -63.589588862201062, 44.668121673751486 ], [ -63.594881687128726, 44.671693688375605 ], [ -63.597861167554662, 44.673613755731083 ], [ -63.601602871493867, 44.674765744711245 ], [ -63.61016300076404, 44.677307967398185 ], [ -63.610200279838217, 44.677320068757339 ], [ -63.611937357199828, 44.677785927974796 ], [ -63.611863889010962, 44.677868002117727 ], [ -63.611800112810435, 44.677938892935522 ], [ -63.611755412577246, 44.67798829043516 ], [ -63.611645700795584, 44.678113189174901 ], [ -63.611530980486279, 44.678238902147918 ], [ -63.611421217280352, 44.67836369987981 ], [ -63.611305298651317, 44.678493085945178 ], [ -63.61122200457374, 44.678618712997391 ], [ -63.611099694474646, 44.67874810851211 ], [ -63.610984986245818, 44.678873798371875 ], [ -63.610869006107713, 44.678998693182514 ], [ -63.610760489026546, 44.679123495798478 ], [ -63.610644489364063, 44.679248300427645 ], [ -63.610534807837148, 44.679378604013408 ], [ -63.610420115613842, 44.679507904765238 ], [ -63.610297903446622, 44.679646304515899 ], [ -63.610175599707304, 44.679780202332644 ], [ -63.610061000631568, 44.679919399372665 ], [ -63.609932493155839, 44.680057897308018 ], [ -63.6098041162779, 44.680205297997851 ], [ -63.609675703149421, 44.680357213504969 ], [ -63.609540999490441, 44.680504701570683 ], [ -63.609412599833306, 44.680656594128287 ], [ -63.60928421957302, 44.680803994480605 ], [ -63.609149509778597, 44.680956008019379 ], [ -63.609019889629366, 44.681107905895054 ], [ -63.608885102545564, 44.681255394579338 ], [ -63.608757909966663, 44.681398308822082 ], [ -63.608629493548726, 44.681545697896496 ], [ -63.608501108229483, 44.681693097731667 ], [ -63.608366393172439, 44.681845110716772 ], [ -63.608230395418161, 44.681997107468504 ], [ -63.608089501582306, 44.682153505656842 ], [ -63.607948600993481, 44.682319011718391 ], [ -63.607944443316349, 44.682323775498567 ] ] ] } },
{ "type": "Feature", "properties": { "FED_NUM": 12006, "ED_NAMEE": "Halifax", "ED_NAMEF": "Halifax", "REP_ORDER": "2023", "SHAPE_AREA": 662559136.92999995, "SHAPE_LEN": 206116.89383700001, "NUM_CF": null, "CF_NOMFR": null, "CF_NOMAN": null, "DEC_REP": null, "PROV_CODE": "12", "PROV_NAME": "PE" }, "geometry": { "type": "MultiPolygon", "coordinates": [ [ [ [ -63.612297818563007, 44.677928954424353 ], [ -63.611937357199729, 44.67778592797476 ], [ -63.610200279838182, 44.677320068757346 ], [ -63.610163000763954, 44.677307967398171 ], [ -63.601602871493824, 44.674765744711223 ], [ -63.597861167554548, 44.673613755731068 ], [ -63.594881687128648, 44.671693688375562 ], [ -63.589588862201047, 44.668121673751486 ], [ -63.587773526500904, 44.666909489562897 ], [ -63.583983863633051, 44.664420946817799 ], [ -63.581775908242435, 44.662939388989088 ], [ -63.577007970229467, 44.659669328716056 ], [ -63.575368354962109, 44.658644378273287 ], [ -63.573574860344223, 44.657604195228167 ], [ -63.571086320102943, 44.656010905005395 ], [ -63.569089991587333, 44.654724915996418 ], [ -63.565038122781004, 44.65109853375867 ], [ -63.561839744244246, 44.649161859598856 ], [ -63.5612373219234, 44.648565664207979 ], [ -63.560507770423683, 44.647474226061689 ], [ -63.558753080739635, 44.644857975216894 ], [ -63.558739462683057, 44.644829720396082 ], [ -63.556917326822884, 44.641042438638486 ], [ -63.556259556305662, 44.639401813813272 ], [ -63.552761102677124, 44.629159326547381 ], [ -63.552129478588327, 44.626113505086401 ], [ -63.550787574522928, 44.619668902913411 ], [ -63.548029936527655, 44.609651533947087 ], [ -63.543266831439631, 44.600957977907491 ], [ -63.540375548932694, 44.598002247943228 ], [ -63.539452725353449, 44.597018899327182 ], [ -63.539434393948582, 44.597002250704989 ], [ -63.539395404279688, 44.596966874248423 ], [ -63.539356446528458, 44.596931508645767 ], [ -63.539278531207593, 44.59686077740669 ], [ -63.539239588844765, 44.596825389008885 ], [ -63.539200631335866, 44.596790023361294 ], [ -63.539161642031168, 44.596754646837532 ], [ -63.539122684643509, 44.596719281167601 ], [ -63.53908374252314, 44.596683892724961 ], [ -63.539044785256969, 44.59664852703262 ], [ -63.539005828051394, 44.596613161329167 ], [ -63.538966870906478, 44.596577795614451 ], [ -63.538927881965726, 44.596542419023415 ], [ -63.538888940148475, 44.596507030524862 ], [ -63.5388499831855, 44.596471664776537 ], [ -63.538811026283234, 44.596436299017057 ], [ -63.538772069441315, 44.596400933246358 ], [ -63.538733112660225, 44.596365567464439 ], [ -63.538694139290008, 44.596330168044787 ], [ -63.538655182630357, 44.596294802240436 ], [ -63.538616226030967, 44.59625943642498 ], [ -63.538577269492457, 44.596224070598268 ], [ -63.538538328221172, 44.596188681999088 ], [ -63.53851857562168, 44.596170765751552 ], [ -63.538479619235176, 44.596135399896774 ], [ -63.538440662909153, 44.596100034030854 ], [ -63.538401689994458, 44.596064634527053 ], [ -63.53836273378986, 44.596029268638738 ], [ -63.5383237776459, 44.595993902739174 ], [ -63.538245865539736, 44.595923170906509 ], [ -63.538206892928407, 44.595887771346767 ], [ -63.53816793702709, 44.595852405402454 ], [ -63.538051069686446, 44.595746307502267 ], [ -63.538012129234211, 44.595710918751912 ], [ -63.537973141780249, 44.595675541886123 ], [ -63.537934186242623, 44.595640175874657 ], [ -63.53789523076567, 44.595604809851928 ], [ -63.53785627534922, 44.595569443818036 ], [ -63.537817335200288, 44.59553405501179 ], [ -63.537778379905205, 44.595498688955509 ], [ -63.537739392815254, 44.59546331202246 ], [ -63.537700437641533, 44.595427945943854 ], [ -63.537661497735023, 44.595392557092786 ], [ -63.537622542682463, 44.59535719099177 ], [ -63.537583587690492, 44.595321824879456 ], [ -63.537544600904063, 44.595286447890423 ], [ -63.537505646033289, 44.595251081755691 ], [ -63.537466706430124, 44.595215692848825 ], [ -63.537427751680703, 44.595180326691725 ], [ -63.537388796991983, 44.595144960523456 ], [ -63.537349842363867, 44.595109594344052 ], [ -63.537310855941286, 44.595074217287724 ], [ -63.537271916641245, 44.595038828324903 ], [ -63.537155053484554, 44.594932729652157 ], [ -63.537116067365432, 44.59489735253991 ], [ -63.537077128368573, 44.594861963521048 ], [ -63.536960266121369, 44.594755864680401 ], [ -63.536921295512514, 44.594720464751241 ], [ -63.536843387772173, 44.594649732112387 ], [ -63.53680443399297, 44.594614365776188 ], [ -63.536765480274212, 44.594578999428791 ], [ -63.536726509968709, 44.594543599443526 ], [ -63.536687556371398, 44.594508233073789 ], [ -63.536648602834745, 44.594472866692804 ], [ -63.536609649358539, 44.594437500300614 ], [ -63.536570695943048, 44.594402133897198 ], [ -63.53653175779526, 44.594366744721896 ], [ -63.536492772646866, 44.594331367430264 ], [ -63.536453819413225, 44.594296000993261 ], [ -63.536414866240399, 44.594260634545194 ], [ -63.536375913127998, 44.594225268085793 ], [ -63.536336975283383, 44.594189878854593 ], [ -63.536297990438243, 44.594154501506914 ], [ -63.536259037507911, 44.594119135013976 ], [ -63.536181131828933, 44.594048401994534 ], [ -63.536142194287656, 44.594013012707357 ], [ -63.536103209745754, 44.593977635303609 ], [ -63.536064257118561, 44.593942268754752 ], [ -63.536025304552069, 44.593906902194739 ], [ -63.535986367253123, 44.593871512862719 ], [ -63.535947414807787, 44.593836146280317 ], [ -63.535908430569215, 44.593800768820543 ], [ -63.535830525981702, 44.593730035599627 ], [ -63.5357915889861, 44.593694646211766 ], [ -63.535752636843966, 44.593659279573323 ], [ -63.535713652908782, 44.59362390205758 ], [ -63.535635748927483, 44.593553168724704 ], [ -63.535596812235035, 44.59351777928098 ], [ -63.535557860395961, 44.593482412586539 ], [ -63.535518876764201, 44.593447035014762 ], [ -63.535479925046431, 44.593411668298039 ], [ -63.535440973389271, 44.593376301570011 ], [ -63.535402036999876, 44.593340912070254 ], [ -63.535363085463999, 44.593305545319943 ], [ -63.535324102135561, 44.593270167692133 ], [ -63.535246199366767, 44.593199434135364 ], [ -63.535207263280739, 44.593164044579751 ], [ -63.535168312048029, 44.593128677773436 ], [ -63.535129329022816, 44.593093300089585 ], [ -63.535090377911359, 44.593057933260908 ], [ -63.535051426860392, 44.593022566420913 ], [ -63.53501249107758, 44.592987176809487 ], [ -63.534973508294954, 44.592951799080772 ], [ -63.534934557426062, 44.592916432207268 ], [ -63.534895606617724, 44.592881065322658 ], [ -63.534856671077335, 44.592845675666375 ], [ -63.534817720390308, 44.592810308759297 ], [ -63.534778737910955, 44.592774930974628 ], [ -63.534700836839967, 44.592704197104446 ], [ -63.534661901602803, 44.592668807392357 ], [ -63.534622951218921, 44.592633440429317 ], [ -63.53458396904287, 44.592598062588593 ], [ -63.534506068578139, 44.592527328606558 ], [ -63.534467133644185, 44.592491938838506 ], [ -63.534428183563307, 44.592456571819525 ], [ -63.534389201690757, 44.592421193922817 ], [ -63.53431130183224, 44.592350459828779 ], [ -63.534272367201325, 44.592315070004865 ], [ -63.534233385571419, 44.592279692063343 ], [ -63.534155486197889, 44.592208957879826 ], [ -63.534116536602227, 44.59217359077131 ], [ -63.534077602274422, 44.592138200891441 ], [ -63.534038620947825, 44.592102822893885 ], [ -63.53399967153387, 44.592067455751767 ], [ -63.53392177288783, 44.591996721433965 ], [ -63.533882807011423, 44.591961320631505 ], [ -63.533843857839969, 44.591925953444651 ], [ -63.533765959679137, 44.591855219037306 ], [ -63.533727010689475, 44.59181985181683 ], [ -63.533688045116442, 44.591784450958485 ], [ -63.533649096248055, 44.591749083715584 ], [ -63.53361014744047, 44.59171371646157 ], [ -63.533571198693366, 44.591678349196378 ], [ -63.533532218155344, 44.591642971053176 ], [ -63.533493284737212, 44.59160758100564 ], [ -63.533454336171957, 44.59157221370679 ], [ -63.533376439223517, 44.591501479075646 ], [ -63.533337458988754, 44.591466100876481 ], [ -63.533298525873654, 44.591430710772933 ], [ -63.533220629410359, 44.591359976052352 ], [ -63.533181649418097, 44.591324597808274 ], [ -63.53314270133783, 44.591289230419918 ], [ -63.53310376852609, 44.59125384026062 ], [ -63.533064820567226, 44.591218472849924 ], [ -63.533025872668986, 44.591183105428044 ], [ -63.532986892980055, 44.591147727128039 ], [ -63.532947945202906, 44.591112359683706 ], [ -63.532909012694233, 44.591076969468475 ], [ -63.532870065038495, 44.591041602001845 ], [ -63.532831085592214, 44.591006223657004 ], [ -63.532792138057729, 44.590970856167971 ], [ -63.53275320579143, 44.590935465907954 ], [ -63.532732196907141, 44.59091639197613 ], [ -63.53257640774828, 44.590774921839277 ], [ -63.532537460610165, 44.590739554277086 ], [ -63.532498513532481, 44.590704186703682 ], [ -63.532459566515648, 44.590668819119195 ], [ -63.532420634767057, 44.590633428763681 ], [ -63.532374400077003, 44.590591466201033 ], [ -63.532312486588431, 44.590523975306091 ], [ -63.53227814384784, 44.590486517262583 ], [ -63.532243801163752, 44.590449059212261 ], [ -63.532209426686016, 44.590411590288191 ], [ -63.532175084115295, 44.590374132224603 ], [ -63.532140726393166, 44.590336696913852 ], [ -63.532106383935655, 44.590299238836892 ], [ -63.531640798075379, 44.589791582967109 ], [ -63.531606294324313, 44.589753957683129 ], [ -63.531571807272179, 44.589716366019182 ], [ -63.531537335485304, 44.589678751589169 ], [ -63.53150281669754, 44.589641149044411 ], [ -63.531468345024713, 44.589603534600883 ], [ -63.53143382635119, 44.589565932042539 ], [ -63.531399354792327, 44.589528317585504 ], [ -63.531364883290649, 44.589490703121683 ], [ -63.531330364788552, 44.589453100543182 ], [ -63.531295893400873, 44.589415486065924 ], [ -63.53126137501301, 44.589377883473851 ], [ -63.531226903739515, 44.589340268983072 ], [ -63.531192417315069, 44.589302677245009 ], [ -63.531157914306419, 44.589265051873291 ], [ -63.531123427996157, 44.589227460121684 ], [ -63.5310889251015, 44.589189834736473 ], [ -63.531054454113544, 44.5891522202121 ], [ -63.53101993612519, 44.589114617572683 ], [ -63.530985465251149, 44.58907700303471 ], [ -63.530950979226311, 44.58903941124948 ], [ -63.530916476617186, 44.589001785830483 ], [ -63.530875885554188, 44.588957527256646 ], [ -63.530814073496643, 44.588890124824538 ], [ -63.530766183925287, 44.58884689725943 ], [ -63.530609721629673, 44.588705749823283 ], [ -63.530570606207498, 44.588670462935838 ], [ -63.530531522695007, 44.588635186904746 ], [ -63.53037506185688, 44.588494039195893 ], [ -63.530335978647763, 44.588458763108029 ], [ -63.530179519024081, 44.588317615171974 ], [ -63.530140436118586, 44.588282339027408 ], [ -63.530101321425121, 44.588247052003638 ], [ -63.53002309222051, 44.588176477921969 ], [ -63.529983977709435, 44.588141190864135 ], [ -63.529944895107221, 44.58810591466279 ], [ -63.529905780717371, 44.588070627582226 ], [ -63.529866666388436, 44.588035340490315 ], [ -63.529827552120068, 44.588000053387042 ], [ -63.529788437912515, 44.587964766272385 ], [ -63.529749323765778, 44.587929479146403 ], [ -63.529710241527752, 44.587894202876932 ], [ -63.529671127502283, 44.587858915728191 ], [ -63.529632013537672, 44.587823628568152 ], [ -63.529592899633677, 44.587788341396667 ], [ -63.529553785790362, 44.587753054213898 ], [ -63.529514703855867, 44.587717777887725 ], [ -63.529475590134176, 44.587682490682234 ], [ -63.529436476473073, 44.587647203465295 ], [ -63.529397362872857, 44.587611916237073 ], [ -63.529358249333171, 44.587576628997461 ], [ -63.52931916770202, 44.587541352614558 ], [ -63.529280054283873, 44.587506065352237 ], [ -63.529240940926506, 44.587470778078625 ], [ -63.529201827629727, 44.587435490793567 ], [ -63.529162714393877, 44.587400203497161 ], [ -63.52909749347765, 44.587341361647802 ], [ -63.529045078936683, 44.58729449202783 ], [ -63.529005748733731, 44.587259354151406 ], [ -63.528966401952545, 44.587224182636419 ], [ -63.528927087079708, 44.58718902197802 ], [ -63.528848457516489, 44.587118700626498 ], [ -63.52880911097877, 44.58708352906514 ], [ -63.528769781140753, 44.58704839111914 ], [ -63.528730466572064, 44.587013230402789 ], [ -63.528691120216983, 44.586978058806565 ], [ -63.52865180576994, 44.586942898067093 ], [ -63.528612491383768, 44.586907737315983 ], [ -63.528573161849849, 44.586872599312031 ], [ -63.528533815738214, 44.586837427669415 ], [ -63.528455187391756, 44.58676710608627 ], [ -63.528415841462554, 44.58673193440881 ], [ -63.528376527441381, 44.586696773588201 ], [ -63.528337198272403, 44.586661635514652 ], [ -63.528297852525931, 44.586626463802524 ], [ -63.528258538687403, 44.586591302947184 ], [ -63.528219612790231, 44.586556498043755 ], [ -63.528179911192424, 44.586520981201765 ], [ -63.52814055048065, 44.58648583220171 ], [ -63.528101236885234, 44.586450671300049 ], [ -63.52806192335067, 44.586415510386743 ], [ -63.528022578030388, 44.586380338593514 ], [ -63.527983264617575, 44.586345177657073 ], [ -63.527943936056609, 44.586310039467463 ], [ -63.527904622765355, 44.586274878507837 ], [ -63.527865277688377, 44.586239706668117 ], [ -63.527825964518769, 44.586204545685341 ], [ -63.527786651409983, 44.586169384690997 ], [ -63.527747306515629, 44.586134212816447 ], [ -63.527707978319839, 44.58609907455736 ], [ -63.52766866539352, 44.586063913528271 ], [ -63.527629352528145, 44.586028752487593 ], [ -63.527590007877116, 44.585993580566694 ], [ -63.527550695133428, 44.585958419502809 ], [ -63.527511367241715, 44.58592328118575 ], [ -63.527472022773317, 44.585888109229991 ], [ -63.527432710212047, 44.585852948131453 ], [ -63.527393397711585, 44.585817787021227 ], [ -63.52735405342581, 44.585782615030752 ], [ -63.527314741046972, 44.585747453897419 ], [ -63.527275413520208, 44.585712315510769 ], [ -63.527236101263, 44.585677154354251 ], [ -63.527196757220707, 44.585641982317341 ], [ -63.52715744508518, 44.585606821137659 ], [ -63.527118133010461, 44.58557165994641 ], [ -63.527078789150742, 44.585536487874762 ], [ -63.527039461988913, 44.5855013494185 ], [ -63.527000150096683, 44.585466188192498 ], [ -63.526960806419531, 44.585431016086069 ], [ -63.526921494649002, 44.585395854836833 ], [ -63.526882182939275, 44.585360693576042 ], [ -63.526827689650872, 44.585311966146037 ], [ -63.526765674520369, 44.585254187291952 ], [ -63.526727359266843, 44.58521847162703 ], [ -63.526689044073386, 44.585182755951514 ], [ -63.526650697094809, 44.585147029396659 ], [ -63.52661238202171, 44.585111313700068 ], [ -63.526574067009093, 44.585075597993004 ], [ -63.526535752056496, 44.585039882275396 ], [ -63.526497437164274, 44.585004166547314 ], [ -63.526459122332007, 44.584968450808653 ], [ -63.526420807560193, 44.584932735059517 ], [ -63.526382461003244, 44.584897008430779 ], [ -63.526344161560765, 44.584861269902511 ], [ -63.526305846969457, 44.58482555412175 ], [ -63.526262876806598, 44.584785510316465 ], [ -63.526224530498098, 44.584749783644405 ], [ -63.5261862160948, 44.584714067830717 ], [ -63.5261479017516, 44.584678352006556 ], [ -63.526109587468845, 44.584642636171964 ], [ -63.526071241401205, 44.584606909457669 ], [ -63.526032942447692, 44.584571170843908 ], [ -63.525994628345615, 44.584535454977726 ], [ -63.525956282458729, 44.584499728231819 ], [ -63.525917968477103, 44.584464012344604 ], [ -63.525879654555588, 44.584428296446802 ], [ -63.525841340694235, 44.584392580538427 ], [ -63.525802995048359, 44.584356853750378 ], [ -63.525764681307521, 44.584321137820986 ], [ -63.525726367626781, 44.584285421881091 ], [ -63.525688022161837, 44.584249695061466 ], [ -63.525649723810673, 44.58421395634258 ], [ -63.525611410310702, 44.584178240371124 ], [ -63.525573096870858, 44.584142524389094 ], [ -63.525534751646767, 44.584106797527248 ], [ -63.525496438327451, 44.584071081524201 ], [ -63.525458125068234, 44.584035365510623 ], [ -63.525419780025061, 44.58399963861725 ], [ -63.525381466886238, 44.583963922582548 ], [ -63.525309399279827, 44.583896729534779 ], [ -63.525266093419418, 44.5838570733236 ], [ -63.525227344683913, 44.583821599769635 ], [ -63.525171952447948, 44.583770886657838 ], [ -63.525112648273506, 44.583714030966398 ], [ -63.525037362375748, 44.583641882021539 ], [ -63.524999702881807, 44.583605773907244 ], [ -63.524962060082352, 44.583569699410241 ], [ -63.524886774662676, 44.583497550386703 ], [ -63.524849115407754, 44.583461442233023 ], [ -63.524811472847396, 44.583425367696719 ], [ -63.524773830346732, 44.583389293150525 ], [ -63.524736156061948, 44.583353207725004 ], [ -63.524698528890141, 44.583317110401559 ], [ -63.524660886568647, 44.583281035825884 ], [ -63.52462321246341, 44.583244950370883 ], [ -63.524585570261706, 44.583208875775597 ], [ -63.524547943328635, 44.583172778412745 ], [ -63.524510269402768, 44.583136692928242 ], [ -63.524472627380227, 44.583100618303462 ], [ -63.524434985417308, 44.583064543668755 ], [ -63.524397326880006, 44.583028435397068 ], [ -63.524322043253136, 44.582956286078691 ], [ -63.52428441673873, 44.582920188647222 ], [ -63.524246743231267, 44.582884103093711 ], [ -63.524171460082357, 44.582811953696677 ], [ -63.524137749513706, 44.58277965238414 ], [ -63.524100139925622, 44.582743588531812 ], [ -63.524062498553917, 44.582707513799868 ], [ -63.524024857242217, 44.582671439058188 ], [ -63.523987215990012, 44.582635364306597 ], [ -63.523949574797712, 44.582599289545215 ], [ -63.523911965507985, 44.582563225643739 ], [ -63.52387432443512, 44.582527150862738 ], [ -63.523836683421948, 44.582491076071854 ], [ -63.523799042468575, 44.582455001271192 ], [ -63.523761401574802, 44.582418926460619 ], [ -63.523723792583738, 44.582382862510144 ], [ -63.523686151809379, 44.582346787679981 ], [ -63.523648511094819, 44.582310712839906 ], [ -63.523610870440201, 44.582274637990146 ], [ -63.523573261687794, 44.582238574000314 ], [ -63.523535621152561, 44.582202499130887 ], [ -63.523497980677043, 44.582166424251653 ], [ -63.523460340261245, 44.58213034936248 ], [ -63.523422699905012, 44.582094274463579 ], [ -63.523385091451324, 44.58205821042467 ], [ -63.523347451214576, 44.582022135506065 ], [ -63.523309811037741, 44.581986060577698 ], [ -63.523272170920606, 44.581949985639397 ], [ -63.523234530863249, 44.581913910691384 ], [ -63.523196922707868, 44.58187784660339 ], [ -63.523159282769988, 44.581841771635666 ], [ -63.523121642891631, 44.581805696658165 ], [ -63.523084003073329, 44.581769621670787 ], [ -63.523046395156683, 44.581733557543615 ], [ -63.523008755457759, 44.581697482536583 ], [ -63.522971115818343, 44.581661407519739 ], [ -63.522895836719066, 44.581589257456557 ], [ -63.522858229100919, 44.581553193280335 ], [ -63.522820589700615, 44.58151711822422 ], [ -63.522782950359918, 44.581481043158199 ], [ -63.521679465260448, 44.580423340820253 ], [ -63.521386080780417, 44.580142094708272 ], [ -63.521348475557353, 44.580106030138403 ], [ -63.521310838553212, 44.580069954688092 ], [ -63.521273186399064, 44.580033901984692 ], [ -63.521235581354915, 44.579997837385342 ], [ -63.521197944530179, 44.579961761905636 ], [ -63.521160339605402, 44.579925697286676 ], [ -63.521085066254166, 44.579853546278073 ], [ -63.521047461508545, 44.579817481629711 ], [ -63.521009809772366, 44.579781428857537 ], [ -63.520972205146215, 44.579745364189506 ], [ -63.520896932392183, 44.5796732130827 ], [ -63.520859327944976, 44.579637148385281 ], [ -63.520821691717309, 44.579601072807392 ], [ -63.52078408738943, 44.579565008090285 ], [ -63.520746451281184, 44.579528932492764 ], [ -63.520708831862656, 44.579492890512604 ], [ -63.520671195873796, 44.579456814895387 ], [ -63.52063355994477, 44.579420739268329 ], [ -63.520595955915418, 44.579384674502279 ], [ -63.52055832010565, 44.579348598855539 ], [ -63.520520716195598, 44.579312534069842 ], [ -63.520483080505429, 44.57927645840352 ], [ -63.520445429664946, 44.579240405483858 ], [ -63.520407825933866, 44.579204340668689 ], [ -63.520370190422852, 44.579168264972907 ], [ -63.5203325868112, 44.579132200138162 ], [ -63.52029280071735, 44.579094076490854 ], [ -63.520253003133277, 44.579052986238032 ], [ -63.520217174823664, 44.579015962272202 ], [ -63.520181346572137, 44.578978938298285 ], [ -63.520145503169154, 44.578941937072806 ], [ -63.520109675034476, 44.578904913082972 ], [ -63.520073831748029, 44.578867911841385 ], [ -63.520038003730136, 44.578830887835437 ], [ -63.520002160560622, 44.578793886577905 ], [ -63.519966332659287, 44.578756862555991 ], [ -63.519930489606239, 44.57871986128233 ], [ -63.519894661821716, 44.578682837244386 ], [ -63.519858818885361, 44.578645835954674 ], [ -63.51982299121758, 44.578608811900686 ], [ -63.519787116558703, 44.578571799723889 ], [ -63.519751289007644, 44.578534775653878 ], [ -63.519715446304872, 44.578497774332156 ], [ -63.51967961887037, 44.57846075024603 ], [ -63.519643776284298, 44.57842374890825 ], [ -63.519607948966659, 44.578386724806208 ], [ -63.519572106497122, 44.578349723452313 ], [ -63.519536279296148, 44.578312699334262 ], [ -63.519500436943574, 44.578275697964422 ], [ -63.519464609859135, 44.578238673830192 ], [ -63.519428767623154, 44.578201672444266 ], [ -63.519392940655592, 44.578164648294177 ], [ -63.519357113746338, 44.578127624136044 ], [ -63.519321271685328, 44.578090622726037 ], [ -63.519285413054071, 44.578053587680635 ], [ -63.519249571109789, 44.578016586254577 ], [ -63.519213744433976, 44.577979562064371 ], [ -63.519177902606387, 44.577942560622283 ], [ -63.519142076047466, 44.577905536416075 ], [ -63.519106234336569, 44.577868534957943 ], [ -63.519070407894162, 44.577831510735706 ], [ -63.519034566299965, 44.577794509261523 ], [ -63.518998739974535, 44.577757485023312 ], [ -63.518962898496731, 44.577720483533056 ], [ -63.518927072287951, 44.577683459278759 ], [ -63.518891230927125, 44.577646457772509 ], [ -63.51885540483481, 44.577609433502239 ], [ -63.518819531752399, 44.577572421108584 ], [ -63.518783705776841, 44.577535396822242 ], [ -63.518747864649441, 44.577498395283882 ], [ -63.518712038790618, 44.577461370981496 ], [ -63.518676212990194, 44.577424346671165 ], [ -63.518640372037915, 44.577387345108768 ], [ -63.518604546354204, 44.577350320782422 ], [ -63.518568705518469, 44.577313319203917 ], [ -63.518532879951444, 44.577276294861548 ], [ -63.518497039232372, 44.57723929326702 ], [ -63.518461213782089, 44.577202268908607 ], [ -63.518425373179873, 44.577165267298099 ], [ -63.518389516008391, 44.57712823205221 ], [ -63.518353675522739, 44.577091230425602 ], [ -63.518344682509721, 44.577081926858831 ], [ -63.518317850305827, 44.577054206035186 ], [ -63.518282009936861, 44.577017204392547 ], [ -63.518246184836691, 44.576980179986073 ], [ -63.518210344584411, 44.576943178327397 ], [ -63.518174519600947, 44.576906153904886 ], [ -63.518138679465523, 44.576869152230216 ], [ -63.51810285459873, 44.576832127791711 ], [ -63.51806701457982, 44.576795126100954 ], [ -63.518031189829749, 44.576758101646398 ], [ -63.517995365137935, 44.576721077183841 ], [ -63.517959493456686, 44.576684064597458 ], [ -63.517923668881771, 44.576647040118928 ], [ -63.517887829154709, 44.576610038388068 ], [ -63.51785200469633, 44.576573013893473 ], [ -63.517816165085932, 44.576536012146605 ], [ -63.517799168246881, 44.576518441326201 ], [ -63.516470437228186, 44.575145874923905 ], [ -63.512228262288076, 44.570766600418288 ], [ -63.512213348754045, 44.570753288824712 ], [ -63.512038171936013, 44.570597246170081 ], [ -63.509535048889539, 44.568367216376934 ], [ -63.506051059047607, 44.565866410566542 ], [ -63.504938220778676, 44.565067494435119 ], [ -63.500509164272806, 44.562298088261386 ], [ -63.500000011759752, 44.562029666490467 ], [ -63.502925398522464, 44.558637890661828 ], [ -63.50235033728972, 44.55375947407552 ], [ -63.502492356698397, 44.553751392865948 ], [ -63.50215279979134, 44.542887538598848 ], [ -63.501154214591608, 44.51090973769147 ], [ -63.500813889195015, 44.500003234698831 ], [ -63.5008138058733, 44.50000113838982 ], [ -63.500761846462673, 44.498335413351157 ], [ -63.539331338158448, 44.413633293928129 ], [ -63.602460206750308, 44.413122704617628 ], [ -63.627400075640189, 44.412908599801817 ], [ -63.667839349702369, 44.41353809277723 ], [ -63.667731279405352, 44.422721425786534 ], [ -63.705393278579578, 44.42224335109384 ], [ -63.698913853393542, 44.432010498599553 ], [ -63.69670161362194, 44.435344304454894 ], [ -63.683582547966573, 44.455104235732691 ], [ -63.683489525963914, 44.455244280751742 ], [ -63.681148209879773, 44.45767714505746 ], [ -63.680828153226898, 44.458009701245075 ], [ -63.678253311271888, 44.460684824476488 ], [ -63.677282464944604, 44.461693373174043 ], [ -63.673859240867259, 44.465249206024616 ], [ -63.673242098792421, 44.465887657044021 ], [ -63.672411470801428, 44.466692517714804 ], [ -63.67183889099784, 44.467247294381615 ], [ -63.671834430418649, 44.467251553770616 ], [ -63.661608559605803, 44.47706058151303 ], [ -63.653928681866404, 44.484426437642213 ], [ -63.653655091608712, 44.484688578869928 ], [ -63.651294039947985, 44.486950863395215 ], [ -63.651291140808397, 44.486953645075637 ], [ -63.651152005608196, 44.487086894702188 ], [ -63.650517723167866, 44.487694233515391 ], [ -63.649788907692738, 44.488392084453984 ], [ -63.64205655069, 44.495794517280999 ], [ -63.641953896338777, 44.49589829086743 ], [ -63.642263980518599, 44.496137803142496 ], [ -63.642894818589156, 44.496022304007091 ], [ -63.643461102671708, 44.496148811119902 ], [ -63.643927794829025, 44.496587187720344 ], [ -63.644020697118343, 44.496743089377738 ], [ -63.644169605297542, 44.49701079844273 ], [ -63.644361690738876, 44.497034499739726 ], [ -63.644547899598656, 44.497066110406664 ], [ -63.644960600688954, 44.497224706818059 ], [ -63.645549705723603, 44.497521297374711 ], [ -63.645839489081816, 44.497582695121707 ], [ -63.645925296178206, 44.498046399505 ], [ -63.645853919658556, 44.498309396199836 ], [ -63.645566713906788, 44.49831910509176 ], [ -63.644891907046869, 44.498230007708742 ], [ -63.644592988387444, 44.498255295759634 ], [ -63.644534715832506, 44.49833299994242 ], [ -63.644726301867621, 44.498636997733634 ], [ -63.644869086087951, 44.498651907353178 ], [ -63.645095510565106, 44.49877900791212 ], [ -63.645412903216119, 44.498840892717801 ], [ -63.645576407940638, 44.498753598825829 ], [ -63.646308304493296, 44.499065004815577 ], [ -63.646774692563866, 44.49939450199372 ], [ -63.646874498783532, 44.499653203321429 ], [ -63.647112586096689, 44.499764807733392 ], [ -63.647226190383812, 44.499818494248963 ], [ -63.647299499479516, 44.499646311285233 ], [ -63.64760421320608, 44.499613296864716 ], [ -63.647728694169551, 44.499671100875346 ], [ -63.647732512181484, 44.499983093158214 ], [ -63.64779300024577, 44.500000010613455 ], [ -63.647938189431599, 44.500212402794709 ], [ -63.648542203273699, 44.500414604907242 ], [ -63.649282216203872, 44.501069598148 ], [ -63.649534204164972, 44.501516987614018 ], [ -63.649604803434315, 44.501814594889815 ], [ -63.649917897875106, 44.502385593301732 ], [ -63.650154385829843, 44.503077495627885 ], [ -63.650446108400764, 44.503229710070713 ], [ -63.65066959082931, 44.503565993347635 ], [ -63.651420502674547, 44.503684304013426 ], [ -63.651873503179452, 44.503938498895103 ], [ -63.652265921373278, 44.503919094261164 ], [ -63.652299710157742, 44.503631590386107 ], [ -63.652455813771603, 44.503591502900754 ], [ -63.652618705404137, 44.503654094814337 ], [ -63.652863414443495, 44.504148700319114 ], [ -63.653310501318579, 44.504410698263882 ], [ -63.653593797149043, 44.504499490676274 ], [ -63.654134696134349, 44.504356896579168 ], [ -63.654440810325241, 44.504154008283578 ], [ -63.654696516606812, 44.504242291879656 ], [ -63.655295987486994, 44.504692993909373 ], [ -63.655779602267621, 44.50473860284319 ], [ -63.656164791247434, 44.504896693698996 ], [ -63.656773395984757, 44.505260693998515 ], [ -63.656896490754612, 44.50548829296595 ], [ -63.657119598559852, 44.505564004048992 ], [ -63.657279304541213, 44.505705494005198 ], [ -63.657326513453604, 44.506444696983117 ], [ -63.657467314383602, 44.506779297035798 ], [ -63.657787179573418, 44.506782002411995 ], [ -63.657935509053083, 44.507069310533112 ], [ -63.657957896010302, 44.507468488750469 ], [ -63.657245487213352, 44.507485292926411 ], [ -63.657099889819726, 44.507809894003728 ], [ -63.656712720909283, 44.50797159494131 ], [ -63.656983088784266, 44.508376008048565 ], [ -63.657303996135532, 44.508489204830369 ], [ -63.657611080114563, 44.508396905133807 ], [ -63.657616395594282, 44.508539190883461 ], [ -63.657115091420927, 44.508927507771993 ], [ -63.656147830464342, 44.509195239498844 ], [ -63.656051735080119, 44.509500193776418 ], [ -63.656428814795063, 44.510065905814351 ], [ -63.656940504277294, 44.510913593565711 ], [ -63.657492994502789, 44.511706788196129 ], [ -63.657743086480949, 44.511933091800451 ], [ -63.657851400730308, 44.512255087008711 ], [ -63.658055398519615, 44.512393595820932 ], [ -63.658223788523124, 44.512875291608658 ], [ -63.65823330569421, 44.512902614664625 ], [ -63.658543618620556, 44.513242581573074 ], [ -63.65995797480663, 44.51652095443653 ], [ -63.660138652241919, 44.517226767655416 ], [ -63.660108854408691, 44.517322008965571 ], [ -63.659999781737689, 44.517452217174473 ], [ -63.658824332544256, 44.517940527911577 ], [ -63.657654392001668, 44.519400789979812 ], [ -63.657627659339752, 44.519808752036965 ], [ -63.65760098046843, 44.520070915435149 ], [ -63.65583060440926, 44.523397793278178 ], [ -63.655523289835209, 44.523490106411941 ], [ -63.654647689292979, 44.524526010082219 ], [ -63.65441650855491, 44.524647494581181 ], [ -63.65416381256896, 44.524890909626322 ], [ -63.653948199382292, 44.52489829541355 ], [ -63.65366770491503, 44.525010889530769 ], [ -63.653481299730267, 44.524979407693664 ], [ -63.653124703582407, 44.525062699626638 ], [ -63.652974024107728, 44.525249203192821 ], [ -63.653357154696749, 44.525433168724547 ], [ -63.653474875506689, 44.525646616336203 ], [ -63.653355798938193, 44.526072652159677 ], [ -63.653071863177097, 44.526155633086212 ], [ -63.653268131343012, 44.526317562839303 ], [ -63.653418730547038, 44.526617109447258 ], [ -63.662967556677103, 44.54560306687565 ], [ -63.665094682605961, 44.54983029820648 ], [ -63.665101603959954, 44.549844094019264 ], [ -63.677790740846042, 44.575045902258616 ], [ -63.676924924690418, 44.581255988940875 ], [ -63.67398964336104, 44.60215167193553 ], [ -63.673795152941352, 44.602645901925577 ], [ -63.673715346594015, 44.60297007401784 ], [ -63.67372354987252, 44.602988017181858 ], [ -63.673722250630931, 44.602991736679108 ], [ -63.673712093473227, 44.603021489206569 ], [ -63.673477494022983, 44.603568598207524 ], [ -63.673178218510778, 44.60426889302947 ], [ -63.673011885858109, 44.604677444210346 ], [ -63.672995607532847, 44.604717406265593 ], [ -63.672875218316619, 44.605202493248122 ], [ -63.672867909809753, 44.605259597877627 ], [ -63.672856681191433, 44.605347007478585 ], [ -63.672775893941385, 44.605993510401888 ], [ -63.672658902887989, 44.607099690260867 ], [ -63.672658186040906, 44.607153698234185 ], [ -63.672657512256556, 44.607198702241362 ], [ -63.672656892703387, 44.607252799081586 ], [ -63.672643606848183, 44.607306899923771 ], [ -63.67263030572532, 44.607351614038883 ], [ -63.672604386034941, 44.607405199419823 ], [ -63.672460319538118, 44.607800399780693 ], [ -63.672265508588666, 44.608176911193134 ], [ -63.672136692375922, 44.608373905661338 ], [ -63.67205759714583, 44.608470800253798 ], [ -63.671982606518668, 44.608562106648094 ], [ -63.671817001037233, 44.608741291272693 ], [ -63.671677786504418, 44.608877297136942 ], [ -63.671508410441909, 44.609026806939774 ], [ -63.671328202018216, 44.609169794897987 ], [ -63.671114412884151, 44.609321608911358 ], [ -63.670969112465812, 44.609434302599702 ], [ -63.67083219177141, 44.609551206696153 ], [ -63.670703985870482, 44.609672993324537 ], [ -63.670584898204382, 44.609799408448367 ], [ -63.670475313868593, 44.609930108037254 ], [ -63.670375411442869, 44.610064705931904 ], [ -63.670285513858659, 44.610202892848925 ], [ -63.67020581325631, 44.610344203448747 ], [ -63.670146088161211, 44.610413297353276 ], [ -63.670013607696319, 44.610599196677683 ], [ -63.669895909753023, 44.610887112531181 ], [ -63.669817299054372, 44.611173794838834 ], [ -63.669761493334533, 44.611470390630281 ], [ -63.669742297049588, 44.611992592560568 ], [ -63.669755460218063, 44.612518511353109 ], [ -63.669756983513352, 44.612579201252295 ], [ -63.669766906685048, 44.612928695977594 ], [ -63.669777994224908, 44.613891909344154 ], [ -63.669795987207117, 44.614359994864721 ], [ -63.66980619077156, 44.614593986618999 ], [ -63.669790002634052, 44.614828102672284 ], [ -63.669761697643288, 44.614998410310228 ], [ -63.669721995888715, 44.615160692371383 ], [ -63.669657098784874, 44.61533129503735 ], [ -63.669578281202924, 44.615492904552148 ], [ -63.669488107529013, 44.615644603537845 ], [ -63.669463181478974, 44.61567180754281 ], [ -63.669304014339701, 44.615860895982294 ], [ -63.668748210573341, 44.616523407944285 ], [ -63.668578990969912, 44.616718610365851 ], [ -63.667772406677763, 44.617602812925099 ], [ -63.667451787348647, 44.617997199526911 ], [ -63.667425698820487, 44.618032498677778 ], [ -63.666978643965244, 44.618550709654386 ], [ -63.666669407758135, 44.618909196692485 ], [ -63.666533106447048, 44.619077088958129 ], [ -63.666502813876228, 44.619114592705543 ], [ -63.666112594557212, 44.619579985634239 ], [ -63.665865599253074, 44.61995109787518 ], [ -63.665783003066323, 44.620100012100202 ], [ -63.665765323526436, 44.620140007123211 ], [ -63.665640494216575, 44.620422289663729 ], [ -63.665403098838766, 44.621159094754567 ], [ -63.665149605553069, 44.622138304981128 ], [ -63.665009719589577, 44.622685296123151 ], [ -63.664801983777139, 44.623494307822142 ], [ -63.664624607566573, 44.624401893329953 ], [ -63.664611348404513, 44.624499211668073 ], [ -63.664484992180846, 44.625427207632519 ], [ -63.664401295008517, 44.625939903873615 ], [ -63.664222191141818, 44.62735309968069 ], [ -63.664216714506686, 44.627396202628738 ], [ -63.664209581302067, 44.62745220394774 ], [ -63.66410290997834, 44.628294906134116 ], [ -63.663976409421565, 44.62924809316273 ], [ -63.66388829055311, 44.63003990431973 ], [ -63.663847018331474, 44.630282296947669 ], [ -63.663820604214209, 44.63039950918175 ], [ -63.663794098328438, 44.630506804518589 ], [ -63.663690618302816, 44.630722599031259 ], [ -63.663624992471007, 44.630830087785924 ], [ -63.663432601320622, 44.631089594274854 ], [ -63.663202197975316, 44.631339393263993 ], [ -63.663087701745283, 44.63141980796766 ], [ -63.662948192131736, 44.631509193456402 ], [ -63.662845892971134, 44.631580088772303 ], [ -63.662769510094066, 44.631651591190334 ], [ -63.661242711807382, 44.632630303215265 ], [ -63.66109249870231, 44.632520988115182 ], [ -63.661017607099339, 44.63247559130027 ], [ -63.660842585449004, 44.632384699024534 ], [ -63.660752584665289, 44.632339204070533 ], [ -63.660653802286667, 44.632302794958051 ], [ -63.660536686679428, 44.632264607847013 ], [ -63.66040458529779, 44.632227900502727 ], [ -63.660265490953549, 44.632190887608154 ], [ -63.66012778962677, 44.632162892636323 ], [ -63.659976297450605, 44.632143987825543 ], [ -63.659838597883244, 44.63212498547238 ], [ -63.659699985424616, 44.632123993512103 ], [ -63.659548718095792, 44.632123093466483 ], [ -63.659410107003339, 44.632131094114939 ], [ -63.659258901613285, 44.632139095494303 ], [ -63.658563087230036, 44.632268308855345 ], [ -63.658449906148803, 44.632285995501569 ], [ -63.65834868234726, 44.632293997690191 ], [ -63.657362082476538, 44.632530002195047 ], [ -63.657184690665105, 44.632564306718457 ], [ -63.657021210813689, 44.632599392450281 ], [ -63.656882796061794, 44.632641305074351 ], [ -63.656706800496593, 44.632701608742501 ], [ -63.656535411808996, 44.632768390367481 ], [ -63.656369194783025, 44.632841506456863 ], [ -63.656208600142364, 44.632920691040901 ], [ -63.656054002822394, 44.633005792079068 ], [ -63.655905902227872, 44.633096588041283 ], [ -63.655764587976286, 44.633192702442749 ], [ -63.654847887542999, 44.633852507396519 ], [ -63.654033494602274, 44.634314487652048 ], [ -63.653322898222946, 44.634686699555061 ], [ -63.652662294487023, 44.635032609268087 ], [ -63.652446592508575, 44.63513920739495 ], [ -63.652243703181355, 44.635254704887579 ], [ -63.652179778811089, 44.635290104235054 ], [ -63.652115793780474, 44.635316601487993 ], [ -63.651988989924753, 44.635369488883249 ], [ -63.651913597582009, 44.635387088538494 ], [ -63.651838107864286, 44.635404599255068 ], [ -63.651773900999409, 44.635413090489855 ], [ -63.651622797213918, 44.635430194715774 ], [ -63.651484188211526, 44.635438103972902 ], [ -63.651345708144213, 44.63545510591775 ], [ -63.650702202889157, 44.635522712542361 ], [ -63.64985590284239, 44.635614902928062 ], [ -63.64890888948198, 44.635715701317331 ], [ -63.648177182996271, 44.635791907337307 ], [ -63.648024784395908, 44.635808008405576 ], [ -63.647949081063821, 44.635811199717352 ], [ -63.647771097485958, 44.635813786661828 ], [ -63.647593182790594, 44.635809805086502 ], [ -63.647415791061853, 44.635799101821227 ], [ -63.647239384280709, 44.63578180568264 ], [ -63.647064612725771, 44.635757997668726 ], [ -63.646891698258244, 44.6357276971939 ], [ -63.646721304737333, 44.63569090608442 ], [ -63.646553784812625, 44.635647799868792 ], [ -63.646389679429191, 44.635598506257089 ], [ -63.646298394660633, 44.635569511360011 ], [ -63.646074009735827, 44.635505290952764 ], [ -63.645887614912624, 44.635459101430705 ], [ -63.645612599930168, 44.63540230440379 ], [ -63.645376915000263, 44.635363993001221 ], [ -63.645304492563866, 44.635356201317094 ], [ -63.645231705404925, 44.635351190583151 ], [ -63.64515852002463, 44.635348893572747 ], [ -63.645085299422227, 44.635349293828 ], [ -63.645012283690342, 44.635352500765478 ], [ -63.644939501571855, 44.635358412421844 ], [ -63.644867284157748, 44.635367001513146 ], [ -63.644795885130989, 44.635378298277878 ], [ -63.644725301327497, 44.635392189925497 ], [ -63.64465588373416, 44.635408795580055 ], [ -63.644587815914718, 44.635427898238028 ], [ -63.644521097859688, 44.635449497903316 ], [ -63.644456206618194, 44.635473700622761 ], [ -63.64427979143845, 44.635530691253166 ], [ -63.644107811688968, 44.635594298391069 ], [ -63.643940605711897, 44.635664190020208 ], [ -63.643778911509457, 44.635740197693984 ], [ -63.643575312445925, 44.635801703811218 ], [ -63.642652518152978, 44.636038196076129 ], [ -63.642095887641375, 44.636159897021408 ], [ -63.641653213414756, 44.636264606558065 ], [ -63.641096785643043, 44.636386399984858 ], [ -63.640363302571252, 44.636542614417593 ], [ -63.639441092086997, 44.636725094908272 ], [ -63.638972806386413, 44.636793504663082 ], [ -63.638537901538037, 44.636831401175506 ], [ -63.638509287272846, 44.6368338943224 ], [ -63.638494190797005, 44.636834886911728 ], [ -63.638316401921742, 44.636839505811928 ], [ -63.638314286009816, 44.636839569653731 ], [ -63.638190510639454, 44.636843501702067 ], [ -63.638178998403561, 44.636843811546058 ], [ -63.638145774134422, 44.636844767604877 ], [ -63.638141194453084, 44.63684488892622 ], [ -63.63798870437239, 44.636849408168125 ], [ -63.637876509929448, 44.636846405375536 ], [ -63.637714561048057, 44.636842098802191 ], [ -63.637485507312356, 44.636835989203995 ], [ -63.637207914432636, 44.636815998980524 ], [ -63.636830590069451, 44.63678650839374 ], [ -63.636239710918538, 44.636709712512058 ], [ -63.634969091060164, 44.636511496685763 ], [ -63.634528095813231, 44.636504708081773 ], [ -63.634376389857231, 44.63650669377494 ], [ -63.634142879978519, 44.636514201717681 ], [ -63.633758979865426, 44.636538107089976 ], [ -63.633405599234202, 44.636508489623417 ], [ -63.632970797939578, 44.636439996326104 ], [ -63.632890409548232, 44.636423009098216 ], [ -63.632808905548366, 44.636409106735442 ], [ -63.632726615482049, 44.636398205597096 ], [ -63.632643510548675, 44.636390407640931 ], [ -63.632559906677102, 44.6363857084066 ], [ -63.632476198782342, 44.636384102320655 ], [ -63.632392389968643, 44.636385702176668 ], [ -63.632308903935616, 44.636390400443062 ], [ -63.63222581965308, 44.636398196006944 ], [ -63.63214340596997, 44.636409096361298 ], [ -63.632061899829303, 44.636423098166425 ], [ -63.631898496304402, 44.636456387886248 ], [ -63.631737711142023, 44.636495790057673 ], [ -63.631579996792475, 44.636541095210411 ], [ -63.631425906110728, 44.636592295570452 ], [ -63.631336698812824, 44.636637006941029 ], [ -63.631247700234617, 44.636680699745014 ], [ -63.63117129942043, 44.636734201088565 ], [ -63.631108687270903, 44.636769702209101 ], [ -63.630628485902058, 44.637083895806441 ], [ -63.630573592155088, 44.637116794139125 ], [ -63.630517732261197, 44.63715190639703 ], [ -63.63006431508586, 44.637437093012707 ], [ -63.630026391183556, 44.637463602405511 ], [ -63.630000511807012, 44.637481603438211 ], [ -63.62993678290897, 44.637535106001394 ], [ -63.629885619090686, 44.637579494823179 ], [ -63.629834514483385, 44.63763289858435 ], [ -63.629783398254901, 44.63769618714516 ], [ -63.629652696254354, 44.638009698508689 ], [ -63.629573087651615, 44.638296899133707 ], [ -63.629508501855319, 44.638386397944046 ], [ -63.629431198309241, 44.638466913206564 ], [ -63.62935509763166, 44.63854750177196 ], [ -63.62926510949849, 44.638619100625789 ], [ -63.629163798978716, 44.638689899589089 ], [ -63.629061894713935, 44.638743205473787 ], [ -63.628363491128354, 44.639079596463276 ], [ -63.628274588783498, 44.639124188048221 ], [ -63.628083890298171, 44.639221507404642 ], [ -63.627792685756518, 44.639345594040527 ], [ -63.627488695243365, 44.639450812152234 ], [ -63.627159416090073, 44.639548000543449 ], [ -63.626829804893383, 44.639626303084071 ], [ -63.626488794536698, 44.639686710152539 ], [ -63.626185400736638, 44.639747208529748 ], [ -63.625893902391368, 44.639825909215403 ], [ -63.625717108783618, 44.639878614936109 ], [ -63.625603496176446, 44.639913891616864 ], [ -63.625438294831149, 44.639975506454682 ], [ -63.625324790373163, 44.640019898710392 ], [ -63.624873191793341, 44.640168285943105 ], [ -63.624817112049456, 44.640186505998074 ], [ -63.62466537697523, 44.640266605604531 ], [ -63.624385090305381, 44.640435404789194 ], [ -63.624334611114449, 44.640461896199696 ], [ -63.624232407046804, 44.640569601144939 ], [ -63.62412900232102, 44.640685390897751 ], [ -63.624052197964879, 44.640810997297891 ], [ -63.623986690950353, 44.640936501824164 ], [ -63.623909585476888, 44.641043708239636 ], [ -63.623807096247937, 44.641150897887805 ], [ -63.623679682469664, 44.641239705149459 ], [ -63.623616009665348, 44.641277303982484 ], [ -63.623544301262044, 44.641316391978435 ], [ -63.623463992348164, 44.641346189505548 ], [ -63.622829804348477, 44.641593388210879 ], [ -63.622754016442158, 44.641622094987881 ], [ -63.622710809448868, 44.641635495874489 ], [ -63.622621909055418, 44.641657514103628 ], [ -63.622530215888126, 44.641672800909298 ], [ -63.622436797825351, 44.641681104373092 ], [ -63.622342602859263, 44.641682411223968 ], [ -63.622295621732199, 44.64168039430956 ], [ -63.622249710338757, 44.641675891198993 ], [ -63.622093611189271, 44.641674498180862 ], [ -63.621956199658477, 44.641673892888598 ], [ -63.621820596342751, 44.641674097110986 ], [ -63.621705917938215, 44.641674256722062 ], [ -63.621684803126584, 44.641674292498799 ], [ -63.621549194415607, 44.641678908440092 ], [ -63.621415785002533, 44.641688796917727 ], [ -63.621287006020687, 44.641705007218597 ], [ -63.621163005843982, 44.641726611998351 ], [ -63.621046095999347, 44.641755485968091 ], [ -63.620936715420015, 44.641791498898712 ], [ -63.620833890807731, 44.641832588160796 ], [ -63.620805991141793, 44.64184168936481 ], [ -63.620733096137847, 44.641865287467624 ], [ -63.620661191181483, 44.641888104362458 ], [ -63.620623779845388, 44.641900204574874 ], [ -63.620570705007097, 44.641916901850848 ], [ -63.620525014896231, 44.64192739124492 ], [ -63.620477788984388, 44.641934900518955 ], [ -63.62044510963927, 44.641940310808543 ], [ -63.620342793344818, 44.641962491646012 ], [ -63.620328514933597, 44.641966302017288 ], [ -63.620245797369172, 44.641988491039982 ], [ -63.620158304083063, 44.642025009730745 ], [ -63.620081391132032, 44.642073307796338 ], [ -63.620017613655648, 44.642133191607734 ], [ -63.61995981167415, 44.642201195440045 ], [ -63.619921305988449, 44.64224259277777 ], [ -63.619904992809396, 44.642297898090419 ], [ -63.619861905492655, 44.642386097992208 ], [ -63.619809105280531, 44.642466500843653 ], [ -63.619747297557012, 44.642543508840518 ], [ -63.619680907228258, 44.642619407262686 ], [ -63.619600395310904, 44.642691011763979 ], [ -63.619509403226907, 44.642764895219663 ], [ -63.619368490193757, 44.642889904075126 ], [ -63.619351191648178, 44.642908109821867 ], [ -63.619343494452067, 44.642916195120328 ], [ -63.619292291839201, 44.642961493296127 ], [ -63.619272286464465, 44.64298070724837 ], [ -63.619087398891544, 44.643157604520049 ], [ -63.618920955463388, 44.643336241447578 ], [ -63.618588415873305, 44.643648599091179 ], [ -63.618280520240347, 44.643979693663233 ], [ -63.618216897623284, 44.644051197157992 ], [ -63.618140002522914, 44.644122298943422 ], [ -63.618063193016553, 44.644184406019463 ], [ -63.617974399676633, 44.644246996098076 ], [ -63.617885407868883, 44.644300606680162 ], [ -63.617783793532588, 44.644353309880195 ], [ -63.617682117911066, 44.644398002072933 ], [ -63.617440197710557, 44.644530690684718 ], [ -63.617325994627535, 44.644593002425481 ], [ -63.617922201113458, 44.645155592546004 ], [ -63.618372070767812, 44.645581944564263 ], [ -63.618475149294483, 44.645724155065714 ], [ -63.618358615060586, 44.645827835138626 ], [ -63.617770709443562, 44.646579891247683 ], [ -63.617825293558454, 44.646603684883253 ], [ -63.617950793379926, 44.646658886936471 ], [ -63.618012981212686, 44.646695404683257 ], [ -63.618107883426731, 44.646739207239236 ], [ -63.61834048745142, 44.646903399742129 ], [ -63.618427991973633, 44.646948907555526 ], [ -63.618516814277321, 44.6469951980988 ], [ -63.618604286463082, 44.647042398860158 ], [ -63.618690584814374, 44.647090597659385 ], [ -63.618771790457593, 44.647138686891701 ], [ -63.618851799869553, 44.647188688518483 ], [ -63.618929210252958, 44.647239595245296 ], [ -63.619009215139293, 44.647292305058897 ], [ -63.619085495867168, 44.6473440850516 ], [ -63.619162884395728, 44.647395905955086 ], [ -63.619241695208302, 44.64744770695566 ], [ -63.619321691291347, 44.647499491357692 ], [ -63.619401708389191, 44.647550304956901 ], [ -63.619481608302401, 44.647600296378052 ], [ -63.619495298648616, 44.647608997323125 ], [ -63.619540607293814, 44.647638606841674 ], [ -63.618048308994602, 44.648279502320761 ], [ -63.618022482645131, 44.64829059385675 ], [ -63.617682413438047, 44.648420546188078 ], [ -63.617541912951459, 44.648491531067037 ], [ -63.61740278010614, 44.648571501618356 ], [ -63.617274995110485, 44.648651415408089 ], [ -63.617173199224482, 44.648731971235733 ], [ -63.617159950736266, 44.648741160773689 ], [ -63.616879816536667, 44.648964138744013 ], [ -63.616700968461338, 44.649106443683785 ], [ -63.616606800315573, 44.649173498172274 ], [ -63.616567065875294, 44.649223477263959 ], [ -63.616540690183363, 44.649265980580978 ], [ -63.616518410693061, 44.649331695323667 ], [ -63.616519874841551, 44.649392791351097 ], [ -63.616502758010348, 44.649680974487623 ], [ -63.61647477199076, 44.650015112955877 ], [ -63.616472624608022, 44.65004933475678 ], [ -63.61642878919276, 44.650435783616764 ], [ -63.616409152831615, 44.65089501973695 ], [ -63.6164071497696, 44.651012045356183 ], [ -63.616393511349479, 44.651391124172676 ], [ -63.616389132195899, 44.651454175381694 ], [ -63.616382424490268, 44.651499700299198 ], [ -63.616369103525251, 44.651575695275021 ], [ -63.616296687228783, 44.651586803207316 ], [ -63.616183497495285, 44.651611692914187 ], [ -63.616074109107885, 44.651643796804926 ], [ -63.615969894082752, 44.651682994237909 ], [ -63.615896695081162, 44.651718701756351 ], [ -63.615864499607184, 44.651734000315777 ], [ -63.615757885555787, 44.651791297457173 ], [ -63.615656319543419, 44.651845894936521 ], [ -63.615563486236432, 44.651893205110078 ], [ -63.615482282570397, 44.651935106068173 ], [ -63.615435807450524, 44.651957204627969 ], [ -63.615358994455335, 44.651997803094012 ], [ -63.615306285865302, 44.652023204410611 ], [ -63.615225985304463, 44.652059405173361 ], [ -63.615108743919698, 44.652117199258001 ], [ -63.615047478552306, 44.65214651106357 ], [ -63.614898639450971, 44.65228904007423 ], [ -63.615077113455818, 44.652414400771775 ], [ -63.615535981356039, 44.652749500048557 ], [ -63.615587825011261, 44.652787338141728 ], [ -63.615688394717772, 44.65285131037556 ], [ -63.615774799354988, 44.652914689728817 ], [ -63.615849888265451, 44.652978192654118 ], [ -63.615921800476137, 44.653067186552406 ], [ -63.616170314110917, 44.653458091061381 ], [ -63.616613408413443, 44.654300505327512 ], [ -63.616635987992467, 44.654343433784803 ], [ -63.616989897772541, 44.654982804488185 ], [ -63.617016210554205, 44.655030409290056 ], [ -63.617328096645132, 44.655621390397762 ], [ -63.617360450260549, 44.655682892891335 ], [ -63.618109503231878, 44.656955702592882 ], [ -63.618786915562993, 44.658230405006826 ], [ -63.618798967740339, 44.658253077514956 ], [ -63.61896769380467, 44.658564511785229 ], [ -63.619226120024734, 44.659024897058266 ], [ -63.619421583415125, 44.659404808097506 ], [ -63.619498487053974, 44.659621105774782 ], [ -63.619553989796074, 44.659846899578802 ], [ -63.619586701966206, 44.660091496523101 ], [ -63.61958944624881, 44.660160488545174 ], [ -63.619592997654067, 44.660249703334081 ], [ -63.619700792343572, 44.660321483520633 ], [ -63.620176191102388, 44.660500992474084 ], [ -63.620981810005013, 44.660872504631087 ], [ -63.621184395960803, 44.660975798179429 ], [ -63.621328411529625, 44.661102006126406 ], [ -63.621337208589331, 44.661112005862925 ], [ -63.621503995156544, 44.661324090663882 ], [ -63.621733441595978, 44.661627577434317 ], [ -63.621755388561361, 44.661665007902975 ], [ -63.622003900643541, 44.662088594870625 ], [ -63.622324506308011, 44.662654393295668 ], [ -63.622328228810538, 44.662660965602747 ], [ -63.62241459804418, 44.662640279285618 ], [ -63.622432591106019, 44.662636190633847 ], [ -63.622532285409619, 44.662613602456226 ], [ -63.622740302166825, 44.662571690580855 ], [ -63.622800691145933, 44.662560790508074 ], [ -63.623072679405034, 44.662518106805386 ], [ -63.6232854081738, 44.662492908706525 ], [ -63.623347397742577, 44.662485597100741 ], [ -63.623473611937442, 44.662486707799609 ], [ -63.62361199118893, 44.66248800910553 ], [ -63.623749908511527, 44.662497814372955 ], [ -63.623951903577733, 44.662508392168171 ], [ -63.624166396664656, 44.662519189408748 ], [ -63.62421019448113, 44.662521961394901 ], [ -63.624330086748621, 44.66252950169531 ], [ -63.624749819675799, 44.662554992772726 ], [ -63.624998210131302, 44.662570199405259 ], [ -63.625728804117415, 44.662603210990291 ], [ -63.626157999080881, 44.662615088278876 ], [ -63.626574184105365, 44.662609304281403 ], [ -63.62700270463656, 44.662577197446559 ], [ -63.62772219333452, 44.662510204184947 ], [ -63.627978087551412, 44.662489004056063 ], [ -63.628270193279526, 44.662469562573705 ], [ -63.628366290301493, 44.662461700380483 ], [ -63.62836679486032, 44.662461648147897 ], [ -63.628455800801582, 44.66245238460305 ], [ -63.628463290148176, 44.662451602217963 ], [ -63.628530710995925, 44.662444594344265 ], [ -63.628709097969882, 44.662432787513346 ], [ -63.629022895102345, 44.662412101917383 ], [ -63.629161605561457, 44.662404203834974 ], [ -63.629307395032178, 44.66240700585012 ], [ -63.629439184272925, 44.662415308601503 ], [ -63.629576882396428, 44.662434305346324 ], [ -63.62971571020045, 44.66246270909042 ], [ -63.630270336738235, 44.663045241928792 ], [ -63.630939894919116, 44.663741173437408 ], [ -63.630951384175901, 44.66378896255231 ], [ -63.632339683068309, 44.669771149852153 ], [ -63.632363317050071, 44.669871337052442 ], [ -63.633846193389864, 44.67615884439126 ], [ -63.634712352862039, 44.679701960487861 ], [ -63.63558453953636, 44.683269308874358 ], [ -63.636639707861278, 44.687584244398586 ], [ -63.637842801966244, 44.692622867453061 ], [ -63.628264030609053, 44.68642761207677 ], [ -63.618398327863346, 44.680190410404656 ], [ -63.612297818563007, 44.677928954424353 ] ] ], [ [ [ -60.198583343292093, 43.944340648748579 ], [ -60.202790864342781, 43.945772653829977 ], [ -60.203537010906899, 43.946173202129749 ], [ -60.231324620993007, 43.961080920972826 ], [ -60.252696678283073, 43.974302574152482 ], [ -60.254548791739687, 43.97544728602729 ], [ -60.254585634605583, 43.975470071131518 ], [ -60.254598977427065, 43.975477729254443 ], [ -60.28373090749789, 43.992214380574502 ], [ -60.290494445239794, 43.996045685014366 ], [ -60.29499186572513, 43.999978546501822 ], [ -60.281263745689337, 44.000038802352371 ], [ -60.278396168709328, 44.000035703395575 ], [ -60.256979488987284, 43.999974562136686 ], [ -60.215431201030569, 43.999991971785519 ], [ -60.195391087720985, 43.999964838474995 ], [ -60.187265937080767, 43.99998110700156 ], [ -60.172053128422171, 43.994561705646213 ], [ -60.169523400063241, 43.993845047761866 ], [ -60.156368960345318, 43.990496743863829 ], [ -60.143531274151414, 43.986874515888786 ], [ -60.122541945845178, 43.981268935517683 ], [ -60.106789863975557, 43.977006779737295 ], [ -60.10191882286162, 43.975761135779877 ], [ -60.078919567319055, 43.969626628872049 ], [ -60.066314885418443, 43.968021347040946 ], [ -60.053880476742961, 43.966045470411167 ], [ -60.046554017221261, 43.964856407052672 ], [ -60.027872458113272, 43.965480019306263 ], [ -60.005972435736652, 43.96585752302979 ], [ -59.999999986390158, 43.966004254545197 ], [ -59.999934587928564, 43.966005854202116 ], [ -59.995010193368998, 43.96627724491298 ], [ -59.975113247178484, 43.967043467019472 ], [ -59.959606813575078, 43.96867251121423 ], [ -59.934005765629252, 43.972166163592284 ], [ -59.915604788227817, 43.976289628939369 ], [ -59.889813124534342, 43.982752421401578 ], [ -59.863697701785426, 43.989478876726736 ], [ -59.855786302416242, 43.991493182502296 ], [ -59.831929887322275, 43.999271179098095 ], [ -59.829464643070168, 44.000076892272624 ], [ -59.803057088044667, 44.00870183060799 ], [ -59.751382698092563, 44.025601665380314 ], [ -59.728192573505751, 44.033155858697434 ], [ -59.703422326608177, 44.041030072049089 ], [ -59.697713714317437, 44.042724411130294 ], [ -59.670457662114494, 44.051299311620781 ], [ -59.671019249568445, 44.014011365960037 ], [ -59.689772095595508, 44.000064858166091 ], [ -59.757630026481671, 43.949502346672858 ], [ -59.775406385862091, 43.93799667592063 ], [ -59.874696022786125, 43.910543764874959 ], [ -59.880431692119046, 43.908504030780449 ], [ -59.897362014655911, 43.907457951730599 ], [ -59.984952333269838, 43.908527634209513 ], [ -60.000000001890314, 43.908769238498607 ], [ -60.000289271344712, 43.908773869299075 ], [ -60.000332960179307, 43.907927931767574 ], [ -60.011450375478923, 43.90804351398549 ], [ -60.022216278602421, 43.908332293365454 ], [ -60.067527622759577, 43.914036572193837 ], [ -60.092153274852564, 43.916700133171403 ], [ -60.126399660152963, 43.925203622359085 ], [ -60.163395110336737, 43.93410938461539 ], [ -60.198583343292093, 43.944340648748579 ] ] ] ] } },
{ "type": "Feature", "properties": { "FED_NUM": 12007, "ED_NAMEE": "Halifax West", "ED_NAMEF": "Halifax-Ouest", "REP_ORDER": "2023", "SHAPE_AREA": 712635110.05700004, "SHAPE_LEN": 121921.094639, "NUM_CF": null, "CF_NOMFR": null, "CF_NOMAN": null, "DEC_REP": null, "PROV_CODE": "12", "PROV_NAME": "PE" }, "geometry": { "type": "Polygon", "coordinates": [ [ [ -63.997186015656425, 44.590000568902191 ], [ -63.988807439326244, 44.601652508406801 ], [ -63.97852363107701, 44.614563581029273 ], [ -63.966344271917819, 44.622513544506468 ], [ -63.955526592172191, 44.628430910965029 ], [ -63.953097646839481, 44.634135183387883 ], [ -63.940478847623766, 44.643933869450557 ], [ -63.939409504746109, 44.644758379944953 ], [ -63.931241044918963, 44.651949726088247 ], [ -63.92893828461478, 44.654014182761287 ], [ -63.926336521143753, 44.656309237664402 ], [ -63.924702966961405, 44.657770693570306 ], [ -63.918625214311554, 44.658734885647924 ], [ -63.91463932972303, 44.657943251661422 ], [ -63.912980818597944, 44.658782229078419 ], [ -63.910134907291479, 44.661164414477753 ], [ -63.909510546916287, 44.661379905873261 ], [ -63.908184281536123, 44.6618415648785 ], [ -63.907778863070916, 44.66421084165497 ], [ -63.90662957150608, 44.666927160688871 ], [ -63.906674131007748, 44.669787431847325 ], [ -63.906806332099599, 44.669892632023675 ], [ -63.903802983507674, 44.671514274231541 ], [ -63.903473972514455, 44.67174549050668 ], [ -63.900676643425342, 44.673711048452006 ], [ -63.899818402425097, 44.675761446666883 ], [ -63.897765781991488, 44.681306447184305 ], [ -63.894314822032605, 44.684430187561517 ], [ -63.892828698744211, 44.685878094039303 ], [ -63.891678402762359, 44.687008965710568 ], [ -63.890115501239968, 44.690894968793494 ], [ -63.890442589415088, 44.691727488705133 ], [ -63.890824305683566, 44.692362608136854 ], [ -63.890782705835612, 44.692907113702937 ], [ -63.890217004151857, 44.693702794569219 ], [ -63.890039684488151, 44.694015600328591 ], [ -63.889844697717074, 44.694201695480317 ], [ -63.889799804022843, 44.69437481176147 ], [ -63.889856526902555, 44.694507270812259 ], [ -63.889854399255263, 44.694508006789647 ], [ -63.889834905858841, 44.69451521211527 ], [ -63.889793390370016, 44.694524507148429 ], [ -63.88975939318064, 44.694532895636229 ], [ -63.889742309860218, 44.694535499727714 ], [ -63.889644805168793, 44.694550012198491 ], [ -63.88958198105037, 44.694567604292565 ], [ -63.889506406144797, 44.694576314818406 ], [ -63.889443391872142, 44.694584891053744 ], [ -63.889366598690572, 44.694593610855719 ], [ -63.88929388958698, 44.694592406972276 ], [ -63.889207207724652, 44.694587907113529 ], [ -63.889153112797459, 44.694583497461124 ], [ -63.889035393855437, 44.694569387762073 ], [ -63.888950785322109, 44.694555404540985 ], [ -63.888397087736166, 44.694417504904379 ], [ -63.887906706221528, 44.694289003267066 ], [ -63.887794001278891, 44.694261013210806 ], [ -63.887454292946849, 44.694169088754187 ], [ -63.88736560625528, 44.694141910037253 ], [ -63.88721451032356, 44.694087310079397 ], [ -63.886975708906306, 44.69398650550967 ], [ -63.886763107698208, 44.693868392379379 ], [ -63.886587496483259, 44.693768999305 ], [ -63.886436913505811, 44.693659406657176 ], [ -63.88638630999526, 44.693616760924755 ], [ -63.886362100243566, 44.693596390299305 ], [ -63.886287390068276, 44.693541691247184 ], [ -63.886149183954231, 44.693415002058195 ], [ -63.885687898399766, 44.692962985821914 ], [ -63.884975802131791, 44.692275406789939 ], [ -63.884788693432178, 44.692094087696262 ], [ -63.884663305226347, 44.691976187828907 ], [ -63.883889109923167, 44.691216093161131 ], [ -63.883789585771524, 44.691125895203371 ], [ -63.882803304683513, 44.690166701743273 ], [ -63.882577908582284, 44.689948812145204 ], [ -63.882465308555531, 44.689849702688591 ], [ -63.88233999695332, 44.689740886186542 ], [ -63.882077109041845, 44.689550313156978 ], [ -63.881939296730131, 44.689450489193177 ], [ -63.881864484069823, 44.689405203239104 ], [ -63.88173270474163, 44.689315492341613 ], [ -63.881413101987945, 44.689141791244545 ], [ -63.881095300737059, 44.689010386957555 ], [ -63.880596787182718, 44.688804599847785 ], [ -63.880433295659977, 44.688749499599716 ], [ -63.88021550681605, 44.688671701921749 ], [ -63.878309182104516, 44.687991306886488 ], [ -63.878258992988052, 44.687972693191732 ], [ -63.878158195001333, 44.687935687259774 ], [ -63.87780658600866, 44.687808194395451 ], [ -63.877487683757387, 44.688130495830542 ], [ -63.876990811493037, 44.688595611533131 ], [ -63.876829727592778, 44.688747499268132 ], [ -63.876506697824965, 44.689052101342995 ], [ -63.875882309034665, 44.689651908398389 ], [ -63.875067304325889, 44.690340613433833 ], [ -63.874901318063927, 44.690465197503727 ], [ -63.874711204238402, 44.690572194584568 ], [ -63.874520901066902, 44.690679713709997 ], [ -63.874317793453606, 44.690768484550901 ], [ -63.874305295024811, 44.690776697525372 ], [ -63.874013206532254, 44.690910409193272 ], [ -63.873684293112674, 44.691025391733646 ], [ -63.873355290904811, 44.691131502533445 ], [ -63.872380594647808, 44.691360392617518 ], [ -63.870737117419971, 44.691729393321275 ], [ -63.868372091568155, 44.692265098371088 ], [ -63.868081603064503, 44.692335688957627 ], [ -63.867802598002378, 44.692415297149132 ], [ -63.867625218548639, 44.692477198174451 ], [ -63.867545687049756, 44.692508994280828 ], [ -63.867536504729614, 44.692512714814484 ], [ -63.867206592783987, 44.692681905150891 ], [ -63.866889209697177, 44.692859711772783 ], [ -63.866647004057619, 44.69303890162341 ], [ -63.866431512894358, 44.693226900189423 ], [ -63.866227389444433, 44.693423794926879 ], [ -63.866087001938709, 44.693567102354486 ], [ -63.866022399907763, 44.693638696416109 ], [ -63.86595920126841, 44.693719297157877 ], [ -63.865855615985765, 44.69388029794591 ], [ -63.865792495793919, 44.693960897338542 ], [ -63.864986788113647, 44.694946492421167 ], [ -63.864570192869515, 44.695487993570616 ], [ -63.864090283446416, 44.69611190215636 ], [ -63.863918607162262, 44.696346788909402 ], [ -63.863513917337329, 44.696900302989732 ], [ -63.863424404680011, 44.697025703375196 ], [ -63.863391421804366, 44.697068594458628 ], [ -63.862720288777361, 44.697939802082949 ], [ -63.862681693924401, 44.697975201172582 ], [ -63.862515882737831, 44.698199705919215 ], [ -63.862349387971548, 44.698378291356633 ], [ -63.862221504558256, 44.698521511243683 ], [ -63.861902907210258, 44.698826392656215 ], [ -63.860875001064677, 44.699749807567947 ], [ -63.860607200024226, 44.700004703059882 ], [ -63.860477793976038, 44.700119602505218 ], [ -63.860350998839159, 44.700232087859717 ], [ -63.860336192984981, 44.700244909217645 ], [ -63.86022440282386, 44.700341488135983 ], [ -63.860099905668015, 44.700451203269346 ], [ -63.859977020538324, 44.700559898095946 ], [ -63.859858008851937, 44.700665096766514 ], [ -63.859748681104939, 44.700762503440238 ], [ -63.859743912099496, 44.70076670294354 ], [ -63.859635116260016, 44.70086490211569 ], [ -63.859529209222224, 44.700959497385924 ], [ -63.859427508819152, 44.70105109896533 ], [ -63.85932911523156, 44.701139292889273 ], [ -63.859295017301307, 44.701169592944694 ], [ -63.859233203396172, 44.701224499261542 ], [ -63.859138416400327, 44.701308298413636 ], [ -63.859138077244516, 44.701308574969289 ], [ -63.859043512097045, 44.701392392933165 ], [ -63.85894728986932, 44.701478304104626 ], [ -63.858851080188373, 44.701564610074897 ], [ -63.858848189629462, 44.701567209257341 ], [ -63.858745621987758, 44.701658994017734 ], [ -63.858673288395821, 44.701723308657058 ], [ -63.858637898796971, 44.701754792682848 ], [ -63.858612301792689, 44.70177790741171 ], [ -63.858526217146846, 44.701855398076376 ], [ -63.858408993570755, 44.701960305975987 ], [ -63.858284899317887, 44.702070994622041 ], [ -63.858156997535033, 44.70218578758341 ], [ -63.858137788273289, 44.702202903628759 ], [ -63.858025496282529, 44.702303304239997 ], [ -63.858003199870154, 44.70232379028743 ], [ -63.857893212107619, 44.702424491121612 ], [ -63.85778909035524, 44.702516786303882 ], [ -63.857757590803253, 44.702544807697187 ], [ -63.857620907022444, 44.702664599947099 ], [ -63.857485780143676, 44.702784106545451 ], [ -63.857454314068484, 44.702812195032905 ], [ -63.857351788221692, 44.702903492543548 ], [ -63.857326054174017, 44.702926812468782 ], [ -63.857219689881312, 44.703023208157838 ], [ -63.857191907716576, 44.70304779248962 ], [ -63.857086211540349, 44.703141400077349 ], [ -63.856951686513497, 44.703258096621546 ], [ -63.85681929791037, 44.703375288076224 ], [ -63.856689598625906, 44.703491486518629 ], [ -63.856560596868448, 44.703605799402958 ], [ -63.856432100965677, 44.703717688079017 ], [ -63.85630788773571, 44.703825994885989 ], [ -63.856189795612288, 44.703930305518362 ], [ -63.856030998704803, 44.704051287106026 ], [ -63.855977899511721, 44.704094589582432 ], [ -63.855595108767972, 44.704406503281234 ], [ -63.85540381143695, 44.704558490212285 ], [ -63.855226088416231, 44.704665188985551 ], [ -63.855188591885998, 44.704692394844294 ], [ -63.855010403860625, 44.704790205818469 ], [ -63.85497219740671, 44.70481700570928 ], [ -63.854908205176478, 44.704852992963545 ], [ -63.854514707737493, 44.705048608276726 ], [ -63.85428668207453, 44.705163702593758 ], [ -63.854058386214753, 44.705261800728358 ], [ -63.853906514821496, 44.705324100790811 ], [ -63.853868500968964, 44.705341787435607 ], [ -63.853576603066031, 44.705466100103003 ], [ -63.85350020544449, 44.705501795312607 ], [ -63.852435094664806, 44.705954511290464 ], [ -63.852304688761862, 44.706010188309811 ], [ -63.851332406000296, 44.706425390244071 ], [ -63.851066401938844, 44.706540800413649 ], [ -63.85082561347015, 44.706646999159545 ], [ -63.850799710659452, 44.706665297005721 ], [ -63.850723994713213, 44.706691902881083 ], [ -63.850106081689937, 44.706954606459242 ], [ -63.850098790248353, 44.706957707121653 ], [ -63.850081693970736, 44.706964988522451 ], [ -63.850012939794716, 44.706993962158798 ], [ -63.850043561281822, 44.707371107524096 ], [ -63.850053270542652, 44.707490592322493 ], [ -63.849970296116851, 44.707649447941215 ], [ -63.847290281684444, 44.71164525869839 ], [ -63.847052503847657, 44.713197493090121 ], [ -63.8474136576097, 44.714014411148618 ], [ -63.84726267589587, 44.715435308488381 ], [ -63.846600176788172, 44.716550562013225 ], [ -63.846425817937977, 44.717722826701234 ], [ -63.84728362580568, 44.719776722873831 ], [ -63.846624058396173, 44.721909795486852 ], [ -63.847550955355935, 44.72514009363605 ], [ -63.847790906432792, 44.725551602969247 ], [ -63.847675098796813, 44.725837891456138 ], [ -63.847189083679098, 44.726093596757075 ], [ -63.846689096025436, 44.726123799824705 ], [ -63.846436203496651, 44.726368093293694 ], [ -63.846467703729516, 44.726870514565455 ], [ -63.846282697888661, 44.727230590706256 ], [ -63.846099085407275, 44.72785150837953 ], [ -63.845812008965098, 44.728122793757827 ], [ -63.845035107818475, 44.728298013040764 ], [ -63.844687655566368, 44.728384137932551 ], [ -63.844227665637852, 44.728303506222794 ], [ -63.843810291917812, 44.728174890841416 ], [ -63.84333281253069, 44.727963822353047 ], [ -63.843033087967406, 44.727715147248681 ], [ -63.842584078630487, 44.727700471414209 ], [ -63.842274005123969, 44.727859195113098 ], [ -63.842015398814382, 44.728261307093909 ], [ -63.840996490392698, 44.729285494468542 ], [ -63.840337599935125, 44.729565589843837 ], [ -63.839815006997974, 44.729607200239599 ], [ -63.8391896182153, 44.729879997761373 ], [ -63.838227491570706, 44.729964787072078 ], [ -63.837727498921367, 44.730145101332639 ], [ -63.836747904162991, 44.730553515009923 ], [ -63.835906008295972, 44.730683895651389 ], [ -63.835664016958667, 44.730631893619183 ], [ -63.835325015378579, 44.73035289940119 ], [ -63.83542420108148, 44.729769913331701 ], [ -63.835183586231175, 44.729528292558825 ], [ -63.834294395103697, 44.729290300094476 ], [ -63.834112901176276, 44.728950994054927 ], [ -63.834142813750923, 44.728591998481207 ], [ -63.833861494852016, 44.728404993058355 ], [ -63.83336289396668, 44.728395585674996 ], [ -63.833140608351229, 44.728260989896953 ], [ -63.832470097112484, 44.728256304866939 ], [ -63.831583705763087, 44.728389808854885 ], [ -63.830478805336817, 44.728440198672104 ], [ -63.829942289471326, 44.728706693359293 ], [ -63.829233787679513, 44.728827700887734 ], [ -63.828738909731356, 44.728719594102039 ], [ -63.82793497923295, 44.728273702688647 ], [ -63.827525192249603, 44.7282494278545 ], [ -63.82749840447898, 44.728237795436996 ], [ -63.82719520017924, 44.728342707371056 ], [ -63.827036689367503, 44.728722565565555 ], [ -63.826081423213076, 44.72812409404338 ], [ -63.820326084672466, 44.732601906379315 ], [ -63.819955726025867, 44.732896621338476 ], [ -63.818884957297207, 44.733745797880324 ], [ -63.817777603387434, 44.734618699349667 ], [ -63.816270415811452, 44.735815591398186 ], [ -63.815049986508285, 44.736775517573406 ], [ -63.813656981376013, 44.737904284695091 ], [ -63.810290516026129, 44.74058950614625 ], [ -63.810201096029502, 44.74048241348742 ], [ -63.805266305370537, 44.734125206612326 ], [ -63.804062297101318, 44.734514211098841 ], [ -63.803960509325158, 44.734549110883655 ], [ -63.803036098267725, 44.734742007592445 ], [ -63.802960394510713, 44.73474971006415 ], [ -63.80137958271245, 44.734965098797034 ], [ -63.800472017192014, 44.735069166726547 ], [ -63.798085504488796, 44.737737723181397 ], [ -63.797845387212412, 44.738006204527913 ], [ -63.796774210057691, 44.737240744786881 ], [ -63.794653301507793, 44.735725046561043 ], [ -63.794350586532097, 44.735757903260044 ], [ -63.79432826449478, 44.735759262924347 ], [ -63.794031094321966, 44.735777489352884 ], [ -63.793710581097123, 44.73578520255564 ], [ -63.793390087725562, 44.735780890847451 ], [ -63.793163212602309, 44.735769807338251 ], [ -63.793024486636064, 44.735759908475323 ], [ -63.792885305092774, 44.735741007522101 ], [ -63.792748014703299, 44.73571470420606 ], [ -63.792609613319449, 44.73568629587966 ], [ -63.792447091747384, 44.735646303330078 ], [ -63.792319084500221, 44.735609894550727 ], [ -63.792131816348487, 44.735548392496106 ], [ -63.791980004408863, 44.735490707677357 ], [ -63.791816299475187, 44.735419889649492 ], [ -63.791631682833895, 44.735320005103922 ], [ -63.790687682445864, 44.734809201970734 ], [ -63.790636786326239, 44.734782598021226 ], [ -63.790311213226396, 44.734618292725088 ], [ -63.790161093687296, 44.73453649772771 ], [ -63.789671109554966, 44.734299201773545 ], [ -63.789345005299268, 44.734153190864077 ], [ -63.789055717798071, 44.73405260047965 ], [ -63.788942793323734, 44.734015598357253 ], [ -63.788488908547379, 44.733887312042199 ], [ -63.788049297737167, 44.733784989219089 ], [ -63.788036693917618, 44.733785098402791 ], [ -63.787419105019119, 44.733691211659995 ], [ -63.787254581407275, 44.733672499980202 ], [ -63.78680070917428, 44.733633392077955 ], [ -63.786055411813052, 44.733619604893406 ], [ -63.785462312610193, 44.733660599421121 ], [ -63.784969114676187, 44.733693791705917 ], [ -63.784628316673775, 44.733718501220395 ], [ -63.784475699480183, 44.733735813058004 ], [ -63.784450608796909, 44.73374489080566 ], [ -63.784059295303848, 44.733760201282315 ], [ -63.783515516072889, 44.733801804262832 ], [ -63.783376691847643, 44.733809887592692 ], [ -63.783299898407982, 44.733816201909171 ], [ -63.783275810641875, 44.733817801161301 ], [ -63.782998013285074, 44.733825095678938 ], [ -63.782808709491853, 44.733833590427103 ], [ -63.782732988196841, 44.733842303294367 ], [ -63.782669920556309, 44.733841796282789 ], [ -63.782460403539041, 44.733855790883588 ], [ -63.782252188342206, 44.73386988865424 ], [ -63.782062897945927, 44.733882908684372 ], [ -63.781854605369631, 44.73388430608788 ], [ -63.781646197601511, 44.733886585398835 ], [ -63.781456797410257, 44.7338878986886 ], [ -63.781248406485638, 44.733890210673032 ], [ -63.781040109293365, 44.733893502878068 ], [ -63.780831686311025, 44.73389580310409 ], [ -63.78054759651171, 44.73390041186375 ], [ -63.780522407941334, 44.733899713361602 ], [ -63.780314108580015, 44.733910093690383 ], [ -63.78020691763588, 44.733916296792948 ], [ -63.779998414667354, 44.733914994989718 ], [ -63.779789990863335, 44.733913691453786 ], [ -63.779581603138062, 44.73391150628531 ], [ -63.77939849770901, 44.733911000165826 ], [ -63.779190105950974, 44.73390970601465 ], [ -63.778981682194519, 44.733908400590792 ], [ -63.778767005400617, 44.73390719300621 ], [ -63.778558613678101, 44.733905897380325 ], [ -63.778413308858489, 44.733904196584241 ], [ -63.778204917159847, 44.733902900132364 ], [ -63.778059608276848, 44.733902090691807 ], [ -63.777933897791542, 44.733901492340557 ], [ -63.777479699080075, 44.733880789177363 ], [ -63.776481813016979, 44.733874096023065 ], [ -63.775519693084654, 44.733859289269716 ], [ -63.775497785906637, 44.733859192660056 ], [ -63.774740002945755, 44.733854391611288 ], [ -63.774259982711612, 44.733851406246593 ], [ -63.773780006204461, 44.733848293431784 ], [ -63.772253199335928, 44.733829506605467 ], [ -63.771761388438108, 44.733817006016629 ], [ -63.771084987619467, 44.733804093085681 ], [ -63.771079298561716, 44.733803990132834 ], [ -63.770788615806097, 44.733793001195679 ], [ -63.769691008942921, 44.73378600750496 ], [ -63.769653082721973, 44.733786204878811 ], [ -63.768288905933446, 44.73376839951468 ], [ -63.768061485610623, 44.733766303873736 ], [ -63.76803629302416, 44.733766493777928 ], [ -63.767772193556482, 44.733755689845225 ], [ -63.76705209001166, 44.733742502454895 ], [ -63.766887910639426, 44.733740896589254 ], [ -63.766585917414318, 44.733730296119717 ], [ -63.766029809993334, 44.733699800021427 ], [ -63.765991906751147, 44.733699193934513 ], [ -63.765979302903069, 44.733699300002669 ], [ -63.765904702309022, 44.733689895455967 ], [ -63.765474903668427, 44.733660408299677 ], [ -63.765134487542937, 44.733613089936348 ], [ -63.764971309945629, 44.733593503531971 ], [ -63.764694304189717, 44.733555808229795 ], [ -63.764050296314139, 44.733470898606377 ], [ -63.764012393289796, 44.733470291679282 ], [ -63.763534286805381, 44.733413199248496 ], [ -63.762563994000445, 44.733200003427008 ], [ -63.762136714727532, 44.733071397111523 ], [ -63.760992005378526, 44.732739703711637 ], [ -63.760954011341866, 44.732730912145854 ], [ -63.760023502715249, 44.73246339143838 ], [ -63.759306382357259, 44.732261203048445 ], [ -63.758501013808342, 44.732030697345884 ], [ -63.758337389160168, 44.731975906035053 ], [ -63.758262692864449, 44.731957499170463 ], [ -63.758237306833038, 44.731948714342025 ], [ -63.757821488614162, 44.731828998759845 ], [ -63.757784691122062, 44.731819408408811 ], [ -63.757356303975442, 44.73169980643231 ], [ -63.756853489308888, 44.731552307375864 ], [ -63.756362496830384, 44.731413789568407 ], [ -63.755771802094266, 44.731248396380515 ], [ -63.755746389464569, 44.731238708158799 ], [ -63.755419402631205, 44.731147208319797 ], [ -63.755205102166641, 44.731082910724716 ], [ -63.754451683708695, 44.730835005896019 ], [ -63.753860594200361, 44.730632691161027 ], [ -63.752528186054818, 44.730138305976396 ], [ -63.75141011113179, 44.729717093125828 ], [ -63.75109629925592, 44.729570600401907 ], [ -63.750895518798146, 44.729470196602193 ], [ -63.750882804944617, 44.729470290959988 ], [ -63.750833207420477, 44.729442697125336 ], [ -63.750457006932862, 44.729242513367204 ], [ -63.750381796762184, 44.729200107538496 ], [ -63.750343596306024, 44.729178592037769 ], [ -63.750306497112931, 44.729160491443686 ], [ -63.749641985194849, 44.728805095802635 ], [ -63.749227393053111, 44.728604403774362 ], [ -63.749077496149461, 44.728531492216142 ], [ -63.748285795158893, 44.728246807122616 ], [ -63.747556802116499, 44.728026605148479 ], [ -63.746513217741636, 44.727695801472493 ], [ -63.74608590617693, 44.727558114965092 ], [ -63.7456827961676, 44.727438309223814 ], [ -63.745393698847231, 44.727346588298154 ], [ -63.745053795191161, 44.727236296981744 ], [ -63.744396891523607, 44.727019920091834 ], [ -63.744300603887936, 44.726988207624146 ], [ -63.744275211244236, 44.726978493517244 ], [ -63.744237196685937, 44.72696979710885 ], [ -63.743998303808631, 44.726895906046053 ], [ -63.743371382471523, 44.726705105868575 ], [ -63.743079896479529, 44.726628902946693 ], [ -63.742224811702535, 44.72641659799821 ], [ -63.741847393990987, 44.726332608495142 ], [ -63.741733406726112, 44.726304607553381 ], [ -63.741507103206388, 44.72624939247121 ], [ -63.740827594552655, 44.726082703199864 ], [ -63.740312010897931, 44.725953690268248 ], [ -63.739623996448728, 44.725746087203618 ], [ -63.739105790901064, 44.725531210676344 ], [ -63.739016909463693, 44.725494897968922 ], [ -63.738603881405147, 44.725294103083542 ], [ -63.738503582751335, 44.72524879778414 ], [ -63.737837710491348, 44.724920007989375 ], [ -63.737662295740769, 44.724828401743423 ], [ -63.737487008183713, 44.724746806445509 ], [ -63.737299117964938, 44.724664195283076 ], [ -63.737110093453886, 44.724599685753176 ], [ -63.736858992299361, 44.724517598047832 ], [ -63.736305897586703, 44.724333809258674 ], [ -63.735450784489984, 44.724093706699207 ], [ -63.734909703946073, 44.723946911873092 ], [ -63.73461968914404, 44.723881192780766 ], [ -63.734519605227455, 44.723853908292348 ], [ -63.734128593559205, 44.723787987413083 ], [ -63.733939991019611, 44.723750501697488 ], [ -63.733561883097444, 44.723712502218028 ], [ -63.733372490121283, 44.723710993318342 ], [ -63.733132388657879, 44.723700795614697 ], [ -63.732906401164783, 44.723698713649128 ], [ -63.732665413064232, 44.723715497000526 ], [ -63.732551895513367, 44.723723409797479 ], [ -63.73210960409056, 44.723774590610446 ], [ -63.732077690596128, 44.723778586620114 ], [ -63.731970591601652, 44.723791989021379 ], [ -63.731641591221177, 44.723834592863362 ], [ -63.731409193423247, 44.723869688072533 ], [ -63.731072507689461, 44.723920613526211 ], [ -63.730783799372418, 44.723960400755651 ], [ -63.730262608430721, 44.724032514816436 ], [ -63.730224900900637, 44.724040808841437 ], [ -63.729277003141377, 44.724178288189762 ], [ -63.729036299107364, 44.724213198446158 ], [ -63.728593914615445, 44.72428170276617 ], [ -63.727707794822955, 44.72441071027648 ], [ -63.727416616957477, 44.724453899374822 ], [ -63.727062483501008, 44.724505706224072 ], [ -63.726379305855282, 44.724609105200884 ], [ -63.725443894792001, 44.724728484656218 ], [ -63.72529259700228, 44.724745606969122 ], [ -63.724659708112988, 44.724831603660228 ], [ -63.724002898658348, 44.724916805915242 ], [ -63.723977613159718, 44.724916894538985 ], [ -63.722344512802749, 44.725193706113295 ], [ -63.722079893538549, 44.725236804289992 ], [ -63.721914792730267, 44.725262189369154 ], [ -63.72176358469477, 44.725288301504705 ], [ -63.721598292656715, 44.725296586365744 ], [ -63.721585593397066, 44.725296597322334 ], [ -63.721434191168818, 44.725303904703416 ], [ -63.721270006814137, 44.725303096059861 ], [ -63.721080592448921, 44.725301583861807 ], [ -63.720727106606091, 44.725308403835598 ], [ -63.719995899953616, 44.725303100925601 ], [ -63.719756105972323, 44.725310901910547 ], [ -63.719604494598038, 44.725310092697242 ], [ -63.71954139073992, 44.725309496671017 ], [ -63.71913618300929, 44.725324698033283 ], [ -63.719009885982317, 44.725323698527284 ], [ -63.718681697212823, 44.725330287538725 ], [ -63.718366305937131, 44.725355693053565 ], [ -63.718024691103828, 44.725407286873619 ], [ -63.717784114715769, 44.725450202436839 ], [ -63.717695883689636, 44.725467898386647 ], [ -63.71768328202009, 44.725467997629401 ], [ -63.717658093528648, 44.725476188345979 ], [ -63.71745549069508, 44.725528804633647 ], [ -63.717366100310116, 44.725555492281885 ], [ -63.717113196641577, 44.725625492611165 ], [ -63.716416000717388, 44.725818907401994 ], [ -63.716124003119688, 44.725898207399247 ], [ -63.716061100460038, 44.725915690535771 ], [ -63.716023294466062, 44.725924002625298 ], [ -63.71507288513763, 44.726169402658506 ], [ -63.715010013686111, 44.726186895884602 ], [ -63.714997411810884, 44.726186994748339 ], [ -63.714947003518027, 44.726195405254259 ], [ -63.714440081913871, 44.726291201402375 ], [ -63.712959290713719, 44.726568987586298 ], [ -63.712364208120441, 44.726681513881545 ], [ -63.711972414170511, 44.726751492086699 ], [ -63.711415482919755, 44.726855707808625 ], [ -63.71111150892817, 44.72688911240126 ], [ -63.710909807166423, 44.726914708867966 ], [ -63.710834081997433, 44.726923304021007 ], [ -63.710631096826667, 44.726948885196329 ], [ -63.710391490587547, 44.726974686379918 ], [ -63.710341399311382, 44.726977783792954 ], [ -63.70817949280395, 44.72711168598569 ], [ -63.707548191409707, 44.727152483803629 ], [ -63.706359890504615, 44.727225608842915 ], [ -63.705969710832477, 44.727222599417971 ], [ -63.705439015491301, 44.727218792714034 ], [ -63.704241680511259, 44.727084806461001 ], [ -63.703271507210566, 44.726943100874202 ], [ -63.702858794965685, 44.726881598491062 ], [ -63.701872298250706, 44.726734803745146 ], [ -63.700663301382001, 44.726564503283178 ], [ -63.700000605904542, 44.72650949958588 ], [ -63.699957582908198, 44.726505204984015 ], [ -63.699856210330992, 44.726504813065588 ], [ -63.699780705738824, 44.726495514110567 ], [ -63.69964170023902, 44.726485610860266 ], [ -63.699237393976738, 44.726473603963974 ], [ -63.698694582317827, 44.726487807156673 ], [ -63.69724288813849, 44.726531696324891 ], [ -63.697141906674105, 44.726530595625285 ], [ -63.697015693096766, 44.7265385044022 ], [ -63.696876405327011, 44.726537914258834 ], [ -63.696775802375768, 44.726537304245248 ], [ -63.696548194831905, 44.726517995043451 ], [ -63.696195502205398, 44.726487701371333 ], [ -63.695905900890295, 44.726449913985256 ], [ -63.695804790946845, 44.726440584174831 ], [ -63.6954275972044, 44.72636549501425 ], [ -63.695214099089277, 44.726313496013503 ], [ -63.693904603273822, 44.725995004196463 ], [ -63.693439005965303, 44.725865288707098 ], [ -63.692609004358992, 44.725625489621684 ], [ -63.692294894414829, 44.725542807459085 ], [ -63.692207386901416, 44.725515391628178 ], [ -63.692131318346348, 44.725487095744349 ], [ -63.692081811808421, 44.725469403072182 ], [ -63.691968795606613, 44.725414198116802 ], [ -63.691893885714492, 44.725377802256006 ], [ -63.691855782955315, 44.725359105870957 ], [ -63.691755215594284, 44.725295792378752 ], [ -63.691618011536271, 44.725204808781882 ], [ -63.691493216583247, 44.72510489329057 ], [ -63.691367907176016, 44.725004691760553 ], [ -63.691269406031189, 44.724896294342301 ], [ -63.691106994590001, 44.724724493894549 ], [ -63.691019995744234, 44.724633198390869 ], [ -63.69085879330904, 44.724425493345045 ], [ -63.690822011831884, 44.724380790718378 ], [ -63.690784293563027, 44.724334905301376 ], [ -63.69062301022705, 44.72413580326576 ], [ -63.690448978995541, 44.723936606793352 ], [ -63.690412405993463, 44.723873399022743 ], [ -63.690275606891426, 44.723728414756927 ], [ -63.690094611083197, 44.723523732791463 ], [ -63.690053699884864, 44.723490006955586 ], [ -63.689984091810878, 44.723412384920032 ], [ -63.689908210265045, 44.723323171606481 ], [ -63.689952082598367, 44.723284798919472 ], [ -63.689957118992631, 44.723280468936117 ], [ -63.69001729770595, 44.723228896731726 ], [ -63.690083284389821, 44.723172305827156 ], [ -63.690310887783546, 44.722981889579302 ], [ -63.690770807212083, 44.722580305700745 ], [ -63.691614608102121, 44.7218208909959 ], [ -63.692586006136082, 44.72094620587017 ], [ -63.693301604842652, 44.720329913204758 ], [ -63.69383819959247, 44.719856508465888 ], [ -63.69480911345854, 44.71900890508757 ], [ -63.695870204471589, 44.718097704373385 ], [ -63.696801394043888, 44.717312397312924 ], [ -63.697006088943013, 44.717115805546499 ], [ -63.697262900310271, 44.716838802710221 ], [ -63.697442102106564, 44.716624289748587 ], [ -63.697648998739659, 44.716292702320864 ], [ -63.697792008259341, 44.716005510120731 ], [ -63.697817804546055, 44.715943290955806 ], [ -63.69794859265911, 44.715593201647145 ], [ -63.69800259929513, 44.715336576914758 ], [ -63.69801671513266, 44.715269598090494 ], [ -63.698059395037149, 44.714936190211823 ], [ -63.698050486582112, 44.714612205611097 ], [ -63.698017397304071, 44.714279289837684 ], [ -63.697946605114296, 44.71395471097712 ], [ -63.697558908849274, 44.712791306044458 ], [ -63.697159096920785, 44.711564003651318 ], [ -63.696723119671333, 44.710256793497351 ], [ -63.696395614429157, 44.709273107268885 ], [ -63.696379162645933, 44.709224000375663 ], [ -63.69637673232684, 44.709216642818213 ], [ -63.696367061100943, 44.709187843968927 ], [ -63.696286986332822, 44.708948801697019 ], [ -63.695935883610446, 44.707884095810449 ], [ -63.695572113198288, 44.706810494909213 ], [ -63.69523349182014, 44.705736796965581 ], [ -63.694808607468637, 44.704510608245741 ], [ -63.694541494868837, 44.703707406542769 ], [ -63.694275403496299, 44.702886199787834 ], [ -63.694219486810937, 44.702723391508123 ], [ -63.69414200251645, 44.702498098564604 ], [ -63.693945681354855, 44.702119404854102 ], [ -63.693760591450292, 44.701847708511664 ], [ -63.693536587287205, 44.70158530111857 ], [ -63.693300197016526, 44.701340989669148 ], [ -63.693001488965592, 44.701059198669604 ], [ -63.69254050339255, 44.70061550421012 ], [ -63.692024707129065, 44.700124409158569 ], [ -63.691930195997543, 44.700035008658894 ], [ -63.691898316083659, 44.700003694001971 ], [ -63.691182997440265, 44.699291385440503 ], [ -63.690783449417644, 44.698904965732694 ], [ -63.690709512486016, 44.698833444926784 ], [ -63.690236785342066, 44.698376202942853 ], [ -63.688384463174117, 44.696605380162573 ], [ -63.688112103685192, 44.696344987510805 ], [ -63.687884006399656, 44.696127195363914 ], [ -63.684995982491927, 44.693325907879164 ], [ -63.684559893889443, 44.692944997941368 ], [ -63.684072287913125, 44.692581502114031 ], [ -63.6835598044539, 44.692253290958504 ], [ -63.682995899980064, 44.691952412027739 ], [ -63.682419694337227, 44.691678505388076 ], [ -63.68096229888878, 44.690948993551466 ], [ -63.6800648117325, 44.690500710674144 ], [ -63.679037699414103, 44.689971097419679 ], [ -63.678737792464169, 44.689798301059277 ], [ -63.678449221148732, 44.689616297545705 ], [ -63.67817547803385, 44.689407304516578 ], [ -63.678028841879105, 44.689284502228652 ], [ -63.678019208251563, 44.689287329184175 ], [ -63.676981093035323, 44.689574902936897 ], [ -63.675618976272361, 44.689970869266972 ], [ -63.674103270338072, 44.690396930229561 ], [ -63.673904583398077, 44.69045595246979 ], [ -63.67302664962822, 44.690716882024752 ], [ -63.671575868112171, 44.691190184683308 ], [ -63.670608163593734, 44.691542148399904 ], [ -63.669685300187481, 44.691816362108476 ], [ -63.668521990474318, 44.692073206196476 ], [ -63.668017268610441, 44.692178786060637 ], [ -63.667247072824637, 44.69248531125055 ], [ -63.666729296250175, 44.692704009469132 ], [ -63.666520627235229, 44.692792156126231 ], [ -63.665749780339162, 44.693145496429267 ], [ -63.665222220475286, 44.693313333659582 ], [ -63.66478108795004, 44.693559807201204 ], [ -63.664669196740739, 44.693730683341684 ], [ -63.664667411250569, 44.693855531274096 ], [ -63.66422693456694, 44.694055186155694 ], [ -63.663216965246484, 44.694297511442841 ], [ -63.662293573284373, 44.694602878074171 ], [ -63.661479551846369, 44.69490906254623 ], [ -63.660932315392841, 44.695057790511704 ], [ -63.660864477279624, 44.695076206628116 ], [ -63.659435060471289, 44.69522326701712 ], [ -63.637842801966357, 44.692622867453039 ], [ -63.636639707861278, 44.687584244398572 ], [ -63.63558453953636, 44.683269308874372 ], [ -63.634712352862152, 44.679701960487854 ], [ -63.633846193389978, 44.676158844391303 ], [ -63.632363317050178, 44.669871337052484 ], [ -63.632339683068388, 44.669771149852167 ], [ -63.630951384176001, 44.663788962552353 ], [ -63.630939894919194, 44.663741173437394 ], [ -63.630270336738285, 44.663045241928785 ], [ -63.629715710200458, 44.662462709090399 ], [ -63.629576882396442, 44.662434305346295 ], [ -63.629439184273011, 44.662415308601517 ], [ -63.629307395032185, 44.662407005850071 ], [ -63.629161605561393, 44.662404203834981 ], [ -63.629022895102423, 44.662412101917383 ], [ -63.62870909796996, 44.662432787513374 ], [ -63.628530710995939, 44.662444594344244 ], [ -63.628463290148176, 44.662451602217963 ], [ -63.628455800801596, 44.662452384603021 ], [ -63.628366794860362, 44.662461648147925 ], [ -63.628366290301607, 44.662461700380476 ], [ -63.628270193279548, 44.662469562573726 ], [ -63.627978087551476, 44.662489004056035 ], [ -63.627722193334606, 44.662510204184969 ], [ -63.627002704636588, 44.662577197446566 ], [ -63.626574184105522, 44.662609304281403 ], [ -63.626157999080981, 44.662615088278905 ], [ -63.625728804117394, 44.662603210990277 ], [ -63.624998210131437, 44.66257019940528 ], [ -63.62474981967582, 44.662554992772762 ], [ -63.624330086748643, 44.662529501695353 ], [ -63.624210194481243, 44.662521961394937 ], [ -63.624166396664819, 44.662519189408755 ], [ -63.623951903577797, 44.662508392168156 ], [ -63.623749908511506, 44.662497814372941 ], [ -63.62361199118893, 44.66248800910553 ], [ -63.623473611937477, 44.662486707799587 ], [ -63.623347397742641, 44.662485597100712 ], [ -63.623285408173835, 44.662492908706554 ], [ -63.623072679404949, 44.662518106805365 ], [ -63.622800691145983, 44.662560790508074 ], [ -63.622740302166939, 44.66257169058089 ], [ -63.622532285409655, 44.662613602456183 ], [ -63.622432591106062, 44.662636190633819 ], [ -63.622414598044216, 44.662640279285618 ], [ -63.622328228810538, 44.66266096560274 ], [ -63.622324506308111, 44.662654393295689 ], [ -63.622003900643541, 44.662088594870603 ], [ -63.621755388561397, 44.661665007902982 ], [ -63.621733441595957, 44.661627577434295 ], [ -63.621503995156644, 44.661324090663854 ], [ -63.621337208589487, 44.661112005862933 ], [ -63.621328411529689, 44.661102006126384 ], [ -63.621184395960952, 44.660975798179443 ], [ -63.620981810005027, 44.660872504631101 ], [ -63.620176191102402, 44.660500992474063 ], [ -63.619700792343707, 44.660321483520661 ], [ -63.619592997654102, 44.660249703334102 ], [ -63.619589446248767, 44.660160488545159 ], [ -63.619586701966256, 44.660091496523052 ], [ -63.619553989796024, 44.65984689957881 ], [ -63.619498487054024, 44.659621105774811 ], [ -63.619421583415125, 44.659404808097506 ], [ -63.619226120024777, 44.659024897058288 ], [ -63.618967693804684, 44.658564511785222 ], [ -63.618798967740581, 44.658253077514971 ], [ -63.618786915562964, 44.658230405006819 ], [ -63.618109503231985, 44.656955702592882 ], [ -63.617360450260698, 44.655682892891349 ], [ -63.617328096645117, 44.655621390397769 ], [ -63.617016210554333, 44.65503040929007 ], [ -63.616989897772612, 44.654982804488185 ], [ -63.616635987992467, 44.654343433784803 ], [ -63.616613408413414, 44.654300505327498 ], [ -63.616170314111002, 44.653458091061445 ], [ -63.615921800476116, 44.653067186552349 ], [ -63.615849888265465, 44.652978192654132 ], [ -63.615774799355052, 44.652914689728796 ], [ -63.615688394717864, 44.652851310375596 ], [ -63.615587825011346, 44.652787338141728 ], [ -63.615535981356039, 44.652749500048557 ], [ -63.615077113455932, 44.652414400771789 ], [ -63.614898639451091, 44.652289040074223 ], [ -63.615047478552285, 44.65214651106357 ], [ -63.615108743919734, 44.652117199257972 ], [ -63.615225985304583, 44.652059405173418 ], [ -63.61530628586533, 44.652023204410611 ], [ -63.615358994455335, 44.651997803093998 ], [ -63.615435807450524, 44.651957204627969 ], [ -63.615482282570575, 44.651935106068223 ], [ -63.615563486236532, 44.651893205110113 ], [ -63.615656319543447, 44.651845894936542 ], [ -63.615757885555823, 44.651791297457152 ], [ -63.61586449960722, 44.651734000315727 ], [ -63.615896695081247, 44.651718701756366 ], [ -63.615969894082838, 44.651682994237945 ], [ -63.616074109107984, 44.651643796804926 ], [ -63.616183497495271, 44.651611692914194 ], [ -63.616296687228783, 44.651586803207316 ], [ -63.616369103525265, 44.651575695274985 ], [ -63.616382424490396, 44.65149970029924 ], [ -63.616389132195984, 44.651454175381737 ], [ -63.616393511349514, 44.65139112417269 ], [ -63.616407149769728, 44.651012045356197 ], [ -63.616409152831771, 44.650895019736964 ], [ -63.61642878919276, 44.65043578361675 ], [ -63.6164726246082, 44.650049334756794 ], [ -63.616474771990788, 44.650015112955899 ], [ -63.616502758010363, 44.649680974487623 ], [ -63.616519874841657, 44.64939279135109 ], [ -63.61651841069304, 44.649331695323617 ], [ -63.616540690183442, 44.649265980581035 ], [ -63.616567065875294, 44.649223477263959 ], [ -63.616606800315715, 44.649173498172296 ], [ -63.616700968461359, 44.649106443683785 ], [ -63.616879816536795, 44.648964138744049 ], [ -63.617159950736394, 44.648741160773696 ], [ -63.617173199224482, 44.648731971235691 ], [ -63.617274995110549, 44.648651415408111 ], [ -63.617402780106168, 44.648571501618321 ], [ -63.617541912951523, 44.648491531067059 ], [ -63.617682413438175, 44.64842054618812 ], [ -63.618022482645166, 44.648290593856764 ], [ -63.618048308994581, 44.648279502320726 ], [ -63.619540607293892, 44.64763860684171 ], [ -63.619495298648651, 44.647608997323154 ], [ -63.619481608302372, 44.647600296378023 ], [ -63.619401708389269, 44.647550304956894 ], [ -63.619321691291475, 44.647499491357692 ], [ -63.619241695208331, 44.647447706955624 ], [ -63.619162884395791, 44.647395905955108 ], [ -63.619085495867211, 44.647344085051621 ], [ -63.619009215139357, 44.647292305058862 ], [ -63.618929210252958, 44.64723959524531 ], [ -63.618851799869475, 44.647188688518405 ], [ -63.618771790457657, 44.647138686891701 ], [ -63.618690584814338, 44.647090597659378 ], [ -63.61860428646316, 44.647042398860187 ], [ -63.618516814277321, 44.6469951980988 ], [ -63.618427991973611, 44.646948907555469 ], [ -63.618340487451441, 44.646903399742136 ], [ -63.618107883426802, 44.646739207239214 ], [ -63.618012981212765, 44.646695404683292 ], [ -63.617950793379947, 44.646658886936443 ], [ -63.617825293558553, 44.646603684883267 ], [ -63.617770709443519, 44.64657989124769 ], [ -63.618358615060707, 44.645827835138633 ], [ -63.61847514929454, 44.645724155065686 ], [ -63.618372070767926, 44.645581944564313 ], [ -63.617922201113508, 44.645155592546004 ], [ -63.617325994627507, 44.644593002425466 ], [ -63.617440197710621, 44.644530690684711 ], [ -63.617682117911222, 44.644398002072933 ], [ -63.617783793532666, 44.644353309880223 ], [ -63.617885407868997, 44.644300606680225 ], [ -63.617974399676662, 44.644246996098047 ], [ -63.618063193016631, 44.644184406019505 ], [ -63.618140002522892, 44.644122298943408 ], [ -63.618216897623377, 44.644051197157985 ], [ -63.618280520240347, 44.643979693663212 ], [ -63.618588415873276, 44.643648599091151 ], [ -63.618920955463551, 44.643336241447585 ], [ -63.619087398891608, 44.643157604520034 ], [ -63.619272286464557, 44.642980707248384 ], [ -63.619292291839209, 44.642961493296127 ], [ -63.619343494452146, 44.642916195120328 ], [ -63.619351191648271, 44.642908109821896 ], [ -63.619368490193835, 44.642889904075091 ], [ -63.619509403226935, 44.642764895219685 ], [ -63.619600395310947, 44.642691011763979 ], [ -63.619680907228279, 44.642619407262643 ], [ -63.619747297557105, 44.642543508840525 ], [ -63.619809105280588, 44.642466500843675 ], [ -63.619861905492769, 44.642386097992237 ], [ -63.619904992809481, 44.642297898090447 ], [ -63.619921305988548, 44.64224259277777 ], [ -63.619959811674221, 44.64220119544008 ], [ -63.620017613655676, 44.642133191607705 ], [ -63.620081391132032, 44.642073307796338 ], [ -63.620158304083162, 44.642025009730709 ], [ -63.620245797369321, 44.641988491039974 ], [ -63.620328514933568, 44.641966302017259 ], [ -63.620342793344903, 44.641962491646062 ], [ -63.620445109639242, 44.641940310808522 ], [ -63.620477788984516, 44.641934900518983 ], [ -63.620525014896323, 44.641927391244927 ], [ -63.620570705007133, 44.641916901850848 ], [ -63.620623779845403, 44.641900204574867 ], [ -63.620661191181519, 44.641888104362444 ], [ -63.620733096137876, 44.641865287467624 ], [ -63.620805991141879, 44.641841689364789 ], [ -63.620833890807731, 44.64183258816081 ], [ -63.620936715420036, 44.641791498898677 ], [ -63.621046095999446, 44.641755485968112 ], [ -63.621163005844032, 44.641726611998344 ], [ -63.621287006020736, 44.64170500721859 ], [ -63.621415785002661, 44.641688796917776 ], [ -63.621549194415685, 44.641678908440092 ], [ -63.621684803126577, 44.641674292498735 ], [ -63.621705917938336, 44.641674256722013 ], [ -63.621820596342907, 44.64167409711095 ], [ -63.621956199658442, 44.641673892888612 ], [ -63.62209361118925, 44.641674498180826 ], [ -63.62224971033887, 44.641675891198986 ], [ -63.622295621732249, 44.641680394309567 ], [ -63.622342602859341, 44.641682411223975 ], [ -63.622436797825372, 44.641681104373099 ], [ -63.622530215888233, 44.641672800909305 ], [ -63.622621909055432, 44.64165751410362 ], [ -63.622710809448854, 44.641635495874468 ], [ -63.622754016442244, 44.641622094987902 ], [ -63.622829804348569, 44.641593388210872 ], [ -63.623463992348142, 44.641346189505505 ], [ -63.623544301262157, 44.641316391978435 ], [ -63.623616009665369, 44.641277303982449 ], [ -63.623679682469749, 44.641239705149474 ], [ -63.623807096247937, 44.641150897887734 ], [ -63.623909585476838, 44.641043708239643 ], [ -63.623986690950339, 44.640936501824179 ], [ -63.6240521979649, 44.640810997297919 ], [ -63.624129002321162, 44.640685390897758 ], [ -63.624232407046804, 44.640569601144946 ], [ -63.624334611114577, 44.640461896199731 ], [ -63.624385090305509, 44.64043540478923 ], [ -63.62466537697523, 44.640266605604523 ], [ -63.624817112049428, 44.640186505998045 ], [ -63.624873191793434, 44.640168285943091 ], [ -63.625324790373227, 44.640019898710413 ], [ -63.62543829483112, 44.639975506454682 ], [ -63.625603496176481, 44.639913891616821 ], [ -63.625717108783697, 44.639878614936158 ], [ -63.625893902391383, 44.639825909215389 ], [ -63.62618540073661, 44.639747208529748 ], [ -63.626488794536797, 44.639686710152574 ], [ -63.626829804893525, 44.639626303084086 ], [ -63.627159416090109, 44.639548000543464 ], [ -63.627488695243429, 44.639450812152219 ], [ -63.627792685756582, 44.639345594040513 ], [ -63.628083890298207, 44.639221507404642 ], [ -63.628274588783398, 44.639124188048136 ], [ -63.628363491128404, 44.639079596463276 ], [ -63.629061894714063, 44.638743205473794 ], [ -63.629163798978666, 44.638689899589068 ], [ -63.629265109498526, 44.638619100625725 ], [ -63.62935509763166, 44.638547501771924 ], [ -63.629431198309312, 44.638466913206535 ], [ -63.629508501855433, 44.638386397944096 ], [ -63.629573087651558, 44.638296899133699 ], [ -63.629652696254396, 44.638009698508704 ], [ -63.629783398254965, 44.637696187145131 ], [ -63.629834514483541, 44.637632898584357 ], [ -63.629885619090707, 44.637579494823164 ], [ -63.629936782909084, 44.637535106001373 ], [ -63.630000511807019, 44.637481603438204 ], [ -63.630026391183712, 44.637463602405575 ], [ -63.630064315085932, 44.637437093012686 ], [ -63.630517732261374, 44.637151906397079 ], [ -63.630573592155088, 44.637116794139125 ], [ -63.630628485902065, 44.637083895806427 ], [ -63.631108687271023, 44.636769702209108 ], [ -63.631171299420572, 44.636734201088565 ], [ -63.631247700234681, 44.636680699744993 ], [ -63.631336698812902, 44.636637006940987 ], [ -63.631425906110813, 44.63659229557048 ], [ -63.631579996792524, 44.636541095210404 ], [ -63.631737711142115, 44.63649579005768 ], [ -63.631898496304451, 44.63645638788627 ], [ -63.632061899829367, 44.636423098166482 ], [ -63.632143405969991, 44.636409096361298 ], [ -63.632225819653122, 44.636398196006958 ], [ -63.632308903935701, 44.636390400443076 ], [ -63.632392389968651, 44.636385702176661 ], [ -63.632476198782435, 44.636384102320676 ], [ -63.632559906677187, 44.636385708406621 ], [ -63.63264351054876, 44.63639040764096 ], [ -63.632726615482156, 44.636398205597089 ], [ -63.632808905548416, 44.636409106735393 ], [ -63.63289040954821, 44.636423009098181 ], [ -63.632970797939571, 44.636439996326082 ], [ -63.633405599234315, 44.636508489623473 ], [ -63.633758979865412, 44.636538107089947 ], [ -63.634142879978519, 44.636514201717681 ], [ -63.634376389857287, 44.636506693774926 ], [ -63.634528095813295, 44.636504708081738 ], [ -63.634969091060185, 44.636511496685763 ], [ -63.636239710918495, 44.63670971251203 ], [ -63.636830590069415, 44.636786508393733 ], [ -63.63720791443275, 44.636815998980516 ], [ -63.637485507312377, 44.636835989203973 ], [ -63.637714561048057, 44.636842098802184 ], [ -63.637876509929463, 44.636846405375515 ], [ -63.63798870437234, 44.636849408168125 ], [ -63.638141194453084, 44.636844888926234 ], [ -63.638145774134493, 44.636844767604849 ], [ -63.638178998403625, 44.636843811546051 ], [ -63.638190510639433, 44.63684350170206 ], [ -63.638314286009901, 44.636839569653752 ], [ -63.638316401921813, 44.636839505811928 ], [ -63.638494190797097, 44.636834886911743 ], [ -63.63850928727296, 44.636833894322407 ], [ -63.638537901538115, 44.636831401175542 ], [ -63.638972806386477, 44.636793504663068 ], [ -63.639441092086983, 44.636725094908257 ], [ -63.64036330257138, 44.636542614417586 ], [ -63.641096785643057, 44.636386399984879 ], [ -63.641653213414756, 44.636264606558065 ], [ -63.642095887641361, 44.636159897021415 ], [ -63.642652518152929, 44.636038196076122 ], [ -63.643575312446075, 44.635801703811225 ], [ -63.643778911509571, 44.635740197694027 ], [ -63.643940605711883, 44.635664190020222 ], [ -63.644107811688997, 44.635594298391105 ], [ -63.644279791438549, 44.635530691253201 ], [ -63.644456206618194, 44.635473700622768 ], [ -63.644521097859766, 44.635449497903345 ], [ -63.644587815914811, 44.635427898238071 ], [ -63.64465588373421, 44.635408795580041 ], [ -63.644725301327512, 44.635392189925476 ], [ -63.644795885130968, 44.635378298277843 ], [ -63.644867284157797, 44.635367001513146 ], [ -63.644939501571933, 44.63535841242193 ], [ -63.645012283690399, 44.635352500765478 ], [ -63.645085299422334, 44.635349293828035 ], [ -63.64515852002463, 44.635348893572747 ], [ -63.645231705404953, 44.635351190583165 ], [ -63.645304492563973, 44.63535620131713 ], [ -63.645376915000313, 44.635363993001228 ], [ -63.645612599930381, 44.635402304403833 ], [ -63.645887614912574, 44.635459101430698 ], [ -63.646074009735891, 44.635505290952779 ], [ -63.646298394660796, 44.635569511360011 ], [ -63.646389679429184, 44.63559850625704 ], [ -63.646553784812703, 44.635647799868764 ], [ -63.646721304737284, 44.63569090608442 ], [ -63.646891698258294, 44.635727697193907 ], [ -63.647064612725735, 44.635757997668712 ], [ -63.647239384280859, 44.63578180568264 ], [ -63.647415791061952, 44.63579910182127 ], [ -63.647593182790636, 44.635809805086524 ], [ -63.647771097485986, 44.635813786661792 ], [ -63.647949081063871, 44.635811199717352 ], [ -63.648024784396036, 44.635808008405597 ], [ -63.648177182996335, 44.635791907337328 ], [ -63.648908889482136, 44.635715701317352 ], [ -63.64985590284244, 44.635614902928062 ], [ -63.650702202889221, 44.63552271254234 ], [ -63.651345708144362, 44.63545510591775 ], [ -63.651484188211562, 44.635438103972866 ], [ -63.651622797213932, 44.635430194715767 ], [ -63.651773900999409, 44.635413090489841 ], [ -63.651838107864343, 44.635404599255082 ], [ -63.651913597582123, 44.635387088538508 ], [ -63.651988989924853, 44.635369488883256 ], [ -63.652115793780574, 44.635316601488014 ], [ -63.652179778811188, 44.635290104235054 ], [ -63.652243703181355, 44.635254704887593 ], [ -63.652446592508582, 44.63513920739495 ], [ -63.652662294487115, 44.635032609268094 ], [ -63.653322898222982, 44.634686699555061 ], [ -63.65403349460226, 44.634314487652013 ], [ -63.654847887543134, 44.633852507396533 ], [ -63.6557645879764, 44.633192702442749 ], [ -63.655905902227872, 44.633096588041283 ], [ -63.656054002822366, 44.63300579207904 ], [ -63.656208600142463, 44.632920691040901 ], [ -63.656369194783039, 44.63284150645682 ], [ -63.656535411809031, 44.632768390367495 ], [ -63.656706800496593, 44.632701608742522 ], [ -63.656882796061893, 44.632641305074401 ], [ -63.657021210813703, 44.632599392450246 ], [ -63.657184690665169, 44.632564306718443 ], [ -63.657362082476666, 44.632530002195047 ], [ -63.658348682347352, 44.632293997690233 ], [ -63.658449906148981, 44.632285995501576 ], [ -63.658563087230021, 44.632268308855281 ], [ -63.659258901613264, 44.632139095494288 ], [ -63.659410107003332, 44.632131094114953 ], [ -63.659548718095905, 44.632123093466539 ], [ -63.659699985424616, 44.632123993512053 ], [ -63.659838597883258, 44.632124985472394 ], [ -63.659976297450683, 44.632143987825586 ], [ -63.660127789626884, 44.632162892636309 ], [ -63.660265490953527, 44.632190887608118 ], [ -63.660404585297854, 44.632227900502713 ], [ -63.660536686679585, 44.632264607847013 ], [ -63.660653802286809, 44.632302794958072 ], [ -63.660752584665417, 44.632339204070576 ], [ -63.660842585449046, 44.632384699024549 ], [ -63.661017607099303, 44.632475591300242 ], [ -63.661092498702423, 44.632520988115218 ], [ -63.661242711807361, 44.63263030321523 ], [ -63.662769510094066, 44.631651591190355 ], [ -63.66284589297117, 44.631580088772296 ], [ -63.662948192131758, 44.631509193456417 ], [ -63.663087701745269, 44.631419807967603 ], [ -63.66320219797543, 44.631339393264014 ], [ -63.663432601320672, 44.631089594274854 ], [ -63.663624992471135, 44.630830087785924 ], [ -63.663690618302816, 44.630722599031223 ], [ -63.663794098328474, 44.630506804518589 ], [ -63.663820604214308, 44.63039950918175 ], [ -63.663847018331502, 44.630282296947662 ], [ -63.663888290553189, 44.63003990431973 ], [ -63.663976409421586, 44.629248093162687 ], [ -63.664102909978354, 44.628294906134101 ], [ -63.664209581302153, 44.627452203947769 ], [ -63.664216714506658, 44.627396202628688 ], [ -63.664222191141945, 44.62735309968069 ], [ -63.664401295008517, 44.625939903873601 ], [ -63.664484992180796, 44.625427207632519 ], [ -63.66461134840447, 44.624499211668052 ], [ -63.664624607566779, 44.624401893329981 ], [ -63.664801983777252, 44.623494307822206 ], [ -63.665009719589648, 44.62268529612318 ], [ -63.665149605553182, 44.622138304981135 ], [ -63.665403098838766, 44.62115909475456 ], [ -63.665640494216568, 44.620422289663686 ], [ -63.665765323526422, 44.620140007123233 ], [ -63.665783003066402, 44.620100012100238 ], [ -63.665865599253031, 44.61995109787518 ], [ -63.666112594557298, 44.619579985634239 ], [ -63.666502813876356, 44.619114592705579 ], [ -63.666533106447048, 44.619077088958129 ], [ -63.666669407758199, 44.618909196692478 ], [ -63.666978643965209, 44.61855070965435 ], [ -63.667425698820502, 44.618032498677749 ], [ -63.667451787348661, 44.617997199526855 ], [ -63.667772406677749, 44.617602812925092 ], [ -63.668578990969962, 44.616718610365851 ], [ -63.668748210573462, 44.616523407944335 ], [ -63.669304014339716, 44.615860895982294 ], [ -63.669463181479003, 44.615671807542775 ], [ -63.669488107529176, 44.615644603537916 ], [ -63.669578281202924, 44.615492904552141 ], [ -63.669657098784974, 44.615331295037372 ], [ -63.669721995888757, 44.615160692371397 ], [ -63.669761697643274, 44.614998410310207 ], [ -63.669790002634116, 44.61482810267227 ], [ -63.66980619077161, 44.614593986619035 ], [ -63.669795987207202, 44.614359994864728 ], [ -63.669777994224887, 44.613891909344105 ], [ -63.669766906685076, 44.612928695977558 ], [ -63.669756983513444, 44.612579201252316 ], [ -63.669755460218155, 44.612518511353116 ], [ -63.669742297049694, 44.611992592560561 ], [ -63.669761493334661, 44.611470390630316 ], [ -63.669817299054422, 44.611173794838827 ], [ -63.669895909753151, 44.610887112531209 ], [ -63.670013607696404, 44.610599196677725 ], [ -63.670146088161211, 44.610413297353276 ], [ -63.670205813256288, 44.610344203448747 ], [ -63.670285513858701, 44.610202892848953 ], [ -63.670375411442855, 44.610064705931848 ], [ -63.670475313868693, 44.609930108037268 ], [ -63.67058489820451, 44.609799408448382 ], [ -63.670703985870546, 44.609672993324509 ], [ -63.670832191771524, 44.609551206696153 ], [ -63.670969112465862, 44.609434302599702 ], [ -63.671114412884151, 44.609321608911351 ], [ -63.671328202018366, 44.609169794897994 ], [ -63.671508410441909, 44.609026806939767 ], [ -63.671677786504517, 44.608877297136985 ], [ -63.67181700103739, 44.608741291272715 ], [ -63.671982606518732, 44.608562106648129 ], [ -63.672057597145859, 44.608470800253798 ], [ -63.67213669237605, 44.608373905661324 ], [ -63.672265508588666, 44.608176911193119 ], [ -63.67246031953804, 44.60780039978065 ], [ -63.672604386034955, 44.607405199419787 ], [ -63.6726303057252, 44.607351614038855 ], [ -63.672643606848219, 44.607306899923728 ], [ -63.672656892703344, 44.607252799081586 ], [ -63.672657512256507, 44.607198702241355 ], [ -63.672658186041062, 44.607153698234193 ], [ -63.67265890288801, 44.607099690260831 ], [ -63.67277589394152, 44.605993510401916 ], [ -63.672856681191433, 44.605347007478571 ], [ -63.672867909809753, 44.605259597877613 ], [ -63.672875218316726, 44.605202493248157 ], [ -63.672995607532911, 44.604717406265564 ], [ -63.673011885858315, 44.604677444210367 ], [ -63.67317821851087, 44.604268893029484 ], [ -63.673477494023082, 44.603568598207524 ], [ -63.673712093473377, 44.603021489206569 ], [ -63.673722250631052, 44.602991736679058 ], [ -63.673723549872562, 44.602988017181801 ], [ -63.673715346594108, 44.602970074017882 ], [ -63.673795152941452, 44.602645901925584 ], [ -63.673989643361153, 44.602151671935566 ], [ -63.676924924690518, 44.58125598894086 ], [ -63.677790740846042, 44.575045902258616 ], [ -63.665101603960075, 44.549844094019257 ], [ -63.665094682606068, 44.549830298206516 ], [ -63.662967556677131, 44.545603066875621 ], [ -63.653418730547116, 44.526617109447201 ], [ -63.653268131343047, 44.526317562839331 ], [ -63.653071863177111, 44.526155633086177 ], [ -63.653355798938193, 44.526072652159677 ], [ -63.653474875506788, 44.525646616336203 ], [ -63.653357154696849, 44.525433168724547 ], [ -63.652974024107827, 44.525249203192821 ], [ -63.653124703582428, 44.525062699626623 ], [ -63.653481299730345, 44.52497940769365 ], [ -63.653667704915144, 44.525010889530776 ], [ -63.653948199382306, 44.524898295413479 ], [ -63.65416381256896, 44.524890909626315 ], [ -63.654416508554959, 44.524647494581117 ], [ -63.654647689293093, 44.524526010082269 ], [ -63.655523289835287, 44.523490106411899 ], [ -63.655830604409303, 44.523397793278193 ], [ -63.65760098046843, 44.520070915435149 ], [ -63.657627659339838, 44.519808752036994 ], [ -63.657654392001746, 44.519400789979777 ], [ -63.658824332544256, 44.517940527911584 ], [ -63.659999781737675, 44.517452217174451 ], [ -63.660108854408676, 44.517322008965571 ], [ -63.66013865224194, 44.517226767655401 ], [ -63.659957974806659, 44.516520954436508 ], [ -63.658543618620648, 44.513242581573074 ], [ -63.658233305694196, 44.512902614664604 ], [ -63.658223788523173, 44.512875291608694 ], [ -63.658055398519679, 44.51239359582091 ], [ -63.657851400730408, 44.512255087008711 ], [ -63.657743086481027, 44.511933091800444 ], [ -63.657492994502853, 44.511706788196093 ], [ -63.656940504277351, 44.510913593565711 ], [ -63.656428814795092, 44.510065905814365 ], [ -63.656051735080176, 44.509500193776411 ], [ -63.656147830464334, 44.509195239498801 ], [ -63.657115091420977, 44.508927507771965 ], [ -63.657616395594275, 44.508539190883432 ], [ -63.657611080114513, 44.508396905133807 ], [ -63.65730399613566, 44.508489204830376 ], [ -63.656983088784422, 44.508376008048565 ], [ -63.656712720909319, 44.507971594941331 ], [ -63.657099889819762, 44.507809894003742 ], [ -63.65724548721343, 44.507485292926447 ], [ -63.657957896010394, 44.507468488750433 ], [ -63.657935509053083, 44.507069310533069 ], [ -63.657787179573376, 44.506782002411974 ], [ -63.657467314383638, 44.506779297035827 ], [ -63.657326513453604, 44.506444696983138 ], [ -63.657279304541319, 44.505705494005255 ], [ -63.657119598559859, 44.505564004048985 ], [ -63.65689649075469, 44.505488292965985 ], [ -63.656773395984857, 44.505260693998558 ], [ -63.656164791247434, 44.504896693698981 ], [ -63.655779602267756, 44.504738602843204 ], [ -63.655295987487087, 44.504692993909387 ], [ -63.654696516606812, 44.504242291879663 ], [ -63.654440810325347, 44.504154008283578 ], [ -63.654134696134307, 44.504356896579161 ], [ -63.653593797149043, 44.504499490676231 ], [ -63.653310501318678, 44.504410698263882 ], [ -63.652863414443559, 44.504148700319107 ], [ -63.652618705404137, 44.503654094814323 ], [ -63.652455813771603, 44.50359150290074 ], [ -63.652299710157813, 44.503631590386142 ], [ -63.652265921373434, 44.503919094261178 ], [ -63.651873503179566, 44.503938498895103 ], [ -63.651420502674533, 44.50368430401344 ], [ -63.650669590829452, 44.503565993347635 ], [ -63.650446108400779, 44.503229710070663 ], [ -63.650154385829879, 44.503077495627906 ], [ -63.649917897875206, 44.50238559330171 ], [ -63.649604803434265, 44.501814594889801 ], [ -63.649534204164979, 44.501516987613989 ], [ -63.649282216203922, 44.501069598147993 ], [ -63.648542203273827, 44.50041460490727 ], [ -63.647938189431599, 44.500212402794695 ], [ -63.647793000245727, 44.500000010613434 ], [ -63.647732512181719, 44.499983093158249 ], [ -63.647728694169551, 44.499671100875325 ], [ -63.647604213206208, 44.499613296864716 ], [ -63.64729949947948, 44.499646311285218 ], [ -63.647226190383812, 44.499818494248906 ], [ -63.647112586096704, 44.499764807733385 ], [ -63.646874498783632, 44.499653203321436 ], [ -63.646774692563902, 44.49939450199367 ], [ -63.646308304493317, 44.499065004815577 ], [ -63.645576407940588, 44.498753598825822 ], [ -63.645412903216169, 44.498840892717787 ], [ -63.645095510565099, 44.498779007912134 ], [ -63.64486908608805, 44.498651907353164 ], [ -63.644726301867763, 44.498636997733641 ], [ -63.644534715832606, 44.49833299994242 ], [ -63.644592988387522, 44.49825529575967 ], [ -63.644891907046905, 44.498230007708699 ], [ -63.645566713906852, 44.498319105091731 ], [ -63.645853919658641, 44.498309396199822 ], [ -63.645925296178241, 44.498046399505036 ], [ -63.645839489081901, 44.497582695121707 ], [ -63.645549705723688, 44.497521297374696 ], [ -63.644960600689068, 44.497224706818045 ], [ -63.644547899598635, 44.497066110406621 ], [ -63.644361690739011, 44.497034499739733 ], [ -63.644169605297542, 44.497010798442723 ], [ -63.644020697118364, 44.496743089377716 ], [ -63.643927794829082, 44.496587187720344 ], [ -63.6434611026718, 44.496148811119909 ], [ -63.642894818589184, 44.496022304007056 ], [ -63.642263980518649, 44.496137803142496 ], [ -63.641953896338933, 44.495898290867423 ], [ -63.642056550690036, 44.49579451728097 ], [ -63.649788907692788, 44.488392084453963 ], [ -63.650517723167852, 44.487694233515327 ], [ -63.651152005608232, 44.487086894702202 ], [ -63.651291140808524, 44.486953645075673 ], [ -63.651294039948034, 44.486950863395229 ], [ -63.653655091608812, 44.48468857886995 ], [ -63.653928681866439, 44.484426437642249 ], [ -63.661608559605781, 44.477060581512994 ], [ -63.671834430418727, 44.46725155377063 ], [ -63.671838890997876, 44.4672472943816 ], [ -63.672411470801492, 44.466692517714797 ], [ -63.673242098792521, 44.465887657044021 ], [ -63.67385924086738, 44.465249206024602 ], [ -63.677282464944575, 44.461693373174029 ], [ -63.67825331127203, 44.460684824476495 ], [ -63.68082815322704, 44.458009701245089 ], [ -63.681148209879851, 44.457677145057424 ], [ -63.683489525964013, 44.455244280751742 ], [ -63.68358254796663, 44.455104235732676 ], [ -63.696701613621975, 44.435344304454908 ], [ -63.698913853393513, 44.432010498599546 ], [ -63.705393278579592, 44.42224335109384 ], [ -63.745250364473705, 44.421719991016111 ], [ -63.745912101693122, 44.421791910672503 ], [ -63.7500009282628, 44.422994679107049 ], [ -63.797324435971127, 44.436897464346131 ], [ -63.793205660446574, 44.44843633995216 ], [ -63.786491047624629, 44.457212032937619 ], [ -63.781486900784181, 44.462233081273929 ], [ -63.781571858696225, 44.462242910069506 ], [ -63.820368854074161, 44.466714496360318 ], [ -63.821128628039766, 44.466801877957955 ], [ -63.830425704243481, 44.467489879423283 ], [ -63.83481354221091, 44.467814240609997 ], [ -63.843041403339278, 44.46895989026239 ], [ -63.857908372821612, 44.471027894854018 ], [ -63.858034435076902, 44.471051759504178 ], [ -63.881361002854909, 44.47546579416894 ], [ -63.907418835872299, 44.479692943787541 ], [ -63.913951621233366, 44.480751386258717 ], [ -63.94737979795449, 44.485055158159483 ], [ -63.950622908061561, 44.485086407096539 ], [ -63.95339576910785, 44.493344774437048 ], [ -63.954191475117831, 44.495917525468954 ], [ -63.955466871917594, 44.500040607492856 ], [ -63.955470211633653, 44.500051476372334 ], [ -63.956677796518072, 44.503954735092826 ], [ -63.964229308952092, 44.50356379947744 ], [ -63.969850365622314, 44.516056676895708 ], [ -63.970866272794844, 44.5189686196601 ], [ -63.977211789310907, 44.537149371391081 ], [ -63.978761647451165, 44.541587892193064 ], [ -63.979296218645864, 44.543118656937153 ], [ -63.981861368485959, 44.549602956428863 ], [ -63.982797831557107, 44.551969735919776 ], [ -63.982822250553646, 44.551959401480289 ], [ -63.989471239802945, 44.569576031838118 ], [ -63.995534862842554, 44.585630703704965 ], [ -63.997186015656425, 44.590000568902191 ] ] ] } },
{ "type": "Feature", "properties": { "FED_NUM": 12008, "ED_NAMEE": "Kings—Hants", "ED_NAMEF": "Kings—Hants", "REP_ORDER": "2023", "SHAPE_AREA": 5814964012.3699999, "SHAPE_LEN": 368456.43293200003, "NUM_CF": null, "CF_NOMFR": null, "CF_NOMAN": null, "DEC_REP": null, "PROV_CODE": "12", "PROV_NAME": "PE" }, "geometry": { "type": "Polygon", "coordinates": [ [ [ -64.845528993798155, 45.148759015970917 ], [ -64.871556929667619, 45.164031210524193 ], [ -64.845727143738898, 45.175148373447385 ], [ -64.840017697992664, 45.17760406933369 ], [ -64.824946273864938, 45.180907654252913 ], [ -64.767041896815812, 45.193572445045831 ], [ -64.754110005908899, 45.197651780298067 ], [ -64.753558128083014, 45.197825810221801 ], [ -64.753142152070637, 45.197944834369792 ], [ -64.752055847772965, 45.198255711268388 ], [ -64.745061544097382, 45.200256797368645 ], [ -64.69635041554055, 45.221974192262373 ], [ -64.667745452815666, 45.236612407158745 ], [ -64.667747235925376, 45.236615010658468 ], [ -64.6578049349217, 45.241837366522823 ], [ -64.644808533866126, 45.248129691471597 ], [ -64.640935643424939, 45.25008536202543 ], [ -64.63455006902926, 45.253309090915913 ], [ -64.624259608662584, 45.258924585237963 ], [ -64.608570976006192, 45.267533869030423 ], [ -64.608380390366378, 45.267637883265628 ], [ -64.597430623024479, 45.273611973595436 ], [ -64.592138455069019, 45.276498365446798 ], [ -64.577052269215486, 45.289233848155618 ], [ -64.562187216773907, 45.301885896953912 ], [ -64.561039046407899, 45.302862766254592 ], [ -64.552582950984586, 45.309998801655603 ], [ -64.549153848184986, 45.312891799595732 ], [ -64.547784894449563, 45.314046574733268 ], [ -64.541673888400126, 45.319164759237538 ], [ -64.53919823914876, 45.32128543874196 ], [ -64.527513871236906, 45.328864390476269 ], [ -64.520339569306955, 45.331969669729801 ], [ -64.507169915064566, 45.335192096342446 ], [ -64.500000008136453, 45.336187944330035 ], [ -64.499176679927842, 45.336302236929477 ], [ -64.494028637510027, 45.337383035098604 ], [ -64.490460541501818, 45.338131927652931 ], [ -64.487648475264095, 45.338643519637671 ], [ -64.484033832142245, 45.339300988733704 ], [ -64.480719931480166, 45.340493952318269 ], [ -64.479768907592643, 45.34071814222002 ], [ -64.474625707810432, 45.341930360733123 ], [ -64.474325664626932, 45.342001066858643 ], [ -64.463602654890209, 45.34508740760058 ], [ -64.462630025086369, 45.345092313646624 ], [ -64.444846967569333, 45.345180195369238 ], [ -64.417604557242115, 45.345437442897094 ], [ -64.39685790328295, 45.345546656822378 ], [ -64.383893261478917, 45.345612488742248 ], [ -64.355920199184879, 45.345673338201387 ], [ -64.32850520703181, 45.345907425827491 ], [ -64.323196088142083, 45.345997971395761 ], [ -64.323148453015762, 45.345998196128924 ], [ -64.302050905683004, 45.346088414918128 ], [ -64.281301657028578, 45.344948318968271 ], [ -64.278181301789189, 45.344776445174269 ], [ -64.252950870830773, 45.342953065921719 ], [ -64.246397394597011, 45.342554339397452 ], [ -64.227700186700417, 45.341414080132395 ], [ -64.22571385397201, 45.341317336337816 ], [ -64.222446097644962, 45.341158108940775 ], [ -64.222446188958429, 45.34115135860776 ], [ -64.166177386702557, 45.338555177970719 ], [ -64.10680542889196, 45.335777438412016 ], [ -64.089255880163989, 45.33144298799553 ], [ -64.089251519520658, 45.331402369131617 ], [ -64.075618876433381, 45.328326911663773 ], [ -64.01926536859358, 45.315587943876949 ], [ -64.019107069151687, 45.31554683817793 ], [ -64.000002312862364, 45.310582788715081 ], [ -64.00000001326633, 45.310582196221439 ], [ -63.971618126044241, 45.303198355441026 ], [ -63.954254740177092, 45.304299737704667 ], [ -63.94649013931469, 45.304791172510107 ], [ -63.938365429120999, 45.305304662721262 ], [ -63.921161811622291, 45.306389512685008 ], [ -63.902463215550569, 45.307564857294317 ], [ -63.890559430501213, 45.308311053039347 ], [ -63.889237824936529, 45.308393793625982 ], [ -63.878819705282716, 45.309045397912115 ], [ -63.875045395120708, 45.310290071654087 ], [ -63.861932671742338, 45.314612653593898 ], [ -63.84678911013426, 45.32870651554758 ], [ -63.838715524331604, 45.33282423107417 ], [ -63.829349712878809, 45.337599256685493 ], [ -63.818961386265087, 45.342893415758432 ], [ -63.79706508927957, 45.354471335072482 ], [ -63.788025398007072, 45.355025311203846 ], [ -63.76680347983126, 45.356322216183358 ], [ -63.749215058794775, 45.357393246517368 ], [ -63.749130050509471, 45.357392910428665 ], [ -63.73204668842375, 45.357325888963082 ], [ -63.731696497726269, 45.357292297767707 ], [ -63.719511223253264, 45.356122075762876 ], [ -63.717312525365323, 45.355910744905025 ], [ -63.709790679437255, 45.354506363788587 ], [ -63.698108062928476, 45.352323731926084 ], [ -63.681887717447175, 45.350357703917169 ], [ -63.660110838113638, 45.347713387922525 ], [ -63.647524208201851, 45.346182478603389 ], [ -63.638832120982265, 45.345109525858668 ], [ -63.61253430461413, 45.341857955121064 ], [ -63.602728393449844, 45.340643457040002 ], [ -63.590340508962029, 45.339107548241842 ], [ -63.580474925494663, 45.339083726993167 ], [ -63.56447353238508, 45.339042830545822 ], [ -63.555237641052869, 45.339017942497364 ], [ -63.555035801175478, 45.339017389795067 ], [ -63.525797112474336, 45.338863521906781 ], [ -63.513519750560704, 45.339319041725183 ], [ -63.513187238154309, 45.339390509983382 ], [ -63.502674250444386, 45.330430697671503 ], [ -63.500123575875975, 45.328251422726538 ], [ -63.499814424981835, 45.327987248559801 ], [ -63.499813277958282, 45.327986300722813 ], [ -63.49315921988746, 45.322299782406603 ], [ -63.486534636326709, 45.318073861327719 ], [ -63.48543269420167, 45.317311615659797 ], [ -63.483799543153694, 45.315969405830025 ], [ -63.477839932632207, 45.311380809083069 ], [ -63.475681647849747, 45.306996429574014 ], [ -63.479127948137148, 45.298607112873299 ], [ -63.480764395088606, 45.291140344641398 ], [ -63.480025428298475, 45.288188896654404 ], [ -63.47885326130973, 45.283653151979927 ], [ -63.475195131614882, 45.277461795878828 ], [ -63.472708144789351, 45.272255880777742 ], [ -63.468487899712819, 45.270593519516368 ], [ -63.462096992780033, 45.271146837431054 ], [ -63.45908487995731, 45.269580346886158 ], [ -63.456909653728829, 45.268449863473599 ], [ -63.454340855859719, 45.262392793604427 ], [ -63.454167853692134, 45.255022812207621 ], [ -63.454375073044929, 45.25151750413378 ], [ -63.454470807844238, 45.249884395930806 ], [ -63.454513950976505, 45.249134718368218 ], [ -63.451715616178795, 45.245119108148856 ], [ -63.448356772101214, 45.242919749864676 ], [ -63.442401591717037, 45.24208287941353 ], [ -63.436766544138756, 45.240527999708092 ], [ -63.430390964551769, 45.236661564191593 ], [ -63.428827678896575, 45.235713349344209 ], [ -63.421128857830666, 45.235227783084802 ], [ -63.417479625529197, 45.234225466125537 ], [ -63.417463847624127, 45.234221100401378 ], [ -63.416314909956931, 45.230997342834378 ], [ -63.417857986355465, 45.221601843598584 ], [ -63.418438204315223, 45.214359877137028 ], [ -63.418343298317062, 45.210077035111539 ], [ -63.411297017327406, 45.205209374090259 ], [ -63.405478748891227, 45.200993417516827 ], [ -63.399753645530254, 45.200820838717277 ], [ -63.396828866816023, 45.199474105341885 ], [ -63.395032989021338, 45.19744833631087 ], [ -63.396568986343532, 45.193957263021709 ], [ -63.400063322231986, 45.190777038769859 ], [ -63.402407034257628, 45.187324373851148 ], [ -63.402167417632029, 45.186311067749614 ], [ -63.401587864906318, 45.183860218010622 ], [ -63.398865010187585, 45.179513784116423 ], [ -63.395849553293921, 45.177073847477075 ], [ -63.392316856509481, 45.175757156740104 ], [ -63.38976301433059, 45.174411705192057 ], [ -63.388379396197514, 45.172944107611393 ], [ -63.387921673211672, 45.171549047653585 ], [ -63.388600348274515, 45.16882944457339 ], [ -63.388118793012751, 45.165361692204911 ], [ -63.38735551693506, 45.161326226737415 ], [ -63.386868746162371, 45.157620748608394 ], [ -63.390231548967556, 45.151683566778068 ], [ -63.389898636988136, 45.149567999551188 ], [ -63.389760734312553, 45.148691704749076 ], [ -63.382760349373108, 45.142300457901904 ], [ -63.382296027676446, 45.140308581346986 ], [ -63.382349316259642, 45.139051438541628 ], [ -63.383297472431892, 45.138043819434529 ], [ -63.387322722471289, 45.134529804205684 ], [ -63.390982070241954, 45.132116229648879 ], [ -63.394859347546543, 45.129588790001534 ], [ -63.394907406060589, 45.12955719110937 ], [ -63.396275602957516, 45.125072015963369 ], [ -63.396282100191904, 45.12259934894572 ], [ -63.399682312066943, 45.116094276559416 ], [ -63.401429194569609, 45.111794908704489 ], [ -63.400899826053944, 45.11075799770709 ], [ -63.397768793295604, 45.109161822620607 ], [ -63.395075422534497, 45.108422149188506 ], [ -63.394873979890953, 45.108204603021775 ], [ -63.394708535080227, 45.108088168206962 ], [ -63.394534402686077, 45.107978005663348 ], [ -63.394035138305135, 45.107566563047335 ], [ -63.394022287775954, 45.107253115093755 ], [ -63.394290170858881, 45.107077637040099 ], [ -63.395872202621241, 45.105771888476887 ], [ -63.396209997749516, 45.105493142983804 ], [ -63.39697688013419, 45.105023227876401 ], [ -63.398792729878416, 45.103910533658031 ], [ -63.402003432981203, 45.103366483475511 ], [ -63.403524246314817, 45.103517460473853 ], [ -63.404953942518922, 45.103156607923047 ], [ -63.405737153545729, 45.102524557900466 ], [ -63.40612584272727, 45.101280429558372 ], [ -63.40455388925141, 45.099968115289926 ], [ -63.40371743488835, 45.098881379894664 ], [ -63.401283009754607, 45.097504899166154 ], [ -63.4003121247992, 45.096546817287184 ], [ -63.400402215379337, 45.09576235879846 ], [ -63.400736287290101, 45.095149076391884 ], [ -63.40195126601283, 45.093972946832814 ], [ -63.402958479773361, 45.093411733889226 ], [ -63.403683725980265, 45.093274083809568 ], [ -63.405332497255849, 45.093285282388599 ], [ -63.407088065645951, 45.093257606104878 ], [ -63.409300781254878, 45.092610828879302 ], [ -63.409945001913229, 45.091799324310649 ], [ -63.410411788959934, 45.091159849014609 ], [ -63.410601967942696, 45.090643073951668 ], [ -63.410654270499244, 45.090390612761027 ], [ -63.410490546914602, 45.090020733415862 ], [ -63.410197957741403, 45.089830465395281 ], [ -63.409396868532539, 45.089703580358425 ], [ -63.406120996076552, 45.090140076187318 ], [ -63.404618696006992, 45.090377173538769 ], [ -63.404083548629337, 45.090314434416548 ], [ -63.401743912738077, 45.090124301123247 ], [ -63.400940331824344, 45.090051166532305 ], [ -63.4004848915298, 45.090066371753998 ], [ -63.398892959320605, 45.090223439610035 ], [ -63.397798324880867, 45.090351064775703 ], [ -63.396548468001299, 45.090234056505217 ], [ -63.395630066079377, 45.089899310081549 ], [ -63.394923148526864, 45.089335082809676 ], [ -63.393910504755368, 45.087532333643537 ], [ -63.394164480816563, 45.086415555227134 ], [ -63.394248571791152, 45.086053844693424 ], [ -63.394757484493852, 45.085584707938722 ], [ -63.395874874643553, 45.084887865480177 ], [ -63.396402539232994, 45.084478500360134 ], [ -63.396658054861469, 45.083920631604194 ], [ -63.396657899459477, 45.083917998981661 ], [ -63.396633287468262, 45.083567079940899 ], [ -63.396584444956247, 45.082870055703438 ], [ -63.396401090289785, 45.082634006343156 ], [ -63.395345879293785, 45.081274893821636 ], [ -63.395104618160019, 45.080985660990756 ], [ -63.395064745631963, 45.080612782073985 ], [ -63.395241628567284, 45.080388504776622 ], [ -63.395602803039168, 45.080147673374569 ], [ -63.396083503686235, 45.079978203758088 ], [ -63.396994281720289, 45.07975220503473 ], [ -63.398169122690327, 45.0795381483439 ], [ -63.398616437124737, 45.07913445420872 ], [ -63.398817367803787, 45.078696086801486 ], [ -63.398855808765468, 45.078207529737952 ], [ -63.397488325816468, 45.076691912648727 ], [ -63.396840711405659, 45.076386884764801 ], [ -63.395794063082917, 45.076319573860083 ], [ -63.394966065127598, 45.076638525489386 ], [ -63.393638028776422, 45.076932863427672 ], [ -63.393051450499357, 45.076732883748868 ], [ -63.392665590719588, 45.076355745850464 ], [ -63.392671052252346, 45.075546945338381 ], [ -63.393273387859587, 45.073492848049845 ], [ -63.394362800226766, 45.070166932270027 ], [ -63.394351567476825, 45.069717196059536 ], [ -63.39395038936977, 45.068940890398679 ], [ -63.393611769691766, 45.068361927526276 ], [ -63.393697684983508, 45.067423937393151 ], [ -63.393463301843767, 45.066748795795768 ], [ -63.392853211170468, 45.066263775921179 ], [ -63.392252899371783, 45.065928835234594 ], [ -63.391852969270893, 45.065720708307779 ], [ -63.391776423796571, 45.065548601704521 ], [ -63.391785906436873, 45.065380450517893 ], [ -63.391909694698946, 45.065107719170882 ], [ -63.392037200450787, 45.064928475422306 ], [ -63.392974054413827, 45.064323888723159 ], [ -63.393515481526862, 45.063934476336563 ], [ -63.393954771409554, 45.063434828650777 ], [ -63.394485210401491, 45.062557226824083 ], [ -63.394941247675391, 45.061472962549523 ], [ -63.394885431937624, 45.06039972675714 ], [ -63.39434015421385, 45.059704941193694 ], [ -63.393751397008906, 45.059535736409167 ], [ -63.393371614431715, 45.059545956203152 ], [ -63.393024993777907, 45.059701091986248 ], [ -63.392811880096701, 45.060187096215124 ], [ -63.392849935595507, 45.060423768083403 ], [ -63.393250713533959, 45.06087203149125 ], [ -63.393600276405394, 45.061477712300558 ], [ -63.393637085116254, 45.061638450865935 ], [ -63.393550543696321, 45.061813487777911 ], [ -63.39336755161662, 45.062011584509406 ], [ -63.393176039735586, 45.062156676809799 ], [ -63.392852690275753, 45.062249698633146 ], [ -63.392465309758087, 45.0622458689867 ], [ -63.392011932786936, 45.062127946207497 ], [ -63.390547737525914, 45.06127415848681 ], [ -63.389470594972003, 45.060741251960316 ], [ -63.388316147713823, 45.060252391982409 ], [ -63.387832944421824, 45.059674192569545 ], [ -63.387453000871787, 45.05914212868371 ], [ -63.387209092115079, 45.058524749722338 ], [ -63.387299167824928, 45.058212122190035 ], [ -63.387524806351685, 45.057986326794534 ], [ -63.387747536579468, 45.057918133196623 ], [ -63.388174042474354, 45.057983289374768 ], [ -63.388796425436617, 45.058581775308191 ], [ -63.389468722574385, 45.059046362714675 ], [ -63.389906714927385, 45.05905925362454 ], [ -63.390121643868035, 45.058923571490993 ], [ -63.390344020702145, 45.058472517677536 ], [ -63.389969742694774, 45.057663554371565 ], [ -63.38982553588977, 45.056870035844661 ], [ -63.390150354225774, 45.056280914756996 ], [ -63.391465203806931, 45.054793034979042 ], [ -63.392111922203, 45.054862868319795 ], [ -63.392661416543675, 45.05509110635905 ], [ -63.393002211623816, 45.055584795251683 ], [ -63.392967000715295, 45.056399376071667 ], [ -63.393309044516322, 45.056679275565287 ], [ -63.393921668670053, 45.056878009755614 ], [ -63.394444253876664, 45.056933860851402 ], [ -63.395294707753585, 45.056887438952174 ], [ -63.396141855841421, 45.056697145381207 ], [ -63.397073510361551, 45.056403153867201 ], [ -63.398589517460607, 45.055584750432267 ], [ -63.399079366135659, 45.055337771614198 ], [ -63.399380440281085, 45.055222452984289 ], [ -63.400043386341196, 45.055208896711115 ], [ -63.400928269174813, 45.05540864529565 ], [ -63.401735148750667, 45.055744959262512 ], [ -63.402812467885738, 45.056000088415679 ], [ -63.403583045736369, 45.056007895387069 ], [ -63.403910079789824, 45.055924075958409 ], [ -63.404203117906654, 45.055770769012298 ], [ -63.404337327208594, 45.055539796753514 ], [ -63.404410183541614, 45.055230088063276 ], [ -63.404351378288233, 45.054486989324189 ], [ -63.404169395675439, 45.05392610348656 ], [ -63.403996844314335, 45.053614913766459 ], [ -63.403753972322008, 45.053306293367953 ], [ -63.403360299096946, 45.052867054446203 ], [ -63.403330548359484, 45.052686224386164 ], [ -63.403383722275962, 45.052575744150168 ], [ -63.403499950114458, 45.052461512089458 ], [ -63.404034664895192, 45.052368373230301 ], [ -63.405260604525751, 45.052236565655306 ], [ -63.405613872292903, 45.052299944896674 ], [ -63.405854217147379, 45.052373380382669 ], [ -63.406024456480338, 45.052481138922523 ], [ -63.406240797750293, 45.052692609370148 ], [ -63.406288090059078, 45.052849123980877 ], [ -63.406277038258636, 45.052986604438935 ], [ -63.406215979622722, 45.053070712620439 ], [ -63.406080348238518, 45.053168926332212 ], [ -63.405726765240345, 45.053328042597656 ], [ -63.405213417151018, 45.053598048439845 ], [ -63.405067769614071, 45.053738328041739 ], [ -63.405007561837877, 45.053861246788379 ], [ -63.405051103718939, 45.053996134433554 ], [ -63.405307964330852, 45.054270733813574 ], [ -63.405555675831401, 45.054419761299584 ], [ -63.405788721350575, 45.054532034761777 ], [ -63.406064210322775, 45.054633905978271 ], [ -63.406939078947268, 45.054814875926482 ], [ -63.407125544463653, 45.054905636834775 ], [ -63.407304952957134, 45.055051804850777 ], [ -63.407406243995638, 45.055188277999164 ], [ -63.407959825056196, 45.056342321990527 ], [ -63.408221077294499, 45.056633902481437 ], [ -63.408542711023991, 45.056833205702354 ], [ -63.409067418081037, 45.057196501002124 ], [ -63.409563039544082, 45.057529153124179 ], [ -63.409886627531598, 45.057778341894299 ], [ -63.410396211876964, 45.058151030474484 ], [ -63.410908793691441, 45.058387840026064 ], [ -63.411122602541703, 45.058445833280366 ], [ -63.411453873849787, 45.058462947800493 ], [ -63.412431253832594, 45.058340601139001 ], [ -63.413107507124614, 45.058479900175826 ], [ -63.413658492978406, 45.058577129658353 ], [ -63.414988224865425, 45.058324310536534 ], [ -63.416500724018441, 45.058371594848595 ], [ -63.417081719124518, 45.058249915830999 ], [ -63.417690403470893, 45.057997902757698 ], [ -63.418036772072725, 45.058045047525923 ], [ -63.418437255574212, 45.058178148176729 ], [ -63.41897768967015, 45.058364936385829 ], [ -63.419492003608376, 45.058455377661559 ], [ -63.420034977426383, 45.058408554635911 ], [ -63.420614539410494, 45.058294918555212 ], [ -63.420870155521854, 45.058187968711898 ], [ -63.421181990385669, 45.057978300609214 ], [ -63.421330914712833, 45.057827484994682 ], [ -63.421400112077109, 45.057651641707587 ], [ -63.421437543210963, 45.057379837945831 ], [ -63.421429242661844, 45.056513118419737 ], [ -63.421627074778335, 45.056229407888871 ], [ -63.421887374189772, 45.056033453463428 ], [ -63.422629187406692, 45.055721228915125 ], [ -63.422818454071162, 45.055581495314549 ], [ -63.423018516440337, 45.055342162755984 ], [ -63.42319636503958, 45.054962353632277 ], [ -63.423305676042766, 45.054631933596397 ], [ -63.423434629077164, 45.053978008785435 ], [ -63.42362405234018, 45.053485864805729 ], [ -63.423655843336476, 45.053226701997843 ], [ -63.42359423705426, 45.052711512337858 ], [ -63.423504269885193, 45.052398514171863 ], [ -63.423279808835325, 45.051994104406496 ], [ -63.423024552821403, 45.05183879390011 ], [ -63.422723094417925, 45.05173008896665 ], [ -63.421993735186007, 45.051561042934644 ], [ -63.42159712625913, 45.051372218919965 ], [ -63.421314480567112, 45.051157748930365 ], [ -63.421185932133469, 45.051014364841052 ], [ -63.421149628111024, 45.05077678877668 ], [ -63.421193744524999, 45.050587157702516 ], [ -63.42136982126673, 45.050376601506834 ], [ -63.421825628728207, 45.050062014173257 ], [ -63.421884078639728, 45.050029102991139 ], [ -63.422349095832047, 45.04975501252072 ], [ -63.422563504671686, 45.049585801007773 ], [ -63.422740008387954, 45.049392014135954 ], [ -63.42291520759025, 45.049107104036906 ], [ -63.423177586429098, 45.048503606157233 ], [ -63.423261298839186, 45.048022690990749 ], [ -63.42317398741082, 45.047616891533259 ], [ -63.423106797304186, 45.047500594239033 ], [ -63.422327810079928, 45.046718500185705 ], [ -63.421650794162808, 45.045784490991544 ], [ -63.421566194386862, 45.045560800463626 ], [ -63.421385205358206, 45.044404802855915 ], [ -63.42158589559525, 45.044049302547656 ], [ -63.42177059931678, 45.043919002623682 ], [ -63.422150516612867, 45.043793298863704 ], [ -63.422938338714481, 45.0437064118424 ], [ -63.423161242065632, 45.043681822813539 ], [ -63.423514197267544, 45.043642895355283 ], [ -63.423633514073209, 45.043598194743531 ], [ -63.42378618859162, 45.043435504846506 ], [ -63.423828305386692, 45.043250502873803 ], [ -63.42375189015835, 45.04309039876896 ], [ -63.42365000966965, 45.043000905237463 ], [ -63.422899798021447, 45.042682595982257 ], [ -63.422803800471002, 45.04258540259967 ], [ -63.422921312739966, 45.042338806357463 ], [ -63.423495873196593, 45.041887341523534 ], [ -63.423523790864017, 45.041866000795032 ], [ -63.423686996123386, 45.041806092261652 ], [ -63.423868012336435, 45.04173937365875 ], [ -63.424198021524909, 45.041617387841157 ], [ -63.424953724912825, 45.041691006676047 ], [ -63.425343789945529, 45.041881895378012 ], [ -63.425979059178104, 45.04243775519199 ], [ -63.426928746583727, 45.043010547913262 ], [ -63.428076276662281, 45.04343371578441 ], [ -63.428958948468761, 45.043653007187004 ], [ -63.430101684018098, 45.043737967523093 ], [ -63.4316794369118, 45.043382563492585 ], [ -63.432754158665404, 45.042913549974884 ], [ -63.433453166980264, 45.042499778948347 ], [ -63.43377268153052, 45.042139969702234 ], [ -63.433970055249155, 45.041784279750146 ], [ -63.434214271931019, 45.041075388459809 ], [ -63.434271104875855, 45.040694611615407 ], [ -63.43434813266385, 45.040488835604833 ], [ -63.434539059963974, 45.038528083577745 ], [ -63.434958445978978, 45.037312574108881 ], [ -63.435811853158121, 45.036335927765279 ], [ -63.436773596210053, 45.035687078145308 ], [ -63.437471201091867, 45.034988398631377 ], [ -63.437948468791802, 45.034306149737532 ], [ -63.438182822192658, 45.03350710318459 ], [ -63.437945480061337, 45.032524939060139 ], [ -63.437055535270844, 45.030841676400691 ], [ -63.435876587331052, 45.029562267963875 ], [ -63.43578341903256, 45.029136474163359 ], [ -63.435871854543002, 45.028807498365147 ], [ -63.436107690087418, 45.028521395998041 ], [ -63.436431903258608, 45.028336014861374 ], [ -63.436997151849383, 45.028263530242576 ], [ -63.437490307810961, 45.028079548745303 ], [ -63.437766034556454, 45.027728788702817 ], [ -63.437781616508694, 45.027250541330545 ], [ -63.436997585900556, 45.026429767350997 ], [ -63.43636590235598, 45.025529217035142 ], [ -63.435639952385174, 45.023496602229038 ], [ -63.434976796301704, 45.021787686411066 ], [ -63.43444158817703, 45.021103636151501 ], [ -63.433520218728056, 45.018479645891588 ], [ -63.433425673870765, 45.017959925460424 ], [ -63.433527842773024, 45.017420999311192 ], [ -63.4339900815108, 45.016380007106008 ], [ -63.435054980516497, 45.013497291218947 ], [ -63.435086727646215, 45.013411319630855 ], [ -63.435182792729876, 45.013151191207811 ], [ -63.435793500130444, 45.012080853425381 ], [ -63.43610108577704, 45.010399708289988 ], [ -63.435855191892919, 45.009597220639918 ], [ -63.433763751824905, 45.007836280700701 ], [ -63.432922331845973, 45.006951078486999 ], [ -63.432281119898171, 45.005313482958023 ], [ -63.431686925627325, 45.003780984950673 ], [ -63.431852951566079, 45.002975965210503 ], [ -63.432409363657044, 45.002433951662397 ], [ -63.433067387246759, 45.001427696056311 ], [ -63.433201637033179, 45.001302082038649 ], [ -63.433362662042732, 45.001241591863469 ], [ -63.433801935619229, 45.001233786576051 ], [ -63.435067712933048, 45.001479185975292 ], [ -63.437783001562948, 45.002197192340887 ], [ -63.440711683159073, 45.002468494672677 ], [ -63.443305910626073, 45.002175303267251 ], [ -63.446044410932181, 45.002085146036997 ], [ -63.448056826770681, 45.001605491868531 ], [ -63.449200886010082, 45.000887680737854 ], [ -63.450533995030213, 45.000043933157968 ], [ -63.450731324074212, 44.999919017380556 ], [ -63.451685572790488, 44.999744976408756 ], [ -63.453667169278845, 44.999000183093266 ], [ -63.454865775930621, 44.998129795115624 ], [ -63.456026805108294, 44.996704983218734 ], [ -63.456318138038128, 44.996347446734397 ], [ -63.457628628485345, 44.995549303392551 ], [ -63.45804278843503, 44.994935692228267 ], [ -63.45801904369975, 44.994536680803208 ], [ -63.457518361915959, 44.993926147669193 ], [ -63.456077064861532, 44.992643497574221 ], [ -63.456172925528641, 44.992278604014338 ], [ -63.456399439703283, 44.992022972711396 ], [ -63.456725834550042, 44.991838660285723 ], [ -63.457217853010832, 44.991813873968084 ], [ -63.458155308909696, 44.991684251286124 ], [ -63.460505323585267, 44.990703260845294 ], [ -63.46128723149728, 44.989913782833298 ], [ -63.461217624372345, 44.988845248806783 ], [ -63.461337109507582, 44.988482013263024 ], [ -63.462501170609038, 44.987576943506994 ], [ -63.463889205499434, 44.986748400738257 ], [ -63.465577681026105, 44.986449483094709 ], [ -63.467325618553211, 44.986598481158929 ], [ -63.467936835132342, 44.986458286919934 ], [ -63.468067209326755, 44.986428399002946 ], [ -63.468894209293104, 44.986036357843595 ], [ -63.469716875532299, 44.985197998109136 ], [ -63.470400814793585, 44.984255512672846 ], [ -63.471712510008977, 44.983132767625527 ], [ -63.472172305505758, 44.982308031330824 ], [ -63.472099340194291, 44.981439218694931 ], [ -63.471988254105298, 44.980603061817135 ], [ -63.472149260826392, 44.980338450926503 ], [ -63.472485842682836, 44.979952949436573 ], [ -63.474624808636939, 44.979269502001223 ], [ -63.475581309453304, 44.9789832281757 ], [ -63.476129764604487, 44.978810616554483 ], [ -63.47725679625794, 44.978235373602161 ], [ -63.477482389511017, 44.978089369556692 ], [ -63.478049352815361, 44.977659519955623 ], [ -63.478261641144869, 44.977480735152227 ], [ -63.479226217751524, 44.976184132048182 ], [ -63.480361226996365, 44.975144014333566 ], [ -63.481332523180221, 44.973774574125009 ], [ -63.481469068777514, 44.973583768157987 ], [ -63.482003855785671, 44.972800376723761 ], [ -63.483279447134777, 44.971706222948022 ], [ -63.485005626759104, 44.970423146100359 ], [ -63.485957485254417, 44.970125312027839 ], [ -63.487019762651656, 44.96996189987474 ], [ -63.487658967791347, 44.969536576688633 ], [ -63.48808081475741, 44.968767491130819 ], [ -63.488404925609153, 44.967189804706877 ], [ -63.488339055298731, 44.966226614205219 ], [ -63.488762574953576, 44.965264288151559 ], [ -63.48997266936712, 44.964660275867665 ], [ -63.490997984497604, 44.963925101717528 ], [ -63.491809031233338, 44.962780777783109 ], [ -63.492383484521454, 44.96239284166937 ], [ -63.49321800458781, 44.962171311348882 ], [ -63.494502369798724, 44.961882163159316 ], [ -63.494828501539175, 44.961717602208168 ], [ -63.495178081082095, 44.961427392457637 ], [ -63.496080088987277, 44.961159056903576 ], [ -63.497574058879444, 44.960990971192061 ], [ -63.498904950140613, 44.961197081656351 ], [ -63.499180271616581, 44.961253882939914 ], [ -63.499345031169128, 44.961285503014352 ], [ -63.499999992480234, 44.961678392361833 ], [ -63.500614827365631, 44.962047180657287 ], [ -63.501866366355671, 44.962466285905371 ], [ -63.502231136752172, 44.962476480999435 ], [ -63.503001358880638, 44.962498016037429 ], [ -63.504245039631975, 44.962988505369488 ], [ -63.5048533826414, 44.963730841446626 ], [ -63.505247550057703, 44.963850573885843 ], [ -63.506081643988949, 44.963862610133567 ], [ -63.508253302012385, 44.963750058142267 ], [ -63.509106740122157, 44.963150295640496 ], [ -63.508824966688643, 44.961994321255055 ], [ -63.507875631121905, 44.96135294559155 ], [ -63.507725388129479, 44.960788888075939 ], [ -63.508416324854224, 44.96043046595787 ], [ -63.509576357988628, 44.960687271034089 ], [ -63.510080305635206, 44.96124554807659 ], [ -63.510583499121118, 44.961454108643693 ], [ -63.511636820689716, 44.961443381289904 ], [ -63.513628867595102, 44.960380512784894 ], [ -63.514475807304159, 44.960124827665339 ], [ -63.514535752893714, 44.960106719654469 ], [ -63.514960187161954, 44.959709687963496 ], [ -63.515099274850179, 44.959579604088795 ], [ -63.515290444840858, 44.958937598616707 ], [ -63.516555506767965, 44.957964445052312 ], [ -63.517754858212953, 44.956610282199229 ], [ -63.518374924433942, 44.955852949529579 ], [ -63.51871684190148, 44.955408538445781 ], [ -63.519264009348738, 44.954368592477365 ], [ -63.520072160461091, 44.952761693472077 ], [ -63.520499369909366, 44.951720979072498 ], [ -63.521772027962399, 44.950676358272027 ], [ -63.522250856432628, 44.949630385244056 ], [ -63.52332245204159, 44.948423879285535 ], [ -63.525003552719134, 44.945903419573568 ], [ -63.52622399439656, 44.94463265894634 ], [ -63.526471116551306, 44.943629406901593 ], [ -63.527288499171128, 44.942641280013468 ], [ -63.528260667834054, 44.942150276332306 ], [ -63.530284575510414, 44.940608233456139 ], [ -63.530758252525125, 44.939879780472637 ], [ -63.53021043502325, 44.938975882690606 ], [ -63.530902424324488, 44.938424051666949 ], [ -63.53263455261353, 44.938019833066988 ], [ -63.53295772845869, 44.937360031027723 ], [ -63.532564040535192, 44.936656601899891 ], [ -63.531790776339896, 44.935801649449019 ], [ -63.531265021230617, 44.933480444122601 ], [ -63.530575450879539, 44.932727924364301 ], [ -63.530600527777594, 44.932189330365929 ], [ -63.533094448910781, 44.932203139498526 ], [ -63.534386891899203, 44.931805808889486 ], [ -63.53463946259108, 44.931778880339849 ], [ -63.535721574695565, 44.931350209331129 ], [ -63.536377216997685, 44.931449414355171 ], [ -63.536921990094207, 44.931688904998346 ], [ -63.538368928777018, 44.9364480027401 ], [ -63.538396240947613, 44.936451636743556 ], [ -63.539974373347441, 44.936661794603651 ], [ -63.540560672272434, 44.936734801174033 ], [ -63.540907278626108, 44.93681250495144 ], [ -63.541043300120286, 44.936855931826209 ], [ -63.541173188718844, 44.936888545882496 ], [ -63.541269734833847, 44.936896532081143 ], [ -63.54264270046459, 44.937241108101482 ], [ -63.543453042061188, 44.937745892497922 ], [ -63.544009645981347, 44.939172954997346 ], [ -63.544422214272309, 44.940230661648805 ], [ -63.544912890454945, 44.941911195828546 ], [ -63.545438113415443, 44.943050436114028 ], [ -63.546356921184852, 44.943502854306956 ], [ -63.547866279045785, 44.942811930284307 ], [ -63.550567196161722, 44.9415656610783 ], [ -63.551439452393986, 44.941421253158907 ], [ -63.552377050096787, 44.941587945780562 ], [ -63.5532622764308, 44.941998053528977 ], [ -63.553896549834917, 44.943185260521368 ], [ -63.554829180699045, 44.94341407473928 ], [ -63.555687823337735, 44.943357929270441 ], [ -63.556996869512403, 44.943085573129501 ], [ -63.557655840862346, 44.942948447861738 ], [ -63.559292013912128, 44.941871574104688 ], [ -63.55946138940304, 44.941385749999853 ], [ -63.559136900599285, 44.94101805904085 ], [ -63.558524281153773, 44.939780365064728 ], [ -63.558580083998947, 44.93951518785591 ], [ -63.55883336204186, 44.939357379263456 ], [ -63.559104641074661, 44.938986157961715 ], [ -63.559241583889779, 44.938334499228695 ], [ -63.559569343246473, 44.938045163677501 ], [ -63.561699519746021, 44.937876154228022 ], [ -63.563305156871628, 44.937901914507442 ], [ -63.563732217753611, 44.938093412253465 ], [ -63.563981077899804, 44.938395215720178 ], [ -63.564290708377584, 44.938475512985775 ], [ -63.564864202693073, 44.938306115129443 ], [ -63.566406418219536, 44.936958256331145 ], [ -63.567879174723579, 44.936577615498599 ], [ -63.568374640036325, 44.936010721068257 ], [ -63.568564953058896, 44.935332514244102 ], [ -63.56814069070181, 44.93481833347559 ], [ -63.568039988798468, 44.93236124371451 ], [ -63.568757111147342, 44.930366703340255 ], [ -63.569676662800362, 44.928693063924186 ], [ -63.569974726486855, 44.928476862008054 ], [ -63.570429845773987, 44.928146727671852 ], [ -63.570697312897572, 44.927751167525749 ], [ -63.570696608539492, 44.927196506549897 ], [ -63.57019274988145, 44.926437579117831 ], [ -63.570327162180142, 44.925671843755751 ], [ -63.570571262173516, 44.925370492355682 ], [ -63.571134873533502, 44.925895138793358 ], [ -63.572161771528734, 44.9268529577501 ], [ -63.572400972133678, 44.927076064623591 ], [ -63.57814017747841, 44.932420515427388 ], [ -63.579845781077132, 44.934009181665161 ], [ -63.590003297750371, 44.94421988138162 ], [ -63.591945800316694, 44.949637884224536 ], [ -63.592942943699029, 44.949472228889277 ], [ -63.596273689102254, 44.948783987250366 ], [ -63.60289938228405, 44.947640495092749 ], [ -63.606489498778956, 44.946966672376512 ], [ -63.612261942156067, 44.945901434552127 ], [ -63.615615070341413, 44.945282487553513 ], [ -63.621782011595776, 44.944180236991471 ], [ -63.630887123555603, 44.942551963684991 ], [ -63.663144740065988, 44.936732820127489 ], [ -63.663164998340555, 44.936729138982521 ], [ -63.664251402241391, 44.93633299821672 ], [ -63.666999396786892, 44.935328575540936 ], [ -63.667115051625849, 44.935279664189828 ], [ -63.669962402932882, 44.93407568534753 ], [ -63.670858619495149, 44.933696713510997 ], [ -63.67285158161237, 44.93285387324714 ], [ -63.673603189413001, 44.932535964530153 ], [ -63.678825071997856, 44.930327211883331 ], [ -63.684190943613402, 44.927874702381004 ], [ -63.684567724077432, 44.92770248621494 ], [ -63.685328966959062, 44.927354490782882 ], [ -63.689000411894092, 44.925676058799993 ], [ -63.689861696411192, 44.925282255650338 ], [ -63.691663217161739, 44.924458540027103 ], [ -63.69242631326879, 44.924109613176853 ], [ -63.697700519449526, 44.921829243038012 ], [ -63.698836198004706, 44.921338157323198 ], [ -63.703056801251371, 44.919545078971574 ], [ -63.711836879128711, 44.915240676949885 ], [ -63.712493435059514, 44.914918737082459 ], [ -63.712612212868038, 44.914860515018376 ], [ -63.718537499148653, 44.912245676859349 ], [ -63.721738213204546, 44.910306399809706 ], [ -63.731395241479085, 44.905690741154409 ], [ -63.735946650193114, 44.903514699336633 ], [ -63.737563793317392, 44.902741456097864 ], [ -63.74309376050423, 44.900359531166586 ], [ -63.747672519524826, 44.898301219194103 ], [ -63.75114022083676, 44.896531699116345 ], [ -63.752471233085096, 44.895852419034384 ], [ -63.755051524641722, 44.894149612483609 ], [ -63.755787695658526, 44.893663756108936 ], [ -63.756429763736577, 44.893078130587604 ], [ -63.758767445928434, 44.890945804622888 ], [ -63.762271429728116, 44.886756269758955 ], [ -63.762764267736451, 44.886166928414085 ], [ -63.764134843048829, 44.884527937253942 ], [ -63.764369023983853, 44.884247903434385 ], [ -63.765843841271604, 44.882484050932334 ], [ -63.767390222639385, 44.880791476490529 ], [ -63.76946403133509, 44.878521369433948 ], [ -63.770298879224484, 44.877607436041615 ], [ -63.771752208403733, 44.876016314849259 ], [ -63.772376513096354, 44.875328622453829 ], [ -63.774495710381558, 44.872993992033358 ], [ -63.775123434049867, 44.872325010383733 ], [ -63.775790487440418, 44.871610788683604 ], [ -63.77622333464975, 44.871120527109476 ], [ -63.778911817824088, 44.867960901221636 ], [ -63.779439188159728, 44.867341035182164 ], [ -63.779729764867, 44.866999501273156 ], [ -63.781356495203809, 44.865087249355042 ], [ -63.781421224392496, 44.865011133929777 ], [ -63.783397304046247, 44.862688274144141 ], [ -63.783706101064645, 44.862325255234822 ], [ -63.786290831221088, 44.859286303746167 ], [ -63.786375741965109, 44.859191726708765 ], [ -63.790613628683914, 44.854003685112389 ], [ -63.791477003374951, 44.852947972884266 ], [ -63.791990795145431, 44.8522965105183 ], [ -63.796689205171504, 44.846677212917825 ], [ -63.798249103679005, 44.844777879578963 ], [ -63.798703047787086, 44.84423015114988 ], [ -63.799260084181405, 44.843469953623995 ], [ -63.80149748614911, 44.840281953703254 ], [ -63.801622138709639, 44.840096476298861 ], [ -63.801773305957859, 44.839858223093309 ], [ -63.801954391771609, 44.839829852322119 ], [ -63.802357484996406, 44.839219573635802 ], [ -63.805414426230236, 44.833551652650726 ], [ -63.805575883975735, 44.833339992272087 ], [ -63.806869448811419, 44.831667942767247 ], [ -63.809173714310042, 44.828689061373794 ], [ -63.809799209972809, 44.82787402093242 ], [ -63.809958837860023, 44.827666001143271 ], [ -63.811104061951873, 44.825632381335033 ], [ -63.811883736487552, 44.821178560813166 ], [ -63.81257876782729, 44.819431470545027 ], [ -63.813309365097901, 44.817594841946701 ], [ -63.815191690807346, 44.814551606289228 ], [ -63.81826683650133, 44.811860828358142 ], [ -63.822263664552821, 44.809213758122169 ], [ -63.831194159409364, 44.804040829250816 ], [ -63.833525498546138, 44.801342197443788 ], [ -63.835906255253704, 44.798055814259207 ], [ -63.839215751468124, 44.794186890641434 ], [ -63.841080947122784, 44.792395679927417 ], [ -63.842855448207601, 44.790885573631307 ], [ -63.84450300966656, 44.789483351676758 ], [ -63.847978637583957, 44.788232834399075 ], [ -63.85219528651227, 44.787811087007718 ], [ -63.857923636997867, 44.789515943826594 ], [ -63.864033969942341, 44.795735596656094 ], [ -63.865004357935909, 44.796386356841275 ], [ -63.86603855785188, 44.796286012891514 ], [ -63.87045323467342, 44.795857642610009 ], [ -63.870939905852588, 44.795810411785347 ], [ -63.886669709004394, 44.794282148653792 ], [ -63.889404115045934, 44.794016200015726 ], [ -63.892575128595496, 44.793707666168345 ], [ -63.894784728255019, 44.793350666853719 ], [ -63.895913782846456, 44.793232699389165 ], [ -63.897020895862248, 44.793117022458148 ], [ -63.897960217023588, 44.793018082109491 ], [ -63.899737098518649, 44.792820824007713 ], [ -63.900870083962239, 44.792695024814208 ], [ -63.90283758551179, 44.792476527596286 ], [ -63.906565444151347, 44.792062479193554 ], [ -63.90915051520863, 44.791745587502206 ], [ -63.909423760115828, 44.791712075918007 ], [ -63.911210334680398, 44.79151720068149 ], [ -63.914575719980895, 44.791559165713515 ], [ -63.920488043891694, 44.79096383208082 ], [ -63.920977309074232, 44.790914555229861 ], [ -63.924814961227462, 44.790527916754741 ], [ -63.940069581172516, 44.789071305994511 ], [ -63.940473507149115, 44.789033083664926 ], [ -63.943803862581433, 44.788707094177894 ], [ -63.955292132170136, 44.787631046142664 ], [ -63.974243585854175, 44.78589027928269 ], [ -63.978794258902127, 44.785468244137796 ], [ -63.979916891423308, 44.785364109708048 ], [ -64.000000001026024, 44.78349849689306 ], [ -64.001547648762696, 44.783354534300251 ], [ -64.004160565543643, 44.783111430137303 ], [ -64.007803000165069, 44.782772397902107 ], [ -64.009514449177317, 44.782613038680722 ], [ -64.013944549261865, 44.782200402231723 ], [ -64.015988974400841, 44.782009896794904 ], [ -64.021338584257066, 44.781511188994187 ], [ -64.034614467772442, 44.780272103458998 ], [ -64.035761998326635, 44.780164893786477 ], [ -64.037194160193351, 44.780031075002555 ], [ -64.04061677528145, 44.779711221459927 ], [ -64.04344279464641, 44.779446999783268 ], [ -64.055399595602282, 44.778328074626003 ], [ -64.084648370182407, 44.775584026594728 ], [ -64.091685085691836, 44.774922369300533 ], [ -64.098939083549254, 44.774239711486864 ], [ -64.115312766335137, 44.772696526500454 ], [ -64.123652237971854, 44.771909376151633 ], [ -64.142943241662223, 44.770085433222754 ], [ -64.144203789360787, 44.769966106864764 ], [ -64.145962350050283, 44.769799599257269 ], [ -64.154431339817762, 44.768997215708183 ], [ -64.17806712506011, 44.766753472578195 ], [ -64.185299097976383, 44.766065663442696 ], [ -64.213814674039256, 44.763347709496998 ], [ -64.233784324351518, 44.761438703776058 ], [ -64.237147135325586, 44.760864506970904 ], [ -64.240589566619832, 44.763003768877446 ], [ -64.250391663344004, 44.770346494024771 ], [ -64.251064262621995, 44.770817006863624 ], [ -64.261186805017772, 44.777896423019847 ], [ -64.265623739232069, 44.781024465076769 ], [ -64.279876940312093, 44.791068941463656 ], [ -64.285588956071976, 44.795092531098476 ], [ -64.28650970514974, 44.795741016183662 ], [ -64.287505027860362, 44.796453488578628 ], [ -64.29226200309509, 44.799858276216618 ], [ -64.302227441941966, 44.806988707714034 ], [ -64.308871545198286, 44.811740924164575 ], [ -64.311221618113393, 44.813497408449628 ], [ -64.313945073045062, 44.815376808069978 ], [ -64.315349390701314, 44.816375091487693 ], [ -64.316284021123408, 44.817039441753415 ], [ -64.316627222421104, 44.817284696736301 ], [ -64.317321662357358, 44.81778101623253 ], [ -64.32230877841387, 44.821344723922671 ], [ -64.323081612050402, 44.821896746021629 ], [ -64.324317640433065, 44.822780002623908 ], [ -64.328909727719747, 44.826060433293023 ], [ -64.34035424867767, 44.83423298436086 ], [ -64.349386447883759, 44.840637550667402 ], [ -64.359188007520714, 44.847715579823706 ], [ -64.359332703868475, 44.84781944168855 ], [ -64.374158209265502, 44.858454826093045 ], [ -64.381822387404171, 44.863950188239627 ], [ -64.39147060212899, 44.870832042852193 ], [ -64.392486653839086, 44.871556588944337 ], [ -64.40130946568641, 44.877846875456967 ], [ -64.404926167552546, 44.880424739647601 ], [ -64.406845474288886, 44.881792575421656 ], [ -64.409374269260681, 44.883594604972771 ], [ -64.411109472734694, 44.884831001545159 ], [ -64.414624049754352, 44.887334988897678 ], [ -64.415793772017807, 44.888168257625018 ], [ -64.432210141682148, 44.899311414265199 ], [ -64.446727323408254, 44.889457522436928 ], [ -64.447814762205468, 44.888718883894086 ], [ -64.453175307200539, 44.885077258811904 ], [ -64.477428448321518, 44.868590567806628 ], [ -64.482959222102707, 44.864828453397458 ], [ -64.486089065063453, 44.862699055860446 ], [ -64.487056371604368, 44.86204092884681 ], [ -64.488857412197021, 44.860815410335455 ], [ -64.497176753934653, 44.855153313057961 ], [ -64.499992350239452, 44.853232381452791 ], [ -64.514195483019037, 44.843559787682388 ], [ -64.521131277278243, 44.838846497701397 ], [ -64.523130119068355, 44.837483750470874 ], [ -64.523640399184401, 44.837136970645879 ], [ -64.526135752972237, 44.838936576736693 ], [ -64.528599191316843, 44.840714710950799 ], [ -64.529433890861554, 44.841316214382552 ], [ -64.52943404411711, 44.841316097701238 ], [ -64.530952829519123, 44.840205071296175 ], [ -64.541859506480819, 44.832262922418643 ], [ -64.542441361845022, 44.831839655134239 ], [ -64.54510532554518, 44.829901616138024 ], [ -64.545504108817809, 44.829611498115916 ], [ -64.547339380584177, 44.82827616439792 ], [ -64.547748366371053, 44.827978570315302 ], [ -64.547750552769358, 44.827974506295888 ], [ -64.547768907958783, 44.827963631834535 ], [ -64.547921271844487, 44.827852775501647 ], [ -64.548695534427779, 44.827289386611675 ], [ -64.549388475632995, 44.82678513918254 ], [ -64.551094672136244, 44.825543547744495 ], [ -64.551234487120425, 44.825441793374232 ], [ -64.554674267139816, 44.822938365813293 ], [ -64.554964093070879, 44.822727379236774 ], [ -64.557406962007718, 44.820949248684947 ], [ -64.569917440963238, 44.811841747870631 ], [ -64.597212556473934, 44.792107728539342 ], [ -64.600723713612112, 44.789567485700282 ], [ -64.607761265487397, 44.784474810819361 ], [ -64.609778974615423, 44.783014386799294 ], [ -64.609786465335191, 44.782962067144311 ], [ -64.609796710791926, 44.782888746617644 ], [ -64.609817416594368, 44.782748392261993 ], [ -64.609874000652582, 44.782689704345024 ], [ -64.609957205291579, 44.78269060434215 ], [ -64.610083206157256, 44.78280503359354 ], [ -64.61020416135716, 44.782706620881633 ], [ -64.632345770431598, 44.766671894580881 ], [ -64.638974355550602, 44.761868489812819 ], [ -64.655230703805529, 44.750082415990057 ], [ -64.656456036728926, 44.749165861988445 ], [ -64.660883177047737, 44.745982297893413 ], [ -64.662042874185971, 44.745140989499141 ], [ -64.674580548019449, 44.735485534195213 ], [ -64.682078994812798, 44.729999424314208 ], [ -64.683904624591321, 44.728669018500817 ], [ -64.684554397454335, 44.728195454082581 ], [ -64.691742186078159, 44.722956472601517 ], [ -64.691992793452044, 44.723349295830907 ], [ -64.692094708385994, 44.723511592624703 ], [ -64.692196895512851, 44.723681991226393 ], [ -64.69229759971762, 44.723843506380959 ], [ -64.692387187050102, 44.724015000320243 ], [ -64.692475510191045, 44.724185612374775 ], [ -64.692793299078772, 44.724733696064462 ], [ -64.693351400904064, 44.725641803823926 ], [ -64.693394811479138, 44.72570910473938 ], [ -64.693433293104164, 44.725777911589987 ], [ -64.69346659691044, 44.725848004974765 ], [ -64.693504297906472, 44.725947393137822 ], [ -64.69351759525739, 44.725991499946112 ], [ -64.693535105587543, 44.726064398108868 ], [ -64.693547186520448, 44.726138002085989 ], [ -64.693553990723004, 44.726211890041213 ], [ -64.693555400982532, 44.726271687998427 ], [ -64.693555992381491, 44.726505691834639 ], [ -64.693532192025756, 44.726730199249161 ], [ -64.693507519054535, 44.726964600385685 ], [ -64.693508492564462, 44.727171693066005 ], [ -64.693496797293989, 44.727378889296176 ], [ -64.693484913686831, 44.727576208470673 ], [ -64.693459418213322, 44.727783695940566 ], [ -64.693460895111684, 44.727930308782504 ], [ -64.69345169254612, 44.72807689431086 ], [ -64.693431682030266, 44.728222800811459 ], [ -64.693400983691802, 44.728367900918229 ], [ -64.693359709260321, 44.728511593134364 ], [ -64.693307902895185, 44.728653503592525 ], [ -64.69324579030031, 44.728793400524928 ], [ -64.693185402245021, 44.728909399866637 ], [ -64.693110011607601, 44.729008689977583 ], [ -64.692996790842415, 44.729197609218595 ], [ -64.692897483831942, 44.729386302512047 ], [ -64.692796912329257, 44.729575999970841 ], [ -64.6926963994255, 44.729764690774353 ], [ -64.692558804387929, 44.730071011885322 ], [ -64.692307402946312, 44.730674295206065 ], [ -64.692069891815464, 44.731233284704373 ], [ -64.691756790619309, 44.731800494579787 ], [ -64.691517895242399, 44.732097599407325 ], [ -64.691496194298566, 44.732128408438371 ], [ -64.691472308199167, 44.732158314200504 ], [ -64.691446192929362, 44.732187385598841 ], [ -64.691417995193021, 44.732215392940162 ], [ -64.69138780877536, 44.732242311198981 ], [ -64.691355695239352, 44.732268104892277 ], [ -64.691321692833526, 44.732292592318785 ], [ -64.69128589822644, 44.732315804848668 ], [ -64.691248610332607, 44.732337700837284 ], [ -64.691209597830309, 44.732358094287363 ], [ -64.691169215173062, 44.732377100230345 ], [ -64.691101290357466, 44.7324043881611 ], [ -64.690912085120857, 44.732458507841173 ], [ -64.690193299610385, 44.73262218949008 ], [ -64.689865706066016, 44.732694591372734 ], [ -64.689701414794541, 44.732731199984848 ], [ -64.68959179191657, 44.732758292269139 ], [ -64.689484307247412, 44.732789406134252 ], [ -64.689379207029347, 44.732824399672296 ], [ -64.689247116264411, 44.732875701636367 ], [ -64.689177589737582, 44.732906101664149 ], [ -64.689081500717748, 44.732952505391722 ], [ -64.688989012467317, 44.733002407173167 ], [ -64.688900210131663, 44.733055612813416 ], [ -64.68884429701788, 44.733092289214731 ], [ -64.688378054490428, 44.733513938495165 ], [ -64.688365605080449, 44.733525205310578 ], [ -64.688289891139306, 44.733615409586385 ], [ -64.688239005236241, 44.733667721992617 ], [ -64.687825103160975, 44.734093105937269 ], [ -64.687660584215465, 44.734254901555545 ], [ -64.687383609957649, 44.734543395830258 ], [ -64.686991089254022, 44.73496268894624 ], [ -64.686767416629522, 44.735201597128714 ], [ -64.686733904278753, 44.735244796170434 ], [ -64.686703596414048, 44.735289312672492 ], [ -64.686676601807463, 44.735334793699636 ], [ -64.686652982039448, 44.735381203777592 ], [ -64.686632798691221, 44.735428507431777 ], [ -64.686616210312351, 44.735476395613162 ], [ -64.686602997096358, 44.735524907901521 ], [ -64.686593484466144, 44.735573900337563 ], [ -64.686587499809747, 44.735623095038321 ], [ -64.686585201383764, 44.735672487905155 ], [ -64.686586501450378, 44.735721911797789 ], [ -64.686591417866978, 44.735771095191417 ], [ -64.686600006171034, 44.735820194766561 ], [ -64.686612102672456, 44.735868796874954 ], [ -64.68662778650517, 44.735916899465096 ], [ -64.686656295309703, 44.735984694566142 ], [ -64.687039002884987, 44.737027803790681 ], [ -64.687369681361403, 44.73797260347893 ], [ -64.687663803321286, 44.738836096499718 ], [ -64.687917387567964, 44.7395192085581 ], [ -64.688133802343074, 44.739968789298651 ], [ -64.688464911813043, 44.740670597054326 ], [ -64.688553287749627, 44.740841293055986 ], [ -64.688642895354249, 44.741011889422431 ], [ -64.688718883901956, 44.74119259746228 ], [ -64.688769587738079, 44.741371894280405 ], [ -64.68882149567898, 44.741552108754 ], [ -64.688989110327881, 44.7425777069272 ], [ -64.689220090074897, 44.743873292967443 ], [ -64.689452014041223, 44.745069795593707 ], [ -64.68947800586264, 44.745267502991148 ], [ -64.689490107611661, 44.74546539007958 ], [ -64.689490804676339, 44.74566340369914 ], [ -64.689467514238487, 44.746077906175984 ], [ -64.689419501982869, 44.746770892652435 ], [ -64.68940730688027, 44.746960092947241 ], [ -64.689382681979041, 44.747157601217054 ], [ -64.689357611911944, 44.747248000477114 ], [ -64.689332590085968, 44.747346485656124 ], [ -64.68928229115663, 44.747527288442122 ], [ -64.689206998839396, 44.74771651031886 ], [ -64.68896660427383, 44.748234595363876 ], [ -64.688906312970616, 44.74836470620469 ], [ -64.688529794262564, 44.749103003249679 ], [ -64.688467900130291, 44.749274111420682 ], [ -64.688404889257157, 44.749454092599798 ], [ -64.688330793809698, 44.749814403618835 ], [ -64.688305700815789, 44.749994791629767 ], [ -64.688305906419203, 44.750003788434285 ], [ -64.688305984714276, 44.750004701301869 ], [ -64.688305514746517, 44.750030895348893 ], [ -64.68829318982219, 44.750174187266225 ], [ -64.688281988281759, 44.750354396237064 ], [ -64.688282398167175, 44.750408387214527 ], [ -64.688282204470781, 44.750534399788258 ], [ -64.688295095985509, 44.750714300868687 ], [ -64.688321808489448, 44.750894803962147 ], [ -64.68835989885585, 44.751074312008448 ], [ -64.688538393111372, 44.751739699397433 ], [ -64.688602299816893, 44.751937706737706 ], [ -64.688666207080757, 44.752135714214262 ], [ -64.688730288364766, 44.75234270826887 ], [ -64.688781588278118, 44.75254089603925 ], [ -64.688820198914598, 44.752738294701345 ], [ -64.688859114363225, 44.752945693164925 ], [ -64.688936391227969, 44.753476597164472 ], [ -64.688963290593989, 44.754643590471638 ], [ -64.688964801479287, 44.754709504400999 ], [ -64.688965609296346, 44.754736501757399 ], [ -64.688942702313099, 44.755384112555959 ], [ -64.688931512908283, 44.75599639466617 ], [ -64.688883104185749, 44.756545406544504 ], [ -64.688808315176686, 44.757013697656262 ], [ -64.688771389550567, 44.757220400509134 ], [ -64.688721806826834, 44.757427296065408 ], [ -64.688646716107371, 44.75762550031817 ], [ -64.688559020538818, 44.757823997481289 ], [ -64.688446008315921, 44.758021908350862 ], [ -64.688095365871902, 44.758604555937112 ], [ -64.687892814178184, 44.758941100785698 ], [ -64.68785550828801, 44.759003797235337 ], [ -64.686837597877783, 44.760670694072601 ], [ -64.686755702388794, 44.760808813663687 ], [ -64.686296685800414, 44.761580802765572 ], [ -64.686284609413519, 44.761597991087889 ], [ -64.686209999510012, 44.761769289334921 ], [ -64.686147000290546, 44.761949402628865 ], [ -64.686096713613736, 44.762130090559445 ], [ -64.686047591358829, 44.762309991649573 ], [ -64.686009810385613, 44.762489689622626 ], [ -64.68598481254611, 44.762670096007227 ], [ -64.685960894422436, 44.762849604812949 ], [ -64.68594849579344, 44.763029911240785 ], [ -64.685948717456654, 44.763209902418097 ], [ -64.685961697096928, 44.763398803379189 ], [ -64.685975782436074, 44.763578605420612 ], [ -64.686001308585816, 44.763759207134171 ], [ -64.68615570876203, 44.764505903058627 ], [ -64.686258989443573, 44.765189391927329 ], [ -64.686271604412752, 44.765405301070686 ], [ -64.686260402817425, 44.76563051350962 ], [ -64.686222505546468, 44.765846205847978 ], [ -64.686173186173988, 44.766062103701636 ], [ -64.685885507931133, 44.76694499200277 ], [ -64.685422912813621, 44.768376897012104 ], [ -64.68511069286906, 44.769592303721588 ], [ -64.684846533558243, 44.770761931930032 ], [ -64.684824086407133, 44.770861296972257 ], [ -64.684823686719355, 44.770888293683662 ], [ -64.684811100992135, 44.770933498672662 ], [ -64.684387899729145, 44.772679894750929 ], [ -64.684362410640816, 44.772887308219033 ], [ -64.684363183789145, 44.77291429743245 ], [ -64.684363285279375, 44.772958598504793 ], [ -64.684363609878488, 44.77310340745985 ], [ -64.684389809444269, 44.773310004067461 ], [ -64.68465701064487, 44.774065893971176 ], [ -64.684899810617267, 44.77472219643159 ], [ -64.685141016453073, 44.775369493292175 ], [ -64.685319816160728, 44.775909701392102 ], [ -64.68551239931729, 44.776709811670862 ], [ -64.685641007224532, 44.777393893791356 ], [ -64.685654606042334, 44.777555713683711 ], [ -64.68564158355737, 44.777717996635971 ], [ -64.685629890659214, 44.777879296398183 ], [ -64.685580320620474, 44.778042096015461 ], [ -64.685530399371899, 44.778194907418509 ], [ -64.685165592895387, 44.778906095877048 ], [ -64.685039897363481, 44.779104201315874 ], [ -64.684926892078138, 44.779302983857058 ], [ -64.684826408836486, 44.779500696940822 ], [ -64.684738906153569, 44.77970819603923 ], [ -64.684664092233348, 44.779915400933703 ], [ -64.684629998139712, 44.780046498326278 ], [ -64.6845265811708, 44.780446801514948 ], [ -64.684337806478212, 44.780995999292848 ], [ -64.683974815996962, 44.781815196648829 ], [ -64.683748990412454, 44.782482003966805 ], [ -64.683736596932107, 44.782490299842578 ], [ -64.683727639822408, 44.782562593049242 ], [ -64.683712003370587, 44.782688695714555 ], [ -64.683725602340473, 44.78280550232612 ], [ -64.683762803804939, 44.782913904072721 ], [ -64.683801587125004, 44.783030308234977 ], [ -64.683852784726952, 44.783138506373135 ], [ -64.683916614311698, 44.78324650221321 ], [ -64.683992791864668, 44.783345299568978 ], [ -64.684119395273058, 44.783525304550466 ], [ -64.684600504523218, 44.784072708703718 ], [ -64.684944213805124, 44.784504202175683 ], [ -64.685019400885452, 44.784612107603564 ], [ -64.685070597430155, 44.784720193017669 ], [ -64.685121720764641, 44.784828393324929 ], [ -64.685160309832881, 44.78493591247932 ], [ -64.685185195102832, 44.785053411073555 ], [ -64.68519870755847, 44.785170300173881 ], [ -64.685267291281846, 44.787005694857903 ], [ -64.685295396553911, 44.787842502227008 ], [ -64.685298283323917, 44.788679705373944 ], [ -64.685286994394275, 44.789201999927187 ], [ -64.685287384480347, 44.789216800280535 ], [ -64.6852876891558, 44.78922899322346 ], [ -64.685276692147781, 44.789849385472181 ], [ -64.685264799490639, 44.790047606941613 ], [ -64.685240208519645, 44.790246010184923 ], [ -64.685215618248918, 44.790443498513298 ], [ -64.685190789415543, 44.790632893136511 ], [ -64.685153597134672, 44.790830594774896 ], [ -64.685110443923449, 44.79105046889854 ], [ -64.68505450034688, 44.791335293815116 ], [ -64.685041192802743, 44.79139849544972 ], [ -64.685004193867059, 44.791560199875697 ], [ -64.684767085178066, 44.792622394745621 ], [ -64.684617812002287, 44.793315906802462 ], [ -64.684505496173301, 44.793711888505754 ], [ -64.684367510236541, 44.794099214160802 ], [ -64.684192290310932, 44.794549197555568 ], [ -64.683967010742322, 44.795063006361225 ], [ -64.683917113190589, 44.795214901297861 ], [ -64.683904217123285, 44.795251996275432 ], [ -64.683875601391307, 44.79533833611729 ], [ -64.683841507959556, 44.795441097088208 ], [ -64.683791307276124, 44.795630010264802 ], [ -64.683756083266985, 44.795807080907615 ], [ -64.683753788381011, 44.795818708755611 ], [ -64.683728997449109, 44.796008095179019 ], [ -64.683706594943516, 44.796628699243989 ], [ -64.683682813491586, 44.79711520590218 ], [ -64.683682105692682, 44.79717819625882 ], [ -64.683670293855656, 44.797295396448398 ], [ -64.683645203894358, 44.797474895249636 ], [ -64.683596095218505, 44.797654788992304 ], [ -64.683532813233825, 44.797825898165478 ], [ -64.683445506320737, 44.797997289362392 ], [ -64.683332679100772, 44.798249202222792 ], [ -64.683219408731588, 44.798483107090895 ], [ -64.682879100998065, 44.799086794754437 ], [ -64.68274180678435, 44.799321094527656 ], [ -64.682740099078785, 44.799323703193501 ], [ -64.682439918068582, 44.799808000931883 ], [ -64.682339610393115, 44.799969797637836 ], [ -64.682310284765038, 44.800006199034229 ], [ -64.682288288532376, 44.800032604795142 ], [ -64.682212802539667, 44.800131905959226 ], [ -64.68210000857799, 44.800294702948626 ], [ -64.6819614994114, 44.800447996130117 ], [ -64.681823113620936, 44.800600303101511 ], [ -64.681671793704382, 44.800744809621129 ], [ -64.681507798135257, 44.800889394689271 ], [ -64.68070158937644, 44.801691688909365 ], [ -64.679806006192308, 44.802547507849297 ], [ -64.679138706147654, 44.803214510780982 ], [ -64.679062714944394, 44.803295701861195 ], [ -64.678924785033928, 44.803466996956523 ], [ -64.678798206090974, 44.8036380896121 ], [ -64.678698501034035, 44.803818702405387 ], [ -64.678597510782694, 44.803998399343172 ], [ -64.67853468810226, 44.804187506135591 ], [ -64.678471911868954, 44.80437660054055 ], [ -64.678347313843304, 44.804961696176036 ], [ -64.678248208008867, 44.805511394988017 ], [ -64.678197704433344, 44.805691293750115 ], [ -64.678135880154969, 44.805871405381595 ], [ -64.678060205258262, 44.806051603009578 ], [ -64.677971615332254, 44.806222202771217 ], [ -64.677871585983254, 44.806393809198518 ], [ -64.677758714907526, 44.806555702778098 ], [ -64.677631919184606, 44.806717797033244 ], [ -64.677116296164456, 44.807340190759348 ], [ -64.676611884249823, 44.808042600210904 ], [ -64.67651191136494, 44.808213312329933 ], [ -64.676435911058078, 44.808384502843445 ], [ -64.67636120148984, 44.808555807039944 ], [ -64.676298095114859, 44.808735896034705 ], [ -64.676248688847323, 44.808906695505861 ], [ -64.676223608908586, 44.809087104537191 ], [ -64.676198701060386, 44.809275587380462 ], [ -64.676186200989363, 44.809455887351156 ], [ -64.676200197281545, 44.809635708392058 ], [ -64.67621310062043, 44.809816506772357 ], [ -64.676264684428304, 44.810202804291642 ], [ -64.676389622242198, 44.81075729504942 ], [ -64.676392501318944, 44.810769908690006 ], [ -64.676401200191407, 44.810810211020879 ], [ -64.676504088386523, 44.811278704711313 ], [ -64.676520709142565, 44.811354008138956 ], [ -64.67666191143087, 44.811992898216779 ], [ -64.676675697223217, 44.812208801958391 ], [ -64.676688599706978, 44.812434490332244 ], [ -64.676689118396695, 44.812452497630211 ], [ -64.676689981642426, 44.812659605753275 ], [ -64.676677308883214, 44.812874892446054 ], [ -64.676640895382604, 44.813190486708187 ], [ -64.676614671488906, 44.813591312987626 ], [ -64.676605004930366, 44.81373929833142 ], [ -64.67659249950853, 44.813919489250175 ], [ -64.676605292318982, 44.814099311126142 ], [ -64.676631684451507, 44.814270004059225 ], [ -64.676682512265657, 44.814450202275189 ], [ -64.676745586612043, 44.814621193363926 ], [ -64.676835811665157, 44.814809811043972 ], [ -64.67700081619077, 44.815133291548108 ], [ -64.677083347151893, 44.815291364829676 ], [ -64.677165492062926, 44.815448702418827 ], [ -64.677267494835817, 44.815610092966018 ], [ -64.677407589982906, 44.815861906077643 ], [ -64.677878388096474, 44.816787588666251 ], [ -64.678272711906757, 44.817561404063376 ], [ -64.678361598781464, 44.817750001085045 ], [ -64.678526697641132, 44.818163507969736 ], [ -64.678565099791413, 44.818352909634356 ], [ -64.678604709906807, 44.818541399029577 ], [ -64.678617808929559, 44.81873111434934 ], [ -64.678617780815387, 44.818776105946561 ], [ -64.67861848609104, 44.818929092957063 ], [ -64.678593588541204, 44.819117697893908 ], [ -64.678568683991188, 44.819307105363478 ], [ -64.678507326859133, 44.819678930840986 ], [ -64.678494510835748, 44.819756509810631 ], [ -64.678395407756724, 44.820351202879834 ], [ -64.678358194699413, 44.820593885390082 ], [ -64.678358892240453, 44.820836901642444 ], [ -64.67837139896416, 44.821007810672889 ], [ -64.678384894878079, 44.821079604880453 ], [ -64.678437415383272, 44.821709893566172 ], [ -64.678527404247731, 44.822546708618454 ], [ -64.678541290391294, 44.822762484760041 ], [ -64.678592811923039, 44.822969709516407 ], [ -64.678655705544784, 44.823176709102199 ], [ -64.678695111987835, 44.823311199761193 ], [ -64.678793889187489, 44.82370759186179 ], [ -64.678809595992846, 44.823770392574986 ], [ -64.678861408693976, 44.824030703936877 ], [ -64.678875306007654, 44.824292512795104 ], [ -64.678863803118531, 44.824939895606434 ], [ -64.678841005960905, 44.825462402094075 ], [ -64.678816091034435, 44.825866890516231 ], [ -64.678768506395542, 44.826667913716157 ], [ -64.678756904101945, 44.82701018788056 ], [ -64.678719185420704, 44.827234902943644 ], [ -64.678657199872561, 44.82749600510563 ], [ -64.6786067146449, 44.82767579705515 ], [ -64.678591826379602, 44.827709897101599 ], [ -64.678531996158995, 44.827847095386723 ], [ -64.678456300805664, 44.828027288704519 ], [ -64.678450799545146, 44.828036187249772 ], [ -64.678355988836117, 44.828189902440563 ], [ -64.678331694384951, 44.828224504809327 ], [ -64.678260149635236, 44.828325915903015 ], [ -64.678241799449509, 44.828351902079532 ], [ -64.678116192511141, 44.828513890819536 ], [ -64.677965097622575, 44.828667395290438 ], [ -64.677858810532001, 44.828768808815404 ], [ -64.677813686259526, 44.828811891074764 ], [ -64.677435193572833, 44.829154095475765 ], [ -64.676994388997016, 44.829568410080782 ], [ -64.676855787659704, 44.829721693143384 ], [ -64.676717308800789, 44.829874905126658 ], [ -64.67661608296774, 44.830046603477555 ], [ -64.676515996916606, 44.830217312052973 ], [ -64.676440006675477, 44.830388507496245 ], [ -64.676075788780551, 44.831396698826964 ], [ -64.675963891904999, 44.831811492479751 ], [ -64.675913396901834, 44.831991399341895 ], [ -64.675888507446743, 44.832179912547787 ], [ -64.675877504285353, 44.832369209665934 ], [ -64.675877683356617, 44.832549202276958 ], [ -64.675890790818343, 44.832737992046063 ], [ -64.675929194303791, 44.832927407616438 ], [ -64.675979897501918, 44.83310668762433 ], [ -64.676070812244092, 44.833538398718943 ], [ -64.676095614858397, 44.83373700116929 ], [ -64.676121605345713, 44.833934601476592 ], [ -64.67612320170366, 44.834123711401077 ], [ -64.676110015138306, 44.834321902571759 ], [ -64.676097988473401, 44.834520109256403 ], [ -64.67606159999572, 44.834789801699067 ], [ -64.676041900925213, 44.834937686724885 ], [ -64.675999192376096, 44.835257994191693 ], [ -64.675988011942351, 44.835438191244251 ], [ -64.676001105988988, 44.835627006497404 ], [ -64.676002785969487, 44.835651302217826 ], [ -64.67601390545461, 44.835806902944597 ], [ -64.676040097117621, 44.835923494290441 ], [ -64.676051998012426, 44.835986397021813 ], [ -64.676194703861654, 44.836850296538863 ], [ -64.676386900469382, 44.837849412429179 ], [ -64.676425482809222, 44.838046907007026 ], [ -64.676464388612274, 44.838254190153805 ], [ -64.676490389043394, 44.838451907329961 ], [ -64.676502706698116, 44.838658813248237 ], [ -64.676516305165194, 44.838865607291957 ], [ -64.676516993886011, 44.839063694228152 ], [ -64.676518009720553, 44.839270710923678 ], [ -64.676508310321736, 44.83964800671616 ], [ -64.676506688995104, 44.839711993132795 ], [ -64.676446401541099, 44.840493289870508 ], [ -64.676433195661616, 44.840665509417093 ], [ -64.676405504771083, 44.840949517094572 ], [ -64.676376184337215, 44.841249895177647 ], [ -64.676371679715743, 44.841295605531769 ], [ -64.676360184025071, 44.841466798589437 ], [ -64.676335893085493, 44.841719306446301 ], [ -64.676249809885405, 44.842763011352886 ], [ -64.676178998056983, 44.844292595242621 ], [ -64.676156093122344, 44.844853806528633 ], [ -64.676152991977204, 44.844924002304332 ], [ -64.676120292651461, 44.845714901464568 ], [ -64.676112787590398, 44.845805008395729 ], [ -64.67610730463548, 44.845877096374252 ], [ -64.676096718416289, 44.846167100097865 ], [ -64.676096188724784, 44.846192290084289 ], [ -64.676096493769933, 44.846246386541566 ], [ -64.676082007762744, 44.846793905222867 ], [ -64.676061899133217, 44.847497295889944 ], [ -64.676049383320034, 44.847676599540939 ], [ -64.676056301915679, 44.847783591239164 ], [ -64.676062509494372, 44.847866294845446 ], [ -64.676069005769151, 44.847958110210762 ], [ -64.67607680298299, 44.848055203168279 ], [ -64.676089883465551, 44.848243995975587 ], [ -64.676103002098998, 44.848432912267668 ], [ -64.676116003479407, 44.848621707442248 ], [ -64.676141787126781, 44.848810399796882 ], [ -64.676167490567977, 44.849000009688794 ], [ -64.676193189584026, 44.849188591546479 ], [ -64.67621900617911, 44.849377294841965 ], [ -64.676258614996485, 44.849566694219412 ], [ -64.676284299997718, 44.849755299523935 ], [ -64.676322701988084, 44.849944696381435 ], [ -64.676340987983437, 44.850007506709282 ], [ -64.676341001603546, 44.850008399072948 ], [ -64.676348106383472, 44.850034398718122 ], [ -64.676437495836453, 44.850411998979354 ], [ -64.67655249045599, 44.850799201336073 ], [ -64.67673189967411, 44.851527607043252 ], [ -64.676833883871595, 44.851861006450399 ], [ -64.677141789760583, 44.853093288592618 ], [ -64.677243408949806, 44.853452792055137 ], [ -64.677653497931061, 44.855026696399129 ], [ -64.678165703549467, 44.85701490326209 ], [ -64.678652314176986, 44.858823495247734 ], [ -64.678677212393765, 44.858940199868961 ], [ -64.6789855968495, 44.860055509768159 ], [ -64.679100704193658, 44.860487701351587 ], [ -64.679126395401184, 44.860676394767459 ], [ -64.679152098667231, 44.860865008929885 ], [ -64.679165499788226, 44.861062901750856 ], [ -64.679178610602506, 44.861252597863277 ], [ -64.679178981694477, 44.861440802970264 ], [ -64.679166818725207, 44.861629997942146 ], [ -64.679142206239021, 44.861828396286732 ], [ -64.679129707668793, 44.861963593594851 ], [ -64.679117296230103, 44.862016902943402 ], [ -64.679079792911224, 44.862206491372589 ], [ -64.679042196256177, 44.862395189582003 ], [ -64.678879892282652, 44.862908892817543 ], [ -64.678767096389606, 44.863295892920007 ], [ -64.678466104012728, 44.864304014451292 ], [ -64.678436290110596, 44.864411598875932 ], [ -64.678318112490231, 44.864830992475056 ], [ -64.67820341776941, 44.865240499020317 ], [ -64.678179416790229, 44.86550189887366 ], [ -64.678166710596884, 44.865762296191676 ], [ -64.67818078008807, 44.865987106694725 ], [ -64.678195584179534, 44.866626104565739 ], [ -64.67819519815977, 44.866698102270398 ], [ -64.678236912865856, 44.867742593640415 ], [ -64.678227009414144, 44.868489006308785 ], [ -64.678226819500139, 44.868615098248476 ], [ -64.678214297826301, 44.868705310185852 ], [ -64.678214519555979, 44.868930299556993 ], [ -64.678213507331307, 44.868949119487468 ], [ -64.67820300998082, 44.869146493805957 ], [ -64.67809249864554, 44.870046610820083 ], [ -64.67802988729305, 44.870595689588818 ], [ -64.678030304333618, 44.870694700565565 ], [ -64.678055895565222, 44.870793402407962 ], [ -64.678069118733802, 44.870811200467301 ], [ -64.678081309361531, 44.870883000026872 ], [ -64.678106993832031, 44.870982592346841 ], [ -64.67815769385804, 44.871071889246366 ], [ -64.678209706954021, 44.871161999943524 ], [ -64.678488993851744, 44.871710606143154 ], [ -64.678718814507505, 44.872169093054197 ], [ -64.678744178001381, 44.87221460581263 ], [ -64.678768083233351, 44.872293890689868 ], [ -64.678781991779829, 44.87234010535709 ], [ -64.678834092840717, 44.872520184223134 ], [ -64.678872195195822, 44.872699697081899 ], [ -64.678898202863394, 44.872853313692467 ], [ -64.6789553946045, 44.875256009798228 ], [ -64.678997807380824, 44.876713699245457 ], [ -64.679002462247254, 44.876859347323773 ], [ -64.679011893968195, 44.877154596198757 ], [ -64.679026193607655, 44.87751450104669 ], [ -64.679065087434438, 44.877720997330634 ], [ -64.679102819444751, 44.87792839395712 ], [ -64.67911568668012, 44.877982208760912 ], [ -64.679166997150901, 44.87813539211723 ], [ -64.679243992516291, 44.878342184589073 ], [ -64.679396491989877, 44.878755785793174 ], [ -64.67940970328992, 44.87877360729123 ], [ -64.679830599212579, 44.879880086806281 ], [ -64.680069124057468, 44.88052010881303 ], [ -64.680112198205777, 44.880635712575113 ], [ -64.680264502720462, 44.881085408837599 ], [ -64.680672993001096, 44.882155090269677 ], [ -64.681094810413782, 44.883333597580425 ], [ -64.681251399873702, 44.883753486204391 ], [ -64.68141350588914, 44.884188592633812 ], [ -64.681657719892485, 44.884845769732017 ], [ -64.681784483423712, 44.885186897077027 ], [ -64.681860088563596, 44.885393707886834 ], [ -64.682128509926685, 44.886130598826838 ], [ -64.682332492835741, 44.88669748541254 ], [ -64.682345912652025, 44.886724309643583 ], [ -64.682626977394008, 44.88746190644472 ], [ -64.682664693336719, 44.887624284030601 ], [ -64.682690908068381, 44.887785907284389 ], [ -64.682704212694929, 44.88793879929149 ], [ -64.682705199779917, 44.888100802240992 ], [ -64.682679497460455, 44.888263211168621 ], [ -64.682642390309255, 44.888424897169116 ], [ -64.682567497179065, 44.888722212702611 ], [ -64.682429983798656, 44.889217497737349 ], [ -64.682405316585445, 44.88937000249841 ], [ -64.682392115911128, 44.88952319493815 ], [ -64.682392711493705, 44.889676302939726 ], [ -64.682418703768832, 44.889828891707751 ], [ -64.682457409636939, 44.889982294229625 ], [ -64.682508684234136, 44.890134604139007 ], [ -64.682635814918157, 44.890368504477905 ], [ -64.682724903862521, 44.890513103061132 ], [ -64.682852392560036, 44.890719088827225 ], [ -64.683221597242365, 44.891304193417362 ], [ -64.683565404160305, 44.891932914089537 ], [ -64.683857898019852, 44.892454297916842 ], [ -64.684061179083542, 44.892823106823101 ], [ -64.68469790073344, 44.893983104663228 ], [ -64.685385895265895, 44.895251190278437 ], [ -64.685780804291682, 44.895979110307621 ], [ -64.686137891966197, 44.896626402897198 ], [ -64.686200802163114, 44.89674339963328 ], [ -64.686570910263214, 44.897489594677317 ], [ -64.687055310455477, 44.898460995835862 ], [ -64.687143898682464, 44.898631594235518 ], [ -64.687233789573071, 44.898803085868039 ], [ -64.687322305509468, 44.898973799290921 ], [ -64.687398517144103, 44.899153601721501 ], [ -64.687475699677506, 44.899324393415888 ], [ -64.687769185688268, 44.90000509538438 ], [ -64.687781477836154, 44.900034605949472 ], [ -64.687896301135197, 44.900322788941807 ], [ -64.687921690529492, 44.900367389453557 ], [ -64.688040798103756, 44.900670890470892 ], [ -64.688040797243062, 44.900671806027951 ], [ -64.688109985618254, 44.900848196617517 ], [ -64.688512186867385, 44.901874018863552 ], [ -64.688534885988346, 44.901931902277454 ], [ -64.68854788285546, 44.901941603308579 ], [ -64.689300405440932, 44.903848010786902 ], [ -64.689889834859102, 44.905324584937425 ], [ -64.689914102618062, 44.905385389864918 ], [ -64.690206898448309, 44.906123802885539 ], [ -64.690566700144771, 44.907047609261411 ], [ -64.690578098983039, 44.907076996667662 ], [ -64.690641591435522, 44.907257008489552 ], [ -64.69065128443296, 44.907282902133552 ], [ -64.690652599851859, 44.907285603487495 ], [ -64.690656718875459, 44.907294596036913 ], [ -64.690978008742164, 44.908099090242729 ], [ -64.690979416754061, 44.908103597735931 ], [ -64.690980791616752, 44.908109010351438 ], [ -64.691647861143693, 44.909781755449231 ], [ -64.691663119138767, 44.909819995525261 ], [ -64.69280030346863, 44.912697299837447 ], [ -64.692890046625052, 44.912935979113854 ], [ -64.692901981937339, 44.912967704349171 ], [ -64.694638890194881, 44.917364607780996 ], [ -64.69494570467775, 44.918147800472674 ], [ -64.695010018135704, 44.918309700469308 ], [ -64.695303797715169, 44.918993092229442 ], [ -64.695500590357682, 44.919489195279077 ], [ -64.695903198669257, 44.920503800453616 ], [ -64.696159689423141, 44.921168800001986 ], [ -64.696913016822919, 44.923084995762437 ], [ -64.696963908587335, 44.923219212268869 ], [ -64.697015011003273, 44.923363404927819 ], [ -64.697066113745308, 44.923507597653355 ], [ -64.697143592300833, 44.923642390789588 ], [ -64.697232693969639, 44.923785993605755 ], [ -64.697334003069585, 44.923912312210199 ], [ -64.697447905001027, 44.924037512809207 ], [ -64.697525107263886, 44.924118290474603 ], [ -64.69761338892404, 44.924190799910768 ], [ -64.697715296697012, 44.924253200243918 ], [ -64.697817298270778, 44.924316491083808 ], [ -64.697930286376945, 44.924369707325106 ], [ -64.698044704240161, 44.92442380198348 ], [ -64.698057604266424, 44.924432691470031 ], [ -64.698158808006426, 44.924468996954182 ], [ -64.6982728921204, 44.924513186230385 ], [ -64.698375305639985, 44.924549494009668 ], [ -64.69842258424417, 44.924563199861957 ], [ -64.698423899680463, 44.924563097897177 ], [ -64.698428989174445, 44.924564910133547 ], [ -64.698501791115845, 44.924584509976349 ], [ -64.698615393581264, 44.924611585471162 ], [ -64.698742894453019, 44.924638492246885 ], [ -64.698806496512205, 44.924647512515435 ], [ -64.698857195443722, 44.924647586914809 ], [ -64.698982897083127, 44.924655594191812 ], [ -64.699109587182548, 44.924655594853391 ], [ -64.699236303836827, 44.924655492908308 ], [ -64.699959288552151, 44.924636595465415 ], [ -64.699999786361076, 44.924635091553036 ], [ -64.700326385330399, 44.924626597678838 ], [ -64.700490120701645, 44.924634994053847 ], [ -64.700655394549372, 44.92465318484453 ], [ -64.700820613124321, 44.924670608083332 ], [ -64.700972504489371, 44.924706091018145 ], [ -64.701124289493151, 44.924742593852216 ], [ -64.701276502137901, 44.924787088731634 ], [ -64.701428803365047, 44.924840714896611 ], [ -64.701669985802425, 44.924939700942971 ], [ -64.701911396622663, 44.925046808237788 ], [ -64.702138804168953, 44.925154188536418 ], [ -64.702355419458129, 44.925279698348966 ], [ -64.702583096822764, 44.925396905402053 ], [ -64.702812097200564, 44.92551320713941 ], [ -64.703053495598979, 44.9256211938457 ], [ -64.704207590496893, 44.926167491622294 ], [ -64.704449290624282, 44.9262845898199 ], [ -64.70464600379178, 44.926379706811154 ], [ -64.704689715412584, 44.926400691952423 ], [ -64.704943490839398, 44.926499489552391 ], [ -64.706795194090617, 44.927153293096488 ], [ -64.707023410149375, 44.927242599717395 ], [ -64.707251884387972, 44.927340897403361 ], [ -64.707480406245125, 44.927440097689633 ], [ -64.707708803018747, 44.927538396369137 ], [ -64.707911806367918, 44.927673112157237 ], [ -64.708014283445394, 44.92775349547847 ], [ -64.708102607134478, 44.927825113566399 ], [ -64.708128587529217, 44.927847192365356 ], [ -64.708136417902992, 44.927854302280913 ], [ -64.708155888836131, 44.92787019761419 ], [ -64.708280686624576, 44.927978192341577 ], [ -64.708432805535665, 44.928148689432739 ], [ -64.70849730047037, 44.928229700617678 ], [ -64.708524244765442, 44.928261498682865 ], [ -64.708573389297783, 44.928319509700387 ], [ -64.708655210599673, 44.928471310063578 ], [ -64.708675304254783, 44.928508803278859 ], [ -64.708690116782179, 44.928537401871964 ], [ -64.708777495737252, 44.928706206346654 ], [ -64.708866693410997, 44.928894802877835 ], [ -64.708943588872373, 44.929092605554125 ], [ -64.709019614982324, 44.929263401906525 ], [ -64.709082631993041, 44.929406931822726 ], [ -64.709402911981499, 44.930136305364897 ], [ -64.709761194015698, 44.930936598162852 ], [ -64.709849691502541, 44.931143199793496 ], [ -64.709952605767498, 44.931367614747124 ], [ -64.710054103177356, 44.931583995270927 ], [ -64.710157098926814, 44.931808408372504 ], [ -64.710272092781821, 44.932096504461953 ], [ -64.71033421578116, 44.932183795470579 ], [ -64.710340786789544, 44.932192690437844 ], [ -64.710346119535174, 44.932199797648103 ], [ -64.710385890925821, 44.932257691622972 ], [ -64.710501189436826, 44.932428799083077 ], [ -64.710615009393848, 44.932590991792672 ], [ -64.710742710727715, 44.932752008437355 ], [ -64.710870183995468, 44.932904902894926 ], [ -64.710887252428677, 44.932923212146207 ], [ -64.710895086504109, 44.932931599358533 ], [ -64.711047700599295, 44.933121007799947 ], [ -64.711200998025149, 44.933291598553552 ], [ -64.71136598341046, 44.933470905424748 ], [ -64.711481415294813, 44.933641997970994 ], [ -64.711620785630274, 44.933812804965697 ], [ -64.711761182115396, 44.933974507380583 ], [ -64.71191401573985, 44.934127101292773 ], [ -64.712219479622746, 44.934513202614752 ], [ -64.712230020057945, 44.934526515871831 ], [ -64.712331391514525, 44.934654598701719 ], [ -64.712344585795023, 44.93467060105769 ], [ -64.712804084894572, 44.93525069633538 ], [ -64.712944601927461, 44.935412406349826 ], [ -64.713085008121595, 44.935574107879759 ], [ -64.713224099592622, 44.935735911497389 ], [ -64.713250288408418, 44.935762495006841 ], [ -64.713402483594223, 44.935897005453192 ], [ -64.713567005358257, 44.936058393419572 ], [ -64.713745491558683, 44.936220490464891 ], [ -64.714940493718331, 44.937108984148608 ], [ -64.715131098769973, 44.937252900894649 ], [ -64.715334088429415, 44.937387607954669 ], [ -64.715549689295671, 44.937522086776134 ], [ -64.715803106481488, 44.937647911838937 ], [ -64.716057796978816, 44.937772787298641 ], [ -64.716299107515354, 44.937916789627835 ], [ -64.716526700176715, 44.938069097593171 ], [ -64.716717281956491, 44.938213001140575 ], [ -64.71690821576378, 44.938364899177536 ], [ -64.71708609261475, 44.938508998815287 ], [ -64.717263997122672, 44.938652995755952 ], [ -64.717441908884595, 44.938796189618188 ], [ -64.717607205538059, 44.938939498478604 ], [ -64.717785411075525, 44.939092610091173 ], [ -64.717950598048617, 44.939235910134599 ], [ -64.718115900600949, 44.939380190515529 ], [ -64.71828141397053, 44.939532503137571 ], [ -64.71829430171195, 44.939541300423642 ], [ -64.718446577605349, 44.939675904996378 ], [ -64.718612187134681, 44.939829107861215 ], [ -64.718763806764997, 44.939981704479337 ], [ -64.720265089892493, 44.941445299131239 ], [ -64.720431184937652, 44.941616496744771 ], [ -64.720608287250144, 44.941777705997339 ], [ -64.720786587775123, 44.941930698656464 ], [ -64.72102788868601, 44.942073787805505 ], [ -64.721281899354608, 44.942217594827781 ], [ -64.721548300993021, 44.942352303678646 ], [ -64.721801620730517, 44.942432196159011 ], [ -64.722056304201061, 44.94251288882564 ], [ -64.722309705054272, 44.9425936935788 ], [ -64.72255059701989, 44.942682807133615 ], [ -64.722804307275439, 44.942772590214922 ], [ -64.724365311412981, 44.943219906176019 ], [ -64.724605288174502, 44.94331790206504 ], [ -64.724846496390469, 44.943416905162877 ], [ -64.72508781764077, 44.943515000287967 ], [ -64.72637129646985, 44.944259889501545 ], [ -64.726434687330908, 44.944301196955486 ], [ -64.726561392772666, 44.944384786031094 ], [ -64.726751495928298, 44.944510710871022 ], [ -64.726943112631091, 44.944645504346404 ], [ -64.727044208454487, 44.94471691120259 ], [ -64.727133085700956, 44.94480740594453 ], [ -64.727222891388749, 44.944887904846361 ], [ -64.727299204481582, 44.944977700721374 ], [ -64.727362696814893, 44.945067686372113 ], [ -64.727426494961264, 44.945166595311505 ], [ -64.728738689961943, 44.946948101141921 ], [ -64.729604291824771, 44.948122283561759 ], [ -64.729643197768098, 44.948194589077929 ], [ -64.729693497862144, 44.948266798534021 ], [ -64.729745099469611, 44.948338012789783 ], [ -64.729809120015247, 44.948400997858911 ], [ -64.729871910062997, 44.948463890897337 ], [ -64.729948514516778, 44.948526692008009 ], [ -64.730024883750033, 44.948580398200143 ], [ -64.730113998669808, 44.948634888442491 ], [ -64.730317599534402, 44.948742511854725 ], [ -64.73053249838118, 44.948850007321568 ], [ -64.730736004052631, 44.948957598527549 ], [ -64.730964204237964, 44.949082900202697 ], [ -64.731193615777698, 44.949208203450588 ], [ -64.731421812625769, 44.94933430696458 ], [ -64.731650199382841, 44.949468601656314 ], [ -64.731942505416797, 44.949620806621155 ], [ -64.732234598149489, 44.949764005727175 ], [ -64.732462701637587, 44.949845203080997 ], [ -64.732691995395399, 44.949925396277663 ], [ -64.732920085752212, 44.950005699760709 ], [ -64.732930308609141, 44.950009998149241 ], [ -64.733021307082353, 44.950041892743457 ], [ -64.734099682887035, 44.950408100129728 ], [ -64.734278100641305, 44.950480110209135 ], [ -64.73434101455392, 44.95050710178959 ], [ -64.734355462898421, 44.950512735862809 ], [ -64.734594978500411, 44.950605905738627 ], [ -64.734836291603699, 44.950703900482694 ], [ -64.735089994786264, 44.950793710616828 ], [ -64.735318303781995, 44.950882900461444 ], [ -64.735535014850726, 44.950963407326 ], [ -64.73554669907837, 44.950972200568209 ], [ -64.736359912286616, 44.951285710651902 ], [ -64.73660100226526, 44.951420699791299 ], [ -64.736829690042484, 44.951563895640483 ], [ -64.737491488589299, 44.95211110263449 ], [ -64.737618408172381, 44.952201005844962 ], [ -64.737745105971882, 44.952281790907016 ], [ -64.737884506611877, 44.952362512054812 ], [ -64.738037219591476, 44.952424995842655 ], [ -64.738189997775436, 44.952487500290687 ], [ -64.738266790972759, 44.952513388409443 ], [ -64.73844349864919, 44.952570987426363 ], [ -64.738574096618251, 44.952613985925645 ], [ -64.738950612145146, 44.952737911542684 ], [ -64.738960788914227, 44.952741306069434 ], [ -64.739738114276676, 44.952997793632726 ], [ -64.739991508216562, 44.953077605118722 ], [ -64.740232603069927, 44.953167599536272 ], [ -64.740387880984471, 44.953230905144594 ], [ -64.740436711331228, 44.953250904723134 ], [ -64.740473894981875, 44.953265592796463 ], [ -64.740702509071284, 44.95336471175181 ], [ -64.740711496751246, 44.953369109818333 ], [ -64.74080429576027, 44.953418112256415 ], [ -64.740893714819506, 44.953480703250506 ], [ -64.74093519661912, 44.953515730167545 ], [ -64.740955903671974, 44.953533204944698 ], [ -64.74096909480653, 44.953544286858964 ], [ -64.741045788091839, 44.953607100845687 ], [ -64.741109099713341, 44.953687102935653 ], [ -64.741173419630428, 44.953758994582387 ], [ -64.741314105544575, 44.954010805176864 ], [ -64.741326103228843, 44.954029493635169 ], [ -64.741364289204625, 44.954118899084534 ], [ -64.741594977651545, 44.9547032058274 ], [ -64.741864409619652, 44.955395910331085 ], [ -64.742209906029217, 44.956295295028355 ], [ -64.742274910267426, 44.956475210426355 ], [ -64.742351293461709, 44.95665499479356 ], [ -64.742376985638074, 44.956708596680208 ], [ -64.742427789166882, 44.956834787592825 ], [ -64.742530609169222, 44.95700520155853 ], [ -64.742644802841653, 44.957176287259642 ], [ -64.742760204478301, 44.957346402626555 ], [ -64.742925191772343, 44.957517694562931 ], [ -64.743116106886632, 44.957669600401914 ], [ -64.743319798086461, 44.957822185740007 ], [ -64.743535594814915, 44.95795750260428 ], [ -64.743751195601391, 44.958082987809618 ], [ -64.743955291865291, 44.95820770276233 ], [ -64.744145713469692, 44.958342491113292 ], [ -64.74432378534685, 44.958486503871434 ], [ -64.744501810962561, 44.958629613121936 ], [ -64.744564609221285, 44.958692601273768 ], [ -64.745291308676855, 44.959411507321981 ], [ -64.745659794068715, 44.959770489803745 ], [ -64.746105491866473, 44.960210201729915 ], [ -64.746284107835464, 44.960372197554264 ], [ -64.746449004350353, 44.96054250477642 ], [ -64.746588899418441, 44.960722202322607 ], [ -64.746730006002181, 44.960901901670965 ], [ -64.746760482613922, 44.960947304089537 ], [ -64.74685740792998, 44.961090805471649 ], [ -64.747002608061166, 44.961320800476081 ], [ -64.747226397225006, 44.961674702255344 ], [ -64.74748140065067, 44.962080069944541 ], [ -64.747571394798982, 44.962223110522643 ], [ -64.747788983719545, 44.962582502181725 ], [ -64.748847310717906, 44.964236201461482 ], [ -64.749052180566153, 44.964550806201665 ], [ -64.749087761274183, 44.964605955446054 ], [ -64.749805391513135, 44.965718505060572 ], [ -64.750259131336932, 44.966446635785523 ], [ -64.750723900775256, 44.967192497545838 ], [ -64.751706606336811, 44.968774409166841 ], [ -64.751950192324529, 44.969152290061672 ], [ -64.752211107306437, 44.969558815227863 ], [ -64.75231229296827, 44.969715693442282 ], [ -64.752498586391624, 44.970005397075411 ], [ -64.752557304010395, 44.970101689076991 ], [ -64.752610822336763, 44.970190893932859 ], [ -64.753239715765403, 44.971228192800268 ], [ -64.753543851755381, 44.971764687565347 ], [ -64.75354529055177, 44.971767204757107 ], [ -64.753826808374185, 44.972225592118647 ], [ -64.753869513554335, 44.972295104748547 ], [ -64.754108312786428, 44.972681198527617 ], [ -64.754305811099456, 44.973002310552154 ], [ -64.75438580498448, 44.973131597367427 ], [ -64.754886111410983, 44.973942203582801 ], [ -64.755078097742441, 44.974247994259919 ], [ -64.75519232023376, 44.974418197217702 ], [ -64.755295190602212, 44.974589402809961 ], [ -64.755409681916831, 44.974768599188685 ], [ -64.755512606990237, 44.974939905161598 ], [ -64.755626906454822, 44.975109993079307 ], [ -64.755729800719408, 44.975281288625347 ], [ -64.755844295513683, 44.975460485018395 ], [ -64.755945912803242, 44.975631701493846 ], [ -64.755950843495015, 44.975640616268372 ], [ -64.756010404383417, 44.975748691252363 ], [ -64.756048794232782, 44.975802104215916 ], [ -64.756163306850766, 44.975982193499092 ], [ -64.756264878873537, 44.976152506707621 ], [ -64.756763699611128, 44.976952401699052 ], [ -64.756789515243909, 44.977006895209762 ], [ -64.757044918199298, 44.977437699724859 ], [ -64.757401588204488, 44.977904799901545 ], [ -64.757541891539475, 44.978057484385864 ], [ -64.757682593093392, 44.978219204106011 ], [ -64.757847800480135, 44.978354412061712 ], [ -64.758013008299102, 44.978488703911722 ], [ -64.75886549758539, 44.979116510883699 ], [ -64.759852609720653, 44.979834909450801 ], [ -64.760061503808231, 44.979986489891338 ], [ -64.760760685807284, 44.980495192046277 ], [ -64.761295205206252, 44.980883903631742 ], [ -64.762348388934086, 44.981646296275365 ], [ -64.762482015885666, 44.981742401392353 ], [ -64.762795887886639, 44.98196980216678 ], [ -64.764182414285486, 44.982964691831164 ], [ -64.765480296464361, 44.98392488671108 ], [ -64.765773806182779, 44.984149012594258 ], [ -64.766167290351362, 44.98444540687526 ], [ -64.767185902523664, 44.985190295483868 ], [ -64.767389992303649, 44.98535189778714 ], [ -64.767541994482869, 44.985468392595976 ], [ -64.767727601163173, 44.985606809233758 ], [ -64.767936709080558, 44.985763810120496 ], [ -64.768580695186401, 44.986205711571792 ], [ -64.76870759784947, 44.986291088930315 ], [ -64.768737414652009, 44.98631129125399 ], [ -64.768942298311416, 44.986454912997999 ], [ -64.769374607052001, 44.986777715926593 ], [ -64.769654700253483, 44.986974995938773 ], [ -64.770036195421554, 44.987252599652784 ], [ -64.770354409381511, 44.987495199301058 ], [ -64.770965188339275, 44.987925989510686 ], [ -64.77165169761038, 44.988428411956988 ], [ -64.772491810517991, 44.989056312000379 ], [ -64.772657803336372, 44.98917260746304 ], [ -64.773039607152342, 44.9894601111111 ], [ -64.773450279263201, 44.989749193171036 ], [ -64.77346618843498, 44.989760392137384 ], [ -64.773529709628519, 44.989804512587384 ], [ -64.77358679144497, 44.9898450058202 ], [ -64.773841016547735, 44.990024694923342 ], [ -64.774311684183488, 44.990356699640749 ], [ -64.775596879531122, 44.991307203094237 ], [ -64.775864403268145, 44.991504704178254 ], [ -64.775965582081042, 44.99157689932111 ], [ -64.776691617610581, 44.992123694822091 ], [ -64.777760498059891, 44.992885697365963 ], [ -64.778224893220155, 44.993217007497499 ], [ -64.778407794553985, 44.993347384457977 ], [ -64.778520687191048, 44.993427507202753 ], [ -64.778778901093304, 44.993612507356723 ], [ -64.778917613394043, 44.993710290697791 ], [ -64.779003098375497, 44.993770408608214 ], [ -64.779652985986644, 44.994228197538497 ], [ -64.779784004003815, 44.994320588698528 ], [ -64.781031279289181, 44.995145604171704 ], [ -64.781310699902633, 44.995360890491234 ], [ -64.781451111158759, 44.995468508957536 ], [ -64.781795294449196, 44.995728691501128 ], [ -64.782482183243317, 44.996276098249979 ], [ -64.782713498776502, 44.996452505929462 ], [ -64.782869415432131, 44.996571602944208 ], [ -64.783081285644087, 44.996733899134213 ], [ -64.783283906060106, 44.996886503310513 ], [ -64.783487619476517, 44.997029997045672 ], [ -64.783575309462321, 44.997084907207977 ], [ -64.783716581149193, 44.997173207760603 ], [ -64.783946297989928, 44.997298292728352 ], [ -64.784416495385997, 44.997567294681843 ], [ -64.784646314477868, 44.997737496686469 ], [ -64.784862194059329, 44.997907790333848 ], [ -64.78506601582977, 44.998096399832974 ], [ -64.785422409835945, 44.998419391726436 ], [ -64.785524683157348, 44.998527601678489 ], [ -64.785639712304359, 44.99863469954537 ], [ -64.785767102560456, 44.998733594066103 ], [ -64.785780085232631, 44.998742404899168 ], [ -64.785906890907739, 44.998823187243474 ], [ -64.78636509750703, 44.999155402918447 ], [ -64.787231210395603, 44.999791791603705 ], [ -64.787358393024562, 44.999884289425196 ], [ -64.787521980829453, 45.000004203518913 ], [ -64.787521996694849, 45.000005096480905 ], [ -64.787562285485535, 45.000034206432446 ], [ -64.7881475887568, 45.00045529669859 ], [ -64.788695292603236, 45.000849995524192 ], [ -64.788872817029016, 45.000966897662238 ], [ -64.789534618324851, 45.0014417981535 ], [ -64.789730791498457, 45.001588085918534 ], [ -64.789791906924719, 45.001633993169627 ], [ -64.789967201410008, 45.001765406475144 ], [ -64.791011391061971, 45.00253670382876 ], [ -64.791696606405878, 45.003034507104807 ], [ -64.792578383190559, 45.003675096493872 ], [ -64.793475789243431, 45.004333488202825 ], [ -64.793519892116336, 45.004365207522312 ], [ -64.793536794583545, 45.004377496742116 ], [ -64.793749807836363, 45.00453620499723 ], [ -64.794640695718925, 45.005191009836224 ], [ -64.79478111052677, 45.005298704334677 ], [ -64.795417205824222, 45.005755913463425 ], [ -64.796078908859457, 45.006221599495134 ], [ -64.796243703648528, 45.006336991401966 ], [ -64.796435712218653, 45.006472592522712 ], [ -64.797289009576019, 45.007101003487719 ], [ -64.798651605463348, 45.00810490447536 ], [ -64.798829689066011, 45.008239792733129 ], [ -64.799020390039374, 45.008373604497152 ], [ -64.799198508250271, 45.008508502620614 ], [ -64.799320497626894, 45.008594807054152 ], [ -64.799390486392241, 45.008643195337015 ], [ -64.79956851107039, 45.008777202048933 ], [ -64.799759594467645, 45.008921011049786 ], [ -64.799937684603663, 45.00905589761183 ], [ -64.799963596535548, 45.009073495142701 ], [ -64.799999898212903, 45.009099010862975 ], [ -64.800128392312189, 45.009189707520171 ], [ -64.800306484611241, 45.009324593515963 ], [ -64.800498501979305, 45.009459294795725 ], [ -64.800676586391688, 45.009593400153044 ], [ -64.800867314696276, 45.009728101819135 ], [ -64.801045395192915, 45.009862093680397 ], [ -64.801236093287571, 45.009996784296746 ], [ -64.801415501149478, 45.010131701018842 ], [ -64.80160631353462, 45.010266399291268 ], [ -64.802390515967915, 45.010832895624773 ], [ -64.80454320630011, 45.012387515301484 ], [ -64.804947423763821, 45.012679270632958 ], [ -64.805579599910857, 45.013135596273592 ], [ -64.806954912768077, 45.014130106857792 ], [ -64.80706939916405, 45.014220113273041 ], [ -64.807171906877102, 45.01429139917326 ], [ -64.807260801146782, 45.014372791854441 ], [ -64.807337202461682, 45.014462598458984 ], [ -64.807400902035582, 45.014552512128475 ], [ -64.807464696173284, 45.014642400611969 ], [ -64.80747788581229, 45.014660206024097 ], [ -64.807529686147262, 45.014731397119363 ], [ -64.807567089756034, 45.014830698699789 ], [ -64.807605705383409, 45.014930001359772 ], [ -64.807631703133893, 45.015028605907482 ], [ -64.80764518532051, 45.015136394202216 ], [ -64.807685206161693, 45.015558888835024 ], [ -64.807858089282249, 45.016900086361652 ], [ -64.807884109814765, 45.017079793321287 ], [ -64.807909997694793, 45.017259402238587 ], [ -64.807937305654619, 45.01743991148043 ], [ -64.807950494091244, 45.01761968431758 ], [ -64.807976494611438, 45.017799301929294 ], [ -64.807991119378215, 45.017979092639621 ], [ -64.808004299574108, 45.018159001864575 ], [ -64.808017585851019, 45.018338806572125 ], [ -64.808030888511738, 45.018519504460095 ], [ -64.80803448829829, 45.019157688759556 ], [ -64.808035911385858, 45.019364699738048 ], [ -64.808037077382735, 45.019562805707615 ], [ -64.808037713374489, 45.019661806427592 ], [ -64.808038106934262, 45.01971581174238 ], [ -64.808039087443674, 45.020030799530524 ], [ -64.808053991696141, 45.020300600093641 ], [ -64.808053898026941, 45.020417705508123 ], [ -64.808055092884743, 45.020498686054388 ], [ -64.808068690422573, 45.020687498278349 ], [ -64.808068901069063, 45.020813496566909 ], [ -64.808069882961831, 45.020885502943969 ], [ -64.808070602282598, 45.021029504296358 ], [ -64.80807068552113, 45.02107450433796 ], [ -64.808071898876619, 45.021272599270254 ], [ -64.808072098184454, 45.021316499146003 ], [ -64.808072502512346, 45.021371590336642 ], [ -64.808073011826863, 45.021470606627204 ], [ -64.808073894028553, 45.021659606367813 ], [ -64.808063306275699, 45.02204689901361 ], [ -64.808064597391862, 45.022370895832232 ], [ -64.808064991007456, 45.022424901817594 ], [ -64.808066008169845, 45.022536289288539 ], [ -64.808077108965179, 45.02268590258349 ], [ -64.808099084923953, 45.022834904226769 ], [ -64.808132106529811, 45.022982905044465 ], [ -64.808143906878541, 45.023036692162599 ], [ -64.808170697160392, 45.023162298610892 ], [ -64.808209416460954, 45.023342593631007 ], [ -64.808326696919053, 45.023881786490143 ], [ -64.80837892066431, 45.024088893820661 ], [ -64.808533484796072, 45.024484308795884 ], [ -64.808622195738707, 45.024681887288118 ], [ -64.808725910276692, 45.024871107674095 ], [ -64.808840984084384, 45.025059205505144 ], [ -64.808956107609973, 45.025248206841404 ], [ -64.809993016737437, 45.026891697702297 ], [ -64.810069014307913, 45.027008392030083 ], [ -64.81013360460048, 45.027125305632907 ], [ -64.810184591316926, 45.027251388058041 ], [ -64.810220498274333, 45.027365800622981 ], [ -64.810250608330563, 45.027491002334223 ], [ -64.810271506488306, 45.027617212050401 ], [ -64.810282994312601, 45.027744005374188 ], [ -64.810285215737935, 45.027871095641537 ], [ -64.810277889646727, 45.027998004141118 ], [ -64.810254085751453, 45.028250407245686 ], [ -64.810252095798987, 45.028267607758053 ], [ -64.81024797956573, 45.028298302696058 ], [ -64.810246996959847, 45.0283063936525 ], [ -64.810246791798122, 45.028308797016265 ], [ -64.810243104039614, 45.028343291910979 ], [ -64.810242792883258, 45.02834579994645 ], [ -64.810241001797849, 45.028358708444685 ], [ -64.810240071025873, 45.028367759375129 ], [ -64.810218181379696, 45.028682204788169 ], [ -64.810217493476173, 45.028700184323611 ], [ -64.810144516433169, 45.029240596385009 ], [ -64.80982771568452, 45.029259094392422 ], [ -64.809662989557538, 45.029268904909927 ], [ -64.809403107970368, 45.029282576180577 ], [ -64.808952005030861, 45.029306311289098 ], [ -64.808724113354998, 45.029325208691773 ], [ -64.808660590426442, 45.029325303779189 ], [ -64.808368016599218, 45.029344394632709 ], [ -64.80810169435658, 45.029353995473826 ], [ -64.808076308826642, 45.029354412724906 ], [ -64.807886209570256, 45.029363698109485 ], [ -64.807784614063621, 45.029363490750811 ], [ -64.807492707818497, 45.029364509260802 ], [ -64.807200816268534, 45.029365503801188 ], [ -64.804662680248157, 45.029390405809878 ], [ -64.804370708835791, 45.029391393297985 ], [ -64.804092698521274, 45.029391289147576 ], [ -64.803800792013405, 45.029392295642843 ], [ -64.803521491301723, 45.029393106875659 ], [ -64.80322861706739, 45.029403095511732 ], [ -64.802949599304966, 45.02941301344341 ], [ -64.802683584859139, 45.029431604174299 ], [ -64.802405194030072, 45.029459396407496 ], [ -64.80213850570027, 45.029495998517348 ], [ -64.801886103501005, 45.029541408557499 ], [ -64.801884811621463, 45.029541409585072 ], [ -64.801538919899713, 45.029602694659317 ], [ -64.801441717322362, 45.029620401255194 ], [ -64.800705692551887, 45.02975169592537 ], [ -64.800489806685121, 45.029788389375895 ], [ -64.800223397334392, 45.029834094352687 ], [ -64.800000006927789, 45.029874507071447 ], [ -64.799969699425901, 45.029879500074152 ], [ -64.799957013831687, 45.029879696041085 ], [ -64.799703203303878, 45.0299250927388 ], [ -64.799437094986899, 45.029979688477127 ], [ -64.799227963970239, 45.030018051167836 ], [ -64.799184609121568, 45.030026009269982 ], [ -64.798917207686443, 45.030080604479842 ], [ -64.798664798972894, 45.03012600557701 ], [ -64.798398608579262, 45.030180600436722 ], [ -64.798272387514885, 45.030203295137014 ], [ -64.797734595440119, 45.030299089397325 ], [ -64.797371002258245, 45.030363302138987 ], [ -64.797269990004168, 45.030382000603232 ], [ -64.797104612746423, 45.030408895466863 ], [ -64.796851104566798, 45.030463290240867 ], [ -64.796584699224795, 45.030508905063634 ], [ -64.796318585024949, 45.030564407799709 ], [ -64.796064799442874, 45.030609804778472 ], [ -64.795798407154862, 45.030655394278625 ], [ -64.795747908595914, 45.030664301325871 ], [ -64.795532195452907, 45.030710003782168 ], [ -64.795278487895658, 45.030755396417227 ], [ -64.795255601818297, 45.030759305333952 ], [ -64.795013291518075, 45.03080100785057 ], [ -64.794670317424561, 45.030873893785639 ], [ -64.793999335112005, 45.030998695795461 ], [ -64.792965588148462, 45.031190956514365 ], [ -64.792312584476448, 45.031312399604978 ], [ -64.792033483485397, 45.031358195973276 ], [ -64.791944491766856, 45.031372096859208 ], [ -64.791894604351398, 45.031421600826071 ], [ -64.791818396275801, 45.031502906282384 ], [ -64.791742493866707, 45.031592301697962 ], [ -64.791679294494401, 45.031683311489097 ], [ -64.791643866262447, 45.031746371478697 ], [ -64.791628794506494, 45.031773187358652 ], [ -64.791427587990782, 45.031998697681004 ], [ -64.790733105275137, 45.032809904756952 ], [ -64.790582098766421, 45.032972499105078 ], [ -64.790431011528923, 45.033135095464857 ], [ -64.790291317812162, 45.033297497950507 ], [ -64.790140486924813, 45.033468196712185 ], [ -64.790082881753435, 45.033535699229112 ], [ -64.790081707304338, 45.033537597081839 ], [ -64.790002083127135, 45.03363059813681 ], [ -64.78984981169485, 45.033793203156385 ], [ -64.789711600545289, 45.033964602288314 ], [ -64.789572002076824, 45.034127092051776 ], [ -64.789433900951934, 45.034298499310623 ], [ -64.789421715444462, 45.034316697942153 ], [ -64.788549985812992, 45.035308805103263 ], [ -64.788159110144974, 45.035759608684614 ], [ -64.788008199195573, 45.035931201037954 ], [ -64.787945486897556, 45.035996091693185 ], [ -64.787843377437156, 45.036102206048298 ], [ -64.787754593556869, 45.036183689330549 ], [ -64.787666905492401, 45.036264192980489 ], [ -64.787477204183375, 45.036409411209455 ], [ -64.787274812973465, 45.036553907184349 ], [ -64.78626199537068, 45.037177402224259 ], [ -64.78619858770648, 45.037222505672069 ], [ -64.786149286580809, 45.037267399544675 ], [ -64.786098613606924, 45.03731229634063 ], [ -64.78606070906541, 45.037357913101978 ], [ -64.786022997291212, 45.037411611788521 ], [ -64.786021993526361, 45.037420585494168 ], [ -64.785985301275332, 45.037466203588032 ], [ -64.785959111849152, 45.037519694355552 ], [ -64.785934103484934, 45.037574092166494 ], [ -64.785922088958245, 45.037637302367813 ], [ -64.785909799674997, 45.037690600516818 ], [ -64.785910487675068, 45.037753593745997 ], [ -64.785910287882686, 45.037766267064328 ], [ -64.785909616000154, 45.037807704795064 ], [ -64.785923490247185, 45.038050488815571 ], [ -64.78593728986381, 45.038249208646874 ], [ -64.785939386474297, 45.038438199309944 ], [ -64.785946703959951, 45.038549695855686 ], [ -64.785951913774639, 45.038636094079962 ], [ -64.785965712569748, 45.038833898301519 ], [ -64.78597920540173, 45.039022696271935 ], [ -64.785992898358728, 45.039220605487387 ], [ -64.786006697512434, 45.039418410232194 ], [ -64.786020182484108, 45.039526201241586 ], [ -64.786020190690905, 45.039607208701895 ], [ -64.786034004805146, 45.039804990775473 ], [ -64.786034786758279, 45.039912998995803 ], [ -64.786062201974573, 45.040264593216037 ], [ -64.786145807090008, 45.041766608313736 ], [ -64.786159897220557, 45.041974304586212 ], [ -64.786198319593808, 45.042189796272218 ], [ -64.78625049234688, 45.042396887813361 ], [ -64.786327996854709, 45.042603604003837 ], [ -64.786418012013755, 45.04280110495781 ], [ -64.787227690135609, 45.044868792846394 ], [ -64.787304202072775, 45.045039500434619 ], [ -64.787342787238558, 45.045138905055019 ], [ -64.787369405142655, 45.045219504507855 ], [ -64.787446112500874, 45.045399210639488 ], [ -64.787509903633364, 45.045570102238678 ], [ -64.787587904492156, 45.045749807716959 ], [ -64.787651590570007, 45.045920804142668 ], [ -64.78772830024586, 45.046100510610081 ], [ -64.787793306135811, 45.046271403875245 ], [ -64.787870005271557, 45.046451190002621 ], [ -64.787934997480349, 45.046622106457804 ], [ -64.787998986601593, 45.046801997112958 ], [ -64.788075493038065, 45.046972785047274 ], [ -64.788075799594907, 45.046981791796235 ], [ -64.788089297596031, 45.047008609448305 ], [ -64.788241109194985, 45.047438298102058 ], [ -64.788248099130399, 45.047458888724371 ], [ -64.788295638230139, 45.047593140610552 ], [ -64.788306490328921, 45.04762268761904 ], [ -64.788319211069847, 45.047662104283489 ], [ -64.788330396412945, 45.047696087636147 ], [ -64.788337387603491, 45.047717594451427 ], [ -64.788617486171617, 45.048554894538107 ], [ -64.7886815132305, 45.048734796735985 ], [ -64.788733293123727, 45.048888005941691 ], [ -64.788797288645668, 45.049067897893657 ], [ -64.788849595867276, 45.049238093955985 ], [ -64.788913592350127, 45.049417986113298 ], [ -64.789108401924707, 45.050004608567342 ], [ -64.789119588443768, 45.050038592186048 ], [ -64.789673589724273, 45.05167550557529 ], [ -64.789724885205288, 45.051854700517673 ], [ -64.789790213893326, 45.052034603789352 ], [ -64.7898414997521, 45.052214794649046 ], [ -64.789905811377182, 45.052403695516361 ], [ -64.789957188284006, 45.05258288877873 ], [ -64.790022492530184, 45.052762894995404 ], [ -64.790086498696226, 45.052942789218697 ], [ -64.790137798471335, 45.053122901162723 ], [ -64.790203098169201, 45.053302794740773 ], [ -64.790267191550058, 45.053482800087153 ], [ -64.790331199714501, 45.053662694728636 ], [ -64.79083399589679, 45.055163504984648 ], [ -64.790885289486738, 45.055343697828249 ], [ -64.790950595383933, 45.055523592690797 ], [ -64.791001981227666, 45.055703704122784 ], [ -64.791065995477311, 45.055883600068654 ], [ -64.791118319171744, 45.056053800117887 ], [ -64.791182387640163, 45.056233796639823 ], [ -64.791233695538352, 45.056413910670166 ], [ -64.791299004376057, 45.05659380616023 ], [ -64.791350285490765, 45.056773106723867 ], [ -64.791581200266819, 45.057453610457799 ], [ -64.791762406506948, 45.057969194527409 ], [ -64.791981691996455, 45.058607606604355 ], [ -64.791993997499304, 45.058634400814455 ], [ -64.79205958754136, 45.058823294365695 ], [ -64.792123891465877, 45.059012301874361 ], [ -64.792188189872277, 45.059201196545338 ], [ -64.792252600984071, 45.059390099623748 ], [ -64.792329600511593, 45.059578912571361 ], [ -64.79239390058811, 45.059767807584691 ], [ -64.792470895294429, 45.059956507781969 ], [ -64.792523001173237, 45.06011770076163 ], [ -64.792870317784633, 45.061070996713561 ], [ -64.792934897398325, 45.061268889513627 ], [ -64.792986605356134, 45.06145801187327 ], [ -64.793038910290463, 45.061628204707283 ], [ -64.793050899169884, 45.061646987538772 ], [ -64.793115512883716, 45.061844891167063 ], [ -64.793179803486368, 45.062032894360875 ], [ -64.793244418319262, 45.062230798245764 ], [ -64.793308811764106, 45.062419805704579 ], [ -64.793386090071479, 45.062617504345219 ], [ -64.793450398909471, 45.062806401227668 ], [ -64.793763606737429, 45.063721508631524 ], [ -64.793810991402452, 45.063858510176161 ], [ -64.793859111641893, 45.063974711672053 ], [ -64.793889306623456, 45.064047188755573 ], [ -64.793953684578213, 45.064236107385867 ], [ -64.794017998103939, 45.064425005260325 ], [ -64.794095303748776, 45.064622795040385 ], [ -64.794146096749074, 45.064784897245026 ], [ -64.794159698115493, 45.064811690999143 ], [ -64.794223998599236, 45.065000612244617 ], [ -64.794288313052718, 45.065188594337194 ], [ -64.79435271510016, 45.065377603604446 ], [ -64.794417307392095, 45.065575499236651 ], [ -64.79448170446922, 45.065764395787589 ], [ -64.794546022388332, 45.065953294604277 ], [ -64.794559418678972, 45.06601610068234 ], [ -64.794972019200912, 45.067185292808531 ], [ -64.795087801421175, 45.067517386903155 ], [ -64.795203719643283, 45.067850495837199 ], [ -64.795396503116535, 45.068408310132554 ], [ -64.796157497826371, 45.070601808483765 ], [ -64.796737521713297, 45.072247194004532 ], [ -64.79578631130849, 45.072582592066325 ], [ -64.794662808671987, 45.072953089875156 ], [ -64.794555592501368, 45.072987089766762 ], [ -64.793135212713068, 45.073511107344977 ], [ -64.792998105598798, 45.073565311760447 ], [ -64.791755395345007, 45.074087111918182 ], [ -64.79253430447416, 45.075181695769544 ], [ -64.793406481532898, 45.076386407154864 ], [ -64.79341848491255, 45.07640419540499 ], [ -64.79354708067558, 45.076575003009872 ], [ -64.793918303070257, 45.077068812751762 ], [ -64.794607102627651, 45.078059314436416 ], [ -64.79470870197872, 45.078188392608908 ], [ -64.794819806715481, 45.078313390774589 ], [ -64.794902600293241, 45.078398210994635 ], [ -64.794939900006369, 45.078434198384791 ], [ -64.795068703730806, 45.078550393008001 ], [ -64.795234290683098, 45.078685506372587 ], [ -64.795425292142838, 45.078820205758078 ], [ -64.795820907951367, 45.07907959795687 ], [ -64.795868009137052, 45.07910541069257 ], [ -64.7959055022542, 45.079131301531831 ], [ -64.795938882925498, 45.079159701604077 ], [ -64.795967985636992, 45.079190502249993 ], [ -64.795980815229143, 45.079206695658925 ], [ -64.796002696823464, 45.07924039483963 ], [ -64.796011801675093, 45.079257695555135 ], [ -64.796026014970153, 45.079293400310192 ], [ -64.796034905608963, 45.079329893463282 ], [ -64.796038298961889, 45.079366896903771 ], [ -64.796024313695114, 45.079486104733924 ], [ -64.796003508194786, 45.079591604328975 ], [ -64.795975006352108, 45.079696214189859 ], [ -64.795938789906572, 45.07979959541165 ], [ -64.795889118787784, 45.079997598772934 ], [ -64.795852093713975, 45.080195306477286 ], [ -64.795814114097567, 45.08040289365119 ], [ -64.795789788253771, 45.080600406269745 ], [ -64.795776515632511, 45.0806475998317 ], [ -64.795763910153667, 45.080706914213081 ], [ -64.795755604548489, 45.080766610421286 ], [ -64.795751796405639, 45.080826502122449 ], [ -64.795753699524013, 45.080907100933466 ], [ -64.795757497514956, 45.080946288452431 ], [ -64.795766911905048, 45.081005902815242 ], [ -64.79579290410264, 45.081104507167673 ], [ -64.795818912472441, 45.08120400484966 ], [ -64.795857604987702, 45.081302413844945 ], [ -64.7959089016273, 45.081401512436059 ], [ -64.796423214303658, 45.082605997132355 ], [ -64.796563998601442, 45.082965609254579 ], [ -64.796650195348747, 45.083145911144847 ], [ -64.796730685885763, 45.083347194474563 ], [ -64.796796291803886, 45.083551108175257 ], [ -64.796834898992799, 45.08370311046081 ], [ -64.796846690510208, 45.083757298964812 ], [ -64.796881803761252, 45.083964909182669 ], [ -64.796901506974891, 45.084173704630146 ], [ -64.796889688556774, 45.084476401410207 ], [ -64.796861405297449, 45.084726212488881 ], [ -64.796810888333766, 45.085000607597728 ], [ -64.796809708927597, 45.085210691453362 ], [ -64.796810200948173, 45.08525608935981 ], [ -64.796813213609596, 45.085284506039244 ], [ -64.796825607943262, 45.08534069243624 ], [ -64.796839200217534, 45.085384107858289 ], [ -64.796855996085185, 45.085427108779442 ], [ -64.796875894568501, 45.085469301959584 ], [ -64.79689691428915, 45.085506803851736 ], [ -64.796920605470902, 45.085543498316035 ], [ -64.796947006241879, 45.085579203309983 ], [ -64.796976004374116, 45.085613910545398 ], [ -64.797007593798668, 45.085647507050922 ], [ -64.797041508443257, 45.085679796363877 ], [ -64.797077899116488, 45.085710910170995 ], [ -64.797116416974873, 45.085740597676548 ], [ -64.797157106214598, 45.085768789805378 ], [ -64.797199786564818, 45.085795400912062 ], [ -64.797244519988752, 45.085820395381589 ], [ -64.797290893088956, 45.085843806991136 ], [ -64.79740219208982, 45.085897087173834 ], [ -64.797493789337722, 45.085935603381046 ], [ -64.797588204900151, 45.085970694732595 ], [ -64.797684998483859, 45.086002192087612 ], [ -64.797784010604403, 45.086030099740462 ], [ -64.797884995967465, 45.086054311169619 ], [ -64.797987597042166, 45.086074711570589 ], [ -64.798091494871755, 45.086091309545097 ], [ -64.798196603622031, 45.086103994271404 ], [ -64.798302397634785, 45.08611279124645 ], [ -64.798408797149719, 45.086117702619703 ], [ -64.798570586213017, 45.086135791862127 ], [ -64.798730904795789, 45.086159792099963 ], [ -64.798889183132943, 45.086189797921108 ], [ -64.798936908863851, 45.086202707463706 ], [ -64.798983718720166, 45.086217293448506 ], [ -64.799032591588158, 45.086234900914569 ], [ -64.799116491626648, 45.086271304197524 ], [ -64.799158019505569, 45.08629249260207 ], [ -64.799197818995395, 45.086315096568477 ], [ -64.799427587018656, 45.086432195171632 ], [ -64.799523387492215, 45.086471308703899 ], [ -64.799579814989968, 45.086490703016494 ], [ -64.799637497229241, 45.086507891258023 ], [ -64.799696393050482, 45.086522998983128 ], [ -64.799756298317263, 45.086535794123378 ], [ -64.799817092135072, 45.086546404387697 ], [ -64.799878597256892, 45.086554800621428 ], [ -64.799940612583711, 45.08656080724198 ], [ -64.800002987758859, 45.086564598008628 ], [ -64.800065601416406, 45.086565995186078 ], [ -64.800128108189767, 45.086565109922681 ], [ -64.800423712122694, 45.086555608147144 ], [ -64.800815996191886, 45.086542508776247 ], [ -64.801270107612055, 45.086507904536809 ], [ -64.801623696675748, 45.086479103718503 ], [ -64.801793420260154, 45.086463293095811 ], [ -64.801892613227338, 45.086452092728933 ], [ -64.802159112782675, 45.086415201887611 ], [ -64.802247793251169, 45.086406593255987 ], [ -64.802529604880618, 45.086342090146964 ], [ -64.802933202783876, 45.086260705262951 ], [ -64.803049301012607, 45.086239611118295 ], [ -64.803117816111637, 45.086230800338861 ], [ -64.803186801838265, 45.086224499641681 ], [ -64.803256199288171, 45.086220801125421 ], [ -64.803325896237922, 45.086219696511606 ], [ -64.803395393482361, 45.086221108796984 ], [ -64.803464806313158, 45.086225102743448 ], [ -64.803533801080576, 45.086231710004043 ], [ -64.803602312791909, 45.08624090971189 ], [ -64.803681495405357, 45.086254312065257 ], [ -64.803759699321375, 45.086270591780213 ], [ -64.803836608665691, 45.086289813972826 ], [ -64.803911995935124, 45.086311905609719 ], [ -64.803966698747757, 45.08632119582618 ], [ -64.804002983230376, 45.086329208165694 ], [ -64.804073689298448, 45.086349186298719 ], [ -64.804141110975095, 45.086374298985056 ], [ -64.804204308750627, 45.086404300137154 ], [ -64.804262809327582, 45.086438704787881 ], [ -64.804290098516518, 45.086457594942985 ], [ -64.804331807975757, 45.086490689049583 ], [ -64.80436299732429, 45.086519712199681 ], [ -64.804384214573247, 45.086542092762237 ], [ -64.804421313520777, 45.086589193052731 ], [ -64.804554315845621, 45.086801599072125 ], [ -64.804587419127245, 45.08685929495595 ], [ -64.804677886100777, 45.087029793627373 ], [ -64.804780199075935, 45.08720909031026 ], [ -64.804870716224727, 45.087380492809828 ], [ -64.804972892114193, 45.087559883820155 ], [ -64.805267591748134, 45.08808090945962 ], [ -64.805460088141501, 45.088422590229634 ], [ -64.805563296162788, 45.088592902862253 ], [ -64.805754787370986, 45.088943695834324 ], [ -64.805905994098154, 45.08922388636919 ], [ -64.806317808967748, 45.089991589362533 ], [ -64.806421711493584, 45.09018440882376 ], [ -64.806474398569549, 45.09028260881837 ], [ -64.806563911209011, 45.090462094801332 ], [ -64.806666406849814, 45.090651298279688 ], [ -64.806755985999246, 45.09083080523979 ], [ -64.806858498014037, 45.09101998579154 ], [ -64.806949292567552, 45.091199493921565 ], [ -64.807051807726168, 45.091387814698265 ], [ -64.807154097417197, 45.091568097683762 ], [ -64.807243600589658, 45.091747607069479 ], [ -64.807346212697382, 45.091935902795136 ], [ -64.807449697912517, 45.0921160970044 ], [ -64.807978909067728, 45.092996090698698 ], [ -64.808000979702797, 45.093032703308722 ], [ -64.808115505418655, 45.093238891627117 ], [ -64.808206309452189, 45.093418400305758 ], [ -64.808308587542129, 45.093598593703348 ], [ -64.808410802900056, 45.093777906385036 ], [ -64.808513082624032, 45.093958099845622 ], [ -64.808616593343388, 45.094137411464175 ], [ -64.808833613036143, 45.094487697120265 ], [ -64.809052087540607, 45.094847107625831 ], [ -64.809154013919525, 45.095018305174946 ], [ -64.809270280812768, 45.095197406987332 ], [ -64.809601501246249, 45.095782605497774 ], [ -64.809616206596743, 45.095808500108838 ], [ -64.809795181365189, 45.096123398829839 ], [ -64.809872882489756, 45.096249104394808 ], [ -64.810013386596722, 45.0964736984279 ], [ -64.810115715850912, 45.09665309930697 ], [ -64.810219222979427, 45.09683329420713 ], [ -64.810423795232055, 45.097192788714757 ], [ -64.810603307845881, 45.097524814130239 ], [ -64.810616896374583, 45.09755159896708 ], [ -64.810719193490272, 45.097731793020813 ], [ -64.810899514785206, 45.098090803260995 ], [ -64.811039996625553, 45.098351410850263 ], [ -64.811091393319472, 45.098450495887199 ], [ -64.811182187203087, 45.098629995397616 ], [ -64.811605096596153, 45.099420887510938 ], [ -64.811682304694216, 45.099573602373319 ], [ -64.811785480607995, 45.099780802538966 ], [ -64.811862193586265, 45.099915485040988 ], [ -64.811910796386812, 45.100004791684114 ], [ -64.811925581399123, 45.100032404065928 ], [ -64.811951485440389, 45.100086008586622 ], [ -64.812054991412722, 45.100265310828433 ], [ -64.812144315808141, 45.100436704795051 ], [ -64.812234885895393, 45.100607193829518 ], [ -64.812324195260416, 45.100777694515259 ], [ -64.812426200851263, 45.100948993365954 ], [ -64.812455786874693, 45.101004195171008 ], [ -64.81251669327618, 45.101119484680019 ], [ -64.812618695646108, 45.101289810692045 ], [ -64.812709301759298, 45.101460310343725 ], [ -64.812952702109257, 45.101964106872892 ], [ -64.813017484085151, 45.102080999839885 ], [ -64.813056296143145, 45.102143407332967 ], [ -64.813145907503781, 45.102323800284168 ], [ -64.813247897192781, 45.102494093058581 ], [ -64.813351413858598, 45.102673395777856 ], [ -64.813453686298857, 45.102853603528324 ], [ -64.813555710867604, 45.103023906796402 ], [ -64.813668007660354, 45.103198615240032 ], [ -64.813671999829197, 45.103203892405411 ], [ -64.813773993499709, 45.103374185266723 ], [ -64.813890302025769, 45.103554204340675 ], [ -64.814005020074177, 45.103725192588954 ], [ -64.814658798446587, 45.104821190938864 ], [ -64.814672097106936, 45.10483900047371 ], [ -64.81505608513973, 45.105486406928534 ], [ -64.81515938327388, 45.105656698773522 ], [ -64.815286988789069, 45.105872504167529 ], [ -64.815390601103715, 45.106051805134605 ], [ -64.81550528395978, 45.106222806014742 ], [ -64.815607603865161, 45.106402108242406 ], [ -64.815710922646431, 45.10657329355756 ], [ -64.815825904095959, 45.106752410157341 ], [ -64.815835291636589, 45.106768493065559 ], [ -64.815928210427117, 45.106932595416701 ], [ -64.81593890554656, 45.106949514002061 ], [ -64.816031500445902, 45.10710291041223 ], [ -64.816133808395591, 45.10728309572572 ], [ -64.816236100691071, 45.107462387674786 ], [ -64.81633970571194, 45.107641711877754 ], [ -64.816429308640906, 45.107822095650619 ], [ -64.816531308464576, 45.10799241200047 ], [ -64.816634914568965, 45.108172596235868 ], [ -64.816724488524287, 45.108352109781272 ], [ -64.816826785598778, 45.108531401932581 ], [ -64.817623415384148, 45.109959894471302 ], [ -64.817725488319979, 45.110131091934029 ], [ -64.81782879247011, 45.110301407349361 ], [ -64.817930787185063, 45.110472607015524 ], [ -64.818020385608833, 45.110652098123275 ], [ -64.818123706798431, 45.110822390574477 ], [ -64.818213107749571, 45.110993797195064 ], [ -64.81831539035619, 45.111173192363061 ], [ -64.818405984534735, 45.111343593579988 ], [ -64.81849558837466, 45.111524001369688 ], [ -64.81858620480061, 45.111694492627905 ], [ -64.818958105115058, 45.112395300835679 ], [ -64.819177110234833, 45.112808507966143 ], [ -64.819240792383738, 45.112970499806849 ], [ -64.81979371671035, 45.113968002161258 ], [ -64.819908689088436, 45.11414718867163 ], [ -64.820011093605316, 45.11432739622078 ], [ -64.82012609598037, 45.114507396649365 ], [ -64.820203188404378, 45.11465020750915 ], [ -64.820209889943442, 45.114661792539806 ], [ -64.820213887544597, 45.114668902601551 ], [ -64.820228813811056, 45.114695697217378 ], [ -64.820332412708112, 45.114874899323574 ], [ -64.820447417765479, 45.11505489979055 ], [ -64.820549697629929, 45.115234205788063 ], [ -64.820652402925475, 45.115423389494737 ], [ -64.820729388110024, 45.115567108702322 ], [ -64.820756011318593, 45.115602704689742 ], [ -64.820777494604258, 45.11563928925581 ], [ -64.821794507773546, 45.117355014288684 ], [ -64.821897793555095, 45.117525286749739 ], [ -64.821988606031525, 45.117660697939783 ], [ -64.822000584445149, 45.117678498321816 ], [ -64.822012595397496, 45.117696309132569 ], [ -64.822013906397032, 45.117697201251339 ], [ -64.822115915315763, 45.117866592036876 ], [ -64.822230686327018, 45.1180376039785 ], [ -64.822333993123337, 45.11820790992865 ], [ -64.822436102662067, 45.118379108481889 ], [ -64.822550890925015, 45.118550097382808 ], [ -64.822654200107905, 45.118720403362957 ], [ -64.822756295419651, 45.118890708511053 ], [ -64.822859616626801, 45.119061794978002 ], [ -64.822974393508346, 45.119232806902069 ], [ -64.823077705859049, 45.119403112925696 ], [ -64.823179819049798, 45.119573395091237 ], [ -64.823295813126862, 45.119744407843676 ], [ -64.823397880655463, 45.119914702629814 ], [ -64.82350129258586, 45.120085899967535 ], [ -64.824052784438393, 45.120993496379789 ], [ -64.824411393685125, 45.121595387042312 ], [ -64.824527801545472, 45.121774411298397 ], [ -64.824642606405931, 45.121945400175264 ], [ -64.824744886093015, 45.122124696604907 ], [ -64.824861019744532, 45.122295694546601 ], [ -64.824976094390223, 45.122475705737905 ], [ -64.825078094667504, 45.122646002913335 ], [ -64.825194512895223, 45.122826000145935 ], [ -64.825309306309876, 45.122996095533317 ], [ -64.825425599305703, 45.123176107535109 ], [ -64.825527682667371, 45.123346402567485 ], [ -64.8256428037772, 45.123526288176976 ], [ -64.825720699509802, 45.123657413003919 ], [ -64.825738193334345, 45.123687804111675 ], [ -64.825747696066642, 45.123704698984518 ], [ -64.825981506247558, 45.124098805778608 ], [ -64.8259935913851, 45.124119386918935 ], [ -64.826006980516581, 45.124141607161903 ], [ -64.82625868704632, 45.124577805825737 ], [ -64.826913422020112, 45.125646595786627 ], [ -64.827182392957965, 45.126069005760733 ], [ -64.82746500349171, 45.126554206879128 ], [ -64.827568317089231, 45.126724502998727 ], [ -64.827670386039557, 45.126895704431846 ], [ -64.827773807383366, 45.12706589584127 ], [ -64.82787590844508, 45.127236191226814 ], [ -64.827979194607281, 45.127407393485079 ], [ -64.828081297220166, 45.127577688902463 ], [ -64.828197095204317, 45.1277396894559 ], [ -64.828299184665127, 45.127910007917244 ], [ -64.828979611665488, 45.129024302042588 ], [ -64.829095002760695, 45.129213313047593 ], [ -64.829197284148975, 45.129392599924778 ], [ -64.829314019120929, 45.129581596937385 ], [ -64.829429411035207, 45.129769691474806 ], [ -64.829544502157944, 45.12994961299546 ], [ -64.829889787050931, 45.130407700240653 ], [ -64.83000549900494, 45.130604804792966 ], [ -64.830108402474153, 45.130802994940034 ], [ -64.830199004042569, 45.131009510302491 ], [ -64.830276794800142, 45.131216194836263 ], [ -64.830379084524651, 45.131432394212531 ], [ -64.830482396575775, 45.131638596529577 ], [ -64.830584591668043, 45.131853904776733 ], [ -64.830700610274363, 45.132060902904449 ], [ -64.830983298805293, 45.132510110349351 ], [ -64.831355109699516, 45.133039713864754 ], [ -64.83146988940176, 45.133210704983355 ], [ -64.831586109735852, 45.133381713302605 ], [ -64.831688206998237, 45.133551998834221 ], [ -64.831765717967187, 45.133668696752643 ], [ -64.83180429578691, 45.133722908937514 ], [ -64.831911312729716, 45.133888692043143 ], [ -64.831919392796365, 45.133901993653787 ], [ -64.832034492787699, 45.134081994905301 ], [ -64.832149606360659, 45.134261056585146 ], [ -64.832239489804792, 45.134405502440288 ], [ -64.832266006163948, 45.134441112866185 ], [ -64.832381203466781, 45.134621088898285 ], [ -64.832483291817297, 45.134791397523607 ], [ -64.832599717617015, 45.134971294746563 ], [ -64.832701807588293, 45.135141603395567 ], [ -64.83281789267879, 45.135312592958776 ], [ -64.832920300384117, 45.135491911861159 ], [ -64.833035204647217, 45.135662911134268 ], [ -64.833151318722614, 45.135833798107072 ], [ -64.833266095549547, 45.136003895600176 ], [ -64.83336961451144, 45.13617510456379 ], [ -64.833471710125082, 45.136345413272807 ], [ -64.833586790024626, 45.136525404115503 ], [ -64.833690208582297, 45.136695608796721 ], [ -64.833792403242626, 45.136866808874025 ], [ -64.833883300041919, 45.137046296033937 ], [ -64.833985399574587, 45.137216604835722 ], [ -64.834101211076316, 45.137414591137166 ], [ -64.834229612305791, 45.137612391351759 ], [ -64.834345308329688, 45.137809396406823 ], [ -64.834460995839123, 45.138007397574576 ], [ -64.834589512710977, 45.138205206049868 ], [ -64.834691584996634, 45.138375504523751 ], [ -64.834794685930362, 45.138537695101078 ], [ -64.834896898490229, 45.138707899271978 ], [ -64.83494878946675, 45.138780000179175 ], [ -64.835013001114703, 45.138878888779274 ], [ -64.835114792478507, 45.139040187345643 ], [ -64.835243599249949, 45.139246995774378 ], [ -64.835359611055679, 45.139454007473624 ], [ -64.835488000587958, 45.139650801211644 ], [ -64.835615483227457, 45.139857600770235 ], [ -64.835744387956495, 45.140109400294172 ], [ -64.835885693942203, 45.140351988348471 ], [ -64.835912992866284, 45.140567608718591 ], [ -64.835912313520396, 45.140585597645497 ], [ -64.835926500893322, 45.140828408359155 ], [ -64.835888981928591, 45.141009003569636 ], [ -64.835852794329426, 45.14118880424887 ], [ -64.835815387147477, 45.141369407964099 ], [ -64.835792502432398, 45.141448309963344 ], [ -64.835783692440785, 45.141495695215873 ], [ -64.835778295625872, 45.141543507561991 ], [ -64.835776512045854, 45.141591311502111 ], [ -64.835778196782996, 45.141639088372557 ], [ -64.835784114207314, 45.141693799447992 ], [ -64.835805589146887, 45.141818687425925 ], [ -64.835825313844083, 45.1418981088732 ], [ -64.835857202677005, 45.141998800229558 ], [ -64.835935307910987, 45.142214513331304 ], [ -64.835988490942398, 45.142363655660759 ], [ -64.836012213336062, 45.142430202874543 ], [ -64.836059000349493, 45.142619399584248 ], [ -64.8360681138914, 45.142653597205168 ], [ -64.836257215471406, 45.142969997334312 ], [ -64.836275611594928, 45.142986796328543 ], [ -64.836436695637076, 45.143130890022775 ], [ -64.836444402529509, 45.143141406925096 ], [ -64.836640292534781, 45.143292400631836 ], [ -64.836716488837183, 45.143328099020522 ], [ -64.836785788631886, 45.143368388391643 ], [ -64.836857690485289, 45.143408595118409 ], [ -64.836918979763496, 45.143460001631162 ], [ -64.836972784941423, 45.143507595808714 ], [ -64.837013393636695, 45.143551602064463 ], [ -64.837036788418203, 45.143597505812352 ], [ -64.837049395901019, 45.143633293943118 ], [ -64.837061988673511, 45.14366910511454 ], [ -64.837063094002303, 45.143705095224909 ], [ -64.837063008750619, 45.143727798446605 ], [ -64.837061404373273, 45.143795809277108 ], [ -64.837060971334793, 45.143799001077255 ], [ -64.837093697906866, 45.143805901502368 ], [ -64.845528993798155, 45.148759015970917 ] ] ] } },
{ "type": "Feature", "properties": { "FED_NUM": 12009, "ED_NAMEE": "Sackville—Bedford—Preston", "ED_NAMEF": "Sackville—Bedford—Preston", "REP_ORDER": "2023", "SHAPE_AREA": 655546325.30400002, "SHAPE_LEN": 136251.623609, "NUM_CF": null, "CF_NOMFR": null, "CF_NOMAN": null, "DEC_REP": null, "PROV_CODE": "12", "PROV_NAME": "PE" }, "geometry": { "type": "Polygon", "coordinates": [ [ [ -63.876870905617409, 44.77830219383717 ], [ -63.876729118147352, 44.778848996919052 ], [ -63.876485006520852, 44.779156691394995 ], [ -63.876152299391705, 44.779300804343613 ], [ -63.87590068987317, 44.779355485515715 ], [ -63.875733611904188, 44.779372193055146 ], [ -63.875234396119723, 44.77936308600011 ], [ -63.875079689181341, 44.779344488303494 ], [ -63.874766586241364, 44.779255692101842 ], [ -63.874472595824628, 44.779254303357042 ], [ -63.873277786064982, 44.778991298728279 ], [ -63.873107799773493, 44.778936796291745 ], [ -63.872737112840433, 44.77890630065491 ], [ -63.872635009740009, 44.778967702927133 ], [ -63.872449098885234, 44.77919751038965 ], [ -63.87206480250574, 44.779542198216767 ], [ -63.871878095318223, 44.779641491370398 ], [ -63.871693507011827, 44.779681588631696 ], [ -63.871472496074411, 44.7798079924302 ], [ -63.871150903780304, 44.780106412547674 ], [ -63.870986095904883, 44.780214111365062 ], [ -63.870888378960565, 44.780307203619962 ], [ -63.870311317713167, 44.781379592860404 ], [ -63.87005240957749, 44.781631713339287 ], [ -63.86917499193428, 44.782259904902496 ], [ -63.868627209474127, 44.782522498934988 ], [ -63.868207785554802, 44.782763804058014 ], [ -63.867830688427262, 44.783061302571809 ], [ -63.867396785928385, 44.783547406079713 ], [ -63.86692809833243, 44.784230397229734 ], [ -63.866643810851961, 44.784723193022486 ], [ -63.866551610645558, 44.785429101805278 ], [ -63.866283487677258, 44.786088194193049 ], [ -63.866147895765266, 44.78630699193188 ], [ -63.866062607658279, 44.786514899823651 ], [ -63.866045486253725, 44.787139100992164 ], [ -63.866013605891744, 44.787407313032666 ], [ -63.865635205122842, 44.788044715441004 ], [ -63.865442195566303, 44.78862208805743 ], [ -63.865415383337329, 44.788902300294481 ], [ -63.8655932114225, 44.789660496734633 ], [ -63.86561088727251, 44.789937495125081 ], [ -63.865587010404624, 44.79013868988298 ], [ -63.865438396979897, 44.790562806990479 ], [ -63.865403108624768, 44.791380395902046 ], [ -63.865467513156609, 44.791594992111435 ], [ -63.865598301039213, 44.79181480516246 ], [ -63.865608583473872, 44.791989006552583 ], [ -63.865467916321897, 44.792195900531382 ], [ -63.865377612141678, 44.79254199750283 ], [ -63.865259484360337, 44.792737505141275 ], [ -63.865209991414631, 44.792878904509038 ], [ -63.86516260819689, 44.792961014876077 ], [ -63.86497359383862, 44.793119602264682 ], [ -63.864940305476068, 44.793427313437554 ], [ -63.86494829051383, 44.793510499540119 ], [ -63.865234715031953, 44.793879406895115 ], [ -63.866100088330484, 44.794507993143966 ], [ -63.866248404133536, 44.794704410449739 ], [ -63.866293686881704, 44.794831694854672 ], [ -63.866348003018203, 44.795172695769466 ], [ -63.866311605635104, 44.795258994676765 ], [ -63.866297806790527, 44.795484001533325 ], [ -63.866243212002622, 44.795613506491961 ], [ -63.866197919637372, 44.795636295026114 ], [ -63.866003006161236, 44.79565248913034 ], [ -63.86595779660847, 44.795675389092992 ], [ -63.865885709352469, 44.795978489086956 ], [ -63.865758111716808, 44.796130307364749 ], [ -63.865839220808539, 44.796190998441013 ], [ -63.865899791708777, 44.796204002647436 ], [ -63.865978607398986, 44.796173788722776 ], [ -63.866061801227808, 44.796175404620492 ], [ -63.86603855785188, 44.796286012891514 ], [ -63.865004357935909, 44.796386356841275 ], [ -63.864033969942341, 44.795735596656094 ], [ -63.857923636997867, 44.789515943826594 ], [ -63.85219528651227, 44.787811087007718 ], [ -63.847978637583957, 44.788232834399075 ], [ -63.84450300966656, 44.789483351676758 ], [ -63.842855448207601, 44.790885573631307 ], [ -63.841080947122784, 44.792395679927417 ], [ -63.839215751468124, 44.794186890641434 ], [ -63.835906255253704, 44.798055814259207 ], [ -63.833525498546138, 44.801342197443788 ], [ -63.831194159409364, 44.804040829250816 ], [ -63.822263664552821, 44.809213758122169 ], [ -63.81826683650133, 44.811860828358142 ], [ -63.815191690807346, 44.814551606289228 ], [ -63.813309365097901, 44.817594841946701 ], [ -63.81257876782729, 44.819431470545027 ], [ -63.811883736487552, 44.821178560813166 ], [ -63.811104061951873, 44.825632381335033 ], [ -63.809958837860023, 44.827666001143271 ], [ -63.809799209972809, 44.82787402093242 ], [ -63.809173714310042, 44.828689061373794 ], [ -63.806869448811419, 44.831667942767247 ], [ -63.805575883975735, 44.833339992272087 ], [ -63.805414426230236, 44.833551652650726 ], [ -63.802357484996406, 44.839219573635802 ], [ -63.801954391771609, 44.839829852322119 ], [ -63.801773305957859, 44.839858223093309 ], [ -63.801622138709639, 44.840096476298861 ], [ -63.80149748614911, 44.840281953703254 ], [ -63.799260084181405, 44.843469953623995 ], [ -63.798703047787086, 44.84423015114988 ], [ -63.798249103679005, 44.844777879578963 ], [ -63.796689205171504, 44.846677212917825 ], [ -63.791990795145431, 44.8522965105183 ], [ -63.791477003374951, 44.852947972884266 ], [ -63.790613628683914, 44.854003685112389 ], [ -63.786375741965109, 44.859191726708765 ], [ -63.786290831221088, 44.859286303746167 ], [ -63.783706101064645, 44.862325255234822 ], [ -63.783397304046247, 44.862688274144141 ], [ -63.781421224392496, 44.865011133929777 ], [ -63.781356495203809, 44.865087249355042 ], [ -63.779729764867, 44.866999501273156 ], [ -63.779439188159728, 44.867341035182164 ], [ -63.778911817824088, 44.867960901221636 ], [ -63.77622333464975, 44.871120527109476 ], [ -63.775790487440418, 44.871610788683604 ], [ -63.775123434049867, 44.872325010383733 ], [ -63.774495710381558, 44.872993992033358 ], [ -63.772376513096354, 44.875328622453829 ], [ -63.771752208403733, 44.876016314849259 ], [ -63.770298879224484, 44.877607436041615 ], [ -63.76946403133509, 44.878521369433948 ], [ -63.767390222639385, 44.880791476490529 ], [ -63.765843841271604, 44.882484050932334 ], [ -63.764369023983853, 44.884247903434385 ], [ -63.764134843048829, 44.884527937253942 ], [ -63.762764267736451, 44.886166928414085 ], [ -63.762271429728116, 44.886756269758955 ], [ -63.758767445928434, 44.890945804622888 ], [ -63.756429763736577, 44.893078130587604 ], [ -63.755787695658526, 44.893663756108936 ], [ -63.755051524641722, 44.894149612483609 ], [ -63.752471233085096, 44.895852419034384 ], [ -63.75114022083676, 44.896531699116345 ], [ -63.747672519524826, 44.898301219194103 ], [ -63.74309376050423, 44.900359531166586 ], [ -63.737563793317392, 44.902741456097864 ], [ -63.735946650193114, 44.903514699336633 ], [ -63.731395241479085, 44.905690741154409 ], [ -63.721738213204546, 44.910306399809706 ], [ -63.718537499148653, 44.912245676859349 ], [ -63.712612212868038, 44.914860515018376 ], [ -63.712493435059514, 44.914918737082459 ], [ -63.711836879128711, 44.915240676949885 ], [ -63.703056801251371, 44.919545078971574 ], [ -63.698836198004706, 44.921338157323198 ], [ -63.697700519449526, 44.921829243038012 ], [ -63.69242631326879, 44.924109613176853 ], [ -63.691663217161739, 44.924458540027103 ], [ -63.689861696411192, 44.925282255650338 ], [ -63.689000411894092, 44.925676058799993 ], [ -63.685328966959062, 44.927354490782882 ], [ -63.684567724077432, 44.92770248621494 ], [ -63.684190943613402, 44.927874702381004 ], [ -63.678825071997856, 44.930327211883331 ], [ -63.673603189413001, 44.932535964530153 ], [ -63.67285158161237, 44.93285387324714 ], [ -63.670858619495149, 44.933696713510997 ], [ -63.669962402932882, 44.93407568534753 ], [ -63.667115051625849, 44.935279664189828 ], [ -63.666999396786892, 44.935328575540936 ], [ -63.664251402241391, 44.93633299821672 ], [ -63.663164998340555, 44.936729138982521 ], [ -63.663144740065988, 44.936732820127489 ], [ -63.630887123555603, 44.942551963684991 ], [ -63.621782011595776, 44.944180236991471 ], [ -63.615615070341413, 44.945282487553513 ], [ -63.612261942156067, 44.945901434552127 ], [ -63.606489498778956, 44.946966672376512 ], [ -63.60289938228405, 44.947640495092749 ], [ -63.596273689102254, 44.948783987250366 ], [ -63.592942943699029, 44.949472228889277 ], [ -63.591945800316694, 44.949637884224536 ], [ -63.590003297750371, 44.94421988138162 ], [ -63.579845781077132, 44.934009181665161 ], [ -63.57814017747841, 44.932420515427388 ], [ -63.572400972133678, 44.927076064623591 ], [ -63.572161771528734, 44.9268529577501 ], [ -63.571134873533502, 44.925895138793358 ], [ -63.570571262173516, 44.925370492355682 ], [ -63.570327162180142, 44.925671843755751 ], [ -63.57019274988145, 44.926437579117831 ], [ -63.570696608539492, 44.927196506549897 ], [ -63.570697312897572, 44.927751167525749 ], [ -63.570429845773987, 44.928146727671852 ], [ -63.569974726486855, 44.928476862008054 ], [ -63.569676662800362, 44.928693063924186 ], [ -63.568757111147342, 44.930366703340255 ], [ -63.568039988798468, 44.93236124371451 ], [ -63.56814069070181, 44.93481833347559 ], [ -63.568564953058896, 44.935332514244102 ], [ -63.568374640036325, 44.936010721068257 ], [ -63.567879174723579, 44.936577615498599 ], [ -63.566406418219536, 44.936958256331145 ], [ -63.564864202693073, 44.938306115129443 ], [ -63.564290708377584, 44.938475512985775 ], [ -63.563981077899804, 44.938395215720178 ], [ -63.563732217753611, 44.938093412253465 ], [ -63.563305156871628, 44.937901914507442 ], [ -63.561699519746021, 44.937876154228022 ], [ -63.559569343246473, 44.938045163677501 ], [ -63.559241583889779, 44.938334499228695 ], [ -63.559104641074661, 44.938986157961715 ], [ -63.55883336204186, 44.939357379263456 ], [ -63.558580083998947, 44.93951518785591 ], [ -63.558524281153773, 44.939780365064728 ], [ -63.559136900599285, 44.94101805904085 ], [ -63.55946138940304, 44.941385749999853 ], [ -63.559292013912128, 44.941871574104688 ], [ -63.557655840862346, 44.942948447861738 ], [ -63.556996869512403, 44.943085573129501 ], [ -63.555687823337735, 44.943357929270441 ], [ -63.554829180699045, 44.94341407473928 ], [ -63.553896549834917, 44.943185260521368 ], [ -63.5532622764308, 44.941998053528977 ], [ -63.552377050096787, 44.941587945780562 ], [ -63.551439452393986, 44.941421253158907 ], [ -63.550567196161722, 44.9415656610783 ], [ -63.547866279045785, 44.942811930284307 ], [ -63.546356921184852, 44.943502854306956 ], [ -63.545438113415443, 44.943050436114028 ], [ -63.544912890454945, 44.941911195828546 ], [ -63.544422214272309, 44.940230661648805 ], [ -63.544009645981347, 44.939172954997346 ], [ -63.543453042061188, 44.937745892497922 ], [ -63.54264270046459, 44.937241108101482 ], [ -63.541269734833847, 44.936896532081143 ], [ -63.541261104196529, 44.936833312333256 ], [ -63.541262701467666, 44.936734287889266 ], [ -63.541244400232351, 44.936410295651761 ], [ -63.541243013374064, 44.936392302797671 ], [ -63.541231900952404, 44.936293308387185 ], [ -63.541153202835496, 44.934933508673062 ], [ -63.541070597372325, 44.933826607073286 ], [ -63.541001300211761, 44.93265581157916 ], [ -63.540961086820772, 44.932016801605016 ], [ -63.540844911625079, 44.931385403136375 ], [ -63.540834608743722, 44.931354114889828 ], [ -63.540808394560116, 44.931277600722304 ], [ -63.540713695553222, 44.930907110048423 ], [ -63.540482880203562, 44.930347405788424 ], [ -63.540262193401055, 44.929868809394819 ], [ -63.539589209041011, 44.928423403506876 ], [ -63.539099405509177, 44.927402193903951 ], [ -63.538649207440066, 44.926282614642155 ], [ -63.538314202935268, 44.925145499428439 ], [ -63.538173055256422, 44.924508149157859 ], [ -63.538172588721999, 44.924506087579054 ], [ -63.53811411813524, 44.924208395517624 ], [ -63.538015391007612, 44.923271798562041 ], [ -63.537974591269688, 44.922703890455253 ], [ -63.537938002883266, 44.921092702012615 ], [ -63.537939304513188, 44.921011607953503 ], [ -63.537941190402663, 44.92089510854376 ], [ -63.537941195552094, 44.920894690437223 ], [ -63.537900499007904, 44.919562693107743 ], [ -63.53787351094433, 44.918932497530037 ], [ -63.537843695024222, 44.917636389667905 ], [ -63.537797213782468, 44.915917199185053 ], [ -63.537731816103566, 44.915286495984631 ], [ -63.537577712908103, 44.914655206087353 ], [ -63.537359095028009, 44.914041385729305 ], [ -63.536800790713457, 44.912579407060562 ], [ -63.536534487254173, 44.911874899748526 ], [ -63.536191189294293, 44.911196891554127 ], [ -63.535772113536403, 44.910536304756697 ], [ -63.534855607382951, 44.909250615977072 ], [ -63.533915196959747, 44.907964998180447 ], [ -63.532875804787466, 44.906525000111266 ], [ -63.532170214305744, 44.90556510383712 ], [ -63.531489103675192, 44.904641912426897 ], [ -63.531130000520776, 44.904162011027438 ], [ -63.529979093405053, 44.902558707839916 ], [ -63.529150306579155, 44.901409391748096 ], [ -63.528768206915025, 44.900888414348337 ], [ -63.528221598898199, 44.900141700875984 ], [ -63.528159895133378, 44.900041995104118 ], [ -63.528140601561098, 44.90000969617298 ], [ -63.52780239397142, 44.899444997700606 ], [ -63.527460181998677, 44.898730900592383 ], [ -63.527181197336503, 44.897999497311375 ], [ -63.526955600429936, 44.897151613656213 ], [ -63.526830098634591, 44.896305100147735 ], [ -63.526806985155332, 44.895441005130046 ], [ -63.526939816953053, 44.894307892571014 ], [ -63.52699449275007, 44.894056498666203 ], [ -63.527212002218157, 44.893193993417242 ], [ -63.527504284151554, 44.892333002539957 ], [ -63.527759721051034, 44.891462196981017 ], [ -63.528119694863676, 44.890384785741269 ], [ -63.528468012692493, 44.889290300897976 ], [ -63.52888170071293, 44.887997501090418 ], [ -63.529202902338163, 44.886983309003448 ], [ -63.529528595151497, 44.885998105769453 ], [ -63.52953070451364, 44.885991097314609 ], [ -63.529562604934618, 44.885888689620742 ], [ -63.529817304293978, 44.885081014726623 ], [ -63.53007090896196, 44.88429119319909 ], [ -63.53041890447242, 44.8831597953086 ], [ -63.530577400701389, 44.882774712189644 ], [ -63.530684183982864, 44.882433505562048 ], [ -63.530965802060258, 44.881500012957659 ], [ -63.531233904934311, 44.880638090202062 ], [ -63.531420797332878, 44.880036806091937 ], [ -63.531607992833642, 44.879462494582604 ], [ -63.531795112907012, 44.878879204668543 ], [ -63.531834496063013, 44.878762887496414 ], [ -63.531967785807772, 44.878385997236073 ], [ -63.532114013716999, 44.877910008785882 ], [ -63.532127619589311, 44.877864896976632 ], [ -63.532129110495241, 44.877860449628905 ], [ -63.532154706499995, 44.877784705934339 ], [ -63.532167088500195, 44.877757593362581 ], [ -63.532688087064756, 44.876159896461644 ], [ -63.532820895884846, 44.875756097112927 ], [ -63.533621893038848, 44.874061787287658 ], [ -63.534232906431924, 44.873059713231719 ], [ -63.53494549070912, 44.872084099429692 ], [ -63.535758484345742, 44.871154895127191 ], [ -63.537430089026827, 44.869576105951964 ], [ -63.539264406014453, 44.868089395737648 ], [ -63.542227897820126, 44.86566630033267 ], [ -63.542998014354822, 44.865042399167258 ], [ -63.544529091405032, 44.863774007961297 ], [ -63.544858103853613, 44.863501407719966 ], [ -63.547731795978684, 44.861131791382377 ], [ -63.548359799929379, 44.860623810857547 ], [ -63.549053107417166, 44.860053298161759 ], [ -63.551771993379546, 44.857817598566406 ], [ -63.551797709564966, 44.857799493129576 ], [ -63.553452285979944, 44.856445596636938 ], [ -63.554490788932057, 44.855589901703276 ], [ -63.556030313487753, 44.854333797895599 ], [ -63.556080508388014, 44.854289389952612 ], [ -63.556082871416343, 44.854287449912327 ], [ -63.5561458083315, 44.854236006409799 ], [ -63.556170904962691, 44.854208906065132 ], [ -63.557389095049068, 44.853228895399077 ], [ -63.558016086322397, 44.852765807169256 ], [ -63.558233488708055, 44.852606294959649 ], [ -63.55914151559962, 44.852019497655334 ], [ -63.560980216940941, 44.851008800150652 ], [ -63.562578310450512, 44.850180510430206 ], [ -63.562842982118219, 44.850043300737916 ], [ -63.562905889020911, 44.850010591706329 ], [ -63.564016402934698, 44.849431690003648 ], [ -63.566758819546067, 44.848023696639046 ], [ -63.569540117863774, 44.846588395157475 ], [ -63.56962930821755, 44.846542500170607 ], [ -63.570126793027612, 44.846286583928759 ], [ -63.570140611887766, 44.846278402751935 ], [ -63.570151028932194, 44.846273068076989 ], [ -63.569956591620247, 44.846023502665268 ], [ -63.569816911208271, 44.845909802280588 ], [ -63.569924792913476, 44.84583888850387 ], [ -63.569943187429175, 44.845817601036771 ], [ -63.569976003470543, 44.845699687994113 ], [ -63.569916300060058, 44.845405799421584 ], [ -63.569730480372968, 44.845073500033621 ], [ -63.569699389951396, 44.84489100053321 ], [ -63.569723912079475, 44.84457910284361 ], [ -63.569601213939087, 44.844070298548964 ], [ -63.569602109181453, 44.843920104087054 ], [ -63.569698005205822, 44.843756115499787 ], [ -63.569603107111512, 44.843247901927512 ], [ -63.569732817953401, 44.842946201200505 ], [ -63.569734491511397, 44.842776186734383 ], [ -63.569710980093575, 44.842676906724797 ], [ -63.569604186374058, 44.842445205412346 ], [ -63.569613588477651, 44.841967000379249 ], [ -63.569449596666928, 44.841643111048683 ], [ -63.569426912660532, 44.841523998892235 ], [ -63.569358116951626, 44.840925392363033 ], [ -63.56911339999899, 44.840670991352162 ], [ -63.568945096233968, 44.84057638939003 ], [ -63.568808015094667, 44.840403394787209 ], [ -63.568559998970656, 44.839966996160342 ], [ -63.568481779863397, 44.83971620074049 ], [ -63.568185902625075, 44.83923131129594 ], [ -63.568107695806781, 44.839110986904203 ], [ -63.567809104382192, 44.838946391858222 ], [ -63.567676185202579, 44.838805100702146 ], [ -63.567596773744683, 44.838669093278916 ], [ -63.567501281855584, 44.83847699881008 ], [ -63.567427400573429, 44.838257996002604 ], [ -63.567339885732039, 44.838093895249024 ], [ -63.567469504184601, 44.838053304188328 ], [ -63.567544389860153, 44.837991599791465 ], [ -63.567567116436891, 44.837849792495135 ], [ -63.567819610653402, 44.837535012707605 ], [ -63.567818818558123, 44.837424194078302 ], [ -63.567754893457312, 44.837359597129151 ], [ -63.567741494464059, 44.837284195610572 ], [ -63.567763390247777, 44.837162108001486 ], [ -63.568082306828465, 44.836852688272259 ], [ -63.56830109985507, 44.836675490635315 ], [ -63.568533294201515, 44.836573806636984 ], [ -63.568858799296294, 44.836497790445407 ], [ -63.569248393805793, 44.836355987813832 ], [ -63.569387206037788, 44.836359103722373 ], [ -63.569405804004141, 44.836055000039863 ], [ -63.569551301135029, 44.835899988815456 ], [ -63.569539588168389, 44.835785104156955 ], [ -63.56940261647118, 44.835481599264178 ], [ -63.569489213293878, 44.835404400218515 ], [ -63.569653315038792, 44.835336793624037 ], [ -63.569869501089272, 44.835218910270548 ], [ -63.569875407061602, 44.835080604053324 ], [ -63.569844289566866, 44.835028593000487 ], [ -63.569687910822736, 44.834918396974778 ], [ -63.569702207089016, 44.834843609217202 ], [ -63.569749307354989, 44.834781292329183 ], [ -63.569857901215343, 44.834712506978889 ], [ -63.569936107632458, 44.834702393129263 ], [ -63.570029513321678, 44.834597602007811 ], [ -63.570062387941093, 44.834218792311965 ], [ -63.570011180791809, 44.833988300622067 ], [ -63.570029709445521, 44.833945215137348 ], [ -63.570288803186983, 44.833863903888179 ], [ -63.570488202682967, 44.833749587061895 ], [ -63.570471393789049, 44.833622709842615 ], [ -63.570330109764754, 44.833417998435458 ], [ -63.570333497665118, 44.833338895764143 ], [ -63.570224195428366, 44.833166599715149 ], [ -63.570305005684133, 44.833097090043069 ], [ -63.57058510518192, 44.833043912896159 ], [ -63.570643106151877, 44.832985798449052 ], [ -63.570666695842618, 44.832954695945027 ], [ -63.570668397553725, 44.832784700182359 ], [ -63.570591086178645, 44.832383705686233 ], [ -63.570367514940251, 44.832026996115921 ], [ -63.570172387544666, 44.831781500829074 ], [ -63.570155595536768, 44.831654601913698 ], [ -63.570136419567874, 44.831195595345527 ], [ -63.570257594102564, 44.830830496710384 ], [ -63.570287914141801, 44.83077180430972 ], [ -63.570241691909089, 44.830683788495456 ], [ -63.570317406960122, 44.830602398836341 ], [ -63.570638321096553, 44.829590752567704 ], [ -63.570868766455831, 44.828843800801714 ], [ -63.572991718604001, 44.820838027465292 ], [ -63.572961593912268, 44.820669133747543 ], [ -63.571213420844906, 44.811577932795352 ], [ -63.571208407613994, 44.808375584039453 ], [ -63.571206254385878, 44.807013705851951 ], [ -63.570821355260534, 44.805110718369818 ], [ -63.569305306070419, 44.805191896401865 ], [ -63.567868307581385, 44.805268809425939 ], [ -63.567386096008221, 44.805298200010448 ], [ -63.565995043816393, 44.80536906093414 ], [ -63.563811656983638, 44.805485830621336 ], [ -63.510655457688017, 44.808320517278744 ], [ -63.509278386498323, 44.808393523266773 ], [ -63.508096498590184, 44.808465005700526 ], [ -63.507813435596326, 44.808471167326061 ], [ -63.505099937363489, 44.808614930476871 ], [ -63.495382261092324, 44.8091290899455 ], [ -63.494037332889512, 44.80920017056787 ], [ -63.493041849017494, 44.809192761126461 ], [ -63.466770170617735, 44.808992924875838 ], [ -63.465887787818097, 44.808986079073293 ], [ -63.441296840701739, 44.808791794499705 ], [ -63.440046078261162, 44.808781723467519 ], [ -63.439330881366736, 44.808775966394322 ], [ -63.439178014802025, 44.808774737029644 ], [ -63.435922441569716, 44.808748438555305 ], [ -63.431183725695334, 44.808709820984312 ], [ -63.428418477611864, 44.800527108171707 ], [ -63.428415786398524, 44.80051913403129 ], [ -63.423660337259534, 44.786440753066017 ], [ -63.415633602956056, 44.762659460723214 ], [ -63.408966557153114, 44.742889252973285 ], [ -63.408680257388099, 44.742039833465832 ], [ -63.408680206282604, 44.742039676016503 ], [ -63.406954815809264, 44.736920520507802 ], [ -63.406358689011654, 44.735151496512593 ], [ -63.406065646191834, 44.734266586417391 ], [ -63.405716271930686, 44.734324272566404 ], [ -63.405147269862951, 44.734447998750291 ], [ -63.404710544003571, 44.733547880309516 ], [ -63.404271853953034, 44.732603694924904 ], [ -63.40400281653983, 44.732121192382422 ], [ -63.403713486541982, 44.731425094144114 ], [ -63.403422203273408, 44.730765389828129 ], [ -63.403397891360932, 44.730711385732221 ], [ -63.403257285352616, 44.730363212083965 ], [ -63.403241095408717, 44.730323100353701 ], [ -63.403087820259387, 44.729961493542596 ], [ -63.402991692809138, 44.729510991223407 ], [ -63.402883681074677, 44.729230600333182 ], [ -63.402774481296902, 44.728969006478728 ], [ -63.402652813900396, 44.728715491718056 ], [ -63.402493181727721, 44.728462199516457 ], [ -63.402481579068997, 44.728434406767676 ], [ -63.402323094860733, 44.728154100785851 ], [ -63.402151700394384, 44.727837799673949 ], [ -63.401907494438163, 44.727402888167276 ], [ -63.401822891191273, 44.727222296270128 ], [ -63.401724494917929, 44.727050701425028 ], [ -63.401580496974255, 44.726680310790414 ], [ -63.401459584316854, 44.726372799074241 ], [ -63.401340105612306, 44.726066309644565 ], [ -63.401315590689812, 44.726002409179358 ], [ -63.401243701869824, 44.72583070202397 ], [ -63.401157791988034, 44.725641095699558 ], [ -63.401074201515364, 44.725415387204727 ], [ -63.40101479425963, 44.725234709912577 ], [ -63.401003197279692, 44.725198688591682 ], [ -63.400868811558723, 44.724927295747364 ], [ -63.400845406576202, 44.724828390865 ], [ -63.400665117218146, 44.72433119625164 ], [ -63.400560092698186, 44.72393450110323 ], [ -63.400426506509724, 44.723600115041222 ], [ -63.400283415088289, 44.723175695551532 ], [ -63.400139211075057, 44.722778300689356 ], [ -63.400000393526611, 44.722422303781222 ], [ -63.399959311518451, 44.722317992873293 ], [ -63.399875000808642, 44.722082994201486 ], [ -63.399632893831509, 44.72150450980098 ], [ -63.399439400587447, 44.721088900278588 ], [ -63.399331495504427, 44.720817692055185 ], [ -63.399307117204643, 44.720763803095956 ], [ -63.399233320238494, 44.72067309696024 ], [ -63.399145602445685, 44.720590587180958 ], [ -63.399059188145195, 44.72050899925943 ], [ -63.3989589027804, 44.720436408469212 ], [ -63.398947508719594, 44.720427497887876 ], [ -63.398847311286659, 44.720362999107479 ], [ -63.398635496461672, 44.720226005246367 ], [ -63.398336213930669, 44.720043396456084 ], [ -63.39811060989539, 44.719915397708554 ], [ -63.398010493191308, 44.719859994916632 ], [ -63.397849217091398, 44.71972369591677 ], [ -63.39776280345238, 44.719651091896139 ], [ -63.397687802344095, 44.719578390949493 ], [ -63.39761399441764, 44.719496804390879 ], [ -63.397552912377861, 44.719415094622001 ], [ -63.397454389291809, 44.719233592789855 ], [ -63.397418406171099, 44.719143705692268 ], [ -63.397359205930165, 44.71897191229921 ], [ -63.397346406836711, 44.718954010337129 ], [ -63.397275507122728, 44.718737201517506 ], [ -63.397203299408837, 44.718511490827574 ], [ -63.397168291039542, 44.71838470569908 ], [ -63.397156612569567, 44.718330795557868 ], [ -63.397121397385924, 44.718168807657406 ], [ -63.397087310087755, 44.71798800225384 ], [ -63.397077509841473, 44.717852993808037 ], [ -63.397079093067205, 44.717758805524923 ], [ -63.397079320371205, 44.717744998526882 ], [ -63.397093810347222, 44.717646802260759 ], [ -63.397120899978503, 44.717538698255716 ], [ -63.397160589759459, 44.717440394144759 ], [ -63.397213886119935, 44.717305205383873 ], [ -63.397306897193417, 44.717054589557463 ], [ -63.397425094916997, 44.716794903960782 ], [ -63.397479498245552, 44.716624599355335 ], [ -63.397492897189444, 44.716552512163894 ], [ -63.397507498375774, 44.716480388649352 ], [ -63.397508298810457, 44.71640841194143 ], [ -63.397510301523837, 44.716336398912347 ], [ -63.397498516344804, 44.716264397097227 ], [ -63.397450787138396, 44.716119597948875 ], [ -63.397414806495483, 44.716029712151638 ], [ -63.397305892578558, 44.715803307378607 ], [ -63.397170606656154, 44.715576888650638 ], [ -63.397122190789865, 44.715513986331558 ], [ -63.397072398941425, 44.715441291181705 ], [ -63.397011108212013, 44.715341593254884 ], [ -63.396887511718532, 44.71521449218811 ], [ -63.396875006177346, 44.715196214647996 ], [ -63.396764385243685, 44.715078705810711 ], [ -63.396490197532422, 44.714859994249565 ], [ -63.396340592037234, 44.714768609470006 ], [ -63.396116100602562, 44.714621803339156 ], [ -63.396041306208275, 44.714576099338053 ], [ -63.395680002039668, 44.714356813337488 ], [ -63.395442906601701, 44.714201910345537 ], [ -63.395317298740146, 44.71411949401196 ], [ -63.395305891663654, 44.714110605976664 ], [ -63.394931291491815, 44.713872710286388 ], [ -63.394806995018833, 44.713772489916352 ], [ -63.394470313455408, 44.713580493056924 ], [ -63.394220404350172, 44.713415710870983 ], [ -63.393860797956691, 44.713195090206696 ], [ -63.393833801205865, 44.713178512869561 ], [ -63.393810903437071, 44.713163310915213 ], [ -63.393602505048136, 44.71303530090988 ], [ -63.39359690183111, 44.713031786846742 ], [ -63.394518113171301, 44.712817798607972 ], [ -63.394750111102681, 44.712763894133793 ], [ -63.395815291901989, 44.712531610759108 ], [ -63.396891895615987, 44.71230728811711 ], [ -63.397754297628239, 44.712099989896409 ], [ -63.398717303200662, 44.711911112733368 ], [ -63.398804199601834, 44.711889212576274 ], [ -63.398818094857482, 44.711885599378739 ], [ -63.398857189869481, 44.711876392245735 ], [ -63.398881965920786, 44.711870961183585 ], [ -63.398895009902105, 44.711868204264903 ], [ -63.398932809556307, 44.711859113540449 ], [ -63.398983226713497, 44.711850814884649 ], [ -63.399077801581562, 44.711829695482486 ], [ -63.399135821162133, 44.711815993337886 ], [ -63.399959106110231, 44.711661912178066 ], [ -63.399999498462734, 44.711655500118439 ], [ -63.400060004674202, 44.711645391955109 ], [ -63.400367590644869, 44.711580401524586 ], [ -63.400757111139946, 44.71149889248386 ], [ -63.401301698564176, 44.711387099351839 ], [ -63.401389992639245, 44.711369706720596 ], [ -63.401910508512486, 44.71124911193963 ], [ -63.402353207483785, 44.711180901057581 ], [ -63.402771700895833, 44.711086713150543 ], [ -63.403253111061474, 44.710965296724126 ], [ -63.403950304871529, 44.710836808108162 ], [ -63.404494893775926, 44.710715988620009 ], [ -63.404532691347384, 44.710706895571299 ], [ -63.405039417250599, 44.710595200457298 ], [ -63.40567240061133, 44.710484110257795 ], [ -63.406446308305583, 44.710312108164423 ], [ -63.407637610184757, 44.71006200810573 ], [ -63.407662793355087, 44.710052991954285 ], [ -63.40782803742195, 44.710013280107312 ], [ -63.408309316308888, 44.709897594570293 ], [ -63.408930712108734, 44.709759402736942 ], [ -63.409236005236956, 44.70969629347794 ], [ -63.409639221723509, 44.709612894261596 ], [ -63.410564396367583, 44.709415095997848 ], [ -63.411464520588929, 44.709234498197333 ], [ -63.412350601012299, 44.709045002494712 ], [ -63.413275990393011, 44.708865199043302 ], [ -63.413313708125138, 44.708856216111386 ], [ -63.413351596983844, 44.708847795518096 ], [ -63.414124194289116, 44.708674907469991 ], [ -63.415151508493096, 44.708450612845255 ], [ -63.416227989213859, 44.708235992742679 ], [ -63.416975384924619, 44.708072098976345 ], [ -63.417532698462416, 44.707969291684108 ], [ -63.417608286621721, 44.707951907375815 ], [ -63.418153991232018, 44.707830992257023 ], [ -63.419103309062315, 44.707642090548639 ], [ -63.420231409812686, 44.707401208782649 ], [ -63.421372105472386, 44.707159307425719 ], [ -63.422536708724564, 44.706918296140699 ], [ -63.423512404223331, 44.706721114937288 ], [ -63.423690110591217, 44.706686205102756 ], [ -63.42420939243096, 44.706574502884266 ], [ -63.425084085861393, 44.706393898372973 ], [ -63.42609751428985, 44.706178592613654 ], [ -63.427502908764033, 44.705885210981606 ], [ -63.428732890903973, 44.705608709335529 ], [ -63.42983461488074, 44.705402996292449 ], [ -63.430860609139621, 44.70518749965337 ], [ -63.431519696733424, 44.705040985868166 ], [ -63.431645694839013, 44.70501530675611 ], [ -63.43215258488862, 44.704929698794558 ], [ -63.432734803826591, 44.704800497492641 ], [ -63.432862116169169, 44.704774902680192 ], [ -63.432962996971561, 44.70475739757191 ], [ -63.43302184670641, 44.704746846632574 ], [ -63.433773494755137, 44.704612097199238 ], [ -63.433870587757198, 44.704591001673634 ], [ -63.434226606587352, 44.704511900941 ], [ -63.43435698736311, 44.704482904146424 ], [ -63.43512960781878, 44.704318797230023 ], [ -63.435762293800984, 44.704189484768953 ], [ -63.436333201343118, 44.704069412713793 ], [ -63.43692811663724, 44.703939299663773 ], [ -63.437562009364441, 44.703801799891927 ], [ -63.43820729259923, 44.703672387970848 ], [ -63.438842386538397, 44.703527709103 ], [ -63.439044011621263, 44.703481896873207 ], [ -63.439909092080818, 44.703282989625201 ], [ -63.439943690012562, 44.703275003428921 ], [ -63.440589091749601, 44.703154602354125 ], [ -63.440993887528329, 44.703095400367587 ], [ -63.441411407809184, 44.703063211542826 ], [ -63.441815312667657, 44.703049005181605 ], [ -63.441995096070229, 44.703054485770267 ], [ -63.442231911412129, 44.703061800952504 ], [ -63.442672701631871, 44.703092488230844 ], [ -63.443113605443017, 44.703142099760498 ], [ -63.44355341533165, 44.703217805781371 ], [ -63.443868195812144, 44.703275097429028 ], [ -63.444169218191362, 44.703349595732298 ], [ -63.444457704583407, 44.703442110136891 ], [ -63.444746298516158, 44.703544509535988 ], [ -63.445723909293797, 44.70394940208385 ], [ -63.446073793384052, 44.704150611304925 ], [ -63.446435791893421, 44.704342610676051 ], [ -63.447010596706363, 44.704662697395236 ], [ -63.447473096508723, 44.704883294322443 ], [ -63.448036582176137, 44.70512230281831 ], [ -63.449205409060461, 44.705430097574151 ], [ -63.449368403426547, 44.705449298460636 ], [ -63.449948410585456, 44.705527112638606 ], [ -63.450528196319304, 44.705568108092393 ], [ -63.4506791080168, 44.705569607716896 ], [ -63.451197104032381, 44.705556387897651 ], [ -63.451701810234376, 44.705524690819111 ], [ -63.452321116541199, 44.705458300182443 ], [ -63.45321908457084, 44.705359396601082 ], [ -63.453850998219586, 44.705292910751112 ], [ -63.454635500026903, 44.705200703080209 ], [ -63.455015104834509, 44.705159608669888 ], [ -63.455306384970491, 44.705126004001663 ], [ -63.455596597179117, 44.705101406915489 ], [ -63.455899508594094, 44.705095695967721 ], [ -63.456189915540378, 44.705107201162505 ], [ -63.456681295087932, 44.705129599660879 ], [ -63.457311520210141, 44.705189093396775 ], [ -63.457978599426347, 44.70526749246698 ], [ -63.458645701431308, 44.705336800412091 ], [ -63.459099315247173, 44.705385400792288 ], [ -63.459402487060537, 44.705415691155395 ], [ -63.459716917345318, 44.70542699460961 ], [ -63.459893487231469, 44.705420006394938 ], [ -63.459970498228387, 44.705420593966785 ], [ -63.460019815132405, 44.705421292419011 ], [ -63.460049749046455, 44.705421526708122 ], [ -63.460095513167403, 44.705421907131623 ], [ -63.460170889367014, 44.705422299955941 ], [ -63.460183885527293, 44.705422401535195 ], [ -63.460184312994151, 44.705422407624511 ], [ -63.460196515351186, 44.705422405985153 ], [ -63.460224309221687, 44.705420510446224 ], [ -63.460689799691913, 44.705382591302367 ], [ -63.461182811798814, 44.70531489866012 ], [ -63.461676800129453, 44.705202100424835 ], [ -63.462489102007986, 44.70497548755435 ], [ -63.463249994584757, 44.704775408872081 ], [ -63.463364585134727, 44.704740704091883 ], [ -63.463998216239517, 44.704575196242374 ], [ -63.464581409076921, 44.704409893425144 ], [ -63.465076303640984, 44.704261105755201 ], [ -63.465507405035375, 44.704138907840509 ], [ -63.46590120758443, 44.704025516043252 ], [ -63.466141712439047, 44.70395610795709 ], [ -63.466661810731722, 44.703798211120166 ], [ -63.466801309297317, 44.703763614954752 ], [ -63.467207196212151, 44.703650205115864 ], [ -63.468120500166705, 44.703415996472508 ], [ -63.468373694308717, 44.703354609972223 ], [ -63.46882978858433, 44.703251006732607 ], [ -63.46904490542655, 44.703198888713622 ], [ -63.469551887510896, 44.703104906364317 ], [ -63.470096408165524, 44.703001803586794 ], [ -63.47054569527026, 44.70291481028211 ], [ -63.470640089673978, 44.702907308317059 ], [ -63.471210621130012, 44.702795594960584 ], [ -63.472210095162652, 44.702615896227101 ], [ -63.472514001903896, 44.702555195131296 ], [ -63.473387203634523, 44.702392307031559 ], [ -63.474159707505343, 44.702236892281789 ], [ -63.475033198342949, 44.702074007172158 ], [ -63.475970794921338, 44.701893607082447 ], [ -63.476438401664268, 44.701807893254212 ], [ -63.47695758379573, 44.701704000598077 ], [ -63.477009289573409, 44.701695687160409 ], [ -63.477451603071934, 44.701609309720993 ], [ -63.477819596859632, 44.701541094636497 ], [ -63.478287215764951, 44.701446398084663 ], [ -63.478389291446412, 44.701428894511224 ], [ -63.478502807652333, 44.701411994279766 ], [ -63.478540798978287, 44.701403307777603 ], [ -63.479350898838511, 44.701248410532678 ], [ -63.480161190154931, 44.701093797055492 ], [ -63.480832903808746, 44.700964900337596 ], [ -63.480888298963876, 44.700952836909366 ], [ -63.481389783708472, 44.700843697741966 ], [ -63.481466604510459, 44.700817293829971 ], [ -63.481935087525315, 44.700686596922694 ], [ -63.482201917392906, 44.700590002409236 ], [ -63.483091817681519, 44.700211000428062 ], [ -63.483410183264994, 44.70003399975311 ], [ -63.483469287342565, 44.700006696856342 ], [ -63.483486906008686, 44.69999849834899 ], [ -63.484098487677457, 44.699625900897971 ], [ -63.484659889756479, 44.699288686526707 ], [ -63.484953815035915, 44.69911190584552 ], [ -63.485246511555403, 44.698943209516827 ], [ -63.485564605048658, 44.698793304466705 ], [ -63.485895401204964, 44.698661411628727 ], [ -63.486060292553461, 44.698608411145919 ], [ -63.486655791045095, 44.69844268926829 ], [ -63.487148916504673, 44.698375100760465 ], [ -63.487654707631769, 44.698334292653783 ], [ -63.488273115295513, 44.698321692764459 ], [ -63.488916620921152, 44.698318797774697 ], [ -63.489572993423756, 44.698306301854416 ], [ -63.490380706719129, 44.698295611593885 ], [ -63.49080980919139, 44.698290190710757 ], [ -63.491216998790939, 44.698284928996614 ], [ -63.491226300374528, 44.698284801360352 ], [ -63.491516597719524, 44.698287998044698 ], [ -63.491806796501081, 44.698272391571464 ], [ -63.491907702560283, 44.698263792381056 ], [ -63.492097989852383, 44.698238690598082 ], [ -63.492376589497617, 44.698196105816777 ], [ -63.492533789824762, 44.698162094685415 ], [ -63.493022304441673, 44.698040096231836 ], [ -63.493428114104816, 44.697908906121633 ], [ -63.493433094343132, 44.697906800833273 ], [ -63.493809304817127, 44.69775868900394 ], [ -63.494178916232059, 44.697591403562257 ], [ -63.494521985525985, 44.697414393368419 ], [ -63.494840890626897, 44.697219491319458 ], [ -63.495134390853217, 44.697005799087876 ], [ -63.495212205880961, 44.696943310702025 ], [ -63.495416509636598, 44.696774100257556 ], [ -63.495441497983855, 44.696756890589171 ], [ -63.496341300583843, 44.695846393041982 ], [ -63.49680032158826, 44.695374300977377 ], [ -63.497175295673188, 44.69498861242959 ], [ -63.497278297313144, 44.694882691862837 ], [ -63.497279712510235, 44.694881692144889 ], [ -63.49741940951786, 44.694766890259153 ], [ -63.497585394965569, 44.694633812091176 ], [ -63.497905313998444, 44.694401891624153 ], [ -63.498249503576261, 44.694189212719245 ], [ -63.49898718256167, 44.693844605159342 ], [ -63.499050612140877, 44.693884696665584 ], [ -63.499095077742432, 44.693912950620579 ], [ -63.499748488293477, 44.694328294814717 ], [ -63.499961492377643, 44.694437909334518 ], [ -63.500000794404492, 44.694457605208683 ], [ -63.500182087649144, 44.694548601477457 ], [ -63.500236412989906, 44.694575601995368 ], [ -63.500749714912693, 44.694796402183655 ], [ -63.502405411655438, 44.69535989909221 ], [ -63.504249695308147, 44.695987289027443 ], [ -63.504264706380695, 44.695992155410188 ], [ -63.504337115407054, 44.696015696866169 ], [ -63.505064898024202, 44.696255610092194 ], [ -63.505704492459458, 44.69651291043877 ], [ -63.506305293906053, 44.696806397784975 ], [ -63.507042379775022, 44.697245205488613 ], [ -63.507728200606913, 44.69772741259343 ], [ -63.50815048852499, 44.698100897628862 ], [ -63.50853520200306, 44.698499802196402 ], [ -63.50888078030551, 44.698907905233696 ], [ -63.509736080481233, 44.700004100520523 ], [ -63.5097578161093, 44.700031002576452 ], [ -63.510362885622357, 44.700801595715504 ], [ -63.511165711421832, 44.701807190137039 ], [ -63.512232211518196, 44.7029502041703 ], [ -63.513201688093254, 44.703813709436588 ], [ -63.513524902105495, 44.704104887057099 ], [ -63.514671304327322, 44.704978314317934 ], [ -63.516528792949217, 44.706326605450755 ], [ -63.518484496525758, 44.707774290956934 ], [ -63.520591404408876, 44.709322210319584 ], [ -63.52227411783258, 44.710578396234261 ], [ -63.524630406846498, 44.712308693327891 ], [ -63.525141386876584, 44.712700601943872 ], [ -63.526636410717543, 44.713837907652824 ], [ -63.526985918254248, 44.714092897529753 ], [ -63.528095593871406, 44.714912402746016 ], [ -63.52883160755767, 44.71545900839736 ], [ -63.529965409148048, 44.716296391536503 ], [ -63.530760281818566, 44.716910186916593 ], [ -63.530868294965039, 44.716840497826716 ], [ -63.531467391629192, 44.716830085431958 ], [ -63.532469114147652, 44.716864205159091 ], [ -63.532797315343927, 44.716709404900953 ], [ -63.53319580710302, 44.716722216537249 ], [ -63.533315609216451, 44.716898713975077 ], [ -63.533528599034625, 44.716970606658769 ], [ -63.533766908138524, 44.716972005847758 ], [ -63.534039698449845, 44.716816012580786 ], [ -63.534203303500675, 44.716878893888797 ], [ -63.534471297099138, 44.717343198330745 ], [ -63.534511804009163, 44.717940888248165 ], [ -63.534954496564268, 44.718211494895705 ], [ -63.535833716767108, 44.718258592503652 ], [ -63.536140916634011, 44.718206195036835 ], [ -63.536860595178666, 44.718352500313209 ], [ -63.537109894038728, 44.718227595433383 ], [ -63.537784483058751, 44.718266207918219 ], [ -63.538074798583104, 44.718217285868946 ], [ -63.538843910314604, 44.717609912901317 ], [ -63.539347592335176, 44.717372092298774 ], [ -63.539758704048225, 44.71734951497578 ], [ -63.540908889590455, 44.717410488206113 ], [ -63.541266494655332, 44.717216792115181 ], [ -63.541466702053413, 44.716691690008965 ], [ -63.541655609696249, 44.716553610681203 ], [ -63.542609007655244, 44.716167612170395 ], [ -63.54349909987706, 44.716218791762181 ], [ -63.544005783396571, 44.716293203013251 ], [ -63.544306104195918, 44.716398613272638 ], [ -63.54452588908471, 44.716443006740953 ], [ -63.54499789784461, 44.716417586811446 ], [ -63.545214693284279, 44.716406798322105 ], [ -63.545265999302238, 44.71624588548034 ], [ -63.545494487735326, 44.715962390451082 ], [ -63.545894329319403, 44.715790133798336 ], [ -63.547528981940722, 44.715300169781557 ], [ -63.554296290772854, 44.71518674703978 ], [ -63.554300391527498, 44.715186771873334 ], [ -63.554285808879072, 44.715122703843228 ], [ -63.554243601036859, 44.714899596481942 ], [ -63.554210708594148, 44.714673702385177 ], [ -63.55418480606901, 44.714446914751662 ], [ -63.554167702944547, 44.714218814617254 ], [ -63.554162291473496, 44.713988009267091 ], [ -63.554165808923599, 44.713755404353236 ], [ -63.554179799842991, 44.713523790081283 ], [ -63.55420350243817, 44.713292487963713 ], [ -63.554234317847083, 44.713061396875325 ], [ -63.55427398898734, 44.712831193606299 ], [ -63.554323304893884, 44.712602398228711 ], [ -63.554382091056063, 44.712374392212368 ], [ -63.554450521703465, 44.712147794044967 ], [ -63.554528494116454, 44.711921702055548 ], [ -63.554615384891932, 44.711697106466389 ], [ -63.55471159186277, 44.711474701810232 ], [ -63.554717598739956, 44.711462206188408 ], [ -63.5548171861209, 44.711254791870296 ], [ -63.554929891856709, 44.711036910042893 ], [ -63.555045391473662, 44.710820594157035 ], [ -63.55516270585602, 44.710603498070149 ], [ -63.555280990190468, 44.710386005434067 ], [ -63.555401594751501, 44.710168911081055 ], [ -63.555523498333883, 44.709952510692787 ], [ -63.555648789880131, 44.709736787915219 ], [ -63.555774906618382, 44.709522408730372 ], [ -63.555899984858662, 44.709307704685187 ], [ -63.556025404800387, 44.709094012003739 ], [ -63.556151593043602, 44.708880692944476 ], [ -63.55627810481559, 44.708668295181916 ], [ -63.556404206436724, 44.708457212193053 ], [ -63.556531198263784, 44.708251185436175 ], [ -63.556652583082574, 44.708041406523492 ], [ -63.556767412988265, 44.707839491378053 ], [ -63.556996490551064, 44.707468119794257 ], [ -63.557033499895759, 44.707408100548776 ], [ -63.557159118749496, 44.707198197906621 ], [ -63.557284080037505, 44.706987401008341 ], [ -63.557408707413558, 44.706777804997742 ], [ -63.557533391099533, 44.706568592021803 ], [ -63.557659398328646, 44.706359801721952 ], [ -63.557784496372513, 44.706150786450024 ], [ -63.557908984974986, 44.705941508375986 ], [ -63.558034012428273, 44.70573230218389 ], [ -63.558157893914974, 44.705522287234039 ], [ -63.558281988991808, 44.705312009865324 ], [ -63.558407683249904, 44.705101801605515 ], [ -63.558533791099677, 44.704890504307855 ], [ -63.558659190744883, 44.704678798793452 ], [ -63.558786084805497, 44.704468608520997 ], [ -63.558912111934902, 44.70425859906581 ], [ -63.55903767893475, 44.704049803447127 ], [ -63.559162294997371, 44.703841607386288 ], [ -63.559285613702784, 44.70363529092316 ], [ -63.559407190978732, 44.703428997585412 ], [ -63.559526598371988, 44.703223895634693 ], [ -63.559646400156019, 44.70302060568492 ], [ -63.559764195246366, 44.702818087338528 ], [ -63.559880103551606, 44.702616688907547 ], [ -63.559997218460907, 44.702417294854747 ], [ -63.560091190836694, 44.702260184548848 ], [ -63.560206486151358, 44.702083907896835 ], [ -63.560326685253798, 44.701880308005599 ], [ -63.560443105544046, 44.701677491983581 ], [ -63.560545397042539, 44.701479096310003 ], [ -63.560640716937662, 44.701277994153074 ], [ -63.560726412235518, 44.701074401386855 ], [ -63.560803909313648, 44.700868998883585 ], [ -63.560870494799282, 44.700661506696036 ], [ -63.560927921800079, 44.700452996388883 ], [ -63.560977712977511, 44.700243594477172 ], [ -63.561022405496495, 44.700033492993803 ], [ -63.561065699865132, 44.69982319582094 ], [ -63.561109012499273, 44.699612401962298 ], [ -63.561151580916444, 44.699401606889921 ], [ -63.561195312299795, 44.699189306674555 ], [ -63.561240108866386, 44.698975999239629 ], [ -63.561285593794551, 44.698763010155169 ], [ -63.561331795071609, 44.69854959411682 ], [ -63.561377204954297, 44.698336188782797 ], [ -63.561409111183721, 44.698212207905129 ], [ -63.561441909212803, 44.698072707170411 ], [ -63.561481709903767, 44.697874196373405 ], [ -63.561521299479772, 44.697674887183709 ], [ -63.561560997268593, 44.697474888225138 ], [ -63.561602591009233, 44.697275394694977 ], [ -63.561644192239342, 44.69707559648414 ], [ -63.561685695831308, 44.69687570943951 ], [ -63.561727699168308, 44.696676188372045 ], [ -63.561768806083322, 44.696476893835467 ], [ -63.561809387493206, 44.696278091777884 ], [ -63.561850596379806, 44.696079699142409 ], [ -63.561887521992553, 44.695896036328293 ], [ -63.561890406809034, 44.695881697728915 ], [ -63.561930609916502, 44.695684808632464 ], [ -63.561971009686353, 44.695488797437115 ], [ -63.562010212421598, 44.695292407289479 ], [ -63.562051286477839, 44.695096793755432 ], [ -63.562092207900776, 44.694901408139195 ], [ -63.56213120579033, 44.69470690605268 ], [ -63.562170390029394, 44.694512886965612 ], [ -63.562209413805782, 44.694319400637454 ], [ -63.562248592001986, 44.694126386444125 ], [ -63.562287796422332, 44.693934387845907 ], [ -63.562325107299522, 44.693741996992351 ], [ -63.562363300631084, 44.693550689344271 ], [ -63.562373588337692, 44.693503002163112 ], [ -63.562404400275774, 44.693361013577764 ], [ -63.562444683684205, 44.693172206595399 ], [ -63.562575052331709, 44.692583222231782 ], [ -63.562660900081909, 44.692195302443288 ], [ -63.562683607505548, 44.692123409976915 ], [ -63.562731299655781, 44.692144693463575 ], [ -63.562742703511603, 44.692153604703243 ], [ -63.562779404129572, 44.692169639547359 ], [ -63.5628060828627, 44.692181202911449 ], [ -63.562851198567436, 44.692198954110097 ], [ -63.562993612619721, 44.692255002826919 ], [ -63.563194599787565, 44.692328487728233 ], [ -63.563320291236231, 44.692374905549684 ], [ -63.563379788633945, 44.692392600393745 ], [ -63.563659498406331, 44.69247589336377 ], [ -63.564871675506168, 44.692791740205287 ], [ -63.565015903859148, 44.692829308229641 ], [ -63.566172194992205, 44.693117904166698 ], [ -63.567569108743768, 44.693480097525779 ], [ -63.568068904375686, 44.693609904407204 ], [ -63.568496608535241, 44.693722095232779 ], [ -63.569363180014484, 44.693935700864841 ], [ -63.569866688900262, 44.694056498091413 ], [ -63.570231295718216, 44.694122900885837 ], [ -63.570385784867703, 44.69415139540552 ], [ -63.570898106550992, 44.694217904412156 ], [ -63.571440203623482, 44.694276392778043 ], [ -63.572902388297855, 44.6943518976109 ], [ -63.573230490946806, 44.694344907349972 ], [ -63.573963496139598, 44.69431510572889 ], [ -63.574641802583287, 44.69425549188297 ], [ -63.574900011671872, 44.694225710665322 ], [ -63.574953179870526, 44.694217399727414 ], [ -63.57523930215428, 44.694172704936378 ], [ -63.575594190195815, 44.69410820140552 ], [ -63.575935898727792, 44.694034212506395 ], [ -63.576100286021941, 44.693999505519137 ], [ -63.576259406072339, 44.693961889476689 ], [ -63.576425204827032, 44.693929115478625 ], [ -63.576912469717612, 44.693800792840477 ], [ -63.577582589821191, 44.693624303662901 ], [ -63.578140214132318, 44.693475703371305 ], [ -63.578798511910719, 44.69329231048804 ], [ -63.579647997119814, 44.693056591662547 ], [ -63.580788317760771, 44.692741201884971 ], [ -63.581029915901532, 44.692671492374444 ], [ -63.581030293114694, 44.692671396982924 ], [ -63.581031392820179, 44.692671099953458 ], [ -63.582043098217568, 44.692391811760558 ], [ -63.583233696614016, 44.692067889443045 ], [ -63.584628090616732, 44.691674586820696 ], [ -63.585882789434677, 44.691324298217737 ], [ -63.586237589535855, 44.691228208049608 ], [ -63.587048113533506, 44.690991504205726 ], [ -63.587999487651082, 44.690729097608845 ], [ -63.588582393809595, 44.690581195417685 ], [ -63.589100813282101, 44.690431808172569 ], [ -63.589570387245594, 44.690291897692184 ], [ -63.590052097105897, 44.690160385945873 ], [ -63.5905671238311, 44.690015822006181 ], [ -63.590862513578209, 44.689932904442614 ], [ -63.592169488132441, 44.689511197143645 ], [ -63.592359315370246, 44.689440899729391 ], [ -63.593578105117551, 44.688919599142444 ], [ -63.593947202747856, 44.688742687307318 ], [ -63.594188506147233, 44.688636412795312 ], [ -63.594378142155144, 44.688539805278999 ], [ -63.594518690426433, 44.68846819061018 ], [ -63.594521050699939, 44.688467119997185 ], [ -63.594632990279791, 44.688415410416049 ], [ -63.594709493009013, 44.688370889315159 ], [ -63.594798698200535, 44.68832629605609 ], [ -63.594913310649687, 44.688273398390145 ], [ -63.595307419655725, 44.688096793911519 ], [ -63.595866608893466, 44.68785799819058 ], [ -63.59613300837475, 44.687752199191877 ], [ -63.596385793831658, 44.687664384417538 ], [ -63.59666519726656, 44.687594499642046 ], [ -63.596956106573757, 44.687533609642813 ], [ -63.597108407286747, 44.687498601108167 ], [ -63.59770190826687, 44.687413597426087 ], [ -63.598308414558922, 44.687364505227926 ], [ -63.598472597615135, 44.687356587981363 ], [ -63.598628915552339, 44.687357401086942 ], [ -63.598674292978536, 44.687358087896008 ], [ -63.599090789065237, 44.687361290273223 ], [ -63.599103096023811, 44.68736180987424 ], [ -63.599103815309292, 44.687361495272981 ], [ -63.599128588896775, 44.687362001819956 ], [ -63.599500893744157, 44.687364499428526 ], [ -63.599797500114867, 44.687366601419996 ], [ -63.599961581264843, 44.687368400384777 ], [ -63.599999514914437, 44.687368206816146 ], [ -63.600263809686076, 44.68737070578851 ], [ -63.600407090812716, 44.68737150296063 ], [ -63.600528309758367, 44.687372602980282 ], [ -63.600596409499673, 44.687375753111155 ], [ -63.600634300648572, 44.687377501111143 ], [ -63.600768100525741, 44.687383992139395 ], [ -63.600843913138078, 44.687384507960708 ], [ -63.60142431851046, 44.68737960070154 ], [ -63.601676509115151, 44.68736389896678 ], [ -63.601917293698513, 44.687338285944172 ], [ -63.602157284496769, 44.68729560691736 ], [ -63.602296134832706, 44.687265356775306 ], [ -63.602398385703914, 44.68724310411902 ], [ -63.602475198945108, 44.687227386278188 ], [ -63.602750698305485, 44.687168596759996 ], [ -63.60292970841266, 44.687130411659119 ], [ -63.603157488951354, 44.687069805986575 ], [ -63.603372615855484, 44.686999396835965 ], [ -63.603576187057968, 44.686920004377058 ], [ -63.603766977383707, 44.686822605209713 ], [ -63.603957691279362, 44.686715398888865 ], [ -63.604059296899408, 44.686653605911253 ], [ -63.604275615213226, 44.686464299316931 ], [ -63.604353116433366, 44.686394599190244 ], [ -63.60435984978043, 44.686380928951593 ], [ -63.604407298907951, 44.686343639655306 ], [ -63.604447189885427, 44.686303000887946 ], [ -63.604450594216686, 44.686299601933513 ], [ -63.60449429084872, 44.686255197505297 ], [ -63.604494722663517, 44.68625478524649 ], [ -63.604551709486934, 44.686196394465355 ], [ -63.604582895491163, 44.686163809918654 ], [ -63.604641103256498, 44.686106113311247 ], [ -63.604674086511643, 44.686073300818109 ], [ -63.604918106212047, 44.685751606720807 ], [ -63.605221094734773, 44.685403411636599 ], [ -63.605269906521627, 44.685358089980319 ], [ -63.605323497647873, 44.685302905906617 ], [ -63.605399299694724, 44.685222010081745 ], [ -63.60547958878189, 44.68514090560631 ], [ -63.605658199531049, 44.684961710236074 ], [ -63.605801612954281, 44.684802502900361 ], [ -63.605957581888696, 44.68462970284876 ], [ -63.606113496286717, 44.684456102077327 ], [ -63.606273193780503, 44.684279706389205 ], [ -63.606401194162537, 44.684088997015472 ], [ -63.606555804001353, 44.683910007775594 ], [ -63.606673831850301, 44.683772808401486 ], [ -63.60670910506601, 44.68373180393214 ], [ -63.606870021271362, 44.68355269347721 ], [ -63.607024609170814, 44.683373613834306 ], [ -63.607184297460151, 44.683195400356311 ], [ -63.607276690712617, 44.683088395287406 ], [ -63.607338901165562, 44.683016410503505 ], [ -63.607492309337232, 44.682841793487 ], [ -63.607646884928847, 44.682663605065997 ], [ -63.607700887265167, 44.682603979037481 ], [ -63.607704204350249, 44.682600299062379 ], [ -63.607800214718729, 44.682489101718247 ], [ -63.607944443316349, 44.682323775498567 ], [ -63.607948600993481, 44.682319011718391 ], [ -63.608089501582306, 44.682153505656842 ], [ -63.608230395418161, 44.681997107468504 ], [ -63.608366393172439, 44.681845110716772 ], [ -63.608501108229483, 44.681693097731667 ], [ -63.608629493548726, 44.681545697896496 ], [ -63.608757909966663, 44.681398308822082 ], [ -63.608885102545564, 44.681255394579338 ], [ -63.609019889629366, 44.681107905895054 ], [ -63.609149509778597, 44.680956008019379 ], [ -63.60928421957302, 44.680803994480605 ], [ -63.609412599833306, 44.680656594128287 ], [ -63.609540999490441, 44.680504701570683 ], [ -63.609675703149421, 44.680357213504969 ], [ -63.6098041162779, 44.680205297997851 ], [ -63.609932493155839, 44.680057897308018 ], [ -63.610061000631568, 44.679919399372665 ], [ -63.610175599707304, 44.679780202332644 ], [ -63.610297903446622, 44.679646304515899 ], [ -63.610420115613842, 44.679507904765238 ], [ -63.610534807837148, 44.679378604013408 ], [ -63.610644489364063, 44.679248300427645 ], [ -63.610760489026546, 44.679123495798478 ], [ -63.610869006107713, 44.678998693182514 ], [ -63.610984986245818, 44.678873798371875 ], [ -63.611099694474646, 44.67874810851211 ], [ -63.61122200457374, 44.678618712997391 ], [ -63.611305298651317, 44.678493085945178 ], [ -63.611421217280352, 44.67836369987981 ], [ -63.611530980486279, 44.678238902147918 ], [ -63.611645700795584, 44.678113189174901 ], [ -63.611755412577246, 44.67798829043516 ], [ -63.611800112810435, 44.677938892935522 ], [ -63.611863889010962, 44.677868002117727 ], [ -63.611937357199828, 44.677785927974796 ], [ -63.61229781856305, 44.677928954424338 ], [ -63.618398327863318, 44.68019041040462 ], [ -63.628264030609131, 44.686427612076741 ], [ -63.637842801966357, 44.692622867453039 ], [ -63.659435060471289, 44.69522326701712 ], [ -63.660864477279624, 44.695076206628116 ], [ -63.660932315392841, 44.695057790511704 ], [ -63.661479551846369, 44.69490906254623 ], [ -63.662293573284373, 44.694602878074171 ], [ -63.663216965246484, 44.694297511442841 ], [ -63.66422693456694, 44.694055186155694 ], [ -63.664667411250569, 44.693855531274096 ], [ -63.664669196740739, 44.693730683341684 ], [ -63.66478108795004, 44.693559807201204 ], [ -63.665222220475286, 44.693313333659582 ], [ -63.665749780339162, 44.693145496429267 ], [ -63.666520627235229, 44.692792156126231 ], [ -63.666729296250175, 44.692704009469132 ], [ -63.667247072824637, 44.69248531125055 ], [ -63.668017268610441, 44.692178786060637 ], [ -63.668521990474318, 44.692073206196476 ], [ -63.669685300187481, 44.691816362108476 ], [ -63.670608163593734, 44.691542148399904 ], [ -63.671575868112171, 44.691190184683308 ], [ -63.67302664962822, 44.690716882024752 ], [ -63.673904583398077, 44.69045595246979 ], [ -63.674103270338072, 44.690396930229561 ], [ -63.675618976272361, 44.689970869266972 ], [ -63.676981093035323, 44.689574902936897 ], [ -63.678019208251563, 44.689287329184175 ], [ -63.678028841879105, 44.689284502228652 ], [ -63.67817547803385, 44.689407304516578 ], [ -63.678449221148732, 44.689616297545705 ], [ -63.678737792464169, 44.689798301059277 ], [ -63.679037699414103, 44.689971097419679 ], [ -63.6800648117325, 44.690500710674144 ], [ -63.68096229888878, 44.690948993551466 ], [ -63.682419694337227, 44.691678505388076 ], [ -63.682995899980064, 44.691952412027739 ], [ -63.6835598044539, 44.692253290958504 ], [ -63.684072287913125, 44.692581502114031 ], [ -63.684559893889443, 44.692944997941368 ], [ -63.684995982491927, 44.693325907879164 ], [ -63.687884006399656, 44.696127195363914 ], [ -63.688112103685192, 44.696344987510805 ], [ -63.688384463174117, 44.696605380162573 ], [ -63.690236785342066, 44.698376202942853 ], [ -63.690709512486016, 44.698833444926784 ], [ -63.690783449417644, 44.698904965732694 ], [ -63.691182997440265, 44.699291385440503 ], [ -63.691898316083659, 44.700003694001971 ], [ -63.691930195997543, 44.700035008658894 ], [ -63.692024707129065, 44.700124409158569 ], [ -63.69254050339255, 44.70061550421012 ], [ -63.693001488965592, 44.701059198669604 ], [ -63.693300197016526, 44.701340989669148 ], [ -63.693536587287205, 44.70158530111857 ], [ -63.693760591450292, 44.701847708511664 ], [ -63.693945681354855, 44.702119404854102 ], [ -63.69414200251645, 44.702498098564604 ], [ -63.694219486810937, 44.702723391508123 ], [ -63.694275403496299, 44.702886199787834 ], [ -63.694541494868837, 44.703707406542769 ], [ -63.694808607468637, 44.704510608245741 ], [ -63.69523349182014, 44.705736796965581 ], [ -63.695572113198288, 44.706810494909213 ], [ -63.695935883610446, 44.707884095810449 ], [ -63.696286986332822, 44.708948801697019 ], [ -63.696367061100943, 44.709187843968927 ], [ -63.69637673232684, 44.709216642818213 ], [ -63.696379162645933, 44.709224000375663 ], [ -63.696395614429157, 44.709273107268885 ], [ -63.696723119671333, 44.710256793497351 ], [ -63.697159096920785, 44.711564003651318 ], [ -63.697558908849274, 44.712791306044458 ], [ -63.697946605114296, 44.71395471097712 ], [ -63.698017397304071, 44.714279289837684 ], [ -63.698050486582112, 44.714612205611097 ], [ -63.698059395037149, 44.714936190211823 ], [ -63.69801671513266, 44.715269598090494 ], [ -63.69800259929513, 44.715336576914758 ], [ -63.69794859265911, 44.715593201647145 ], [ -63.697817804546055, 44.715943290955806 ], [ -63.697792008259341, 44.716005510120731 ], [ -63.697648998739659, 44.716292702320864 ], [ -63.697442102106564, 44.716624289748587 ], [ -63.697262900310271, 44.716838802710221 ], [ -63.697006088943013, 44.717115805546499 ], [ -63.696801394043888, 44.717312397312924 ], [ -63.695870204471589, 44.718097704373385 ], [ -63.69480911345854, 44.71900890508757 ], [ -63.69383819959247, 44.719856508465888 ], [ -63.693301604842652, 44.720329913204758 ], [ -63.692586006136082, 44.72094620587017 ], [ -63.691614608102121, 44.7218208909959 ], [ -63.690770807212083, 44.722580305700745 ], [ -63.690310887783546, 44.722981889579302 ], [ -63.690083284389821, 44.723172305827156 ], [ -63.69001729770595, 44.723228896731726 ], [ -63.689957118992631, 44.723280468936117 ], [ -63.689952082598367, 44.723284798919472 ], [ -63.689908210265045, 44.723323171606481 ], [ -63.689984091810878, 44.723412384920032 ], [ -63.690053699884864, 44.723490006955586 ], [ -63.690094611083197, 44.723523732791463 ], [ -63.690275606891426, 44.723728414756927 ], [ -63.690412405993463, 44.723873399022743 ], [ -63.690448978995541, 44.723936606793352 ], [ -63.69062301022705, 44.72413580326576 ], [ -63.690784293563027, 44.724334905301376 ], [ -63.690822011831884, 44.724380790718378 ], [ -63.69085879330904, 44.724425493345045 ], [ -63.691019995744234, 44.724633198390869 ], [ -63.691106994590001, 44.724724493894549 ], [ -63.691269406031189, 44.724896294342301 ], [ -63.691367907176016, 44.725004691760553 ], [ -63.691493216583247, 44.72510489329057 ], [ -63.691618011536271, 44.725204808781882 ], [ -63.691755215594284, 44.725295792378752 ], [ -63.691855782955315, 44.725359105870957 ], [ -63.691893885714492, 44.725377802256006 ], [ -63.691968795606613, 44.725414198116802 ], [ -63.692081811808421, 44.725469403072182 ], [ -63.692131318346348, 44.725487095744349 ], [ -63.692207386901416, 44.725515391628178 ], [ -63.692294894414829, 44.725542807459085 ], [ -63.692609004358992, 44.725625489621684 ], [ -63.693439005965303, 44.725865288707098 ], [ -63.693904603273822, 44.725995004196463 ], [ -63.695214099089277, 44.726313496013503 ], [ -63.6954275972044, 44.72636549501425 ], [ -63.695804790946845, 44.726440584174831 ], [ -63.695905900890295, 44.726449913985256 ], [ -63.696195502205398, 44.726487701371333 ], [ -63.696548194831905, 44.726517995043451 ], [ -63.696775802375768, 44.726537304245248 ], [ -63.696876405327011, 44.726537914258834 ], [ -63.697015693096766, 44.7265385044022 ], [ -63.697141906674105, 44.726530595625285 ], [ -63.69724288813849, 44.726531696324891 ], [ -63.698694582317827, 44.726487807156673 ], [ -63.699237393976738, 44.726473603963974 ], [ -63.69964170023902, 44.726485610860266 ], [ -63.699780705738824, 44.726495514110567 ], [ -63.699856210330992, 44.726504813065588 ], [ -63.699957582908198, 44.726505204984015 ], [ -63.700000605904542, 44.72650949958588 ], [ -63.700663301382001, 44.726564503283178 ], [ -63.701872298250706, 44.726734803745146 ], [ -63.702858794965685, 44.726881598491062 ], [ -63.703271507210566, 44.726943100874202 ], [ -63.704241680511259, 44.727084806461001 ], [ -63.705439015491301, 44.727218792714034 ], [ -63.705969710832477, 44.727222599417971 ], [ -63.706359890504615, 44.727225608842915 ], [ -63.707548191409707, 44.727152483803629 ], [ -63.70817949280395, 44.72711168598569 ], [ -63.710341399311382, 44.726977783792954 ], [ -63.710391490587547, 44.726974686379918 ], [ -63.710631096826667, 44.726948885196329 ], [ -63.710834081997433, 44.726923304021007 ], [ -63.710909807166423, 44.726914708867966 ], [ -63.71111150892817, 44.72688911240126 ], [ -63.711415482919755, 44.726855707808625 ], [ -63.711972414170511, 44.726751492086699 ], [ -63.712364208120441, 44.726681513881545 ], [ -63.712959290713719, 44.726568987586298 ], [ -63.714440081913871, 44.726291201402375 ], [ -63.714947003518027, 44.726195405254259 ], [ -63.714997411810884, 44.726186994748339 ], [ -63.715010013686111, 44.726186895884602 ], [ -63.71507288513763, 44.726169402658506 ], [ -63.716023294466062, 44.725924002625298 ], [ -63.716061100460038, 44.725915690535771 ], [ -63.716124003119688, 44.725898207399247 ], [ -63.716416000717388, 44.725818907401994 ], [ -63.717113196641577, 44.725625492611165 ], [ -63.717366100310116, 44.725555492281885 ], [ -63.71745549069508, 44.725528804633647 ], [ -63.717658093528648, 44.725476188345979 ], [ -63.71768328202009, 44.725467997629401 ], [ -63.717695883689636, 44.725467898386647 ], [ -63.717784114715769, 44.725450202436839 ], [ -63.718024691103828, 44.725407286873619 ], [ -63.718366305937131, 44.725355693053565 ], [ -63.718681697212823, 44.725330287538725 ], [ -63.719009885982317, 44.725323698527284 ], [ -63.71913618300929, 44.725324698033283 ], [ -63.71954139073992, 44.725309496671017 ], [ -63.719604494598038, 44.725310092697242 ], [ -63.719756105972323, 44.725310901910547 ], [ -63.719995899953616, 44.725303100925601 ], [ -63.720727106606091, 44.725308403835598 ], [ -63.721080592448921, 44.725301583861807 ], [ -63.721270006814137, 44.725303096059861 ], [ -63.721434191168818, 44.725303904703416 ], [ -63.721585593397066, 44.725296597322334 ], [ -63.721598292656715, 44.725296586365744 ], [ -63.72176358469477, 44.725288301504705 ], [ -63.721914792730267, 44.725262189369154 ], [ -63.722079893538549, 44.725236804289992 ], [ -63.722344512802749, 44.725193706113295 ], [ -63.723977613159718, 44.724916894538985 ], [ -63.724002898658348, 44.724916805915242 ], [ -63.724659708112988, 44.724831603660228 ], [ -63.72529259700228, 44.724745606969122 ], [ -63.725443894792001, 44.724728484656218 ], [ -63.726379305855282, 44.724609105200884 ], [ -63.727062483501008, 44.724505706224072 ], [ -63.727416616957477, 44.724453899374822 ], [ -63.727707794822955, 44.72441071027648 ], [ -63.728593914615445, 44.72428170276617 ], [ -63.729036299107364, 44.724213198446158 ], [ -63.729277003141377, 44.724178288189762 ], [ -63.730224900900637, 44.724040808841437 ], [ -63.730262608430721, 44.724032514816436 ], [ -63.730783799372418, 44.723960400755651 ], [ -63.731072507689461, 44.723920613526211 ], [ -63.731409193423247, 44.723869688072533 ], [ -63.731641591221177, 44.723834592863362 ], [ -63.731970591601652, 44.723791989021379 ], [ -63.732077690596128, 44.723778586620114 ], [ -63.73210960409056, 44.723774590610446 ], [ -63.732551895513367, 44.723723409797479 ], [ -63.732665413064232, 44.723715497000526 ], [ -63.732906401164783, 44.723698713649128 ], [ -63.733132388657879, 44.723700795614697 ], [ -63.733372490121283, 44.723710993318342 ], [ -63.733561883097444, 44.723712502218028 ], [ -63.733939991019611, 44.723750501697488 ], [ -63.734128593559205, 44.723787987413083 ], [ -63.734519605227455, 44.723853908292348 ], [ -63.73461968914404, 44.723881192780766 ], [ -63.734909703946073, 44.723946911873092 ], [ -63.735450784489984, 44.724093706699207 ], [ -63.736305897586703, 44.724333809258674 ], [ -63.736858992299361, 44.724517598047832 ], [ -63.737110093453886, 44.724599685753176 ], [ -63.737299117964938, 44.724664195283076 ], [ -63.737487008183713, 44.724746806445509 ], [ -63.737662295740769, 44.724828401743423 ], [ -63.737837710491348, 44.724920007989375 ], [ -63.738503582751335, 44.72524879778414 ], [ -63.738603881405147, 44.725294103083542 ], [ -63.739016909463693, 44.725494897968922 ], [ -63.739105790901064, 44.725531210676344 ], [ -63.739623996448728, 44.725746087203618 ], [ -63.740312010897931, 44.725953690268248 ], [ -63.740827594552655, 44.726082703199864 ], [ -63.741507103206388, 44.72624939247121 ], [ -63.741733406726112, 44.726304607553381 ], [ -63.741847393990987, 44.726332608495142 ], [ -63.742224811702535, 44.72641659799821 ], [ -63.743079896479529, 44.726628902946693 ], [ -63.743371382471523, 44.726705105868575 ], [ -63.743998303808631, 44.726895906046053 ], [ -63.744237196685937, 44.72696979710885 ], [ -63.744275211244236, 44.726978493517244 ], [ -63.744300603887936, 44.726988207624146 ], [ -63.744396891523607, 44.727019920091834 ], [ -63.745053795191161, 44.727236296981744 ], [ -63.745393698847231, 44.727346588298154 ], [ -63.7456827961676, 44.727438309223814 ], [ -63.74608590617693, 44.727558114965092 ], [ -63.746513217741636, 44.727695801472493 ], [ -63.747556802116499, 44.728026605148479 ], [ -63.748285795158893, 44.728246807122616 ], [ -63.749077496149461, 44.728531492216142 ], [ -63.749227393053111, 44.728604403774362 ], [ -63.749641985194849, 44.728805095802635 ], [ -63.750306497112931, 44.729160491443686 ], [ -63.750343596306024, 44.729178592037769 ], [ -63.750381796762184, 44.729200107538496 ], [ -63.750457006932862, 44.729242513367204 ], [ -63.750833207420477, 44.729442697125336 ], [ -63.750882804944617, 44.729470290959988 ], [ -63.750895518798146, 44.729470196602193 ], [ -63.75109629925592, 44.729570600401907 ], [ -63.75141011113179, 44.729717093125828 ], [ -63.752528186054818, 44.730138305976396 ], [ -63.753860594200361, 44.730632691161027 ], [ -63.754451683708695, 44.730835005896019 ], [ -63.755205102166641, 44.731082910724716 ], [ -63.755419402631205, 44.731147208319797 ], [ -63.755746389464569, 44.731238708158799 ], [ -63.755771802094266, 44.731248396380515 ], [ -63.756362496830384, 44.731413789568407 ], [ -63.756853489308888, 44.731552307375864 ], [ -63.757356303975442, 44.73169980643231 ], [ -63.757784691122062, 44.731819408408811 ], [ -63.757821488614162, 44.731828998759845 ], [ -63.758237306833038, 44.731948714342025 ], [ -63.758262692864449, 44.731957499170463 ], [ -63.758337389160168, 44.731975906035053 ], [ -63.758501013808342, 44.732030697345884 ], [ -63.759306382357259, 44.732261203048445 ], [ -63.760023502715249, 44.73246339143838 ], [ -63.760954011341866, 44.732730912145854 ], [ -63.760992005378526, 44.732739703711637 ], [ -63.762136714727532, 44.733071397111523 ], [ -63.762563994000445, 44.733200003427008 ], [ -63.763534286805381, 44.733413199248496 ], [ -63.764012393289796, 44.733470291679282 ], [ -63.764050296314139, 44.733470898606377 ], [ -63.764694304189717, 44.733555808229795 ], [ -63.764971309945629, 44.733593503531971 ], [ -63.765134487542937, 44.733613089936348 ], [ -63.765474903668427, 44.733660408299677 ], [ -63.765904702309022, 44.733689895455967 ], [ -63.765979302903069, 44.733699300002669 ], [ -63.765991906751147, 44.733699193934513 ], [ -63.766029809993334, 44.733699800021427 ], [ -63.766585917414318, 44.733730296119717 ], [ -63.766887910639426, 44.733740896589254 ], [ -63.76705209001166, 44.733742502454895 ], [ -63.767772193556482, 44.733755689845225 ], [ -63.76803629302416, 44.733766493777928 ], [ -63.768061485610623, 44.733766303873736 ], [ -63.768288905933446, 44.73376839951468 ], [ -63.769653082721973, 44.733786204878811 ], [ -63.769691008942921, 44.73378600750496 ], [ -63.770788615806097, 44.733793001195679 ], [ -63.771079298561716, 44.733803990132834 ], [ -63.771084987619467, 44.733804093085681 ], [ -63.771761388438108, 44.733817006016629 ], [ -63.772253199335928, 44.733829506605467 ], [ -63.773780006204461, 44.733848293431784 ], [ -63.774259982711612, 44.733851406246593 ], [ -63.774740002945755, 44.733854391611288 ], [ -63.775497785906637, 44.733859192660056 ], [ -63.775519693084654, 44.733859289269716 ], [ -63.776481813016979, 44.733874096023065 ], [ -63.777479699080075, 44.733880789177363 ], [ -63.777933897791542, 44.733901492340557 ], [ -63.778059608276848, 44.733902090691807 ], [ -63.778204917159847, 44.733902900132364 ], [ -63.778413308858489, 44.733904196584241 ], [ -63.778558613678101, 44.733905897380325 ], [ -63.778767005400617, 44.73390719300621 ], [ -63.778981682194519, 44.733908400590792 ], [ -63.779190105950974, 44.73390970601465 ], [ -63.77939849770901, 44.733911000165826 ], [ -63.779581603138062, 44.73391150628531 ], [ -63.779789990863335, 44.733913691453786 ], [ -63.779998414667354, 44.733914994989718 ], [ -63.78020691763588, 44.733916296792948 ], [ -63.780314108580015, 44.733910093690383 ], [ -63.780522407941334, 44.733899713361602 ], [ -63.78054759651171, 44.73390041186375 ], [ -63.780831686311025, 44.73389580310409 ], [ -63.781040109293365, 44.733893502878068 ], [ -63.781248406485638, 44.733890210673032 ], [ -63.781456797410257, 44.7338878986886 ], [ -63.781646197601511, 44.733886585398835 ], [ -63.781854605369631, 44.73388430608788 ], [ -63.782062897945927, 44.733882908684372 ], [ -63.782252188342206, 44.73386988865424 ], [ -63.782460403539041, 44.733855790883588 ], [ -63.782669920556309, 44.733841796282789 ], [ -63.782732988196841, 44.733842303294367 ], [ -63.782808709491853, 44.733833590427103 ], [ -63.782998013285074, 44.733825095678938 ], [ -63.783275810641875, 44.733817801161301 ], [ -63.783299898407982, 44.733816201909171 ], [ -63.783376691847643, 44.733809887592692 ], [ -63.783515516072889, 44.733801804262832 ], [ -63.784059295303848, 44.733760201282315 ], [ -63.784450608796909, 44.73374489080566 ], [ -63.784475699480183, 44.733735813058004 ], [ -63.784628316673775, 44.733718501220395 ], [ -63.784969114676187, 44.733693791705917 ], [ -63.785462312610193, 44.733660599421121 ], [ -63.786055411813052, 44.733619604893406 ], [ -63.78680070917428, 44.733633392077955 ], [ -63.787254581407275, 44.733672499980202 ], [ -63.787419105019119, 44.733691211659995 ], [ -63.788036693917618, 44.733785098402791 ], [ -63.788049297737167, 44.733784989219089 ], [ -63.788488908547379, 44.733887312042199 ], [ -63.788942793323734, 44.734015598357253 ], [ -63.789055717798071, 44.73405260047965 ], [ -63.789345005299268, 44.734153190864077 ], [ -63.789671109554966, 44.734299201773545 ], [ -63.790161093687296, 44.73453649772771 ], [ -63.790311213226396, 44.734618292725088 ], [ -63.790636786326239, 44.734782598021226 ], [ -63.790687682445864, 44.734809201970734 ], [ -63.791631682833895, 44.735320005103922 ], [ -63.791816299475187, 44.735419889649492 ], [ -63.791980004408863, 44.735490707677357 ], [ -63.792131816348487, 44.735548392496106 ], [ -63.792319084500221, 44.735609894550727 ], [ -63.792447091747384, 44.735646303330078 ], [ -63.792609613319449, 44.73568629587966 ], [ -63.792748014703299, 44.73571470420606 ], [ -63.792885305092774, 44.735741007522101 ], [ -63.793024486636064, 44.735759908475323 ], [ -63.793163212602309, 44.735769807338251 ], [ -63.793390087725562, 44.735780890847451 ], [ -63.793710581097123, 44.73578520255564 ], [ -63.794031094321966, 44.735777489352884 ], [ -63.79432826449478, 44.735759262924347 ], [ -63.794350586532097, 44.735757903260044 ], [ -63.794653301507793, 44.735725046561043 ], [ -63.796774210057691, 44.737240744786881 ], [ -63.797845387212412, 44.738006204527913 ], [ -63.798085504488796, 44.737737723181397 ], [ -63.800472017192014, 44.735069166726547 ], [ -63.80137958271245, 44.734965098797034 ], [ -63.802960394510713, 44.73474971006415 ], [ -63.803036098267725, 44.734742007592445 ], [ -63.803960509325158, 44.734549110883655 ], [ -63.804062297101318, 44.734514211098841 ], [ -63.805266305370537, 44.734125206612326 ], [ -63.810201096029502, 44.74048241348742 ], [ -63.810290516026129, 44.74058950614625 ], [ -63.813656981376013, 44.737904284695091 ], [ -63.815049986508285, 44.736775517573406 ], [ -63.816270415811452, 44.735815591398186 ], [ -63.817777603387434, 44.734618699349667 ], [ -63.818884957297207, 44.733745797880324 ], [ -63.819955726025867, 44.732896621338476 ], [ -63.820326084672466, 44.732601906379315 ], [ -63.826081423213076, 44.72812409404338 ], [ -63.827036689367503, 44.728722565565555 ], [ -63.82719520017924, 44.728342707371056 ], [ -63.82749840447898, 44.728237795436996 ], [ -63.827525192249603, 44.7282494278545 ], [ -63.82793497923295, 44.728273702688647 ], [ -63.828738909731356, 44.728719594102039 ], [ -63.829233787679513, 44.728827700887734 ], [ -63.829942289471326, 44.728706693359293 ], [ -63.830478805336817, 44.728440198672104 ], [ -63.831583705763087, 44.728389808854885 ], [ -63.832470097112484, 44.728256304866939 ], [ -63.833140608351229, 44.728260989896953 ], [ -63.83336289396668, 44.728395585674996 ], [ -63.833861494852016, 44.728404993058355 ], [ -63.834142813750923, 44.728591998481207 ], [ -63.834112901176276, 44.728950994054927 ], [ -63.834294395103697, 44.729290300094476 ], [ -63.835183586231175, 44.729528292558825 ], [ -63.83542420108148, 44.729769913331701 ], [ -63.835325015378579, 44.73035289940119 ], [ -63.835664016958667, 44.730631893619183 ], [ -63.835906008295972, 44.730683895651389 ], [ -63.836747904162991, 44.730553515009923 ], [ -63.837727498921367, 44.730145101332639 ], [ -63.838227491570706, 44.729964787072078 ], [ -63.8391896182153, 44.729879997761373 ], [ -63.839815006997974, 44.729607200239599 ], [ -63.840337599935125, 44.729565589843837 ], [ -63.840996490392698, 44.729285494468542 ], [ -63.842015398814382, 44.728261307093909 ], [ -63.842274005123969, 44.727859195113098 ], [ -63.842584078630487, 44.727700471414209 ], [ -63.843033087967406, 44.727715147248681 ], [ -63.84333281253069, 44.727963822353047 ], [ -63.843810291917812, 44.728174890841416 ], [ -63.844227665637852, 44.728303506222794 ], [ -63.844687655566368, 44.728384137932551 ], [ -63.845035107818475, 44.728298013040764 ], [ -63.845812008965098, 44.728122793757827 ], [ -63.846099085407275, 44.72785150837953 ], [ -63.846282697888661, 44.727230590706256 ], [ -63.846467703729516, 44.726870514565455 ], [ -63.846436203496651, 44.726368093293694 ], [ -63.846689096025436, 44.726123799824705 ], [ -63.847189083679098, 44.726093596757075 ], [ -63.847675098796813, 44.725837891456138 ], [ -63.847790906432792, 44.725551602969247 ], [ -63.847550955355935, 44.72514009363605 ], [ -63.848015854091713, 44.72579647013103 ], [ -63.853383948351706, 44.733481657677139 ], [ -63.854335453967686, 44.734843563593337 ], [ -63.858773773127034, 44.741195300844765 ], [ -63.858916449202241, 44.741399426783211 ], [ -63.858985369964962, 44.741498041260201 ], [ -63.864989036290567, 44.750086959954537 ], [ -63.866922513185742, 44.752856992009193 ], [ -63.867297698323789, 44.753369694398089 ], [ -63.868068075013319, 44.754488907549728 ], [ -63.868666919989934, 44.755345923245635 ], [ -63.869063737290418, 44.75646334732992 ], [ -63.874278494378324, 44.770934019097837 ], [ -63.875137362551555, 44.773377384765652 ], [ -63.876870905617409, 44.77830219383717 ] ] ] } },
{ "type": "Feature", "properties": { "FED_NUM": 12010, "ED_NAMEE": "South Shore—St. Margarets", "ED_NAMEF": "South Shore—St. Margarets", "REP_ORDER": "2023", "SHAPE_AREA": 11715237548.1, "SHAPE_LEN": 559853.922059, "NUM_CF": null, "CF_NOMFR": null, "CF_NOMAN": null, "DEC_REP": null, "PROV_CODE": "12", "PROV_NAME": "PE" }, "geometry": { "type": "Polygon", "coordinates": [ [ [ -65.803189056831471, 43.578838814716576 ], [ -65.802266786840676, 43.580088763982765 ], [ -65.797493067341918, 43.58513391614914 ], [ -65.795459449895915, 43.586594617661476 ], [ -65.784909440865675, 43.594170441922152 ], [ -65.784585918160488, 43.59440271758195 ], [ -65.784393476814984, 43.594540870627064 ], [ -65.784346778376602, 43.594574370142716 ], [ -65.784005637045951, 43.59481928063699 ], [ -65.781298708917475, 43.595242142156181 ], [ -65.779988978136146, 43.595617141449004 ], [ -65.778273088557157, 43.595885674165487 ], [ -65.776291622516482, 43.59584297932755 ], [ -65.775015734206235, 43.596105609289729 ], [ -65.771744403449759, 43.596567424136197 ], [ -65.766405558249375, 43.597207171286264 ], [ -65.754417117447389, 43.598260060635816 ], [ -65.741137116794633, 43.599424389111313 ], [ -65.729844117621013, 43.600720774782538 ], [ -65.723746506641902, 43.601420131439632 ], [ -65.697310307449257, 43.610420247038867 ], [ -65.694211172660189, 43.611459653280633 ], [ -65.679311057883453, 43.616454926473729 ], [ -65.678914891143194, 43.616587691390507 ], [ -65.676049603353775, 43.617550712048995 ], [ -65.67246601608889, 43.61876629363092 ], [ -65.668850809123811, 43.619986471459846 ], [ -65.660802484893864, 43.622702342480558 ], [ -65.65602344766819, 43.624281532143875 ], [ -65.655590621537513, 43.624462299521362 ], [ -65.653839262476495, 43.62505421811921 ], [ -65.625969596833272, 43.6347446619531 ], [ -65.610771627722087, 43.639887780216753 ], [ -65.61114979892055, 43.641063544750082 ], [ -65.61143397627778, 43.641950537358476 ], [ -65.611589616001581, 43.642436222331582 ], [ -65.611765235870465, 43.6429288370216 ], [ -65.611903873831992, 43.643317678113576 ], [ -65.612346734217056, 43.644559839448412 ], [ -65.612860480019151, 43.646000644032711 ], [ -65.619457386919791, 43.664094895369814 ], [ -65.628577401409018, 43.688878377261304 ], [ -65.632151837826697, 43.699228035488339 ], [ -65.637727467213011, 43.715286063677247 ], [ -65.642330599109798, 43.728131790122148 ], [ -65.644661102135856, 43.735603507100166 ], [ -65.645557267207096, 43.738475934477151 ], [ -65.648749064997048, 43.747151230774286 ], [ -65.648736600906574, 43.74717760203287 ], [ -65.647360007409503, 43.750086179462016 ], [ -65.637780412588555, 43.770317370373469 ], [ -65.630760110959088, 43.787384873307751 ], [ -65.630701252011178, 43.787527883552322 ], [ -65.630692625635305, 43.787548871360393 ], [ -65.629544262669413, 43.790339510301131 ], [ -65.622535216938246, 43.805711121034463 ], [ -65.619492362989789, 43.812381430265596 ], [ -65.615815078593187, 43.820440091765541 ], [ -65.610829900702186, 43.831360647958277 ], [ -65.603544670630029, 43.847310919452944 ], [ -65.602836321182608, 43.848861243722752 ], [ -65.590366000560607, 43.877224871990336 ], [ -65.587490155082619, 43.883761286963647 ], [ -65.573221880491246, 43.912086653281861 ], [ -65.570726660610646, 43.917036775255632 ], [ -65.570110012030725, 43.918259958684203 ], [ -65.568553778121171, 43.921833105602651 ], [ -65.565800451731008, 43.921736044966721 ], [ -65.556689064456208, 43.921414184128302 ], [ -65.556722791600222, 43.921425324645078 ], [ -65.556545431654612, 43.921481374921619 ], [ -65.556001642434069, 43.922506741777589 ], [ -65.550969408565578, 43.931993136045755 ], [ -65.550010261022592, 43.933869323163655 ], [ -65.549883521701673, 43.934117184210884 ], [ -65.549802263738613, 43.934276120005578 ], [ -65.549774033958343, 43.934331335214829 ], [ -65.546416745349518, 43.94089724415997 ], [ -65.546256100984976, 43.941211335296671 ], [ -65.542769810649958, 43.948027512013695 ], [ -65.536117515121177, 43.961630256340023 ], [ -65.530526723985346, 43.972706753032547 ], [ -65.528226897615198, 43.977261654197903 ], [ -65.528051643895651, 43.97761373293207 ], [ -65.523264556816102, 43.987228755323322 ], [ -65.522693850915829, 43.988280575832256 ], [ -65.522280391294913, 43.989042486147518 ], [ -65.518206210872506, 43.996549645056255 ], [ -65.517276215835309, 43.998262940037151 ], [ -65.516627502707266, 43.999457945409937 ], [ -65.516436250885846, 43.99976666139991 ], [ -65.516280873287343, 44.000017419389835 ], [ -65.516278302922686, 44.000021576418078 ], [ -65.516180328999894, 44.000179723108552 ], [ -65.512880225575771, 44.005505664212663 ], [ -65.51223393674411, 44.006548529715062 ], [ -65.510547779266545, 44.009315576389611 ], [ -65.509014774529106, 44.011831008232313 ], [ -65.508762956432392, 44.012237806337062 ], [ -65.506404697410858, 44.016047229546025 ], [ -65.504459123100204, 44.019189494316365 ], [ -65.504224772744109, 44.019568010256648 ], [ -65.503861088746447, 44.020200872872721 ], [ -65.503044094770146, 44.021622600012762 ], [ -65.501806909326362, 44.023775310151031 ], [ -65.501198989113476, 44.024969279046722 ], [ -65.500455357884434, 44.026429638270443 ], [ -65.499999994066144, 44.027323827043816 ], [ -65.499194578331142, 44.02890541677143 ], [ -65.497613799752969, 44.031675533829315 ], [ -65.496182255143609, 44.034183919088633 ], [ -65.496169604054856, 44.034206093552214 ], [ -65.495980958643869, 44.034536620946753 ], [ -65.49545826637879, 44.035584620566986 ], [ -65.489503166292621, 44.047521458898132 ], [ -65.489369063498231, 44.0477901845017 ], [ -65.49000661913567, 44.051005092379249 ], [ -65.48345151516024, 44.059296491654926 ], [ -65.480722474424894, 44.064672080930656 ], [ -65.476539087682326, 44.072909995085276 ], [ -65.470270315135053, 44.085585007658537 ], [ -65.46522075381236, 44.095733732619784 ], [ -65.464780330403755, 44.096618699841414 ], [ -65.464464663066707, 44.097255206399623 ], [ -65.45875685027238, 44.108761916887104 ], [ -65.457829918554282, 44.110635759643564 ], [ -65.45282570743727, 44.120749413159508 ], [ -65.449813148473183, 44.126729333537618 ], [ -65.448260002675426, 44.129811753380487 ], [ -65.447718188388151, 44.130886994700212 ], [ -65.446638429509548, 44.133029605566144 ], [ -65.443928503228804, 44.138340496698405 ], [ -65.443614982482742, 44.138954897787642 ], [ -65.440415343115333, 44.145223814330649 ], [ -65.434075387951097, 44.157640714437491 ], [ -65.432288926313419, 44.161262191502814 ], [ -65.427974664633311, 44.170005702402023 ], [ -65.42119397664527, 44.183594562267913 ], [ -65.418766297905378, 44.188468236400652 ], [ -65.410790887512945, 44.204472472061035 ], [ -65.410379349726568, 44.205298007209315 ], [ -65.408155550871996, 44.209758421979288 ], [ -65.405856201469973, 44.214369508202473 ], [ -65.400368386360469, 44.224990131480027 ], [ -65.398178154960974, 44.229277533807569 ], [ -65.397437014472786, 44.230354277237375 ], [ -65.397082385281934, 44.230869433879654 ], [ -65.396793379317444, 44.231289279335748 ], [ -65.396689968936869, 44.231207500916362 ], [ -65.395821007870239, 44.232317611352116 ], [ -65.394962137046335, 44.233414724890096 ], [ -65.394205947877722, 44.23438068514784 ], [ -65.392184626274471, 44.236962447487528 ], [ -65.39127838056524, 44.238119870214163 ], [ -65.390496145070742, 44.239118831924429 ], [ -65.390486029801323, 44.23919344436662 ], [ -65.390372840221247, 44.239276317468232 ], [ -65.390328266664199, 44.239333233603006 ], [ -65.38335334143936, 44.248238744443327 ], [ -65.383389823571434, 44.248290703602628 ], [ -65.383082267657883, 44.248738252416658 ], [ -65.382738728672933, 44.249023320296821 ], [ -65.382538525761248, 44.24927886920586 ], [ -65.381914390217261, 44.250075513217929 ], [ -65.381904594147144, 44.250088010523314 ], [ -65.380696584321555, 44.251639101800308 ], [ -65.380690905902071, 44.251706102941185 ], [ -65.380564508993857, 44.251828095782351 ], [ -65.380541429364584, 44.251827752629268 ], [ -65.379742368600901, 44.252846540836643 ], [ -65.37974197858405, 44.252847050132182 ], [ -65.37974031562041, 44.252849192273786 ], [ -65.379749896946976, 44.252875394045802 ], [ -65.379755086664545, 44.252966005660042 ], [ -65.379623186721091, 44.253076200560876 ], [ -65.379561521712517, 44.253076119313121 ], [ -65.360371651343556, 44.277555760147727 ], [ -65.352022883160018, 44.287089279061789 ], [ -65.35157126941661, 44.287606595914006 ], [ -65.338331578356076, 44.302718445398156 ], [ -65.336429564793164, 44.305143521479749 ], [ -65.336161073677516, 44.305485568081259 ], [ -65.336190202042303, 44.305579494808931 ], [ -65.336139690901845, 44.305867206578817 ], [ -65.336002005083088, 44.305965494639096 ], [ -65.335820527043467, 44.305918328410968 ], [ -65.335817462158488, 44.30592385479094 ], [ -65.332779842148526, 44.30979610633868 ], [ -65.332027712145077, 44.310754795727 ], [ -65.331490679983872, 44.31143923815744 ], [ -65.331626336511505, 44.311577649942258 ], [ -65.33091264873444, 44.312093721381068 ], [ -65.316658821893, 44.322397464745613 ], [ -65.316585505619187, 44.32237789851478 ], [ -65.316464207923744, 44.322472289802825 ], [ -65.316450833222206, 44.322547748603704 ], [ -65.31643608370706, 44.322629906521385 ], [ -65.316364311504501, 44.322732294718357 ], [ -65.316094428605979, 44.322805310969279 ], [ -65.315973889903972, 44.322837889746545 ], [ -65.315819583586631, 44.322959798438028 ], [ -65.315805037311208, 44.323014411137109 ], [ -65.315752585906893, 44.32321189936588 ], [ -65.315642007176933, 44.323389090715537 ], [ -65.315581397074581, 44.323436312786555 ], [ -65.315438295626905, 44.323502986210613 ], [ -65.315088845341819, 44.323531931610248 ], [ -65.314927386440317, 44.323545309349996 ], [ -65.314750810199072, 44.323738110173295 ], [ -65.314741731050205, 44.323782752898062 ], [ -65.314734002111052, 44.323820798845517 ], [ -65.314623489190012, 44.323958607572912 ], [ -65.314528432549594, 44.323936885378536 ], [ -65.305846288261364, 44.330231705709039 ], [ -65.300103589323555, 44.334354402011471 ], [ -65.26742525915337, 44.357937567634202 ], [ -65.254298648111288, 44.367565505782188 ], [ -65.241408785756633, 44.377014384610284 ], [ -65.239829452296789, 44.378171723040111 ], [ -65.236049535189395, 44.380941256770448 ], [ -65.235852096559498, 44.380869698290681 ], [ -65.23544071749339, 44.380690894258016 ], [ -65.235341707667445, 44.380694596256319 ], [ -65.235253089929245, 44.380800786325331 ], [ -65.235647763065202, 44.381235757016327 ], [ -65.235641881509409, 44.381240029963045 ], [ -65.230790438709263, 44.384794068233219 ], [ -65.230747004407107, 44.38477011061488 ], [ -65.230642600237005, 44.384761911687555 ], [ -65.230609387375324, 44.384789398278485 ], [ -65.230547807735647, 44.384974495110455 ], [ -65.220681566463639, 44.392197125587607 ], [ -65.220135268819476, 44.392597113182823 ], [ -65.218712677637555, 44.393638609299913 ], [ -65.216205987848227, 44.395202191976082 ], [ -65.211546419019129, 44.39887443532615 ], [ -65.211371162408966, 44.399012526891546 ], [ -65.211341776151826, 44.399029541055555 ], [ -65.210939312048737, 44.399328580050856 ], [ -65.198289375375566, 44.408583927492295 ], [ -65.190340468972309, 44.414243591138657 ], [ -65.184314326834794, 44.418355111615412 ], [ -65.181942930682098, 44.420012569236597 ], [ -65.179767454918405, 44.421532960959325 ], [ -65.176101312975092, 44.426677362850569 ], [ -65.175722549561527, 44.427208750430871 ], [ -65.16989116799347, 44.435388814647681 ], [ -65.169213916657796, 44.436287024057201 ], [ -65.168607455504045, 44.437189162847034 ], [ -65.16220908480949, 44.446160398453124 ], [ -65.159638972409468, 44.449774938755681 ], [ -65.15204547634319, 44.460610147692655 ], [ -65.140926428973913, 44.460006383059032 ], [ -65.12995067913819, 44.459206009872538 ], [ -65.118579708219727, 44.458581405778169 ], [ -65.092437399149176, 44.456859427145076 ], [ -65.089115904889979, 44.456119198956067 ], [ -65.085732667298643, 44.456412434967852 ], [ -65.07382491991936, 44.455652229416295 ], [ -65.071924907296591, 44.45552735487783 ], [ -65.07107753383977, 44.455471657659729 ], [ -65.06732783604906, 44.455225076967295 ], [ -65.063977916569982, 44.455004669686367 ], [ -65.0638611119182, 44.455069119371451 ], [ -65.063544687842068, 44.454976148364111 ], [ -65.063196755025373, 44.454953244312691 ], [ -65.061736763331723, 44.454857125548159 ], [ -65.061511240012692, 44.454842277532236 ], [ -65.0530961180703, 44.460328695372276 ], [ -65.049220710060467, 44.463491170357266 ], [ -65.007586275884933, 44.492755124824008 ], [ -65.002470859739148, 44.496257240339865 ], [ -65.001353656709412, 44.497035546834901 ], [ -64.999999986205708, 44.497978553768938 ], [ -64.999998621677605, 44.497979496794223 ], [ -64.997092162172919, 44.500004032182467 ], [ -64.997088570760283, 44.500006552937776 ], [ -64.988468912544121, 44.506005702588325 ], [ -64.983526143852416, 44.509450222558335 ], [ -64.983603838723624, 44.509508234304839 ], [ -64.983630463072814, 44.509516028885692 ], [ -64.983160002412717, 44.509794343591331 ], [ -64.978143144603806, 44.513481960324818 ], [ -64.968534449320018, 44.520532274760015 ], [ -64.961741169588905, 44.525532437363168 ], [ -64.948231734333547, 44.535451212314335 ], [ -64.945013193576344, 44.537104766312304 ], [ -64.945026963972182, 44.537116974234763 ], [ -64.94547423351608, 44.537513518739459 ], [ -64.936101654253548, 44.544333070712341 ], [ -64.932442881062101, 44.546994476865173 ], [ -64.928354272685354, 44.5499742314557 ], [ -64.928175261505999, 44.550104669461646 ], [ -64.920517876865844, 44.555683824460658 ], [ -64.91811968210105, 44.55743075024133 ], [ -64.917323373434954, 44.558010783638956 ], [ -64.91095363079512, 44.562648969641678 ], [ -64.901089550132752, 44.569829041123732 ], [ -64.89445321385486, 44.574657871063316 ], [ -64.886889114600265, 44.580160063306963 ], [ -64.886691099314262, 44.580304081987855 ], [ -64.881221532612059, 44.58433043734739 ], [ -64.879482898761793, 44.585610088231348 ], [ -64.869600906830897, 44.592846812724162 ], [ -64.867174637502373, 44.594666379091393 ], [ -64.861400645218581, 44.598913131557026 ], [ -64.85583095538901, 44.603008588314815 ], [ -64.847078163683094, 44.609443994755466 ], [ -64.841184031106408, 44.613776182202002 ], [ -64.836663269113131, 44.617098169860157 ], [ -64.8314436805003, 44.620932838963107 ], [ -64.829241297153146, 44.622550621570845 ], [ -64.828262223449542, 44.623268774669455 ], [ -64.826784311457899, 44.624352802251018 ], [ -64.825813250950318, 44.625065021873041 ], [ -64.824453318044803, 44.626062374824969 ], [ -64.823629940603695, 44.626666231615154 ], [ -64.819937303742606, 44.629313533437646 ], [ -64.811369110846513, 44.634787562070862 ], [ -64.810988278981867, 44.635052563256231 ], [ -64.80236349558578, 44.641180489593836 ], [ -64.796609162083072, 44.645863158171828 ], [ -64.793712162940949, 44.648220775124351 ], [ -64.790701694506808, 44.650487071779999 ], [ -64.789055360414679, 44.65172634278963 ], [ -64.787339142730474, 44.653003858509557 ], [ -64.783824246144405, 44.655749092944681 ], [ -64.78207317807086, 44.657116571915701 ], [ -64.77378168349199, 44.66318633828061 ], [ -64.773237538559897, 44.663584574270281 ], [ -64.767158868579642, 44.668032947673169 ], [ -64.766415163040975, 44.668577102857618 ], [ -64.755117075845718, 44.676778529507352 ], [ -64.754895089634687, 44.676939626177607 ], [ -64.745243419133033, 44.683942580213873 ], [ -64.740920080028928, 44.687078492751745 ], [ -64.740725080458247, 44.687219906211546 ], [ -64.736465216398472, 44.690309187445322 ], [ -64.735158797482498, 44.691256496639063 ], [ -64.714774003341759, 44.705072193936545 ], [ -64.709288667866147, 44.710156622259333 ], [ -64.704413382208045, 44.713715978973525 ], [ -64.692657678271601, 44.722289047320331 ], [ -64.692337597878577, 44.722522116436025 ], [ -64.691742186078159, 44.722956472601517 ], [ -64.684554397454335, 44.728195454082581 ], [ -64.683904624591321, 44.728669018500817 ], [ -64.682078994812798, 44.729999424314208 ], [ -64.674580548019449, 44.735485534195213 ], [ -64.662042874185971, 44.745140989499141 ], [ -64.660883177047737, 44.745982297893413 ], [ -64.656456036728926, 44.749165861988445 ], [ -64.655230703805529, 44.750082415990057 ], [ -64.638974355550602, 44.761868489812819 ], [ -64.632345770431598, 44.766671894580881 ], [ -64.61020416135716, 44.782706620881633 ], [ -64.610083206157256, 44.78280503359354 ], [ -64.609957205291579, 44.78269060434215 ], [ -64.609874000652582, 44.782689704345024 ], [ -64.609817416594368, 44.782748392261993 ], [ -64.609796710791926, 44.782888746617644 ], [ -64.609786465335191, 44.782962067144311 ], [ -64.609778974615423, 44.783014386799294 ], [ -64.607761265487397, 44.784474810819361 ], [ -64.600723713612112, 44.789567485700282 ], [ -64.597212556473934, 44.792107728539342 ], [ -64.569917440963238, 44.811841747870631 ], [ -64.557406962007718, 44.820949248684947 ], [ -64.554964093070879, 44.822727379236774 ], [ -64.554674267139816, 44.822938365813293 ], [ -64.551234487120425, 44.825441793374232 ], [ -64.551094672136244, 44.825543547744495 ], [ -64.549388475632995, 44.82678513918254 ], [ -64.548695534427779, 44.827289386611675 ], [ -64.547921271844487, 44.827852775501647 ], [ -64.547768907958783, 44.827963631834535 ], [ -64.547750552769358, 44.827974506295888 ], [ -64.547748366371053, 44.827978570315302 ], [ -64.547339380584177, 44.82827616439792 ], [ -64.545504108817809, 44.829611498115916 ], [ -64.54510532554518, 44.829901616138024 ], [ -64.542441361845022, 44.831839655134239 ], [ -64.541859506480819, 44.832262922418643 ], [ -64.530952829519123, 44.840205071296175 ], [ -64.52943404411711, 44.841316097701238 ], [ -64.529433890861554, 44.841316214382552 ], [ -64.528599191316843, 44.840714710950799 ], [ -64.526135752972237, 44.838936576736693 ], [ -64.523640399184401, 44.837136970645879 ], [ -64.523130119068355, 44.837483750470874 ], [ -64.521131277278243, 44.838846497701397 ], [ -64.514195483019037, 44.843559787682388 ], [ -64.499992350239452, 44.853232381452791 ], [ -64.497176753934653, 44.855153313057961 ], [ -64.488857412197021, 44.860815410335455 ], [ -64.487056371604368, 44.86204092884681 ], [ -64.486089065063453, 44.862699055860446 ], [ -64.482959222102707, 44.864828453397458 ], [ -64.477428448321518, 44.868590567806628 ], [ -64.453175307200539, 44.885077258811904 ], [ -64.447814762205468, 44.888718883894086 ], [ -64.446727323408254, 44.889457522436928 ], [ -64.432210141682148, 44.899311414265199 ], [ -64.415793772017807, 44.888168257625018 ], [ -64.414624049754352, 44.887334988897678 ], [ -64.411109472734694, 44.884831001545159 ], [ -64.409374269260681, 44.883594604972771 ], [ -64.406845474288886, 44.881792575421656 ], [ -64.404926167552546, 44.880424739647601 ], [ -64.40130946568641, 44.877846875456967 ], [ -64.392486653839086, 44.871556588944337 ], [ -64.39147060212899, 44.870832042852193 ], [ -64.381822387404171, 44.863950188239627 ], [ -64.374158209265502, 44.858454826093045 ], [ -64.359332703868475, 44.84781944168855 ], [ -64.359188007520714, 44.847715579823706 ], [ -64.349386447883759, 44.840637550667402 ], [ -64.34035424867767, 44.83423298436086 ], [ -64.328909727719747, 44.826060433293023 ], [ -64.324317640433065, 44.822780002623908 ], [ -64.323081612050402, 44.821896746021629 ], [ -64.32230877841387, 44.821344723922671 ], [ -64.317321662357358, 44.81778101623253 ], [ -64.316627222421104, 44.817284696736301 ], [ -64.316284021123408, 44.817039441753415 ], [ -64.315349390701314, 44.816375091487693 ], [ -64.313945073045062, 44.815376808069978 ], [ -64.311221618113393, 44.813497408449628 ], [ -64.308871545198286, 44.811740924164575 ], [ -64.302227441941966, 44.806988707714034 ], [ -64.29226200309509, 44.799858276216618 ], [ -64.287505027860362, 44.796453488578628 ], [ -64.28650970514974, 44.795741016183662 ], [ -64.285588956071976, 44.795092531098476 ], [ -64.279876940312093, 44.791068941463656 ], [ -64.265623739232069, 44.781024465076769 ], [ -64.261186805017772, 44.777896423019847 ], [ -64.251064262621995, 44.770817006863624 ], [ -64.250391663344004, 44.770346494024771 ], [ -64.240589566619832, 44.763003768877446 ], [ -64.237147135325586, 44.760864506970904 ], [ -64.233784324351518, 44.761438703776058 ], [ -64.213814674039256, 44.763347709496998 ], [ -64.185299097976383, 44.766065663442696 ], [ -64.17806712506011, 44.766753472578195 ], [ -64.154431339817762, 44.768997215708183 ], [ -64.145962350050283, 44.769799599257269 ], [ -64.144203789360787, 44.769966106864764 ], [ -64.142943241662223, 44.770085433222754 ], [ -64.123652237971854, 44.771909376151633 ], [ -64.115312766335137, 44.772696526500454 ], [ -64.098939083549254, 44.774239711486864 ], [ -64.091685085691836, 44.774922369300533 ], [ -64.084648370182407, 44.775584026594728 ], [ -64.055399595602282, 44.778328074626003 ], [ -64.04344279464641, 44.779446999783268 ], [ -64.04061677528145, 44.779711221459927 ], [ -64.037194160193351, 44.780031075002555 ], [ -64.035761998326635, 44.780164893786477 ], [ -64.034614467772442, 44.780272103458998 ], [ -64.021338584257066, 44.781511188994187 ], [ -64.015988974400841, 44.782009896794904 ], [ -64.013944549261865, 44.782200402231723 ], [ -64.009514449177317, 44.782613038680722 ], [ -64.007803000165069, 44.782772397902107 ], [ -64.004160565543643, 44.783111430137303 ], [ -64.001547648762696, 44.783354534300251 ], [ -64.000000001026024, 44.78349849689306 ], [ -63.979916891423308, 44.785364109708048 ], [ -63.978794258902127, 44.785468244137796 ], [ -63.974243585854175, 44.78589027928269 ], [ -63.955292132170136, 44.787631046142664 ], [ -63.943803862581433, 44.788707094177894 ], [ -63.940473507149115, 44.789033083664926 ], [ -63.940069581172516, 44.789071305994511 ], [ -63.924814961227462, 44.790527916754741 ], [ -63.920977309074232, 44.790914555229861 ], [ -63.920488043891694, 44.79096383208082 ], [ -63.914575719980895, 44.791559165713515 ], [ -63.911210334680398, 44.79151720068149 ], [ -63.909423760115828, 44.791712075918007 ], [ -63.90915051520863, 44.791745587502206 ], [ -63.906565444151347, 44.792062479193554 ], [ -63.90283758551179, 44.792476527596286 ], [ -63.900870083962239, 44.792695024814208 ], [ -63.899737098518649, 44.792820824007713 ], [ -63.897960217023588, 44.793018082109491 ], [ -63.897020895862248, 44.793117022458148 ], [ -63.895913782846456, 44.793232699389165 ], [ -63.894784728255019, 44.793350666853719 ], [ -63.892575128595496, 44.793707666168345 ], [ -63.889404115045934, 44.794016200015726 ], [ -63.886669709004394, 44.794282148653792 ], [ -63.870939905852588, 44.795810411785347 ], [ -63.87045323467342, 44.795857642610009 ], [ -63.86603855785188, 44.796286012891514 ], [ -63.866061801227808, 44.796175404620492 ], [ -63.865978607398986, 44.796173788722776 ], [ -63.865899791708777, 44.796204002647436 ], [ -63.865839220808539, 44.796190998441013 ], [ -63.865758111716808, 44.796130307364749 ], [ -63.865885709352469, 44.795978489086956 ], [ -63.86595779660847, 44.795675389092992 ], [ -63.866003006161236, 44.79565248913034 ], [ -63.866197919637372, 44.795636295026114 ], [ -63.866243212002622, 44.795613506491961 ], [ -63.866297806790527, 44.795484001533325 ], [ -63.866311605635104, 44.795258994676765 ], [ -63.866348003018203, 44.795172695769466 ], [ -63.866293686881704, 44.794831694854672 ], [ -63.866248404133536, 44.794704410449739 ], [ -63.866100088330484, 44.794507993143966 ], [ -63.865234715031953, 44.793879406895115 ], [ -63.86494829051383, 44.793510499540119 ], [ -63.864940305476068, 44.793427313437554 ], [ -63.86497359383862, 44.793119602264682 ], [ -63.86516260819689, 44.792961014876077 ], [ -63.865209991414631, 44.792878904509038 ], [ -63.865259484360337, 44.792737505141275 ], [ -63.865377612141678, 44.79254199750283 ], [ -63.865467916321897, 44.792195900531382 ], [ -63.865608583473872, 44.791989006552583 ], [ -63.865598301039213, 44.79181480516246 ], [ -63.865467513156609, 44.791594992111435 ], [ -63.865403108624768, 44.791380395902046 ], [ -63.865438396979897, 44.790562806990479 ], [ -63.865587010404624, 44.79013868988298 ], [ -63.86561088727251, 44.789937495125081 ], [ -63.8655932114225, 44.789660496734633 ], [ -63.865415383337329, 44.788902300294481 ], [ -63.865442195566303, 44.78862208805743 ], [ -63.865635205122842, 44.788044715441004 ], [ -63.866013605891744, 44.787407313032666 ], [ -63.866045486253725, 44.787139100992164 ], [ -63.866062607658279, 44.786514899823651 ], [ -63.866147895765266, 44.78630699193188 ], [ -63.866283487677258, 44.786088194193049 ], [ -63.866551610645558, 44.785429101805278 ], [ -63.866643810851961, 44.784723193022486 ], [ -63.86692809833243, 44.784230397229734 ], [ -63.867396785928385, 44.783547406079713 ], [ -63.867830688427262, 44.783061302571809 ], [ -63.868207785554802, 44.782763804058014 ], [ -63.868627209474127, 44.782522498934988 ], [ -63.86917499193428, 44.782259904902496 ], [ -63.87005240957749, 44.781631713339287 ], [ -63.870311317713167, 44.781379592860404 ], [ -63.870888378960565, 44.780307203619962 ], [ -63.870986095904883, 44.780214111365062 ], [ -63.871150903780304, 44.780106412547674 ], [ -63.871472496074411, 44.7798079924302 ], [ -63.871693507011827, 44.779681588631696 ], [ -63.871878095318223, 44.779641491370398 ], [ -63.87206480250574, 44.779542198216767 ], [ -63.872449098885234, 44.77919751038965 ], [ -63.872635009740009, 44.778967702927133 ], [ -63.872737112840433, 44.77890630065491 ], [ -63.873107799773493, 44.778936796291745 ], [ -63.873277786064982, 44.778991298728279 ], [ -63.874472595824628, 44.779254303357042 ], [ -63.874766586241364, 44.779255692101842 ], [ -63.875079689181341, 44.779344488303494 ], [ -63.875234396119723, 44.77936308600011 ], [ -63.875733611904188, 44.779372193055146 ], [ -63.87590068987317, 44.779355485515715 ], [ -63.876152299391705, 44.779300804343613 ], [ -63.876485006520852, 44.779156691394995 ], [ -63.876729118147352, 44.778848996919052 ], [ -63.876870905617409, 44.77830219383717 ], [ -63.875137362551555, 44.773377384765652 ], [ -63.874278494378324, 44.770934019097837 ], [ -63.869063737290418, 44.75646334732992 ], [ -63.868666919989934, 44.755345923245635 ], [ -63.868068075013319, 44.754488907549728 ], [ -63.867297698323789, 44.753369694398089 ], [ -63.866922513185742, 44.752856992009193 ], [ -63.864989036290567, 44.750086959954537 ], [ -63.858985369964962, 44.741498041260201 ], [ -63.858916449202241, 44.741399426783211 ], [ -63.858773773127034, 44.741195300844765 ], [ -63.854335453967686, 44.734843563593337 ], [ -63.853383948351706, 44.733481657677139 ], [ -63.848015854091713, 44.72579647013103 ], [ -63.847550955355935, 44.72514009363605 ], [ -63.846624058396173, 44.721909795486852 ], [ -63.84728362580568, 44.719776722873831 ], [ -63.846425817937977, 44.717722826701234 ], [ -63.846600176788172, 44.716550562013225 ], [ -63.84726267589587, 44.715435308488381 ], [ -63.8474136576097, 44.714014411148618 ], [ -63.847052503847657, 44.713197493090121 ], [ -63.847290281684444, 44.71164525869839 ], [ -63.849970296116851, 44.707649447941215 ], [ -63.850053270542652, 44.707490592322493 ], [ -63.850043561281822, 44.707371107524096 ], [ -63.850012939794716, 44.706993962158798 ], [ -63.850081693970736, 44.706964988522451 ], [ -63.850098790248353, 44.706957707121653 ], [ -63.850106081689937, 44.706954606459242 ], [ -63.850723994713213, 44.706691902881083 ], [ -63.850799710659452, 44.706665297005721 ], [ -63.85082561347015, 44.706646999159545 ], [ -63.851066401938844, 44.706540800413649 ], [ -63.851332406000296, 44.706425390244071 ], [ -63.852304688761862, 44.706010188309811 ], [ -63.852435094664806, 44.705954511290464 ], [ -63.85350020544449, 44.705501795312607 ], [ -63.853576603066031, 44.705466100103003 ], [ -63.853868500968964, 44.705341787435607 ], [ -63.853906514821496, 44.705324100790811 ], [ -63.854058386214753, 44.705261800728358 ], [ -63.85428668207453, 44.705163702593758 ], [ -63.854514707737493, 44.705048608276726 ], [ -63.854908205176478, 44.704852992963545 ], [ -63.85497219740671, 44.70481700570928 ], [ -63.855010403860625, 44.704790205818469 ], [ -63.855188591885998, 44.704692394844294 ], [ -63.855226088416231, 44.704665188985551 ], [ -63.85540381143695, 44.704558490212285 ], [ -63.855595108767972, 44.704406503281234 ], [ -63.855977899511721, 44.704094589582432 ], [ -63.856030998704803, 44.704051287106026 ], [ -63.856189795612288, 44.703930305518362 ], [ -63.85630788773571, 44.703825994885989 ], [ -63.856432100965677, 44.703717688079017 ], [ -63.856560596868448, 44.703605799402958 ], [ -63.856689598625906, 44.703491486518629 ], [ -63.85681929791037, 44.703375288076224 ], [ -63.856951686513497, 44.703258096621546 ], [ -63.857086211540349, 44.703141400077349 ], [ -63.857191907716576, 44.70304779248962 ], [ -63.857219689881312, 44.703023208157838 ], [ -63.857326054174017, 44.702926812468782 ], [ -63.857351788221692, 44.702903492543548 ], [ -63.857454314068484, 44.702812195032905 ], [ -63.857485780143676, 44.702784106545451 ], [ -63.857620907022444, 44.702664599947099 ], [ -63.857757590803253, 44.702544807697187 ], [ -63.85778909035524, 44.702516786303882 ], [ -63.857893212107619, 44.702424491121612 ], [ -63.858003199870154, 44.70232379028743 ], [ -63.858025496282529, 44.702303304239997 ], [ -63.858137788273289, 44.702202903628759 ], [ -63.858156997535033, 44.70218578758341 ], [ -63.858284899317887, 44.702070994622041 ], [ -63.858408993570755, 44.701960305975987 ], [ -63.858526217146846, 44.701855398076376 ], [ -63.858612301792689, 44.70177790741171 ], [ -63.858637898796971, 44.701754792682848 ], [ -63.858673288395821, 44.701723308657058 ], [ -63.858745621987758, 44.701658994017734 ], [ -63.858848189629462, 44.701567209257341 ], [ -63.858851080188373, 44.701564610074897 ], [ -63.85894728986932, 44.701478304104626 ], [ -63.859043512097045, 44.701392392933165 ], [ -63.859138077244516, 44.701308574969289 ], [ -63.859138416400327, 44.701308298413636 ], [ -63.859233203396172, 44.701224499261542 ], [ -63.859295017301307, 44.701169592944694 ], [ -63.85932911523156, 44.701139292889273 ], [ -63.859427508819152, 44.70105109896533 ], [ -63.859529209222224, 44.700959497385924 ], [ -63.859635116260016, 44.70086490211569 ], [ -63.859743912099496, 44.70076670294354 ], [ -63.859748681104939, 44.700762503440238 ], [ -63.859858008851937, 44.700665096766514 ], [ -63.859977020538324, 44.700559898095946 ], [ -63.860099905668015, 44.700451203269346 ], [ -63.86022440282386, 44.700341488135983 ], [ -63.860336192984981, 44.700244909217645 ], [ -63.860350998839159, 44.700232087859717 ], [ -63.860477793976038, 44.700119602505218 ], [ -63.860607200024226, 44.700004703059882 ], [ -63.860875001064677, 44.699749807567947 ], [ -63.861902907210258, 44.698826392656215 ], [ -63.862221504558256, 44.698521511243683 ], [ -63.862349387971548, 44.698378291356633 ], [ -63.862515882737831, 44.698199705919215 ], [ -63.862681693924401, 44.697975201172582 ], [ -63.862720288777361, 44.697939802082949 ], [ -63.863391421804366, 44.697068594458628 ], [ -63.863424404680011, 44.697025703375196 ], [ -63.863513917337329, 44.696900302989732 ], [ -63.863918607162262, 44.696346788909402 ], [ -63.864090283446416, 44.69611190215636 ], [ -63.864570192869515, 44.695487993570616 ], [ -63.864986788113647, 44.694946492421167 ], [ -63.865792495793919, 44.693960897338542 ], [ -63.865855615985765, 44.69388029794591 ], [ -63.86595920126841, 44.693719297157877 ], [ -63.866022399907763, 44.693638696416109 ], [ -63.866087001938709, 44.693567102354486 ], [ -63.866227389444433, 44.693423794926879 ], [ -63.866431512894358, 44.693226900189423 ], [ -63.866647004057619, 44.69303890162341 ], [ -63.866889209697177, 44.692859711772783 ], [ -63.867206592783987, 44.692681905150891 ], [ -63.867536504729614, 44.692512714814484 ], [ -63.867545687049756, 44.692508994280828 ], [ -63.867625218548639, 44.692477198174451 ], [ -63.867802598002378, 44.692415297149132 ], [ -63.868081603064503, 44.692335688957627 ], [ -63.868372091568155, 44.692265098371088 ], [ -63.870737117419971, 44.691729393321275 ], [ -63.872380594647808, 44.691360392617518 ], [ -63.873355290904811, 44.691131502533445 ], [ -63.873684293112674, 44.691025391733646 ], [ -63.874013206532254, 44.690910409193272 ], [ -63.874305295024811, 44.690776697525372 ], [ -63.874317793453606, 44.690768484550901 ], [ -63.874520901066902, 44.690679713709997 ], [ -63.874711204238402, 44.690572194584568 ], [ -63.874901318063927, 44.690465197503727 ], [ -63.875067304325889, 44.690340613433833 ], [ -63.875882309034665, 44.689651908398389 ], [ -63.876506697824965, 44.689052101342995 ], [ -63.876829727592778, 44.688747499268132 ], [ -63.876990811493037, 44.688595611533131 ], [ -63.877487683757387, 44.688130495830542 ], [ -63.87780658600866, 44.687808194395451 ], [ -63.878158195001333, 44.687935687259774 ], [ -63.878258992988052, 44.687972693191732 ], [ -63.878309182104516, 44.687991306886488 ], [ -63.88021550681605, 44.688671701921749 ], [ -63.880433295659977, 44.688749499599716 ], [ -63.880596787182718, 44.688804599847785 ], [ -63.881095300737059, 44.689010386957555 ], [ -63.881413101987945, 44.689141791244545 ], [ -63.88173270474163, 44.689315492341613 ], [ -63.881864484069823, 44.689405203239104 ], [ -63.881939296730131, 44.689450489193177 ], [ -63.882077109041845, 44.689550313156978 ], [ -63.88233999695332, 44.689740886186542 ], [ -63.882465308555531, 44.689849702688591 ], [ -63.882577908582284, 44.689948812145204 ], [ -63.882803304683513, 44.690166701743273 ], [ -63.883789585771524, 44.691125895203371 ], [ -63.883889109923167, 44.691216093161131 ], [ -63.884663305226347, 44.691976187828907 ], [ -63.884788693432178, 44.692094087696262 ], [ -63.884975802131791, 44.692275406789939 ], [ -63.885687898399766, 44.692962985821914 ], [ -63.886149183954231, 44.693415002058195 ], [ -63.886287390068276, 44.693541691247184 ], [ -63.886362100243566, 44.693596390299305 ], [ -63.88638630999526, 44.693616760924755 ], [ -63.886436913505811, 44.693659406657176 ], [ -63.886587496483259, 44.693768999305 ], [ -63.886763107698208, 44.693868392379379 ], [ -63.886975708906306, 44.69398650550967 ], [ -63.88721451032356, 44.694087310079397 ], [ -63.88736560625528, 44.694141910037253 ], [ -63.887454292946849, 44.694169088754187 ], [ -63.887794001278891, 44.694261013210806 ], [ -63.887906706221528, 44.694289003267066 ], [ -63.888397087736166, 44.694417504904379 ], [ -63.888950785322109, 44.694555404540985 ], [ -63.889035393855437, 44.694569387762073 ], [ -63.889153112797459, 44.694583497461124 ], [ -63.889207207724652, 44.694587907113529 ], [ -63.88929388958698, 44.694592406972276 ], [ -63.889366598690572, 44.694593610855719 ], [ -63.889443391872142, 44.694584891053744 ], [ -63.889506406144797, 44.694576314818406 ], [ -63.88958198105037, 44.694567604292565 ], [ -63.889644805168793, 44.694550012198491 ], [ -63.889742309860218, 44.694535499727714 ], [ -63.88975939318064, 44.694532895636229 ], [ -63.889793390370016, 44.694524507148429 ], [ -63.889834905858841, 44.69451521211527 ], [ -63.889854399255263, 44.694508006789647 ], [ -63.889856526902555, 44.694507270812259 ], [ -63.889799804022843, 44.69437481176147 ], [ -63.889844697717074, 44.694201695480317 ], [ -63.890039684488151, 44.694015600328591 ], [ -63.890217004151857, 44.693702794569219 ], [ -63.890782705835612, 44.692907113702937 ], [ -63.890824305683566, 44.692362608136854 ], [ -63.890442589415088, 44.691727488705133 ], [ -63.890115501239968, 44.690894968793494 ], [ -63.891678402762359, 44.687008965710568 ], [ -63.892828698744211, 44.685878094039303 ], [ -63.894314822032605, 44.684430187561517 ], [ -63.897765781991488, 44.681306447184305 ], [ -63.899818402425097, 44.675761446666883 ], [ -63.900676643425342, 44.673711048452006 ], [ -63.903473972514455, 44.67174549050668 ], [ -63.903802983507674, 44.671514274231541 ], [ -63.906806332099599, 44.669892632023675 ], [ -63.906674131007748, 44.669787431847325 ], [ -63.90662957150608, 44.666927160688871 ], [ -63.907778863070916, 44.66421084165497 ], [ -63.908184281536123, 44.6618415648785 ], [ -63.909510546916287, 44.661379905873261 ], [ -63.910134907291479, 44.661164414477753 ], [ -63.912980818597944, 44.658782229078419 ], [ -63.91463932972303, 44.657943251661422 ], [ -63.918625214311554, 44.658734885647924 ], [ -63.924702966961405, 44.657770693570306 ], [ -63.926336521143753, 44.656309237664402 ], [ -63.92893828461478, 44.654014182761287 ], [ -63.931241044918963, 44.651949726088247 ], [ -63.939409504746109, 44.644758379944953 ], [ -63.940478847623766, 44.643933869450557 ], [ -63.953097646839481, 44.634135183387883 ], [ -63.955526592172191, 44.628430910965029 ], [ -63.966344271917819, 44.622513544506468 ], [ -63.97852363107701, 44.614563581029273 ], [ -63.988807439326244, 44.601652508406801 ], [ -63.997186015656425, 44.590000568902191 ], [ -63.995534862842554, 44.585630703704965 ], [ -63.989471239802945, 44.569576031838118 ], [ -63.982822250553646, 44.551959401480289 ], [ -63.982797831557107, 44.551969735919776 ], [ -63.981861368485959, 44.549602956428863 ], [ -63.979296218645864, 44.543118656937153 ], [ -63.978761647451165, 44.541587892193064 ], [ -63.977211789310907, 44.537149371391081 ], [ -63.970866272794844, 44.5189686196601 ], [ -63.969850365622314, 44.516056676895708 ], [ -63.964229308952092, 44.50356379947744 ], [ -63.999999983322397, 44.501713067961646 ], [ -64.00000114750452, 44.50171301284761 ], [ -64.003148212042078, 44.501549632795744 ], [ -64.003099908701344, 44.500004321340732 ], [ -64.000002120027091, 44.499999997138339 ], [ -64.000000009003472, 44.500000013169831 ], [ -64.000000017666153, 44.499995840128499 ], [ -64.000000032560422, 44.489958082622969 ], [ -64.000000030222736, 44.482776638967955 ], [ -64.000000023513266, 44.478227722571155 ], [ -63.999999992822417, 44.413024557620837 ], [ -63.999999987890902, 44.409713076777507 ], [ -64.032682393745247, 44.388156528826485 ], [ -64.053601487351116, 44.3738382773899 ], [ -64.080418307697869, 44.355464269089921 ], [ -64.080706686356024, 44.355268269290455 ], [ -64.09853572125796, 44.343146459429313 ], [ -64.106468004177543, 44.337750350519144 ], [ -64.125232392018077, 44.324978152521247 ], [ -64.13430648854461, 44.318798011625063 ], [ -64.189831307626463, 44.280694040296744 ], [ -64.195419116879791, 44.276854315429887 ], [ -64.216650483833646, 44.262256546601108 ], [ -64.232719584733502, 44.251199210174001 ], [ -64.233903520711962, 44.250021286325484 ], [ -64.238019570728326, 44.245925618102682 ], [ -64.259638795245522, 44.224399451223661 ], [ -64.27181684418214, 44.211422321993581 ], [ -64.278359493638106, 44.20444696086097 ], [ -64.287786302128509, 44.194392502467657 ], [ -64.309082339325428, 44.171660308279137 ], [ -64.370318010509237, 44.138614591212836 ], [ -64.394266206196122, 44.125333427094965 ], [ -64.459505335958283, 44.089085392676573 ], [ -64.45785776786532, 44.088025480425074 ], [ -64.464994304035741, 44.083760259222856 ], [ -64.465042870708018, 44.083709392675196 ], [ -64.484624209544307, 44.07341163638597 ], [ -64.499999992833182, 44.065319601975268 ], [ -64.514444833808966, 44.057712788399002 ], [ -64.524363252530705, 44.052486954273995 ], [ -64.564981275870636, 44.029386061277826 ], [ -64.585226124669504, 44.017857384298992 ], [ -64.593007472264844, 44.013423594894732 ], [ -64.602940508202238, 44.007761675740049 ], [ -64.61257355763037, 44.002268482634264 ], [ -64.613961986747825, 44.000087976631278 ], [ -64.613966071648903, 44.000081581515012 ], [ -64.629292517815244, 43.975998346273009 ], [ -64.636203569573183, 43.965130454967564 ], [ -64.642577999852904, 43.955101877220265 ], [ -64.661413137920917, 43.925443974650555 ], [ -64.661594819473663, 43.925157735438766 ], [ -64.71460973655465, 43.832753334098918 ], [ -64.726580047914027, 43.811839062427275 ], [ -64.760485456188903, 43.752351189721175 ], [ -64.76056877849912, 43.752351048980792 ], [ -64.84058777272169, 43.752170980420516 ], [ -64.909599695411941, 43.751957091622074 ], [ -64.923125569003716, 43.751888082066046 ], [ -64.941339372595394, 43.751896024253355 ], [ -64.945439982093575, 43.75187676755489 ], [ -64.950595445482051, 43.751852283063755 ], [ -64.950576320907857, 43.750056480855918 ], [ -64.95048691562458, 43.741659415142742 ], [ -64.950409400310051, 43.73437523623889 ], [ -64.952338796860502, 43.731378151523323 ], [ -64.954285899225781, 43.728309636115199 ], [ -64.955341652466018, 43.72664568138682 ], [ -64.958239937181887, 43.722390177172137 ], [ -64.961129620762875, 43.7184571320564 ], [ -64.96495328127979, 43.713946773753705 ], [ -64.96914408522899, 43.709914509076654 ], [ -64.973631663323872, 43.706664919055875 ], [ -64.97371970597095, 43.70660131516518 ], [ -64.977851020071355, 43.703610999954847 ], [ -64.978202503352392, 43.703356499878282 ], [ -64.97829050498251, 43.703292938230632 ], [ -64.979696475967913, 43.702274979706608 ], [ -64.979784473477679, 43.702211416894471 ], [ -64.982771996772783, 43.700048276052847 ], [ -64.982859985800232, 43.699984710843751 ], [ -64.986550277003687, 43.697312553300868 ], [ -64.987340978704651, 43.696739941842296 ], [ -64.987428955131193, 43.69667637307289 ], [ -64.995249160979029, 43.691014310149193 ], [ -64.99788539136452, 43.689106033521917 ], [ -64.997973401847574, 43.689042477128879 ], [ -65.000000007072742, 43.687609509306661 ], [ -65.009447978626397, 43.681634677873753 ], [ -65.019866315669873, 43.675043424541862 ], [ -65.069630407904285, 43.643519526738309 ], [ -65.069947322483756, 43.643318149603765 ], [ -65.118919659446021, 43.612818086107161 ], [ -65.121343253309419, 43.611307027591209 ], [ -65.171185913674137, 43.580404056825088 ], [ -65.175899840757808, 43.577478017169476 ], [ -65.230903912926152, 43.542758839844815 ], [ -65.237715671422961, 43.538482206825186 ], [ -65.238377594219571, 43.538066588258616 ], [ -65.289047880117622, 43.506214749665901 ], [ -65.296498178481357, 43.501540102862769 ], [ -65.29820197118066, 43.500055675036485 ], [ -65.319435585828899, 43.481545829184256 ], [ -65.3409756509039, 43.462704262875846 ], [ -65.343875992034498, 43.460165821563955 ], [ -65.374900139201642, 43.432501905679821 ], [ -65.381767090250875, 43.430151317528349 ], [ -65.388083560773552, 43.427988517922408 ], [ -65.407306016391544, 43.421508325150889 ], [ -65.451357156736577, 43.406423917583091 ], [ -65.490607432319223, 43.393226781751245 ], [ -65.499999991386886, 43.390089130012271 ], [ -65.500001179800435, 43.390088716892279 ], [ -65.506558467584057, 43.387897408222436 ], [ -65.515940453226264, 43.384760928661102 ], [ -65.521930964126469, 43.382757528593459 ], [ -65.533562643992539, 43.378557482845999 ], [ -65.554719714417303, 43.370912208906248 ], [ -65.587491720203573, 43.359055259612155 ], [ -65.620941891732414, 43.347488645207711 ], [ -65.654393499410077, 43.338072736886538 ], [ -65.678012368696784, 43.331614464311855 ], [ -65.68305046168426, 43.330235837494612 ], [ -65.717351650302845, 43.315485716223563 ], [ -65.749120905086372, 43.302000546662399 ], [ -65.780883686372817, 43.288668131766862 ], [ -65.844657804116139, 43.261828043065151 ], [ -65.859689604777685, 43.255065412215266 ], [ -65.859666187009239, 43.255101637518358 ], [ -65.857037818584061, 43.259170097484756 ], [ -65.853844854060256, 43.284798057205052 ], [ -65.849990192474365, 43.313930436552205 ], [ -65.846637698315789, 43.339636751657892 ], [ -65.843281457720309, 43.365346201018838 ], [ -65.839933762454493, 43.39122226424773 ], [ -65.836318005387241, 43.417177609620964 ], [ -65.832738231634025, 43.443068949854961 ], [ -65.82966800968164, 43.469205573252353 ], [ -65.82663781995781, 43.492990851758307 ], [ -65.826357434903727, 43.495190763923226 ], [ -65.825643627126311, 43.500077873985553 ], [ -65.823581499041566, 43.514190784000263 ], [ -65.822581306858311, 43.521033273240363 ], [ -65.818985770912406, 43.54693727734201 ], [ -65.817596148263192, 43.552210508589141 ], [ -65.809199227305484, 43.570691572340706 ], [ -65.803189056831471, 43.578838814716576 ] ] ] } },
{ "type": "Feature", "properties": { "FED_NUM": 12011, "ED_NAMEE": "Sydney—Glace Bay", "ED_NAMEF": "Sydney—Glace Bay", "REP_ORDER": "2023", "SHAPE_AREA": 751701649.56900001, "SHAPE_LEN": 148712.513989, "NUM_CF": null, "CF_NOMFR": null, "CF_NOMAN": null, "DEC_REP": null, "PROV_CODE": "12", "PROV_NAME": "PE" }, "geometry": { "type": "Polygon", "coordinates": [ [ [ -60.299225675934196, 46.282992029911348 ], [ -60.298476016101617, 46.283504558114359 ], [ -60.297709290416563, 46.28402871455912 ], [ -60.295675566406651, 46.285878317566272 ], [ -60.293520268485139, 46.288335640996344 ], [ -60.291551932782177, 46.289447678716016 ], [ -60.289944107171614, 46.289143358480963 ], [ -60.287691050837317, 46.289093626380449 ], [ -60.286488185535539, 46.289809078533217 ], [ -60.28524693760739, 46.291333985483433 ], [ -60.285209958373351, 46.293345574906809 ], [ -60.285950094950174, 46.294172815879953 ], [ -60.287645789959704, 46.296629063653093 ], [ -60.286487934280451, 46.299884777827316 ], [ -60.286027940238917, 46.303057804930162 ], [ -60.285670865276202, 46.307457021030238 ], [ -60.285190463275377, 46.309339700446621 ], [ -60.285228620261648, 46.309406087946662 ], [ -60.286176316486831, 46.311183012129241 ], [ -60.284188361452493, 46.314406300445789 ], [ -60.282660042474525, 46.316884067402725 ], [ -60.277593429293375, 46.325643057497757 ], [ -60.271047549616476, 46.336543171457592 ], [ -60.259456794997163, 46.332602299070047 ], [ -60.248889463169171, 46.329058984884298 ], [ -60.247990163308643, 46.328757376932828 ], [ -60.212353698043678, 46.316650090020275 ], [ -60.198225119050008, 46.311844502195122 ], [ -60.195136134414462, 46.31079343092744 ], [ -60.179767614147138, 46.305654129998601 ], [ -60.157118910911883, 46.298073621497039 ], [ -60.157100273675148, 46.298101602994798 ], [ -60.093548211058874, 46.277700894614455 ], [ -60.092176754470174, 46.277313648949416 ], [ -60.08526549292754, 46.275361766013631 ], [ -60.079715631904023, 46.273793891051703 ], [ -60.073347287132343, 46.271994255368355 ], [ -60.071386287862758, 46.271439971228851 ], [ -60.065642358496675, 46.2698161261454 ], [ -60.062358384287471, 46.26888752572966 ], [ -60.042931777046547, 46.263391145730033 ], [ -60.039684846880256, 46.26247196855406 ], [ -60.005493296385403, 46.25138311231791 ], [ -60.001238315694927, 46.250001923988584 ], [ -60.001237591325996, 46.250001677787878 ], [ -60.000000365289054, 46.249600012635163 ], [ -59.999999994315317, 46.249599900673651 ], [ -59.999502156055335, 46.249438264272662 ], [ -59.995149096768785, 46.247707148087429 ], [ -59.989992940987946, 46.245656229785403 ], [ -59.972116527963813, 46.238542065257839 ], [ -59.972108741811823, 46.23854330513079 ], [ -59.96902015041983, 46.237340398995102 ], [ -59.964753238459338, 46.235678277577165 ], [ -59.964192894146635, 46.235472369720171 ], [ -59.958342671757848, 46.233322209101622 ], [ -59.941705007825881, 46.229756395932881 ], [ -59.937984327124262, 46.228958493577565 ], [ -59.937889428877483, 46.228938024670178 ], [ -59.932782603588322, 46.227836667186097 ], [ -59.927381036507619, 46.226671394127933 ], [ -59.925079755566166, 46.226174801515832 ], [ -59.92373755717496, 46.225885162071613 ], [ -59.915714704025788, 46.224153330949456 ], [ -59.915571456567612, 46.224122398031035 ], [ -59.911935455297552, 46.223337236757786 ], [ -59.906647133982993, 46.222139577560505 ], [ -59.904353316300998, 46.221619977971891 ], [ -59.895503044674982, 46.21961458394415 ], [ -59.894579130559073, 46.219405158206669 ], [ -59.891459714484824, 46.218698044091148 ], [ -59.872690700647375, 46.215305782761455 ], [ -59.852963597392304, 46.210999219746668 ], [ -59.850871249763131, 46.210542155290604 ], [ -59.837845208572489, 46.207431847935268 ], [ -59.818198519154365, 46.201751475898618 ], [ -59.787145941476275, 46.195771272940789 ], [ -59.783695448724231, 46.195132403222601 ], [ -59.780783708737239, 46.194242075588313 ], [ -59.777442401642439, 46.193220267710913 ], [ -59.773176075669298, 46.191776980440345 ], [ -59.766555746719625, 46.18875547667524 ], [ -59.759376429118042, 46.184168835703183 ], [ -59.754750514246233, 46.180561400899037 ], [ -59.752519153303155, 46.17817464200801 ], [ -59.760429803829247, 46.171894802013213 ], [ -59.767461766312131, 46.168242951874575 ], [ -59.773720410222829, 46.165933065981555 ], [ -59.776502249757542, 46.165771367496468 ], [ -59.776516929492942, 46.165762984942859 ], [ -59.795383093938987, 46.154989552932719 ], [ -59.80564750825625, 46.149147891663446 ], [ -59.844200750688216, 46.127183759359639 ], [ -59.845342232914966, 46.126532886083005 ], [ -59.866317669492929, 46.117883373536337 ], [ -59.875432910696411, 46.113800306341275 ], [ -59.879694879195149, 46.112131537522401 ], [ -59.883314295445331, 46.11136775921122 ], [ -59.883667144187164, 46.109712492316113 ], [ -59.884352904623235, 46.109525711200241 ], [ -59.889290480417344, 46.108180733594907 ], [ -59.896497118897969, 46.106691590278409 ], [ -59.900067909474089, 46.106266868562344 ], [ -59.903041651605101, 46.105946215600163 ], [ -59.906355967782517, 46.106497147074073 ], [ -59.907567594482934, 46.106359387008837 ], [ -59.90884227878189, 46.105852958360678 ], [ -59.908944882406203, 46.105811187920814 ], [ -59.909104005157772, 46.105779921207819 ], [ -59.909355232158084, 46.105752446795393 ], [ -59.909755226372049, 46.105696845354238 ], [ -59.910156538238368, 46.105624332414486 ], [ -59.910439642229989, 46.105625263985608 ], [ -59.911228112915019, 46.105595124787769 ], [ -59.911611345381935, 46.105567851089447 ], [ -59.911855279749361, 46.105519011537659 ], [ -59.912050379800867, 46.105455739680771 ], [ -59.912204123823344, 46.105360235175119 ], [ -59.912456434773688, 46.10525748817885 ], [ -59.912779820688101, 46.105165850300338 ], [ -59.913165828502422, 46.105115642224703 ], [ -59.913524039426633, 46.105107166174392 ], [ -59.913671096262121, 46.10507739646912 ], [ -59.91392810506219, 46.105041314447867 ], [ -59.914069483380736, 46.104966203835403 ], [ -59.914187611578051, 46.104849700523566 ], [ -59.914187491928026, 46.104442693751338 ], [ -59.914270423263282, 46.104332095736744 ], [ -59.914467110632664, 46.104228402695114 ], [ -59.915184511835371, 46.104044991719405 ], [ -59.915729400692406, 46.103819098098654 ], [ -59.916039091508885, 46.103774200169518 ], [ -59.916268505159806, 46.103955905973557 ], [ -59.91676909324746, 46.104577106385868 ], [ -59.916879600323682, 46.104655690808741 ], [ -59.917145793635918, 46.104727905331821 ], [ -59.917873206235306, 46.104329614767586 ], [ -59.918305084718106, 46.104180505249531 ], [ -59.919369809136661, 46.104197911053859 ], [ -59.919496199937207, 46.104241505813263 ], [ -59.919599195393538, 46.104379505388351 ], [ -59.919558304431078, 46.105155111475412 ], [ -59.919683906582492, 46.105250611547163 ], [ -59.91991999445235, 46.105289004974267 ], [ -59.920284096241311, 46.105267397776863 ], [ -59.92065161669462, 46.105174201996903 ], [ -59.921095213665403, 46.104977899345172 ], [ -59.92133291754336, 46.104912695316244 ], [ -59.921486100041811, 46.104926105498826 ], [ -59.921625081048909, 46.105006403338386 ], [ -59.921717219130926, 46.105139699606077 ], [ -59.921849488778044, 46.105227601954539 ], [ -59.922115693642318, 46.105299802189187 ], [ -59.922688216144927, 46.105263096331278 ], [ -59.922948590690801, 46.105155298276706 ], [ -59.923046509786957, 46.105061608039428 ], [ -59.923015492350046, 46.104943898372241 ], [ -59.922813701828773, 46.104815911661767 ], [ -59.922641982023059, 46.104585901651568 ], [ -59.922610189974201, 46.104384400319795 ], [ -59.923109010551038, 46.104024007193644 ], [ -59.923634612100734, 46.103768899072072 ], [ -59.923798590197357, 46.103651194167476 ], [ -59.924551895268685, 46.103410088786674 ], [ -59.92486158869351, 46.103365195539347 ], [ -59.924972906875503, 46.103391899219901 ], [ -59.925162990414911, 46.103567208023065 ], [ -59.925324603940744, 46.103605010951298 ], [ -59.926164102904174, 46.103452906127181 ], [ -59.926986918097249, 46.103523200274779 ], [ -59.928327214390947, 46.103992296977573 ], [ -59.928505617052089, 46.10407900367133 ], [ -59.928967704424771, 46.104370611058627 ], [ -59.92913440689, 46.104640194127867 ], [ -59.929301180936868, 46.105181105175816 ], [ -59.929534106257769, 46.105562394024282 ], [ -59.929604445242951, 46.105614373311539 ], [ -59.978333267981533, 46.116843792873716 ], [ -59.995039204121206, 46.118264907331017 ], [ -59.99524452218234, 46.118321624321972 ], [ -59.995308712611248, 46.118331421853021 ], [ -59.995437384133581, 46.118368992615963 ], [ -59.995500606190241, 46.118396778528385 ], [ -59.9956539819037, 46.118480009487911 ], [ -59.995705052701865, 46.1185164573631 ], [ -59.996025654180869, 46.11880062403786 ], [ -59.996075072529962, 46.118844404706415 ], [ -59.996096473653765, 46.118863384685 ], [ -59.99663180846516, 46.119158275793346 ], [ -59.997065954657096, 46.11936230337502 ], [ -59.997205426106291, 46.11946319530297 ], [ -59.997243574099606, 46.119499294827037 ], [ -59.997281271819716, 46.119544372477939 ], [ -59.997306445855642, 46.119581032294739 ], [ -59.997519748814092, 46.119799974040134 ], [ -59.997964880885128, 46.120111400407119 ], [ -59.998003174868821, 46.120121408984737 ], [ -59.998028092530497, 46.120139150310244 ], [ -59.998106017540756, 46.120158315684229 ], [ -59.998144779305207, 46.120159323764973 ], [ -59.998170179237817, 46.12016809908696 ], [ -59.998325402551295, 46.120170374179175 ], [ -59.998364695310208, 46.120161508252139 ], [ -59.99840348911453, 46.120162528421417 ], [ -59.998441493732635, 46.120153606235014 ], [ -59.99846784424448, 46.120145312934639 ], [ -59.998507636617774, 46.120127458705063 ], [ -59.998573297314501, 46.120110277097652 ], [ -59.998598809732783, 46.120092949371696 ], [ -59.998611735135384, 46.120093296821508 ], [ -59.998762926825137, 46.120007317932469 ], [ -59.998782685635952, 46.119996080059096 ], [ -59.998809521102061, 46.119978763955615 ], [ -59.998848039564635, 46.119960887842232 ], [ -59.99887435785427, 46.119952582233708 ], [ -59.998901175717108, 46.119935288380951 ], [ -59.999017797653373, 46.119909543684443 ], [ -59.999043616326972, 46.119910226265375 ], [ -59.999082958282926, 46.119901349963378 ], [ -60.000208190967058, 46.119916525309293 ], [ -60.000247483123054, 46.119907658583251 ], [ -60.000273351386355, 46.119908330739968 ], [ -60.000312643522008, 46.119899463986215 ], [ -60.000337705418623, 46.119891113956584 ], [ -60.000376997526089, 46.11988224717588 ], [ -60.000403347513355, 46.119873953327691 ], [ -60.000430213513603, 46.119855751086483 ], [ -60.000469474329215, 46.119847769938829 ], [ -60.000521883820859, 46.119812251636397 ], [ -60.000534502004776, 46.119794588410912 ], [ -60.000561367902854, 46.119776386137445 ], [ -60.000574485301719, 46.119749734670364 ], [ -60.000601302376829, 46.119732440334367 ], [ -60.000615194123043, 46.119714798827495 ], [ -60.000628360249877, 46.119687239414311 ], [ -60.000815139340332, 46.11946532282758 ], [ -60.000842486566029, 46.119438154544177 ], [ -60.000868015247505, 46.119420803961205 ], [ -60.000895331180139, 46.119394521337085 ], [ -60.000933848290934, 46.119376644390677 ], [ -60.000960664999319, 46.11935934997733 ], [ -60.001000455659309, 46.119341494724225 ], [ -60.001039715915553, 46.11933351334963 ], [ -60.001078232914864, 46.119315636347167 ], [ -60.001234094585968, 46.119281929762636 ], [ -60.001363415000448, 46.119283515610235 ], [ -60.001402256866129, 46.119283626559458 ], [ -60.001453943127821, 46.11928498028648 ], [ -60.001531916877191, 46.119303234726281 ], [ -60.001570210968289, 46.119313241775394 ], [ -60.002098684904801, 46.119400917522391 ], [ -60.002522052550603, 46.119541653237334 ], [ -60.002572822253676, 46.119560087067455 ], [ -60.00263653482191, 46.119578845476184 ], [ -60.00268780342504, 46.119588291001641 ], [ -60.002753222219965, 46.119599013002734 ], [ -60.002804490871426, 46.119608458463624 ], [ -60.002985562210178, 46.119610521481739 ], [ -60.003050721664074, 46.119602324944729 ], [ -60.003101682187214, 46.119593759860201 ], [ -60.003166841594904, 46.119585563241067 ], [ -60.003192660143341, 46.119586244649888 ], [ -60.003206084138149, 46.119577603203254 ], [ -60.003231952253323, 46.119578274522269 ], [ -60.003258318216609, 46.11956905971973 ], [ -60.003271243502645, 46.119569406510323 ], [ -60.003297592760845, 46.119561111839637 ], [ -60.003323169273386, 46.119542852615815 ], [ -60.003349518506027, 46.119534557931132 ], [ -60.003376383087655, 46.119516354851399 ], [ -60.003389000047299, 46.119498691254826 ], [ -60.003415815869701, 46.119481396112526 ], [ -60.003429706414508, 46.11946375419744 ], [ -60.003441873403723, 46.119454170894123 ], [ -60.00344282199238, 46.119437102355214 ], [ -60.003456761232812, 46.119418552493471 ], [ -60.003456934006685, 46.119391576165484 ], [ -60.003470824506906, 46.119373934251037 ], [ -60.003471323154855, 46.119364946011395 ], [ -60.003458089587895, 46.119346588891105 ], [ -60.003459535967529, 46.119319634255383 ], [ -60.003449077169755, 46.119202358949615 ], [ -60.003453474103189, 46.119049453163029 ], [ -60.003482583183512, 46.118942205910479 ], [ -60.003509588910148, 46.118897912237195 ], [ -60.003890906700896, 46.118191453686094 ], [ -60.00390352307712, 46.11817379012016 ], [ -60.003917894022457, 46.118147182311723 ], [ -60.003970316267853, 46.118111640020643 ], [ -60.003984206161377, 46.118093998126291 ], [ -60.004009747328197, 46.118076681238946 ], [ -60.004036112234381, 46.118067466272286 ], [ -60.004062926936115, 46.118050171047727 ], [ -60.004102266230333, 46.118041292658567 ], [ -60.00412730882109, 46.118032963933118 ], [ -60.004154123466279, 46.118015668684443 ], [ -60.004192964225616, 46.118015778447969 ], [ -60.004219280354242, 46.118007471371719 ], [ -60.004258570010307, 46.117998602996146 ], [ -60.004387918812377, 46.118000196754693 ], [ -60.004645138799944, 46.118030326027636 ], [ -60.004697164561954, 46.118049700361873 ], [ -60.004747435085136, 46.118077121061276 ], [ -60.00478611843598, 46.118104241220479 ], [ -60.004836340385715, 46.11813256981911 ], [ -60.004874991808073, 46.118159677751471 ], [ -60.004913144936218, 46.118195773872223 ], [ -60.005125153251456, 46.118486659895609 ], [ -60.005349797858379, 46.118759859709179 ], [ -60.005602596695823, 46.119014911726559 ], [ -60.006297784902877, 46.119609177229172 ], [ -60.006714961129418, 46.119983752147881 ], [ -60.00690456004547, 46.12013902580852 ], [ -60.007333930379694, 46.120503992680732 ], [ -60.007434913311762, 46.12062274924596 ], [ -60.007522505318086, 46.120750160081634 ], [ -60.007595417249007, 46.120885271270389 ], [ -60.007716566922177, 46.121229569316213 ], [ -60.007716069115915, 46.121238557651786 ], [ -60.00772807998608, 46.12125598472673 ], [ -60.007727582181857, 46.121264973063354 ], [ -60.007741333433557, 46.121274319105197 ], [ -60.007753263654656, 46.121292641940229 ], [ -60.007752765855166, 46.121301630278445 ], [ -60.007816295469127, 46.121347384058993 ], [ -60.007841666907211, 46.121357042420179 ], [ -60.007854175638847, 46.121365481145979 ], [ -60.0078671014859, 46.121365827289829 ], [ -60.007893729076763, 46.121375529536174 ], [ -60.007906672464088, 46.121375853398256 ], [ -60.007919149178747, 46.121384279920974 ], [ -60.007996738431537, 46.121385414274506 ], [ -60.008035035787827, 46.121395418707401 ], [ -60.008060438392235, 46.121404191329916 ], [ -60.008112159370214, 46.121405553501738 ], [ -60.008163431259902, 46.121414996032875 ], [ -60.008292758158724, 46.121416572097971 ], [ -60.008332082061109, 46.121407714036025 ], [ -60.008384268689241, 46.121400075513712 ], [ -60.008462853294482, 46.12138323278122 ], [ -60.009347116198938, 46.121187674869233 ], [ -60.010767076846491, 46.120827932814855 ], [ -60.012159303491579, 46.120549338579586 ], [ -60.01333071458631, 46.12028566860495 ], [ -60.01357858960089, 46.120225530827909 ], [ -60.013812680773853, 46.120156932990021 ], [ -60.014048604366948, 46.120078494300543 ], [ -60.014271222846553, 46.119982629654324 ], [ -60.014480123180505, 46.119877374981257 ], [ -60.014677881588362, 46.119762842383011 ], [ -60.014875741794071, 46.119622206521278 ], [ -60.015032768791443, 46.119542603247751 ], [ -60.015190573661201, 46.119472907427074 ], [ -60.015359533518307, 46.119412523224845 ], [ -60.015529301270291, 46.119360262872135 ], [ -60.015711515300588, 46.119317313274898 ], [ -60.01589452207218, 46.119284305473002 ], [ -60.01607577530006, 46.119259343961396 ], [ -60.016270748710454, 46.119243714578523 ], [ -60.01791579304264, 46.119148071468786 ], [ -60.018811325556335, 46.119078766126229 ], [ -60.019484169663457, 46.11903422788275 ], [ -60.019755767646778, 46.119037704436614 ], [ -60.020014787524765, 46.119058858230552 ], [ -60.020943797924758, 46.119160506056453 ], [ -60.021500448043959, 46.119158817767676 ], [ -60.022212577698177, 46.119105383596732 ], [ -60.023468185207761, 46.119103013249592 ], [ -60.024813938260763, 46.11908498719076 ], [ -60.025588695242881, 46.119166368836432 ], [ -60.025633927912011, 46.119176600861195 ], [ -60.02634697829604, 46.119338217546428 ], [ -60.026514742163876, 46.119379373911926 ], [ -60.026581497509333, 46.119365951133865 ], [ -60.026861484615317, 46.11945425703864 ], [ -60.028021337733172, 46.119547420636117 ], [ -60.028839959777741, 46.11948772526484 ], [ -60.029174568133222, 46.119523419864628 ], [ -60.029774911687426, 46.119431053306471 ], [ -60.032278601575705, 46.119325121525556 ], [ -60.032600761226334, 46.119351494760529 ], [ -60.03458215503467, 46.119330952943891 ], [ -60.036221703110314, 46.119409496621195 ], [ -60.037576998812703, 46.120200697813004 ], [ -60.039325759189033, 46.121623135136183 ], [ -60.039747012093265, 46.121733059049021 ], [ -60.040199882934601, 46.121735809848687 ], [ -60.041689859516396, 46.121225363686023 ], [ -60.041961771802647, 46.121223417708265 ], [ -60.044653949629136, 46.121950154506692 ], [ -60.045704738964695, 46.122148335544352 ], [ -60.046848897875648, 46.122294933280628 ], [ -60.048837058928079, 46.122391333531887 ], [ -60.049969726127436, 46.122510596310555 ], [ -60.051276677282502, 46.122760359160154 ], [ -60.052009608906062, 46.123094300294078 ], [ -60.052870315523805, 46.123944566971367 ], [ -60.053219186358071, 46.124196584513548 ], [ -60.054187670220806, 46.124725584175117 ], [ -60.055187294846455, 46.124913378367623 ], [ -60.056028481850596, 46.124917062683977 ], [ -60.057291458940277, 46.124778689479278 ], [ -60.060063437649525, 46.124013018422467 ], [ -60.060565649557127, 46.123818950981708 ], [ -60.061367172325497, 46.123353528145842 ], [ -60.062255207185302, 46.122962353692493 ], [ -60.062608049751098, 46.122899409539656 ], [ -60.064544608834886, 46.122994218367417 ], [ -60.064904136112503, 46.123048458774733 ], [ -60.065099484753674, 46.123026472491695 ], [ -60.065602636819456, 46.123057393610559 ], [ -60.069456019573352, 46.123372358789922 ], [ -60.071715680226212, 46.123232285944461 ], [ -60.072457713486678, 46.123152312471923 ], [ -60.073026960197303, 46.123157911558806 ], [ -60.075312640309768, 46.123504468936581 ], [ -60.075726764990854, 46.123506068469659 ], [ -60.077740808810184, 46.123359599767063 ], [ -60.078316696433376, 46.123239330921265 ], [ -60.078949147170924, 46.12327351817428 ], [ -60.079701245338079, 46.123247744678928 ], [ -60.080756481758122, 46.123364736332888 ], [ -60.081343959490823, 46.12351475612784 ], [ -60.082321626626516, 46.123629737542636 ], [ -60.088821699127948, 46.1235885999712 ], [ -60.089156833056023, 46.123615131478012 ], [ -60.090922409690691, 46.123516119079923 ], [ -60.092204062404257, 46.123512748319676 ], [ -60.09261533635199, 46.123568216823998 ], [ -60.096026110825512, 46.123690997995624 ], [ -60.09680596193472, 46.123629817876321 ], [ -60.099611042029203, 46.123701101200126 ], [ -60.100882400860783, 46.123400358887011 ], [ -60.102729762608448, 46.123222226576402 ], [ -60.103448274274811, 46.123096448407061 ], [ -60.104359076774401, 46.122759525232432 ], [ -60.104937456935922, 46.122837181694813 ], [ -60.105497768272713, 46.123013394537601 ], [ -60.106091658837364, 46.123289469072176 ], [ -60.106642793479509, 46.123393429388585 ], [ -60.107060226712015, 46.123332009033291 ], [ -60.109419484159623, 46.122770704152458 ], [ -60.109666994626956, 46.122740960947347 ], [ -60.110141964511399, 46.1228159871157 ], [ -60.110581229762964, 46.123079119624151 ], [ -60.111257600056916, 46.123557902517113 ], [ -60.111484640149115, 46.123671648447441 ], [ -60.112025657656183, 46.123721343514731 ], [ -60.113049918894738, 46.123676747742628 ], [ -60.113595550084128, 46.123653234486696 ], [ -60.114900905590133, 46.123200809919425 ], [ -60.115106611735712, 46.12298112754889 ], [ -60.116067137859972, 46.122933774929699 ], [ -60.116960879231407, 46.12317276325539 ], [ -60.119176405401923, 46.123139599710669 ], [ -60.119701991116273, 46.123738288534256 ], [ -60.120029238643305, 46.123917729240851 ], [ -60.120879269798507, 46.124002531191664 ], [ -60.121065763054268, 46.124151346894507 ], [ -60.121148657150293, 46.124549731604013 ], [ -60.121707240672251, 46.124762066235505 ], [ -60.121936232293663, 46.124738776755507 ], [ -60.124182794027867, 46.118979304344016 ], [ -60.132107697806788, 46.112461508008103 ], [ -60.132771046989177, 46.111854986470597 ], [ -60.133482198029782, 46.111204724670024 ], [ -60.134005294314726, 46.110726385424897 ], [ -60.140990703194035, 46.104882807741866 ], [ -60.141167394301668, 46.104738720149406 ], [ -60.148457155364262, 46.098792749996655 ], [ -60.14878170343917, 46.098527988468135 ], [ -60.15070232496852, 46.096961366734625 ], [ -60.151201018324045, 46.09655451720068 ], [ -60.151260306643273, 46.096506167514292 ], [ -60.151353200121548, 46.096430387253285 ], [ -60.153929068714852, 46.09432895895079 ], [ -60.165558803896687, 46.084838199409027 ], [ -60.171622883057445, 46.0798922759896 ], [ -60.178101244366829, 46.074606897077082 ], [ -60.182336381195611, 46.071150805851701 ], [ -60.187898869846954, 46.066606011155187 ], [ -60.191609782250246, 46.063573356462456 ], [ -60.199092685607724, 46.057456504503747 ], [ -60.198932491960079, 46.054575554870155 ], [ -60.198914222362696, 46.054247602736567 ], [ -60.198774590655205, 46.051736706517509 ], [ -60.198714005384879, 46.050647198150024 ], [ -60.200604847988807, 46.050428582674165 ], [ -60.20499808369761, 46.049920505427075 ], [ -60.205989676658547, 46.049675104411342 ], [ -60.215218110313259, 46.041769992326699 ], [ -60.218567909266469, 46.041338494381677 ], [ -60.246330701870555, 46.018273691130986 ], [ -60.257226581416937, 46.009334737234056 ], [ -60.261039790105535, 46.00620530454399 ], [ -60.263888342871169, 46.003789232715953 ], [ -60.268354996956653, 45.999999985513305 ], [ -60.274601397874683, 45.994775207190415 ], [ -60.280859992815031, 45.999999984278539 ], [ -60.281828587728029, 46.000837336366345 ], [ -60.295383602559397, 46.012551086857044 ], [ -60.304017389400776, 46.017023498097736 ], [ -60.305743789602268, 46.017815790048644 ], [ -60.308516521195614, 46.018851494183671 ], [ -60.312496980022622, 46.020338102835737 ], [ -60.312680112245566, 46.028469398753664 ], [ -60.318063313701813, 46.036096006273773 ], [ -60.322051690869941, 46.041230996015599 ], [ -60.326621156850337, 46.045581818602194 ], [ -60.329524899721036, 46.048346085626505 ], [ -60.333214748488444, 46.052771763865422 ], [ -60.333215500472775, 46.052865794315096 ], [ -60.333405610993424, 46.053247396144037 ], [ -60.333340382585554, 46.053510802842922 ], [ -60.33307510169967, 46.053575493497981 ], [ -60.332914721809594, 46.053673996813821 ], [ -60.332805796603921, 46.053918988847343 ], [ -60.332196604006718, 46.054035906194194 ], [ -60.332295694439033, 46.054264900448089 ], [ -60.33230988648441, 46.05443710423382 ], [ -60.331805103104323, 46.054639691742274 ], [ -60.331636806547188, 46.054610206091525 ], [ -60.33091460768717, 46.055250992955692 ], [ -60.33073447732405, 46.05566340338563 ], [ -60.330317399911593, 46.055850987735411 ], [ -60.330228979988689, 46.055969604683618 ], [ -60.329817210182583, 46.05601399994336 ], [ -60.329751382917173, 46.056038107870393 ], [ -60.329676277616485, 46.056141504985085 ], [ -60.329544597263556, 46.056189913172602 ], [ -60.329411280901056, 46.056154402436782 ], [ -60.329348498448468, 46.056055106739187 ], [ -60.329037914445294, 46.056017497527073 ], [ -60.328808616836767, 46.056263697992947 ], [ -60.328774802823425, 46.056405303495772 ], [ -60.328608514025071, 46.05640780145032 ], [ -60.328247599289163, 46.056359405327719 ], [ -60.328087522760526, 46.05640609567488 ], [ -60.328021300310667, 46.056482097413955 ], [ -60.328097417549827, 46.05656609595566 ], [ -60.328088107186232, 46.056645316380532 ], [ -60.327865693991477, 46.056832109106438 ], [ -60.327751596408277, 46.056877410325995 ], [ -60.327332605204212, 46.056690092898364 ], [ -60.327227407436858, 46.056708090452474 ], [ -60.327199912914793, 46.056893903058757 ], [ -60.326772400108254, 46.057316209916756 ], [ -60.326298607114808, 46.057448715655234 ], [ -60.325999191302671, 46.057706787929391 ], [ -60.32605270374836, 46.057885297037359 ], [ -60.326007475934567, 46.058025090248577 ], [ -60.325162047241328, 46.058268303068317 ], [ -60.324889674611775, 46.058374220584795 ], [ -60.324648394484242, 46.058454957301606 ], [ -60.324461809201104, 46.058493480793274 ], [ -60.324361406559994, 46.058548730617893 ], [ -60.323882361705195, 46.058812384786847 ], [ -60.322899721903831, 46.059393663909731 ], [ -60.321360270614029, 46.060717480645863 ], [ -60.320415012298191, 46.06142057880151 ], [ -60.319741554552017, 46.061888279657097 ], [ -60.318812332070692, 46.062259266306732 ], [ -60.317308591367684, 46.062871134582309 ], [ -60.316776022969499, 46.063087837962826 ], [ -60.316735667128903, 46.063114090933304 ], [ -60.316734646739526, 46.063114976762286 ], [ -60.315854372111268, 46.063687767200662 ], [ -60.31564465637063, 46.063824270269279 ], [ -60.31529742174321, 46.06405028123288 ], [ -60.31373635586781, 46.064920198987636 ], [ -60.312680044624955, 46.06543400586682 ], [ -60.311958536109039, 46.065784902247827 ], [ -60.311238610214666, 46.066311895781112 ], [ -60.310460725174714, 46.067139710566657 ], [ -60.309867731866241, 46.067730153560824 ], [ -60.309276330088323, 46.068290365694423 ], [ -60.308338144902869, 46.068842421002785 ], [ -60.30573512398211, 46.06971782520035 ], [ -60.302754914874775, 46.070312350988402 ], [ -60.30115611520948, 46.07106024979506 ], [ -60.299802679704648, 46.071771551475749 ], [ -60.297765874043634, 46.072599672316969 ], [ -60.295117661356379, 46.073504001907665 ], [ -60.291297178860788, 46.074410639129198 ], [ -60.289708147548268, 46.075125691132051 ], [ -60.289482051776574, 46.075366758445547 ], [ -60.289221820939105, 46.075645173997593 ], [ -60.289063375737548, 46.0757368981048 ], [ -60.288984592141773, 46.075751810879552 ], [ -60.288778026585739, 46.075774540942405 ], [ -60.288704330456127, 46.075782650737949 ], [ -60.287926989764173, 46.075871854829813 ], [ -60.28776640974111, 46.075832306253965 ], [ -60.287112148586047, 46.075671223058663 ], [ -60.28709148820144, 46.07564168879248 ], [ -60.286747210055026, 46.075148808410091 ], [ -60.286986138371027, 46.074701200141412 ], [ -60.287048655564696, 46.074309807029572 ], [ -60.287020196811163, 46.074006984789854 ], [ -60.28673294443815, 46.073667774939061 ], [ -60.286275419586183, 46.073264013408085 ], [ -60.285849233676629, 46.073102764573235 ], [ -60.285205796327524, 46.072992745591954 ], [ -60.284424530836233, 46.073019058094872 ], [ -60.283870038442934, 46.073109452921976 ], [ -60.283553141268939, 46.073289471941656 ], [ -60.283104183486785, 46.073687620374272 ], [ -60.283010948748661, 46.073748220679171 ], [ -60.282964368217606, 46.07375944632885 ], [ -60.282873417881198, 46.073781402873195 ], [ -60.282439979075839, 46.073885764883684 ], [ -60.281846197998838, 46.073750842787661 ], [ -60.281330641471442, 46.073589421088151 ], [ -60.280719268025351, 46.073572812043174 ], [ -60.280160896244496, 46.073866130801775 ], [ -60.279716434635631, 46.074377763356743 ], [ -60.279518082404067, 46.074671999762693 ], [ -60.279216737302747, 46.074841853381223 ], [ -60.278831610382312, 46.07488775248526 ], [ -60.278196794781543, 46.074970646908454 ], [ -60.277764664579223, 46.075061713869673 ], [ -60.27740925443684, 46.075192430738632 ], [ -60.27713046196439, 46.075461672959065 ], [ -60.276967726069088, 46.075719731645492 ], [ -60.276665983664252, 46.076558668617174 ], [ -60.276283502894572, 46.077274742991911 ], [ -60.276245015069691, 46.07732826794966 ], [ -60.275771022662504, 46.077987796178761 ], [ -60.275222458089161, 46.078548935503719 ], [ -60.273981811889257, 46.079063240257355 ], [ -60.271843924709472, 46.079284197661195 ], [ -60.27023231911204, 46.079396724579645 ], [ -60.269039356988849, 46.079821570541917 ], [ -60.268130572789225, 46.080645885587856 ], [ -60.267024379522482, 46.081949098413766 ], [ -60.265638196842893, 46.083863497386979 ], [ -60.264798848436428, 46.085022641532717 ], [ -60.263575854094405, 46.086051004811935 ], [ -60.261534886987072, 46.086938885721167 ], [ -60.26086590538339, 46.087281872785994 ], [ -60.258550481362683, 46.088468842781758 ], [ -60.257511884902065, 46.089206311831127 ], [ -60.25661549242222, 46.0898427890167 ], [ -60.253361189293486, 46.091902799059874 ], [ -60.252836413370176, 46.092234952448997 ], [ -60.252733268708866, 46.092300252326147 ], [ -60.252107921441208, 46.093524241308778 ], [ -60.252098749881611, 46.094062259935463 ], [ -60.252096655755963, 46.094185140082658 ], [ -60.252085320510012, 46.094853265596292 ], [ -60.25197365155536, 46.095132013769991 ], [ -60.251777647823594, 46.09562356251368 ], [ -60.251732621020629, 46.095721834661539 ], [ -60.25172709900199, 46.095734454923232 ], [ -60.251669825208261, 46.095866006972464 ], [ -60.251612530325595, 46.095998331222255 ], [ -60.25134180650894, 46.096709030097536 ], [ -60.250891401943697, 46.097370989563963 ], [ -60.25050958964065, 46.097932190609704 ], [ -60.250451737017386, 46.09801718899665 ], [ -60.250233404433466, 46.098191037076759 ], [ -60.249457015865275, 46.098809222927656 ], [ -60.248133355684423, 46.099230626108429 ], [ -60.245674883555303, 46.100489063021257 ], [ -60.245577501192514, 46.100538891217987 ], [ -60.245370775811033, 46.100644722555536 ], [ -60.244777586568276, 46.100909825101731 ], [ -60.244215923840727, 46.101160853914401 ], [ -60.243597114987004, 46.101316031537038 ], [ -60.243487244955801, 46.10134357961342 ], [ -60.243336517730796, 46.101381389342556 ], [ -60.243250490721543, 46.101451046898617 ], [ -60.242818890841299, 46.101800833662359 ], [ -60.242793390224435, 46.101821543710962 ], [ -60.2428214388516, 46.10203827230329 ], [ -60.242887021006453, 46.102299794043027 ], [ -60.243411708156273, 46.102871039555417 ], [ -60.243575686667896, 46.103116858421856 ], [ -60.243684297037717, 46.103335103513039 ], [ -60.243746438912751, 46.103575967621346 ], [ -60.243554121482759, 46.103877925779081 ], [ -60.243165851294428, 46.104166131129595 ], [ -60.242791043913648, 46.104393892194537 ], [ -60.241925757187701, 46.104825109522722 ], [ -60.241223651756791, 46.104985488991062 ], [ -60.240857019182073, 46.104947780613323 ], [ -60.240029863181299, 46.104988283145907 ], [ -60.23957406190727, 46.105018061235441 ], [ -60.2386792715387, 46.105076503821593 ], [ -60.23775702123077, 46.104862857733721 ], [ -60.236193959264007, 46.104855281790819 ], [ -60.234723412296034, 46.105605448991966 ], [ -60.234210663790059, 46.106190949056597 ], [ -60.233894225787552, 46.106552298912916 ], [ -60.23360943443511, 46.106809270451521 ], [ -60.233841459325724, 46.106943223736891 ], [ -60.23409071433516, 46.10708709105392 ], [ -60.234190091523026, 46.107144405206519 ], [ -60.234239206313127, 46.107172599961494 ], [ -60.235145183073215, 46.107686000580209 ], [ -60.236728397349019, 46.108603690714951 ], [ -60.238503902182273, 46.109586292179145 ], [ -60.239002606837914, 46.109861110025257 ], [ -60.240139683569247, 46.110522508198144 ], [ -60.240470196893632, 46.110714699107277 ], [ -60.24057598267985, 46.110772599697789 ], [ -60.240676806389864, 46.110827702564599 ], [ -60.240737194701119, 46.110862486695318 ], [ -60.240737766859638, 46.110862818227922 ], [ -60.243025280736262, 46.112155306278467 ], [ -60.243062799108579, 46.112182294318387 ], [ -60.243153211908073, 46.1122375949329 ], [ -60.244839293107418, 46.113173895127126 ], [ -60.24579555255584, 46.113634144191053 ], [ -60.247106157401731, 46.114317447429393 ], [ -60.249320047647572, 46.11544438517145 ], [ -60.257388930366503, 46.119870145023661 ], [ -60.262460529641537, 46.12262581601675 ], [ -60.262890411129966, 46.122848023753349 ], [ -60.263687492664246, 46.123268940128106 ], [ -60.264819900652824, 46.124036980303437 ], [ -60.266681180211627, 46.125304350230039 ], [ -60.267532012821789, 46.125875352372582 ], [ -60.269515923818759, 46.127231249865154 ], [ -60.269953257271283, 46.127521349911312 ], [ -60.276896446943638, 46.132125988223038 ], [ -60.281322794314846, 46.135184608359701 ], [ -60.283309406546806, 46.136387694049361 ], [ -60.285146217115255, 46.137240024928474 ], [ -60.289454672631507, 46.138969586962091 ], [ -60.296006546723255, 46.141652570618874 ], [ -60.298258471928463, 46.142540393376251 ], [ -60.299654382331497, 46.143126387440638 ], [ -60.300726705037434, 46.14363578852408 ], [ -60.302344303897343, 46.144265297094435 ], [ -60.30393569848561, 46.1449022871316 ], [ -60.305026797684199, 46.145336706759508 ], [ -60.305449391027679, 46.145539309975753 ], [ -60.305845181385884, 46.145759203980951 ], [ -60.30621650008127, 46.146005613105658 ], [ -60.306276318885907, 46.146052901935931 ], [ -60.306533428467425, 46.146251597462019 ], [ -60.306534596190559, 46.146252498947447 ], [ -60.306737702971908, 46.146416606074041 ], [ -60.30674900119282, 46.146424987282678 ], [ -60.306839899381728, 46.146498208095082 ], [ -60.306927794176289, 46.146580407109099 ], [ -60.307397286046964, 46.147071200264982 ], [ -60.307787286837652, 46.147597004863584 ], [ -60.308443188904548, 46.14898949814895 ], [ -60.308507004931492, 46.14917902584272 ], [ -60.308686400173137, 46.149711708787798 ], [ -60.308796498675527, 46.150003212736742 ], [ -60.30880910432704, 46.15003680757799 ], [ -60.309395493318348, 46.151662601689274 ], [ -60.309476392242345, 46.151889486326539 ], [ -60.309517285018323, 46.15200569467757 ], [ -60.309552886502395, 46.152112316656584 ], [ -60.309589694707405, 46.152222511749081 ], [ -60.30962739128281, 46.152324203307749 ], [ -60.309749009182923, 46.152646608926503 ], [ -60.310067610153446, 46.153495599492082 ], [ -60.310249711578123, 46.15403729381449 ], [ -60.310424205749214, 46.154948610156417 ], [ -60.310577716964175, 46.156236592744605 ], [ -60.310708803635158, 46.157371908797302 ], [ -60.310741908342898, 46.157623790338519 ], [ -60.310840897040464, 46.158434390928079 ], [ -60.310963589205571, 46.159398606660162 ], [ -60.311116211764102, 46.160731496508703 ], [ -60.311292501300287, 46.162164010365167 ], [ -60.311446900723574, 46.163380892048401 ], [ -60.311604504645729, 46.164480015195437 ], [ -60.311769616508414, 46.165822295214021 ], [ -60.311797105087173, 46.166056010223649 ], [ -60.31180268193809, 46.166101200235779 ], [ -60.311848612373176, 46.166408309449281 ], [ -60.311848495353395, 46.166410113927924 ], [ -60.31184809953232, 46.166417185720462 ], [ -60.311850716427834, 46.166445203926706 ], [ -60.311920890493937, 46.167236203058593 ], [ -60.311984236140226, 46.167803307701767 ], [ -60.312094979916708, 46.168794704365688 ], [ -60.312214584903373, 46.169821697595424 ], [ -60.312243307130927, 46.170031212559515 ], [ -60.312251300269487, 46.17009929147482 ], [ -60.312325309051211, 46.170686612740759 ], [ -60.312357911327048, 46.171001508143895 ], [ -60.312351195060366, 46.171325303389445 ], [ -60.312318999174735, 46.171640500376348 ], [ -60.312246701571027, 46.171954714054898 ], [ -60.311997491396284, 46.17268059829825 ], [ -60.311469407166477, 46.173756253499654 ], [ -60.311456714237515, 46.173782097380389 ], [ -60.310887317954261, 46.174936998529347 ], [ -60.310819654871345, 46.175077205362797 ], [ -60.30940989651635, 46.177998294830317 ], [ -60.308311083647432, 46.180281097816781 ], [ -60.307645323191281, 46.181692796690655 ], [ -60.30763719135733, 46.181709901102636 ], [ -60.307624505053276, 46.181736904956495 ], [ -60.307569711018722, 46.181853103579783 ], [ -60.306858421240179, 46.183360995383438 ], [ -60.306465691569791, 46.184131205788368 ], [ -60.306190038474519, 46.184679315359922 ], [ -60.306128392090429, 46.184801895562771 ], [ -60.305844287846327, 46.185338800677279 ], [ -60.30548341022002, 46.185856806639407 ], [ -60.305070617782356, 46.186347495196408 ], [ -60.304330404724986, 46.187042011382147 ], [ -60.303512891934155, 46.187699492471232 ], [ -60.303710855913472, 46.187832313926549 ], [ -60.310183616987381, 46.192173479935072 ], [ -60.310674006446817, 46.192502335657608 ], [ -60.311180229927743, 46.192879514128798 ], [ -60.311837512104262, 46.193369274209019 ], [ -60.312307664196027, 46.193717023864856 ], [ -60.312316412185062, 46.193723518265358 ], [ -60.317398320858267, 46.197497595810525 ], [ -60.317577404815097, 46.197599002787207 ], [ -60.317756210325626, 46.197708507871241 ], [ -60.317908909857216, 46.19781831254484 ], [ -60.318062188869362, 46.197945203310113 ], [ -60.31963201183035, 46.1990864035388 ], [ -60.320832799021808, 46.200007393600728 ], [ -60.320880289713706, 46.200043606513141 ], [ -60.321620204364869, 46.200609104362073 ], [ -60.322761944386393, 46.201451190441404 ], [ -60.322755987834078, 46.201453603142724 ], [ -60.32213228847624, 46.201773301449315 ], [ -60.321733013573201, 46.202041899216475 ], [ -60.321330589073085, 46.202434009584721 ], [ -60.321106684239609, 46.20272450021541 ], [ -60.32085561181497, 46.203149094634256 ], [ -60.320525420614011, 46.203904395929221 ], [ -60.320093306863704, 46.20445041140686 ], [ -60.319608995325289, 46.205244791115597 ], [ -60.31963949127762, 46.205912787852277 ], [ -60.319819190542347, 46.206290094592646 ], [ -60.319809498742991, 46.206421205041096 ], [ -60.319955921633948, 46.206674280499151 ], [ -60.319976590269391, 46.206710006328741 ], [ -60.32031731359902, 46.206988700173277 ], [ -60.320662913722281, 46.207518996689352 ], [ -60.320793380525068, 46.208021105554735 ], [ -60.321190092244265, 46.208458607677578 ], [ -60.32127329382498, 46.20882640683346 ], [ -60.322421487664904, 46.209493026703598 ], [ -60.310449648567932, 46.233596307770092 ], [ -60.307978864695066, 46.23856765218035 ], [ -60.306517005462169, 46.241508496753205 ], [ -60.306168550331861, 46.242209421469482 ], [ -60.303335029492871, 46.244748431740661 ], [ -60.297526142655158, 46.250015590656034 ], [ -60.297515116199989, 46.250025607472438 ], [ -60.294658465375392, 46.252288703452749 ], [ -60.294644671671172, 46.252633499289487 ], [ -60.295419387692611, 46.253621540047774 ], [ -60.296048141572406, 46.254156755517492 ], [ -60.295992281127724, 46.254761949218185 ], [ -60.295435292333885, 46.255178911979741 ], [ -60.294780600572992, 46.255543103178894 ], [ -60.294729187853747, 46.256053631961528 ], [ -60.295270636246059, 46.256546079859802 ], [ -60.296288212589275, 46.257007816094173 ], [ -60.297264907520614, 46.257898506212001 ], [ -60.297303273087707, 46.25826249197231 ], [ -60.297367554012972, 46.258872422171365 ], [ -60.296891574938243, 46.259965684227083 ], [ -60.296340724180617, 46.260571468609932 ], [ -60.295094810392797, 46.2611615120205 ], [ -60.293890539600199, 46.261943826152915 ], [ -60.293704649914524, 46.262734550198331 ], [ -60.294410336619258, 46.263972436786041 ], [ -60.294599817459954, 46.264904168253516 ], [ -60.293703099629198, 46.265914303036134 ], [ -60.294245426848128, 46.267016006735133 ], [ -60.29490600102411, 46.268311786033522 ], [ -60.294730132160552, 46.269822116333543 ], [ -60.294839852149465, 46.270727601176389 ], [ -60.295361853209023, 46.27179003792142 ], [ -60.296549708177096, 46.273258757860809 ], [ -60.297741359685155, 46.274231795633803 ], [ -60.298492681914439, 46.27513670669456 ], [ -60.299471731687518, 46.276152657879649 ], [ -60.301058667778953, 46.278736873140588 ], [ -60.301868484832859, 46.28045407394999 ], [ -60.301575127184385, 46.281721605970858 ], [ -60.300063254136084, 46.282503320023764 ], [ -60.299693471569036, 46.282895560344329 ], [ -60.299225675934196, 46.282992029911348 ] ] ] } }
]
}
