{
"type": "FeatureCollection",
"name": "federal_YT",
"crs": { "type": "name", "properties": { "name": "urn:ogc:def:crs:OGC:1.3:CRS84" } },
"features": [
{ "type": "Feature", "properties": { "FED_NUM": 60001, "ED_NAMEE": "Yukon", "ED_NAMEF": "Yukon", "REP_ORDER": "2023", "SHAPE_AREA": 456664827522.0, "SHAPE_LEN": 4126710.7981599998, "NUM_CF": null, "CF_NOMFR": null, "CF_NOMAN": null, "DEC_REP": null, "PROV_CODE": "60", "PROV_NAME": "YT" }, "geometry": { "type": "Polygon", "coordinates": [ [ [ -140.997584042388922, 61.000000092728953 ], [ -140.997617823424576, 61.020024108990626 ], [ -140.997857487364399, 61.161433816869803 ], [ -140.997955690987794, 61.219015551255104 ], [ -140.99811119139838, 61.272420799797082 ], [ -140.998628505392105, 61.448744231904158 ], [ -140.998670268272662, 61.462891215416029 ], [ -140.99893302611531, 61.551593141864672 ], [ -140.999049921050641, 61.590892392355336 ], [ -140.999268118949317, 61.66399170119454 ], [ -140.999408409148572, 61.710803615501192 ], [ -140.999518891605931, 61.735747617975584 ], [ -140.999534524501172, 61.73928145626526 ], [ -140.999544081164913, 61.741428545691967 ], [ -140.999557150388398, 61.744382404467515 ], [ -140.999605558652377, 61.755298217866475 ], [ -140.999630160772, 61.760841671336372 ], [ -140.999637420466144, 61.762472823369052 ], [ -140.999662880025937, 61.768207671148893 ], [ -141.000092218662274, 61.864563791553124 ], [ -141.000207835212137, 61.890411503558397 ], [ -141.000559006766991, 61.968638065711197 ], [ -141.000700295221009, 62.000000026081999 ], [ -141.001070967192305, 62.081975000205865 ], [ -141.000917040337725, 62.11017394923978 ], [ -141.000646477225956, 62.159616263018208 ], [ -141.000478816627435, 62.190174151346781 ], [ -141.000264621820008, 62.229122064329601 ], [ -141.000060234093638, 62.266191638550431 ], [ -140.999756294720669, 62.321145531007375 ], [ -140.999562105738391, 62.356148557986003 ], [ -140.999491635363967, 62.380243105730727 ], [ -140.999282141061656, 62.451630819194619 ], [ -140.999061656757192, 62.526391051785581 ], [ -140.998980532851505, 62.553814661971579 ], [ -140.998931347870922, 62.570418169906311 ], [ -140.999230761038689, 62.59953525720298 ], [ -140.999241386963803, 62.600567380455573 ], [ -140.999376952314719, 62.61373243760282 ], [ -140.99938507647164, 62.614516100175138 ], [ -140.999391167580796, 62.615113674418197 ], [ -140.999408956298709, 62.61684428224747 ], [ -140.999430643937728, 62.618943048879444 ], [ -140.999564715324027, 62.631949316719741 ], [ -140.999756220435387, 62.650502354373351 ], [ -140.99976941105993, 62.651779749343447 ], [ -140.999833878257164, 62.658020813430554 ], [ -141.000087093421172, 62.682502816863021 ], [ -141.000266951580954, 62.699870194560077 ], [ -141.001109842138732, 62.780981073071523 ], [ -141.00104400685828, 62.791923280357302 ], [ -141.00093468780986, 62.810061556297946 ], [ -141.000552963170463, 62.873249035110085 ], [ -141.001356360243818, 62.873472336386925 ], [ -141.000766647814572, 62.874046758701361 ], [ -141.000548104416936, 62.874049618747726 ], [ -141.000487020385606, 62.884132812163259 ], [ -141.000475324779217, 62.886065236450129 ], [ -141.000845647490536, 62.88671110601549 ], [ -141.000629320537598, 62.887168843792686 ], [ -141.000468506373409, 62.887192196248506 ], [ -141.000428930571019, 62.89371419068874 ], [ -141.000423949539737, 62.894536200566229 ], [ -141.000413067984198, 62.896331182867215 ], [ -141.000386812275991, 62.900663549100699 ], [ -141.000277815888495, 62.918616055181481 ], [ -141.000082996159222, 62.950657987411361 ], [ -140.999908123948018, 62.979361273127125 ], [ -140.999782160747259, 63.000000016583805 ], [ -140.999862660482478, 63.006906480764073 ], [ -141.0001967580219, 63.035534773770721 ], [ -141.000452125070467, 63.057381599706545 ], [ -141.000504430701227, 63.061850201260455 ], [ -141.000628697341824, 63.072465441613275 ], [ -141.000773237680846, 63.084802781267825 ], [ -141.000877211028097, 63.093668698108303 ], [ -141.001029532730598, 63.106653723682598 ], [ -141.001313480832579, 63.130818963027842 ], [ -141.003570504064015, 63.321496747122296 ], [ -141.003779835372171, 63.755036542810068 ], [ -141.003478414785036, 64.000000110501389 ], [ -141.003223982853257, 64.203424198989325 ], [ -141.004444074666253, 64.481194458604605 ], [ -141.001284063453653, 64.586525841497334 ], [ -141.000880481178768, 64.599920129933921 ], [ -141.000373729107423, 64.616718845677198 ], [ -140.999438686648119, 64.647661686554628 ], [ -140.99870474802691, 64.67190072374207 ], [ -140.998703390363545, 64.680763459477234 ], [ -140.998703237699573, 64.682248724586401 ], [ -140.998719044355397, 64.682250102122538 ], [ -140.998741971849455, 64.684568434910574 ], [ -140.998863417443886, 64.69683320550179 ], [ -140.998955660895803, 64.70614629190095 ], [ -140.999081093382756, 64.713229640199458 ], [ -140.999378928428598, 64.730036327795474 ], [ -140.999538164302948, 64.739011969047937 ], [ -141.000249125445265, 64.779018414265664 ], [ -141.001225778563935, 64.833784350386281 ], [ -141.001611558894865, 64.855355855315779 ], [ -141.005441489693965, 65.000000128000394 ], [ -141.007877577092671, 65.091199175622421 ], [ -141.006903036162811, 65.293736290094543 ], [ -141.007182238451321, 65.568867586127297 ], [ -141.008203324410886, 65.752124750995478 ], [ -141.007092434888534, 65.924127007031814 ], [ -141.006648763971469, 66.000000127795744 ], [ -141.00577927775808, 66.147410064005001 ], [ -141.004274366833187, 66.341950004346657 ], [ -141.005273689357523, 66.514764399646779 ], [ -141.004994102266124, 66.553597475519553 ], [ -141.004536593824895, 66.616889905583037 ], [ -141.002947729003495, 66.857963231774932 ], [ -141.004296786465005, 67.000000101280719 ], [ -141.004868312311856, 67.059681199845883 ], [ -141.008933357273804, 67.265735574974968 ], [ -141.01082896224969, 67.436361300745034 ], [ -141.012554341439454, 67.624270738716348 ], [ -141.014143290728754, 67.86276731391105 ], [ -141.01328460925896, 68.000000018675493 ], [ -141.01317680525753, 68.017108324307145 ], [ -141.013515738460626, 68.212868388589484 ], [ -141.013121299382732, 68.407116525405556 ], [ -141.013377009216725, 68.536780363414934 ], [ -141.013403141815559, 68.557734734452779 ], [ -141.013570557978369, 68.691121475233714 ], [ -141.013418719012066, 68.855301521895086 ], [ -141.014093902526071, 69.000000057317948 ], [ -141.014267389002725, 69.036869121838791 ], [ -141.015961062460349, 69.17221373856934 ], [ -141.015931364987637, 69.287485714429948 ], [ -141.01671621154, 69.380095900174354 ], [ -141.018073157627498, 69.502875492199863 ], [ -141.012845421058387, 69.630150810047127 ], [ -141.011128326443355, 69.651182362270148 ], [ -141.010972418870153, 69.653089401180083 ], [ -141.010091291607409, 69.689427484683563 ], [ -141.00392940513143, 69.688683306625535 ], [ -141.000593688019961, 69.68828034037378 ], [ -140.955687961782274, 69.682848191266729 ], [ -140.933227676806638, 69.680059560878931 ], [ -140.860270693355659, 69.670977327456271 ], [ -140.69927958200023, 69.650434990282008 ], [ -140.594401078909755, 69.639208717087101 ], [ -140.490865470743415, 69.627508974283032 ], [ -140.374620312444023, 69.626623702912127 ], [ -140.31402229305985, 69.626977033720024 ], [ -140.229719464355099, 69.636813669488504 ], [ -140.129813994583543, 69.643512991038008 ], [ -140.04176436421983, 69.652806992048568 ], [ -140.000000006158558, 69.652633499208235 ], [ -139.999995251702273, 69.652633470379641 ], [ -139.967792877991513, 69.652493159133357 ], [ -139.85132000187329, 69.63903039766447 ], [ -139.716344090445887, 69.617678757444011 ], [ -139.481883566524658, 69.583781256672083 ], [ -139.41387234262362, 69.586272915258306 ], [ -139.356391433096917, 69.591838591921615 ], [ -139.315039477970544, 69.604366598657791 ], [ -139.238768398794349, 69.635399410287533 ], [ -139.192782889494964, 69.65501476526164 ], [ -139.131618156388356, 69.668905836622017 ], [ -139.056875540904343, 69.674125544983752 ], [ -138.99110350643906, 69.665938398288986 ], [ -138.919930955196065, 69.652994502537354 ], [ -138.831182340368002, 69.627060491230907 ], [ -138.778320875939272, 69.597034323995288 ], [ -138.761899902793175, 69.575633493541488 ], [ -138.808557993261928, 69.552751432178866 ], [ -138.89493127269364, 69.543811739574409 ], [ -138.956225595562756, 69.527466764770395 ], [ -138.985306892932783, 69.507643503137757 ], [ -138.971157839495703, 69.486295637147677 ], [ -138.942019670960576, 69.460059368785807 ], [ -138.867929908697334, 69.428860823795347 ], [ -138.717915887899267, 69.38407861075639 ], [ -138.617931760004552, 69.345128558087595 ], [ -138.539553067550258, 69.324267812430179 ], [ -138.454774002882999, 69.323122726358264 ], [ -138.373185613845436, 69.312907314611692 ], [ -138.290316035619213, 69.284654566740869 ], [ -138.22147876339352, 69.251987927128084 ], [ -138.172247294671621, 69.217151934725408 ], [ -138.090674976591316, 69.177393594525029 ], [ -137.980571387806151, 69.139515327272861 ], [ -137.746826416346011, 69.082472775398045 ], [ -137.654916619045167, 69.060444785423684 ], [ -137.496650056426745, 69.033794142060486 ], [ -137.375213103996515, 69.013849968022598 ], [ -137.242220577595702, 69.005378013146313 ], [ -137.198269004212648, 69.000068358298009 ], [ -137.197704412104144, 69.000000062659268 ], [ -137.170748282330436, 68.996736837929717 ], [ -137.056835377098167, 68.97675878020695 ], [ -136.953842792803272, 68.942383260783501 ], [ -136.902319862377254, 68.92993605945253 ], [ -136.832710235432359, 68.908908003802509 ], [ -136.7476209397052, 68.905206358735327 ], [ -136.672538302581074, 68.925071611781775 ], [ -136.613877798740532, 68.934371163793969 ], [ -136.468616133022067, 68.894300804822606 ], [ -136.468710304659822, 68.893840539749604 ], [ -136.468706776003359, 68.893044940471341 ], [ -136.468689245736783, 68.889076647063433 ], [ -136.468681046663278, 68.887219510796044 ], [ -136.468651905130258, 68.880629427040645 ], [ -136.46860965693611, 68.871048828828449 ], [ -136.46859958432762, 68.868754832021267 ], [ -136.468576700028507, 68.863571364572806 ], [ -136.468567919315689, 68.861582965148131 ], [ -136.468561966588538, 68.860229960922496 ], [ -136.468524293725949, 68.851672772419619 ], [ -136.468513239426414, 68.849167512271308 ], [ -136.46850445248927, 68.847167181084288 ], [ -136.468483241602058, 68.842347023563732 ], [ -136.468459855500384, 68.83703460730672 ], [ -136.468412760962849, 68.826302424204798 ], [ -136.468404839964649, 68.82450078501644 ], [ -136.468338376612166, 68.809355761952645 ], [ -136.468313578678959, 68.803705927860761 ], [ -136.468296383987479, 68.799780480642426 ], [ -136.468274175386938, 68.794713473899208 ], [ -136.468206058263036, 68.779147474576135 ], [ -136.468195997332913, 68.776839916258766 ], [ -136.468144190070831, 68.765001638220582 ], [ -136.468078115036747, 68.749862917506789 ], [ -136.46806695922379, 68.747303392618392 ], [ -136.46805018420244, 68.743466719020972 ], [ -136.46798877810798, 68.729364962064381 ], [ -136.467789192929786, 68.683440209888431 ], [ -136.467765703427176, 68.678019724983685 ], [ -136.467757934900106, 68.676227840285421 ], [ -136.467726213795714, 68.668913154693158 ], [ -136.467677459327888, 68.657657716932462 ], [ -136.467506887943046, 68.618165962294029 ], [ -136.467409929085676, 68.595667366395276 ], [ -136.467163952256243, 68.561606877216278 ], [ -136.466950598531497, 68.531968821985814 ], [ -136.46674208192016, 68.502943108347978 ], [ -136.466572871875286, 68.479333419057312 ], [ -136.465727554168012, 68.360637373533166 ], [ -136.46559534091719, 68.341959941614604 ], [ -136.465429244868488, 68.318451120688849 ], [ -136.46532350663378, 68.303473675419895 ], [ -136.464996589806418, 68.280612517386317 ], [ -136.464865814318642, 68.27145373069007 ], [ -136.464580431065116, 68.251446437875174 ], [ -136.464322684487257, 68.233347976082186 ], [ -136.464220119938972, 68.226136763180335 ], [ -136.464178440994289, 68.223204266266777 ], [ -136.464153157612742, 68.221429121258438 ], [ -136.462800991036119, 68.125909706026206 ], [ -136.46195079657403, 68.065450975580788 ], [ -136.461683510412684, 68.046895205076183 ], [ -136.461680155121172, 68.046662728968499 ], [ -136.461093870766376, 68.005856345360655 ], [ -136.461009890977294, 68.000000060762602 ], [ -136.460440944662423, 67.960246956768046 ], [ -136.460133221946393, 67.938689172276909 ], [ -136.459567298069544, 67.898936748732496 ], [ -136.459375499328274, 67.885434573787364 ], [ -136.459223166201696, 67.874702540784185 ], [ -136.458757832368661, 67.841849094633105 ], [ -136.458627373763903, 67.832624991447588 ], [ -136.458349032347769, 67.812912039916085 ], [ -136.456710513984234, 67.785106441159499 ], [ -136.455806034858853, 67.769729844198707 ], [ -136.455131539805734, 67.758249211411851 ], [ -136.453164108252253, 67.724699096689392 ], [ -136.452342573230993, 67.710661464300344 ], [ -136.449893925562321, 67.668723248410444 ], [ -136.448772699825611, 67.649471459281543 ], [ -136.416212709395836, 67.640143968216663 ], [ -136.378039113303942, 67.639208112278197 ], [ -136.359379846423991, 67.628352452818575 ], [ -136.289893115875486, 67.634233375748892 ], [ -136.279267610032747, 67.621126837244176 ], [ -136.24135357845563, 67.610886539563808 ], [ -136.199979759935417, 67.561662094951643 ], [ -136.218361749481375, 67.531381047385395 ], [ -136.218714875283268, 67.513403074364874 ], [ -136.169919739136077, 67.503843973074169 ], [ -136.202124738586036, 67.481877380462009 ], [ -136.178667688639365, 67.457729566699044 ], [ -136.204267661805375, 67.439305585656044 ], [ -136.201545280209359, 67.418460456693865 ], [ -136.22205360733625, 67.405471620818744 ], [ -136.187207811273453, 67.39339612060003 ], [ -136.168875957691455, 67.377975114428637 ], [ -136.140034340322302, 67.366441189866649 ], [ -136.146187907977634, 67.34537728107091 ], [ -136.135510377583216, 67.329988992473318 ], [ -136.086557481522902, 67.300706149580847 ], [ -136.110823572800484, 67.288744891525852 ], [ -136.11186597516371, 67.287777264540182 ], [ -136.127236191336806, 67.273499617803154 ], [ -136.13749607192841, 67.232634158585526 ], [ -136.235096074778653, 67.172542379704993 ], [ -136.221287865904571, 67.15390106452071 ], [ -136.191524657349902, 67.143903836766441 ], [ -136.232449549580792, 67.106696675253446 ], [ -136.20031587730557, 67.061423002953589 ], [ -136.216264763714349, 67.050977770396528 ], [ -136.210361140037435, 67.048189022858622 ], [ -136.208372896530193, 67.047249621145951 ], [ -136.181790987196422, 67.03468117484968 ], [ -136.164413575546746, 67.00000005998622 ], [ -136.164390003990036, 67.000000062138952 ], [ -136.16250001866851, 66.999999999634838 ], [ -136.150000023292336, 67.000000004980137 ], [ -136.137500005527784, 66.999999985665625 ], [ -136.124999999650299, 66.999999999124952 ], [ -136.112500013684354, 67.000000008182027 ], [ -136.100246848400076, 67.000000007144592 ], [ -136.100000003915198, 66.999999992575269 ], [ -136.087500004531705, 67.000000009746046 ], [ -136.074999980396143, 67.000000002247134 ], [ -136.062500017478982, 67.000000010624916 ], [ -136.050000028877832, 66.99999999433463 ], [ -136.037500005478478, 66.999999990545177 ], [ -136.025000041821556, 67.00000000264636 ], [ -136.012499999192585, 67.000000006957336 ], [ -135.999999972159316, 67.000000006872369 ], [ -135.987500012135882, 66.999999985518784 ], [ -135.975000006112083, 67.000000013827886 ], [ -135.962500022998967, 67.000000000579163 ], [ -135.950000001661351, 66.999999999812175 ], [ -135.937499993521783, 66.999999994657841 ], [ -135.928945679632108, 67.000000104665034 ], [ -135.924999998104113, 66.999999985119189 ], [ -135.912500006076755, 67.000000008367152 ], [ -135.899999982706163, 67.000000006915869 ], [ -135.887499970612112, 67.000000001080537 ], [ -135.875000012373448, 67.000000011189542 ], [ -135.862500021393686, 66.999999996596983 ], [ -135.849999988278597, 66.999999994459955 ], [ -135.837500007542843, 67.000000008276146 ], [ -135.824999992651271, 66.99999999737949 ], [ -135.812500029166245, 67.000000002446782 ], [ -135.799999978576352, 66.999999999614758 ], [ -135.787500030428987, 66.999999995936662 ], [ -135.77500003720121, 67.000000004700311 ], [ -135.762500007471004, 66.999999988735468 ], [ -135.749999974647579, 67.000000005551627 ], [ -135.747284817806474, 67.00000007367511 ], [ -135.737499999374961, 67.000000001193342 ], [ -135.724999977066574, 67.000000009258343 ], [ -135.712500011373578, 66.99999999615919 ], [ -135.699999997675604, 66.99999999547741 ], [ -135.687499987564394, 66.999999990421657 ], [ -135.675000023455084, 67.000000001371305 ], [ -135.66613326457599, 67.000000106553927 ], [ -135.662499966968568, 67.000000004345281 ], [ -135.650000007612761, 67.000000006556235 ], [ -135.637500007057838, 66.999999984013641 ], [ -135.624999998423931, 66.99999999425188 ], [ -135.612499990482405, 67.000000000117652 ], [ -135.602791516370019, 67.000000091126878 ], [ -135.599999982757083, 67.00000000161107 ], [ -135.58749997477176, 66.999999998732136 ], [ -135.575000008859746, 67.000000011885732 ], [ -135.56249999891574, 67.000000000264919 ], [ -135.550000030072198, 67.000000004682661 ], [ -135.540429202218974, 67.000000086213035 ], [ -135.537499964070577, 67.000000001050765 ], [ -135.530930126183478, 67.000000120180886 ], [ -135.524999990382383, 66.999999996726828 ], [ -135.520052712717899, 67.000000102578511 ], [ -135.514666165807483, 67.000000069026513 ], [ -135.512500013556632, 66.999999988034787 ], [ -135.499999980897798, 66.999999991693926 ], [ -135.487499986869949, 67.000000011403259 ], [ -135.474999997747574, 66.99999998959693 ], [ -135.462499994055491, 67.000000000561357 ], [ -135.449999984807732, 67.000000007151186 ], [ -135.437500021789504, 66.999999992665053 ], [ -135.427685149665052, 67.000000087367482 ], [ -135.425000000010215, 66.999999990505586 ], [ -135.412500013922823, 67.000000004414915 ], [ -135.399999977688736, 66.999999993499188 ], [ -135.387499976173643, 66.999999998655341 ], [ -135.377954325105577, 67.000000071286664 ], [ -135.374999966225289, 66.999999999433797 ], [ -135.362500042314139, 66.999999999617472 ], [ -135.350000014068968, 66.999999991641715 ], [ -135.337500018576378, 66.999999999749292 ], [ -135.325000012725383, 67.000000003477055 ], [ -135.312499996039804, 67.00000000282256 ], [ -135.299999968043466, 66.999999997783235 ], [ -135.287500023195378, 66.999999992185124 ], [ -135.283795569965605, 67.000000096166843 ], [ -135.275000013710041, 66.999999998859138 ], [ -135.262499991464949, 67.000000001146532 ], [ -135.249999955983895, 66.999999999044363 ], [ -135.237500001718189, 66.999999996407368 ], [ -135.224999980856637, 67.000000006020699 ], [ -135.212499997722176, 66.999999994613688 ], [ -135.200000041944463, 66.999999999321957 ], [ -135.187499975605959, 66.999999995758046 ], [ -135.174999988071761, 66.999999991685144 ], [ -135.162500026414335, 67.000000003732879 ], [ -135.150000005206806, 66.999999990874272 ], [ -135.137500008903203, 66.999999994134967 ], [ -135.124999994557101, 66.99999999299763 ], [ -135.112500004121387, 67.000000007984312 ], [ -135.100000004738888, 66.999999981450173 ], [ -135.08750001822338, 67.000000008165912 ], [ -135.075000021825502, 66.999999993359879 ], [ -135.062499994876049, 67.000000011266792 ], [ -135.049999999506667, 67.000000008186575 ], [ -135.037499982737387, 67.000000000697611 ], [ -135.024999986448762, 67.000000009343992 ], [ -135.012500020332908, 66.999999997014982 ], [ -134.999999978830942, 66.999999996835584 ], [ -134.996695338459432, 67.000000091641596 ], [ -134.995381266770949, 67.000000112200809 ], [ -134.989220693506667, 67.000000071719882 ], [ -134.987500008891857, 66.999999996237122 ], [ -134.975758550957636, 67.000000027618157 ], [ -134.975000015147657, 66.999999991224982 ], [ -134.962500039427312, 67.000000002358902 ], [ -134.949999996634205, 66.999999988505891 ], [ -134.948246759769148, 67.000000050257128 ], [ -134.938446328927796, 67.000000036582534 ], [ -134.937500013176532, 67.000000011365827 ], [ -134.925000014297609, 66.999999992692395 ], [ -134.91249997888076, 67.000000006700105 ], [ -134.899999969381184, 66.999999999745455 ], [ -134.887500027590818, 66.999999992419205 ], [ -134.875000005520832, 66.999999997186109 ], [ -134.862499955315513, 66.999999997513001 ], [ -134.849999971364326, 66.999999997477374 ], [ -134.837500000523249, 67.000000013600896 ], [ -134.833821607259068, 67.000000094568605 ], [ -134.82500001057258, 66.999999988182083 ], [ -134.812499980097357, 66.999999995421774 ], [ -134.800000013938984, 67.000000002321883 ], [ -134.787500016759935, 67.000000004776737 ], [ -134.780306645890818, 67.000000101200911 ], [ -134.774999988084204, 67.000000002779117 ], [ -134.762500022286758, 67.000000000456737 ], [ -134.750000024036353, 66.999999993681726 ], [ -134.748224522495775, 67.000000062594594 ], [ -134.737500034975795, 67.000000003070241 ], [ -134.72500001248946, 67.000000007997414 ], [ -134.712500008845979, 66.999999991989498 ], [ -134.700000012928939, 66.999999992146115 ], [ -134.687500024231241, 67.000000008468987 ], [ -134.674999958111727, 66.999999999679972 ], [ -134.662499993073141, 67.000000011240743 ], [ -134.650424815358519, 67.000000014180273 ], [ -134.650000044509511, 67.000000001881872 ], [ -134.640336064037967, 67.000000083590052 ], [ -134.63750000638106, 67.00000000449036 ], [ -134.627892049219156, 67.000000085694992 ], [ -134.625000025817627, 67.000000006823157 ], [ -134.612500007510874, 67.00000000467098 ], [ -134.600000045808599, 67.000000002254865 ], [ -134.587499992579552, 67.000000011776081 ], [ -134.575000005829537, 66.999999983949508 ], [ -134.562500010547978, 67.000000009380102 ], [ -134.549999985986176, 66.9999999932229 ], [ -134.537500004722347, 67.000000013906472 ], [ -134.524999993259343, 66.999999992999761 ], [ -134.512500024096511, 67.000000008942294 ], [ -134.499999970930588, 66.999999999688598 ], [ -134.48750001194378, 67.000000010891227 ], [ -134.474999968018409, 66.999999996886103 ], [ -134.467769904711048, 67.00000011981372 ], [ -134.462500017290921, 67.000000003353037 ], [ -134.450000022569498, 67.000000005298261 ], [ -134.437499983378245, 67.000000002711559 ], [ -134.42499999403492, 66.999999999914479 ], [ -134.412500001114438, 67.000000013286908 ], [ -134.40000001522202, 67.000000005752767 ], [ -134.387499982947418, 66.999999993673924 ], [ -134.375000040417234, 67.000000002117901 ], [ -134.362500008720559, 66.999999985296114 ], [ -134.350000012803264, 67.000000005358999 ], [ -134.337500021546077, 67.000000004516906 ], [ -134.324999981497569, 66.999999999110813 ], [ -134.3124999869558, 66.99999999352687 ], [ -134.299999984421703, 67.000000004107278 ], [ -134.287499984668244, 66.999999993782737 ], [ -134.274999975945434, 66.999999999620357 ], [ -134.262500010787363, 67.000000005298489 ], [ -134.249999993948677, 67.00000000639325 ], [ -134.237500019714133, 67.000000007333824 ], [ -134.224999992842783, 67.000000003681521 ], [ -134.212500007614977, 66.999999999879876 ], [ -134.208292057471994, 67.000000104683735 ], [ -134.200000010466056, 67.000000012237635 ], [ -134.187500012317855, 67.000000003691468 ], [ -134.175000001271542, 67.000000011300742 ], [ -134.162499988286186, 66.999999998003688 ], [ -134.149999961425749, 67.000000000857625 ], [ -134.138901670583181, 67.000000044770289 ], [ -134.13749997330612, 67.000000003580539 ], [ -134.125000023444812, 67.000000006181267 ], [ -134.112500016621027, 67.000000004154671 ], [ -134.099999993947392, 67.000000018275301 ], [ -134.091856026131921, 67.000000105330258 ], [ -134.087500019650349, 66.99999999522359 ], [ -134.07499997537883, 67.000000004579903 ], [ -134.06250002011754, 66.999999997565183 ], [ -134.050000005501346, 66.999999985899763 ], [ -134.03750001412655, 67.000000011177391 ], [ -134.024999974074603, 66.999999994740506 ], [ -134.014129078046352, 67.000000055095242 ], [ -134.012500009470955, 66.999999999008253 ], [ -133.999999983579386, 66.999999998605148 ], [ -133.98749999063952, 66.999999998103775 ], [ -133.975000030168673, 66.999999997511665 ], [ -133.962500006973585, 66.999999992234947 ], [ -133.950000015286889, 66.999999986867692 ], [ -133.937500001372342, 66.999999997630511 ], [ -133.925000017984615, 67.000000008308902 ], [ -133.912500023209674, 66.999999998074216 ], [ -133.900000004739184, 67.00000000396372 ], [ -133.887500015352259, 67.00000000977488 ], [ -133.8750000131663, 66.999999994669125 ], [ -133.86249998581701, 66.999999995680682 ], [ -133.84999998610806, 66.999999996618968 ], [ -133.837500013556792, 66.999999997490264 ], [ -133.829634968031286, 67.000000115745934 ], [ -133.846883301437487, 66.983665105347768 ], [ -133.901258704763706, 66.981850060336342 ], [ -133.95486615682691, 66.984237915657843 ], [ -134.000000000876014, 66.985459154605749 ], [ -134.014209639552121, 66.985841037479247 ], [ -134.049063865919692, 66.978848312773181 ], [ -134.059883252636155, 66.976675310371448 ], [ -134.06720306319616, 66.975204552250474 ], [ -134.087548924666322, 66.967863022404003 ], [ -134.103943263202552, 66.961942297891312 ], [ -134.117847032308646, 66.956917486180529 ], [ -134.116313523578526, 66.955744683341692 ], [ -134.106211651314624, 66.948015727883785 ], [ -134.104924521879667, 66.947030589290421 ], [ -134.091709250373526, 66.936910391904291 ], [ -134.016386079339043, 66.914164861354621 ], [ -134.013273065578773, 66.913223184945139 ], [ -134.000687580076345, 66.909414658066638 ], [ -133.999999997695284, 66.909365078917972 ], [ -133.998700233436068, 66.90927128280488 ], [ -133.981333108914612, 66.908017157719158 ], [ -133.973974531956458, 66.907485162472994 ], [ -133.9487660013165, 66.905659991721407 ], [ -133.943290134939559, 66.905262960036495 ], [ -133.932036831613175, 66.900631110311977 ], [ -133.93022056713184, 66.899883314124082 ], [ -133.899582314394195, 66.887258776620286 ], [ -133.89733569968746, 66.886332302386037 ], [ -133.890467059611552, 66.883499185630953 ], [ -133.890464497051454, 66.883459947520564 ], [ -133.890358760772415, 66.881832600782545 ], [ -133.889531855295701, 66.869099662709473 ], [ -133.876464060917016, 66.864390937063277 ], [ -133.875889203299096, 66.864183754442649 ], [ -133.867239189268759, 66.861065222041049 ], [ -133.862030972515015, 66.859186933106372 ], [ -133.850280213456045, 66.854947526611184 ], [ -133.853261082224918, 66.841915057724293 ], [ -133.833025097458744, 66.82596101354352 ], [ -133.801320852771909, 66.819776787027962 ], [ -133.800781282179457, 66.819782967675735 ], [ -133.79961038078406, 66.819513897510376 ], [ -133.799535864135947, 66.819428337243892 ], [ -133.787471457837285, 66.817072398544724 ], [ -133.759663914346731, 66.801026959070199 ], [ -133.768579120908953, 66.781410111028251 ], [ -133.769499305966661, 66.779383501437778 ], [ -133.775931159919764, 66.765208947257094 ], [ -133.796487167093829, 66.748974932676845 ], [ -133.797563695389073, 66.748124076923546 ], [ -133.80380366365381, 66.743191014434416 ], [ -133.80515785882767, 66.742747326962331 ], [ -133.806664459898514, 66.742253678702909 ], [ -133.820338579974589, 66.737771677152651 ], [ -133.822667479905107, 66.737008076421219 ], [ -133.825172829104986, 66.736186482488705 ], [ -133.827209926164613, 66.735518423537812 ], [ -133.832177909997057, 66.733888857975757 ], [ -133.835702287421555, 66.731127476547272 ], [ -133.838903605535222, 66.728618603091562 ], [ -133.846330128754147, 66.722796297554851 ], [ -133.805293961138659, 66.705434882598183 ], [ -133.762075584403647, 66.692401196065944 ], [ -133.748066570153867, 66.678963612753705 ], [ -133.762065869914892, 66.664208391316464 ], [ -133.79336846876933, 66.64944320114364 ], [ -133.762053917333418, 66.634433134021819 ], [ -133.744843807152648, 66.630785589800183 ], [ -133.743746144149782, 66.630552829950446 ], [ -133.743039448039269, 66.630402983241424 ], [ -133.717583278382989, 66.625001952338181 ], [ -133.696485957142301, 66.59548771718076 ], [ -133.676774562743844, 66.58317985300647 ], [ -133.63725303033408, 66.576376827401916 ], [ -133.58236585670187, 66.562251974103987 ], [ -133.586272460398391, 66.55401736915158 ], [ -133.588187400611247, 66.549978971787084 ], [ -133.690053046596091, 66.527902242343032 ], [ -133.693442359534174, 66.503485496329432 ], [ -133.676587009523729, 66.489927329816936 ], [ -133.673020527373041, 66.487056431305632 ], [ -133.627761386668396, 66.450560003232482 ], [ -133.625751033265971, 66.448936073605196 ], [ -133.609827329291051, 66.436065247251406 ], [ -133.620979710821729, 66.433780226632734 ], [ -133.622092202380969, 66.433552224267217 ], [ -133.63931650228588, 66.430020611114259 ], [ -133.681641829508891, 66.43341266620078 ], [ -133.701815868607667, 66.436081027736108 ], [ -133.703866966819248, 66.43635212804341 ], [ -133.709347550711357, 66.437076395505386 ], [ -133.71013190526034, 66.437180022977017 ], [ -133.711882748184195, 66.43741135202211 ], [ -133.718436140664949, 66.438276980122481 ], [ -133.734190840943853, 66.440356617459571 ], [ -133.74630293291716, 66.431862182871939 ], [ -133.747671882412618, 66.430901683354477 ], [ -133.766378768755146, 66.417767934070582 ], [ -133.764960412659775, 66.391916610365243 ], [ -133.768069494131566, 66.366183517796131 ], [ -133.787446996327759, 66.355004034417959 ], [ -133.790710856885028, 66.353119794502774 ], [ -133.811318397249181, 66.341215002191916 ], [ -133.835423560244152, 66.317217725914148 ], [ -133.821909689258376, 66.303036487325784 ], [ -133.785759880435307, 66.295380238548006 ], [ -133.626228241543998, 66.298617072464552 ], [ -133.580511211561429, 66.286136589160805 ], [ -133.553533961437296, 66.25700891683951 ], [ -133.566323999877596, 66.235886303793976 ], [ -133.567959353209773, 66.20899338913172 ], [ -133.561241048982481, 66.197728903377765 ], [ -133.56082853366209, 66.197036916844851 ], [ -133.555473531102933, 66.188050359296042 ], [ -133.548914250722447, 66.169986805272615 ], [ -133.571165099204393, 66.149793790607944 ], [ -133.583978075391713, 66.143307711870406 ], [ -133.58696014402986, 66.141797514596277 ], [ -133.601686588210498, 66.13433634193909 ], [ -133.627438775846969, 66.128595128858706 ], [ -133.62758205102611, 66.128563171786311 ], [ -133.632339358137131, 66.127501827632827 ], [ -133.642234020864862, 66.125293605535319 ], [ -133.657854175061942, 66.121805539506781 ], [ -133.679605031524545, 66.097641349353196 ], [ -133.690705924764671, 66.071173285775828 ], [ -133.681254713719426, 66.059145650339531 ], [ -133.638091112323707, 66.060302706866807 ], [ -133.619682526819645, 66.058540555905878 ], [ -133.614279506827643, 66.058022906016816 ], [ -133.598556208906587, 66.056515301422039 ], [ -133.603035527076486, 66.038200357601326 ], [ -133.619217164161739, 66.019061756232873 ], [ -133.620397305598317, 66.017664788297807 ], [ -133.622051519341511, 66.015706375970751 ], [ -133.632896981841242, 66.000000108758371 ], [ -133.633023010447005, 65.999817468176104 ], [ -133.634419066507235, 65.994696573220082 ], [ -133.662792467733254, 65.981296814383441 ], [ -133.661457144921087, 65.974831099131464 ], [ -133.658330879312757, 65.959680990042585 ], [ -133.632894111871224, 65.947537051230398 ], [ -133.621445600912438, 65.942066219476246 ], [ -133.594964037899615, 65.935869529627638 ], [ -133.555528327821264, 65.951837821961718 ], [ -133.525811344777566, 65.954306419389383 ], [ -133.520067521301314, 65.952503208984567 ], [ -133.487238775001202, 65.942188114607205 ], [ -133.464321603605839, 65.937233402446211 ], [ -133.446919508405699, 65.933467491261467 ], [ -133.405185185683024, 65.938858504681519 ], [ -133.323446023626246, 65.970270750718072 ], [ -133.308601343342758, 65.977197423558991 ], [ -133.307403045385428, 65.977756316061814 ], [ -133.302308792019545, 65.980132019684234 ], [ -133.289260632701229, 65.986214240361832 ], [ -133.268578847313137, 65.995846645489692 ], [ -133.243385972777304, 65.999694937650304 ], [ -133.241386615221046, 66.000000099517919 ], [ -133.226263933296423, 66.002307365704752 ], [ -133.196254655705502, 66.006880323994395 ], [ -133.152829329888107, 66.019407123183427 ], [ -133.128070230008717, 66.030939700288471 ], [ -133.099554755394507, 66.026319390792608 ], [ -133.090099468247672, 66.024785864855403 ], [ -133.057495217159442, 66.019492038877502 ], [ -133.05583826753292, 66.019222785532392 ], [ -133.055723694450876, 66.019217337435293 ], [ -133.040120490266446, 66.018477988127529 ], [ -133.005180580112579, 66.016816565913089 ], [ -132.921147507998882, 66.02042157650196 ], [ -132.914083899807821, 66.005414264048625 ], [ -132.912263515063188, 66.001543630897501 ], [ -132.914293592190404, 66.000000056460408 ], [ -132.934464420777488, 65.984652127232835 ], [ -132.934712703180736, 65.984463092488625 ], [ -132.961971495999109, 65.960548986884177 ], [ -133.021484828865312, 65.918812422285768 ], [ -132.996812748511587, 65.908849959556932 ], [ -132.996470925936052, 65.908711842296725 ], [ -132.955374760476559, 65.897499726135251 ], [ -132.909215971412124, 65.884044083248952 ], [ -132.904564432277198, 65.88509982136172 ], [ -132.837186504917725, 65.900367125986946 ], [ -132.823893397924564, 65.908792962981352 ], [ -132.810296575942914, 65.917404448774192 ], [ -132.805285411356436, 65.920576536739929 ], [ -132.80243044166329, 65.934956650994479 ], [ -132.799338051174942, 65.950514577855813 ], [ -132.749399742797749, 65.970219858621164 ], [ -132.737290536640671, 65.975503085347086 ], [ -132.706274427990934, 65.989021164278356 ], [ -132.685947503629649, 66.000000055244413 ], [ -132.656596873440606, 66.015831569090878 ], [ -132.636903259383843, 66.018984840564954 ], [ -132.616147963628151, 66.02230455848138 ], [ -132.576111307009086, 66.022782608646082 ], [ -132.569145841139687, 66.022864739259006 ], [ -132.56826273276846, 66.022875135303465 ], [ -132.556589385428907, 66.019582058495686 ], [ -132.549619933594244, 66.017615122006632 ], [ -132.540444285038376, 66.0150246462686 ], [ -132.52045296907545, 66.000000113447342 ], [ -132.519207497989669, 65.999063427675551 ], [ -132.518404487158676, 65.997981730466734 ], [ -132.508230637119567, 65.984268866867438 ], [ -132.494541860842958, 65.971988776776584 ], [ -132.477601577881074, 65.97329646243783 ], [ -132.460260194231722, 65.974633031860421 ], [ -132.426407243015376, 65.982286239166967 ], [ -132.377888326701736, 65.989040255612267 ], [ -132.366469342617563, 65.973173170674613 ], [ -132.36557593362545, 65.971930863522957 ], [ -132.36519052948583, 65.971442017301143 ], [ -132.350122258316787, 65.952316432648274 ], [ -132.425920460060155, 65.937402947735535 ], [ -132.439406625594842, 65.934743838644138 ], [ -132.460896178448934, 65.930503116596853 ], [ -132.514369720555976, 65.911704272613051 ], [ -132.530863364818174, 65.905896624472092 ], [ -132.571020616477568, 65.87999595626502 ], [ -132.577899650543202, 65.875552826826663 ], [ -132.594749546968188, 65.858357953417496 ], [ -132.596368963870731, 65.856704131018233 ], [ -132.563679587438799, 65.830170195337956 ], [ -132.540086566555459, 65.824488490466678 ], [ -132.535974682643285, 65.823497653505257 ], [ -132.519702554300295, 65.819574719585106 ], [ -132.48526551939932, 65.801514456182431 ], [ -132.484646375702056, 65.801189443534156 ], [ -132.434361185384489, 65.792309492506817 ], [ -132.414387790625284, 65.788776134704534 ], [ -132.375483009873705, 65.766425811017257 ], [ -132.364863072030602, 65.756567196909586 ], [ -132.354482619788342, 65.746922990998229 ], [ -132.313460959765422, 65.739857551041538 ], [ -132.299729006339675, 65.721532954401482 ], [ -132.283225022587203, 65.704697413563011 ], [ -132.290622729335013, 65.695696018206178 ], [ -132.292242907829319, 65.693723723018167 ], [ -132.29861619937796, 65.685962261584081 ], [ -132.24469789769455, 65.666695273699688 ], [ -132.221065337331964, 65.639599455126373 ], [ -132.198812889881509, 65.618594647717615 ], [ -132.168321256713369, 65.602427313745935 ], [ -132.183559934147951, 65.583911216877581 ], [ -132.191031235197187, 65.574822826269553 ], [ -132.195616999874005, 65.570650737641799 ], [ -132.210580096739307, 65.557027275814988 ], [ -132.214873711053684, 65.553115161742326 ], [ -132.245949732074308, 65.53022746836956 ], [ -132.248183703669412, 65.528580335433219 ], [ -132.277164451066255, 65.505500173467667 ], [ -132.283368513328554, 65.500553320848198 ], [ -132.283207012533865, 65.49871771701234 ], [ -132.281635606973794, 65.480841660980985 ], [ -132.275370327597358, 65.457700750431911 ], [ -132.298956778586387, 65.451470747534415 ], [ -132.314957644381991, 65.447240594428479 ], [ -132.341622125170034, 65.433444708764526 ], [ -132.349387157166177, 65.429423575831194 ], [ -132.376436555819907, 65.402358992846459 ], [ -132.440107565054689, 65.389455791074141 ], [ -132.446253135606668, 65.38820830410171 ], [ -132.484979545445185, 65.375211354992913 ], [ -132.504617449273695, 65.36861202093111 ], [ -132.508213404910947, 65.366607562757665 ], [ -132.537148178826413, 65.350464377338213 ], [ -132.546619166258239, 65.331837828337711 ], [ -132.5550909690526, 65.315153547530144 ], [ -132.566424278927684, 65.284043475231883 ], [ -132.607558731906067, 65.28260270895008 ], [ -132.657004714194585, 65.278130467516178 ], [ -132.669354296985205, 65.259662539089874 ], [ -132.70970260753208, 65.243086838151584 ], [ -132.743006785527257, 65.229381226109197 ], [ -132.74789716952472, 65.227366898437438 ], [ -132.706687005333464, 65.199286292578662 ], [ -132.763964694968223, 65.196464757699886 ], [ -132.772721218843969, 65.183043278984357 ], [ -132.726871571357947, 65.158380834137731 ], [ -132.656710342186358, 65.140809057930412 ], [ -132.642767269000387, 65.142080197940004 ], [ -132.596631930116985, 65.146276148340135 ], [ -132.554764240799642, 65.171238144430177 ], [ -132.509337147021427, 65.173512122971886 ], [ -132.529601245290962, 65.13152517365539 ], [ -132.530948298797824, 65.128729243774131 ], [ -132.53446207966914, 65.121183015030041 ], [ -132.542742072378076, 65.089901096020171 ], [ -132.519368448087278, 65.081518434159634 ], [ -132.459468319427458, 65.081111620002005 ], [ -132.439231241314161, 65.077902915163122 ], [ -132.369667454698913, 65.066322680241271 ], [ -132.3402816501426, 65.061418195775062 ], [ -132.336100219755139, 65.060719684111646 ], [ -132.336195189958886, 65.059410558216896 ], [ -132.337724552738251, 65.038305678308134 ], [ -132.37121772729185, 65.025309713165697 ], [ -132.405598749119548, 65.010006573013698 ], [ -132.408955237507882, 65.000000114353938 ], [ -132.414188741352405, 64.984382692408232 ], [ -132.437818529668277, 64.977411998008336 ], [ -132.478573301242022, 64.965764189885803 ], [ -132.483088762495612, 64.964472352526897 ], [ -132.490318728262025, 64.962403385439586 ], [ -132.491279713775128, 64.935562759262993 ], [ -132.466606931479362, 64.906635788918607 ], [ -132.462292296221023, 64.901570452723547 ], [ -132.465268611776651, 64.898878784915908 ], [ -132.477917263708974, 64.887433021057504 ], [ -132.481683061917494, 64.88402324525417 ], [ -132.511133549784915, 64.866227938021538 ], [ -132.518566022138685, 64.86328327514255 ], [ -132.553819381547129, 64.84930254406936 ], [ -132.586896599949029, 64.834589222359398 ], [ -132.627649066893866, 64.829681060429124 ], [ -132.585841611621703, 64.809221861436171 ], [ -132.559226249228715, 64.796122050001742 ], [ -132.552200479326928, 64.782210180564533 ], [ -132.546027571700762, 64.770245900244447 ], [ -132.511911370999968, 64.774481725121149 ], [ -132.477820190091904, 64.784698164893044 ], [ -132.464239760669813, 64.788694097568154 ], [ -132.422031458839882, 64.777790881744707 ], [ -132.415421662367265, 64.77833670840252 ], [ -132.405542889388329, 64.779151896362634 ], [ -132.398933881359056, 64.779696895157755 ], [ -132.373759466966476, 64.781777571740975 ], [ -132.372091258139477, 64.781915298321408 ], [ -132.3597717974734, 64.7829356167898 ], [ -132.356964199766452, 64.783168013881934 ], [ -132.321534277280108, 64.769753326126462 ], [ -132.299090171120696, 64.761211402714252 ], [ -132.246127870856213, 64.749442310456331 ], [ -132.216249456423469, 64.742877764283676 ], [ -132.199091749325675, 64.735585986193527 ], [ -132.185412162934568, 64.72979072138375 ], [ -132.158880035197541, 64.718503881834735 ], [ -132.13710592298898, 64.709235003186834 ], [ -132.124261477624202, 64.703741659258455 ], [ -132.107927777751485, 64.702400820377534 ], [ -132.086870055164184, 64.700630697670178 ], [ -132.074754493994192, 64.699593304126836 ], [ -132.064094975897319, 64.698680117534877 ], [ -132.049901640904693, 64.69748572541414 ], [ -132.037715788823078, 64.696423103245721 ], [ -132.025115554800522, 64.681900193324793 ], [ -132.016377792383025, 64.671878411674953 ], [ -132.002005932350556, 64.655232338798726 ], [ -131.999999995601911, 64.652959238661694 ], [ -131.981990140075453, 64.63183230718829 ], [ -131.938096047658917, 64.590343070386595 ], [ -131.930271482678819, 64.58582952325105 ], [ -131.926468540862231, 64.583635099228474 ], [ -131.896407808195391, 64.566273353661728 ], [ -131.830102592914471, 64.548772702021893 ], [ -131.833082581217894, 64.547482345455876 ], [ -131.855372257391366, 64.537824956767125 ], [ -131.838720117105794, 64.525344949502198 ], [ -131.806390678829615, 64.533934250136085 ], [ -131.785799961232016, 64.531817335177806 ], [ -131.734002953753986, 64.526477936079402 ], [ -131.684646179051043, 64.521371236396519 ], [ -131.692753013441489, 64.516688191208914 ], [ -131.707467133023954, 64.508183104303171 ], [ -131.676037867133431, 64.485509120583956 ], [ -131.71421018811148, 64.475955607226496 ], [ -131.716042267123896, 64.475496680334857 ], [ -131.808792537187429, 64.432214938782352 ], [ -131.811860964489114, 64.430779729316797 ], [ -131.823867957951791, 64.425161592693314 ], [ -131.82485464401725, 64.424699746735243 ], [ -131.828390708427634, 64.401146208513481 ], [ -131.849551812841639, 64.387093829267755 ], [ -131.858310474502815, 64.381272373170418 ], [ -131.808421633534266, 64.368817886728749 ], [ -131.783892009271028, 64.37511614929295 ], [ -131.76544057145577, 64.379849141488805 ], [ -131.721379926668106, 64.370298975911808 ], [ -131.688031249538341, 64.375405233784875 ], [ -131.682679664939002, 64.376223767739475 ], [ -131.676324937102919, 64.377195418971482 ], [ -131.658533087169758, 64.369275202670281 ], [ -131.623513430568863, 64.353666252779433 ], [ -131.578756439606678, 64.36992350347704 ], [ -131.559909881040852, 64.383025478066457 ], [ -131.559461756759333, 64.38333683202454 ], [ -131.517985287081558, 64.379195319957361 ], [ -131.506911754532069, 64.38729547079447 ], [ -131.503554280108006, 64.389750341118017 ], [ -131.451031608484698, 64.391864273682799 ], [ -131.433573514909142, 64.402754153235946 ], [ -131.419606377453164, 64.411458780754117 ], [ -131.431959585561117, 64.437923955491343 ], [ -131.416554611268964, 64.441274573593816 ], [ -131.372362785903135, 64.450872939200551 ], [ -131.380488977875757, 64.435682923950324 ], [ -131.359840989687001, 64.4383862398237 ], [ -131.311400620478082, 64.444714799581206 ], [ -131.295525121076452, 64.446784771609032 ], [ -131.225117717095827, 64.421606604473382 ], [ -131.172869220954169, 64.409644516110873 ], [ -131.147351740240168, 64.403791861804223 ], [ -131.110381855157328, 64.376464785845116 ], [ -131.068174454696731, 64.361319169914665 ], [ -131.067247513330301, 64.355550869176298 ], [ -131.062865679327075, 64.328252390669604 ], [ -131.053595067002277, 64.322232772259611 ], [ -131.036286739994011, 64.310985482978211 ], [ -131.026617291612581, 64.304697223055371 ], [ -131.034231194651539, 64.30183951107503 ], [ -131.037309772115776, 64.300683755288944 ], [ -131.041691116818271, 64.299038635397892 ], [ -131.079118358789032, 64.284971963719642 ], [ -131.07634691276391, 64.278774367433769 ], [ -131.07370797917622, 64.272870389187631 ], [ -131.065043038941951, 64.270768543355118 ], [ -131.015722159050142, 64.258788953885599 ], [ -130.982648254479642, 64.250740447310079 ], [ -130.947200446314781, 64.223016602944838 ], [ -130.940783168606458, 64.206895501573598 ], [ -130.938185380068347, 64.200364039694477 ], [ -130.943965113210396, 64.185781654348688 ], [ -130.934129063935785, 64.185768096664589 ], [ -130.910476256752503, 64.18573282429044 ], [ -130.870812894134986, 64.185665045641699 ], [ -130.867678200416549, 64.182011559924504 ], [ -130.859059454906145, 64.171961246739869 ], [ -130.875422765525087, 64.16272626109118 ], [ -130.905088999506916, 64.145963128355689 ], [ -130.946314001362055, 64.141731023606681 ], [ -130.952801289663682, 64.14106386741264 ], [ -130.96776877256238, 64.13004531051412 ], [ -130.955416684517957, 64.113324608740655 ], [ -130.948682875913022, 64.110400489923819 ], [ -130.883474580241341, 64.082036014713523 ], [ -130.877433468319424, 64.058988572775874 ], [ -130.870342964482518, 64.031888361534371 ], [ -130.864923765462152, 64.032645893697378 ], [ -130.835674605231645, 64.036730460786373 ], [ -130.808982692347826, 64.040451703768767 ], [ -130.772129680685168, 64.034485436212861 ], [ -130.735798632286361, 64.028592021491306 ], [ -130.723321698324128, 64.026565400971293 ], [ -130.741578656760254, 64.019894186388541 ], [ -130.754541606715719, 64.015154124549653 ], [ -130.771725385536314, 64.008866389594473 ], [ -130.772058544220243, 64.006136947184942 ], [ -130.772274160668587, 64.004370476543968 ], [ -130.772807472276327, 64.000000071355856 ], [ -130.774285645831327, 63.987879088475268 ], [ -130.77570257794369, 63.976250817552149 ], [ -130.763925952051295, 63.973694170656849 ], [ -130.718105779742331, 63.963733278646075 ], [ -130.695410425131399, 63.950304654093358 ], [ -130.688662370174796, 63.946308733325175 ], [ -130.658760456088174, 63.946995180188722 ], [ -130.630581127231608, 63.947636392917005 ], [ -130.626115754589989, 63.944636097777853 ], [ -130.592077711193127, 63.921740107644645 ], [ -130.557221128069983, 63.916676677609509 ], [ -130.538236806896634, 63.925681575477391 ], [ -130.457847909516488, 63.896569819215792 ], [ -130.442895052776606, 63.891143227683557 ], [ -130.411598084927903, 63.869624210185172 ], [ -130.409290045211122, 63.86739528689634 ], [ -130.394376763455654, 63.852983753434458 ], [ -130.369145919594075, 63.84852597748452 ], [ -130.339362557788291, 63.813278093692993 ], [ -130.32340099281646, 63.818248294084754 ], [ -130.31850945631345, 63.819770731367221 ], [ -130.308324676246144, 63.822939602958073 ], [ -130.29037961476115, 63.826750324194776 ], [ -130.267428722397426, 63.83161931946691 ], [ -130.266544648277772, 63.832009867599496 ], [ -130.262664332131379, 63.832959338944484 ], [ -130.260262454436429, 63.833339319293536 ], [ -130.259224755779826, 63.833358452273878 ], [ -130.245685085439106, 63.836227237908268 ], [ -130.239877233237735, 63.855560413225817 ], [ -130.23039754922965, 63.861685492574011 ], [ -130.218575871783628, 63.869319178029983 ], [ -130.185897376608835, 63.854207151594949 ], [ -130.173886300624019, 63.85628939824138 ], [ -130.144234702369118, 63.861424209711494 ], [ -130.109368056378543, 63.839414919734757 ], [ -130.132695463466547, 63.829267173775087 ], [ -130.1305476426665, 63.817490822210075 ], [ -130.129325245913293, 63.810783690699729 ], [ -130.137662463040982, 63.799294073549902 ], [ -130.106265542106513, 63.787358283471441 ], [ -130.1048644815221, 63.778137129629968 ], [ -130.101228527710987, 63.754179283987121 ], [ -130.121958068562549, 63.743215587653538 ], [ -130.127912045714936, 63.743109571771718 ], [ -130.185111086272741, 63.742078617078576 ], [ -130.189609921131137, 63.741996575621222 ], [ -130.215678381994081, 63.717794936064223 ], [ -130.233520175784435, 63.716373867428779 ], [ -130.269487040862487, 63.713501981187797 ], [ -130.318012976076261, 63.713794963550114 ], [ -130.319361219215864, 63.712369552173769 ], [ -130.339667004453048, 63.690882767167381 ], [ -130.309710916187555, 63.677999158158514 ], [ -130.30776044147288, 63.665506305870366 ], [ -130.268635408333637, 63.644783939048608 ], [ -130.232144396709856, 63.647553108226496 ], [ -130.205583535505838, 63.656478886548335 ], [ -130.152886258083015, 63.674156546196201 ], [ -130.10618780942346, 63.688480768959643 ], [ -130.072512464817578, 63.682868956656613 ], [ -130.075097635658722, 63.679842151126721 ], [ -130.091548223782183, 63.660565024709825 ], [ -130.093478804565507, 63.653596603329383 ], [ -130.099276849224282, 63.632647656184375 ], [ -130.081363682345909, 63.608026140315339 ], [ -130.042710799396588, 63.60428223772621 ], [ -130.010277050811226, 63.613364713860591 ], [ -130.000000018745851, 63.612600227062408 ], [ -129.962460774537874, 63.609801189076023 ], [ -129.928072544740274, 63.592000324900489 ], [ -129.956035027616821, 63.569253169545775 ], [ -129.960327510187653, 63.565757613124859 ], [ -129.903355840777607, 63.554088260752913 ], [ -129.897371790014489, 63.552860692357179 ], [ -129.870533963178389, 63.5217335111167 ], [ -129.862021766230981, 63.514220310326927 ], [ -129.82918282387817, 63.485193194662763 ], [ -129.819160111700938, 63.476320578788687 ], [ -129.810633999695966, 63.468767924134134 ], [ -129.784928019595213, 63.4459695403404 ], [ -129.874322805647068, 63.457481218644062 ], [ -129.874331941111734, 63.457463918682855 ], [ -129.884752232528569, 63.437727795774975 ], [ -129.885683081424673, 63.435963335789914 ], [ -129.892645828005499, 63.430380417905155 ], [ -129.908527149558154, 63.417636887794131 ], [ -129.872276981360045, 63.374324311078347 ], [ -129.866220016203187, 63.367073574399505 ], [ -129.879265093328257, 63.361906264512186 ], [ -129.909501423449882, 63.349917497721393 ], [ -129.923697393346544, 63.344283084643259 ], [ -129.96345339792137, 63.334319680572236 ], [ -129.990351005330069, 63.327568483698116 ], [ -129.991370625584722, 63.327616731592272 ], [ -129.999999992086231, 63.328024643028314 ], [ -130.040836430834389, 63.3299477588277 ], [ -130.04165819938342, 63.328712397154639 ], [ -130.05424050631288, 63.309783358486222 ], [ -130.057976212643922, 63.304158261142305 ], [ -130.108304670252153, 63.305617799864827 ], [ -130.145267459282138, 63.288789420644555 ], [ -130.139140295478541, 63.279974474143565 ], [ -130.13000946534433, 63.266827714547048 ], [ -130.130001654765778, 63.266816469817343 ], [ -130.157762902440709, 63.242357562711653 ], [ -130.108359131107704, 63.24391672176484 ], [ -130.10648976368978, 63.244092825184147 ], [ -130.105618585113291, 63.24400270892184 ], [ -130.104037052665518, 63.244052303194479 ], [ -130.048781132604063, 63.252350721365772 ], [ -130.032618709392182, 63.244986931196188 ], [ -130.032003876724133, 63.244706691754743 ], [ -130.027987812428563, 63.242876023213832 ], [ -130.013893945687585, 63.236448661328609 ], [ -130.008968922995734, 63.229427393659577 ], [ -130.00000001450249, 63.216631648397673 ], [ -129.999892419410259, 63.216478056240163 ], [ -129.98758381006553, 63.198898043736243 ], [ -129.942593708445116, 63.183051666821903 ], [ -129.936964225819139, 63.184639184456941 ], [ -129.929350041400028, 63.18678577942417 ], [ -129.912352051428797, 63.191575171298688 ], [ -129.910485527057773, 63.192100875710452 ], [ -129.910106940310214, 63.191751867684403 ], [ -129.89878599435886, 63.181310062148029 ], [ -129.895728358993892, 63.178488483797786 ], [ -129.870462298298122, 63.171834243371542 ], [ -129.870094764458258, 63.169144117020799 ], [ -129.868510755713032, 63.157544830475672 ], [ -129.861500694676096, 63.149920416150152 ], [ -129.844916329896762, 63.131865213348298 ], [ -129.813495939685708, 63.103673220602474 ], [ -129.813863471474377, 63.102631674342895 ], [ -129.821000904739378, 63.082389669598655 ], [ -129.803393760806301, 63.080224736400673 ], [ -129.773732422861428, 63.076571910939442 ], [ -129.756796633197922, 63.06833789121184 ], [ -129.740713352945477, 63.060512149437599 ], [ -129.729319945253707, 63.060702236554349 ], [ -129.679663847269012, 63.061519829799643 ], [ -129.673561647671846, 63.061619075781813 ], [ -129.613208522932837, 63.073047940396798 ], [ -129.610314219573638, 63.069421733267212 ], [ -129.597493390638022, 63.053347271495745 ], [ -129.58858365810292, 63.042165233992932 ], [ -129.607788877448257, 63.01033164514871 ], [ -129.607947271002558, 63.010068765466855 ], [ -129.617463174430327, 63.000000145313408 ], [ -129.630471187100056, 62.986224209127201 ], [ -129.637317587399821, 62.978967871220519 ], [ -129.649357016755033, 62.952987872272118 ], [ -129.649357272913846, 62.952987761595011 ], [ -129.653647218348738, 62.951261399047482 ], [ -129.678711505087875, 62.941168378592089 ], [ -129.675225382814091, 62.926455123628273 ], [ -129.683556320090133, 62.921912730380654 ], [ -129.688218768451122, 62.919369743295199 ], [ -129.691272963770757, 62.917703598068073 ], [ -129.709677737331646, 62.907657780088734 ], [ -129.684236966617448, 62.875942307185696 ], [ -129.743437218610268, 62.88055229454995 ], [ -129.750034401188543, 62.881064380726698 ], [ -129.748471548191873, 62.871229126928554 ], [ -129.743257547640553, 62.838368826064496 ], [ -129.706778382140101, 62.823956007490871 ], [ -129.702125651475569, 62.822116011044393 ], [ -129.665256919798139, 62.814203446974481 ], [ -129.665344858072331, 62.808906280145635 ], [ -129.665563634441497, 62.795724237369399 ], [ -129.639405222498283, 62.776519190442407 ], [ -129.636207140404025, 62.774169157715463 ], [ -129.607974540073229, 62.749490157789531 ], [ -129.60371932701193, 62.737946762375572 ], [ -129.597649914682535, 62.721465718466092 ], [ -129.590127243399451, 62.701012634463702 ], [ -129.587186607075211, 62.698525240886106 ], [ -129.566695690686629, 62.68117950109125 ], [ -129.53039894974026, 62.682021389053176 ], [ -129.526659610032567, 62.668714461105445 ], [ -129.526646134996412, 62.668712448331561 ], [ -129.492253181735407, 62.663495851565997 ], [ -129.485219466478611, 62.662427756670027 ], [ -129.494227655411436, 62.652384674097291 ], [ -129.494265686521118, 62.652223541520321 ], [ -129.49465019437082, 62.651881092880522 ], [ -129.494681345465239, 62.651878725033413 ], [ -129.495460450198863, 62.651009696278521 ], [ -129.504990104889515, 62.640376089025438 ], [ -129.470037963358379, 62.623995963477888 ], [ -129.462344733853882, 62.62038692730583 ], [ -129.46301843295069, 62.612795459894066 ], [ -129.463112748049497, 62.611732598995353 ], [ -129.464583743190644, 62.595143330611144 ], [ -129.484966814122316, 62.584850127176061 ], [ -129.497035650406872, 62.581824025008601 ], [ -129.522642704690611, 62.575397773343823 ], [ -129.522587352069252, 62.570221433934151 ], [ -129.522531728260276, 62.565022642927424 ], [ -129.52249033206391, 62.561150837049112 ], [ -129.522394753602043, 62.552206356634258 ], [ -129.487468742237894, 62.551223096096166 ], [ -129.482405420776104, 62.551079803212353 ], [ -129.477616416975195, 62.553351622497942 ], [ -129.474120850608472, 62.555009528282753 ], [ -129.459484173099838, 62.561948519203931 ], [ -129.453651343901356, 62.564712447074484 ], [ -129.441750747118846, 62.575717169712803 ], [ -129.439348090321147, 62.577937829325307 ], [ -129.402244793504138, 62.573242821157081 ], [ -129.386953293082087, 62.571304532910389 ], [ -129.373458478935419, 62.563214099584478 ], [ -129.356568941702108, 62.553080357817393 ], [ -129.345862500561367, 62.543646906259255 ], [ -129.332105909018452, 62.531515865595516 ], [ -129.324273780130653, 62.524604171243638 ], [ -129.27430758245842, 62.514118907111573 ], [ -129.212470150813402, 62.504507386427221 ], [ -129.209394541802226, 62.501556857501512 ], [ -129.186236507279716, 62.479319186987617 ], [ -129.159681940189586, 62.478618257535693 ], [ -129.162341632220745, 62.47241533190504 ], [ -129.17141828465958, 62.45122677863273 ], [ -129.174011835463489, 62.445166645165251 ], [ -129.174080892955544, 62.445005246323937 ], [ -129.222718167264247, 62.441104076534423 ], [ -129.232209062876677, 62.436520871873917 ], [ -129.24390761680786, 62.430868758368973 ], [ -129.238492403823983, 62.414056240453249 ], [ -129.267650139623157, 62.405044672509476 ], [ -129.284855967523697, 62.399721514753132 ], [ -129.264681251056572, 62.376180889758338 ], [ -129.263064256440174, 62.37429236243716 ], [ -129.193977932762579, 62.362332373450499 ], [ -129.190158312057974, 62.361669840260838 ], [ -129.189498383487262, 62.361555350644267 ], [ -129.209613606863485, 62.354136507418396 ], [ -129.214221027149506, 62.352436290099632 ], [ -129.246164115699969, 62.333848965304611 ], [ -129.25628198556069, 62.327955081720134 ], [ -129.260157396270273, 62.314788603245688 ], [ -129.264541193306997, 62.299880704529556 ], [ -129.24594831048978, 62.282172523152859 ], [ -129.255872003752984, 62.272058346103115 ], [ -129.26967035319737, 62.257982512548999 ], [ -129.221745001850167, 62.236364827008344 ], [ -129.219354110088403, 62.232488162465039 ], [ -129.205019489989837, 62.2092231934555 ], [ -129.163403250523857, 62.203981115983588 ], [ -129.163325751484308, 62.203971337700217 ], [ -129.183122821872161, 62.180720562324851 ], [ -129.1858847904995, 62.177473613095344 ], [ -129.189833371981933, 62.172830471904888 ], [ -129.193882188664901, 62.168067765063427 ], [ -129.237241818009721, 62.151061356557747 ], [ -129.237216279206024, 62.150845467687688 ], [ -129.235705275412869, 62.138048612025521 ], [ -129.201452227763696, 62.139378965532615 ], [ -129.199786981700299, 62.139443425462396 ], [ -129.180989358367356, 62.12709293559692 ], [ -129.179356572120582, 62.126019564855611 ], [ -129.176133093071428, 62.123900169541457 ], [ -129.12886832243575, 62.099457005651423 ], [ -129.101888765076154, 62.098904536841538 ], [ -129.073007355653345, 62.098307187513711 ], [ -129.053816585645535, 62.104948805303856 ], [ -129.033990429473874, 62.111804368042975 ], [ -129.0105377297823, 62.109171646907107 ], [ -128.999079864530529, 62.107883782377002 ], [ -128.993345051233149, 62.109774128778078 ], [ -128.972499718907045, 62.116923094028657 ], [ -128.947273047316287, 62.118881952529279 ], [ -128.944664795170894, 62.119084203887482 ], [ -128.920547798508437, 62.09549083458424 ], [ -128.86816519841301, 62.098437383558377 ], [ -128.866807713233925, 62.098513466940133 ], [ -128.866433672719836, 62.098534424544596 ], [ -128.860280177367855, 62.098879134135693 ], [ -128.854830672669067, 62.099184133395156 ], [ -128.851609939289261, 62.099364318115718 ], [ -128.840540918316094, 62.095228584058937 ], [ -128.829057609027672, 62.090935934921795 ], [ -128.825516944316007, 62.089611923196649 ], [ -128.819795462271912, 62.087471984763042 ], [ -128.818686680689325, 62.08344256945913 ], [ -128.810998038371224, 62.055470921115756 ], [ -128.809355179132609, 62.049487327679778 ], [ -128.809039055375706, 62.048335576428947 ], [ -128.806590068423674, 62.048174639416409 ], [ -128.757966361264579, 62.044970009058019 ], [ -128.730360164777721, 62.04314251469787 ], [ -128.719386008566772, 62.069182154862354 ], [ -128.700261107396756, 62.079821815051346 ], [ -128.698983522414238, 62.080532205972339 ], [ -128.692237309940708, 62.084282610604035 ], [ -128.687581456648275, 62.08687019030539 ], [ -128.679682876469315, 62.096330765204918 ], [ -128.669031639265029, 62.109078209098023 ], [ -128.668456926778958, 62.109233139167941 ], [ -128.635169717970882, 62.118200249011998 ], [ -128.629319261584243, 62.116478342695949 ], [ -128.61401148189853, 62.111970816463952 ], [ -128.597780207412882, 62.107188013827376 ], [ -128.589974877020154, 62.108658872076496 ], [ -128.567194595520391, 62.112948262479584 ], [ -128.549640394244648, 62.11625019519812 ], [ -128.52659388550012, 62.106676377989004 ], [ -128.511381390208925, 62.100351400310295 ], [ -128.503086124920316, 62.095120089082158 ], [ -128.483364790530345, 62.082673672098217 ], [ -128.464037260876012, 62.070463000822855 ], [ -128.437283029825778, 62.054934409830658 ], [ -128.414070444083904, 62.044542966519998 ], [ -128.410180667951067, 62.042800532498617 ], [ -128.400450091406697, 62.032653556726153 ], [ -128.388424727622436, 62.020103176735176 ], [ -128.361179194242652, 62.016560204931992 ], [ -128.355048320592459, 62.015762085989444 ], [ -128.347939217993854, 62.014836214995199 ], [ -128.353455910126598, 62.000000102051757 ], [ -128.356872740952952, 61.990803768509075 ], [ -128.355730561872178, 61.987889787973742 ], [ -128.350097230809581, 61.973509055684779 ], [ -128.313268710157246, 61.968432280132042 ], [ -128.306947984651345, 61.96755980079211 ], [ -128.30629849775184, 61.961913201556399 ], [ -128.304831232249938, 61.949148536100552 ], [ -128.24857713447588, 61.9370324071376 ], [ -128.22867103008798, 61.912356388189863 ], [ -128.225766190670413, 61.908751908647659 ], [ -128.208276315455521, 61.887029851639952 ], [ -128.206348309612764, 61.880108337178442 ], [ -128.203033060820133, 61.868199353615275 ], [ -128.200278979654286, 61.858854648377957 ], [ -128.189086271304404, 61.830305899067461 ], [ -128.188346217519097, 61.828416355818355 ], [ -128.18459921238744, 61.829330913441758 ], [ -128.18328168037408, 61.829652446813753 ], [ -128.149643490459397, 61.83785501734593 ], [ -128.13779535753855, 61.835954948019655 ], [ -128.106569205237946, 61.830941164478574 ], [ -128.088018355062331, 61.831560200649641 ], [ -128.079683793774677, 61.831837462225351 ], [ -128.054034897116964, 61.832687489227922 ], [ -128.045480577836827, 61.830344442512121 ], [ -128.020653267982368, 61.823539028947486 ], [ -128.017003175356251, 61.813342342174408 ], [ -128.01398172065646, 61.804896574663147 ], [ -128.00283408614078, 61.800026667803856 ], [ -127.99999997614114, 61.798788167039632 ], [ -127.999723878459719, 61.798667512330319 ], [ -127.985996826452322, 61.791578076939558 ], [ -127.993901119427292, 61.785060653186349 ], [ -127.999924525668675, 61.780091880011 ], [ -128.000000025151053, 61.780035927877691 ], [ -128.015048668354638, 61.768870931264246 ], [ -128.01758338953897, 61.766989402192188 ], [ -128.013699028999099, 61.756187954059804 ], [ -128.012622489206933, 61.753193012838949 ], [ -128.021318099527491, 61.747089039658277 ], [ -128.026586388662565, 61.743389453117167 ], [ -128.044273910138827, 61.730960495488837 ], [ -128.047459975483974, 61.72872035893046 ], [ -128.023874208190762, 61.719080071142031 ], [ -128.000000025437316, 61.709311456635596 ], [ -127.98210374130376, 61.701981917031077 ], [ -127.961646610437199, 61.690046484299252 ], [ -127.911887003021008, 61.669443727084527 ], [ -127.881851533805701, 61.667558353944855 ], [ -127.865555587113491, 61.652607104898493 ], [ -127.844790967703148, 61.638060379377613 ], [ -127.8328714832695, 61.629702425602986 ], [ -127.798686897573333, 61.610534415258194 ], [ -127.766805446839697, 61.594138781361636 ], [ -127.745714646716124, 61.589692748232309 ], [ -127.718976402085431, 61.584049566802967 ], [ -127.668550330971925, 61.582552406697097 ], [ -127.646453900739104, 61.563752751293755 ], [ -127.629076163859537, 61.5469939499284 ], [ -127.622722417764479, 61.532228033500687 ], [ -127.569856455821977, 61.523892430460315 ], [ -127.541971760402191, 61.512893809995482 ], [ -127.537297985040084, 61.511075492479023 ], [ -127.469189996486719, 61.485154942026575 ], [ -127.4223770091821, 61.496799296742701 ], [ -127.388911817455892, 61.496676930778158 ], [ -127.388688447509381, 61.496676071330953 ], [ -127.385971776191838, 61.496089327712824 ], [ -127.368401209648638, 61.492292495209966 ], [ -127.364381829899543, 61.491423499269828 ], [ -127.363538256053801, 61.491241086248337 ], [ -127.316414925558547, 61.500109982534639 ], [ -127.288468876444867, 61.500139401423603 ], [ -127.237836279389555, 61.50017776136383 ], [ -127.214648353534443, 61.493528130978227 ], [ -127.202421890871264, 61.490019167366093 ], [ -127.195964021686692, 61.472626539501583 ], [ -127.19170195705243, 61.461136796559607 ], [ -127.167989100517374, 61.456203428228555 ], [ -127.127238859346264, 61.458992839516128 ], [ -127.102956202173473, 61.458150429940851 ], [ -127.099057132795991, 61.449198028221879 ], [ -127.094033305040512, 61.437655417716165 ], [ -127.092179161917457, 61.427232368494096 ], [ -127.087284762984723, 61.399684309153855 ], [ -127.085139677683003, 61.38759527815904 ], [ -127.090756335936192, 61.368085348302372 ], [ -127.046508022904803, 61.363174761769464 ], [ -127.0385851268327, 61.362293771608542 ], [ -127.029240780244493, 61.361254058463388 ], [ -127.021019683674879, 61.337954208644909 ], [ -127.021157984653129, 61.337780709914007 ], [ -127.03340143508764, 61.322409479733608 ], [ -127.029900211794867, 61.313375046976162 ], [ -127.020048494932524, 61.287925149947483 ], [ -127.010728962415484, 61.271166991789123 ], [ -126.999588286297623, 61.251109307770946 ], [ -126.996409387713271, 61.22213863274802 ], [ -126.969191015702748, 61.217649479202123 ], [ -126.952926146368782, 61.214963574793522 ], [ -126.954124518935473, 61.213021205171394 ], [ -126.965485060316041, 61.194594804492247 ], [ -126.975879403787957, 61.177715503720826 ], [ -126.972262267406208, 61.175377916438016 ], [ -126.960740113469129, 61.167928613327632 ], [ -126.976853904260011, 61.15844271727341 ], [ -127.012099174810274, 61.137667485319895 ], [ -126.984101738681048, 61.121403375431427 ], [ -127.041050874477236, 61.102810603882091 ], [ -127.04199961564737, 61.090509984719645 ], [ -127.042648862930506, 61.082086432046658 ], [ -127.07243480005549, 61.066597132646478 ], [ -127.056614206531847, 61.047869007812892 ], [ -127.042334307053963, 61.030943734332759 ], [ -127.044222888942357, 61.025437619053527 ], [ -127.04701992977563, 61.017279528977539 ], [ -127.038614843065403, 61.018854855055061 ], [ -126.999494163840197, 61.026177876480979 ], [ -126.991405521099708, 61.03197263134323 ], [ -126.967899852536547, 61.048797209505118 ], [ -126.9661236521261, 61.050067646069806 ], [ -126.896773993731315, 61.040988935179797 ], [ -126.902988679840107, 61.020073364579837 ], [ -126.906827249641722, 61.00714035115891 ], [ -126.901206536525223, 61.000000048581342 ], [ -126.893425319936725, 60.990109222852581 ], [ -126.885850472011768, 60.980474373664642 ], [ -126.873500232527135, 60.964751680861767 ], [ -126.873479331202958, 60.964725074618073 ], [ -126.86173030175496, 60.945188227101994 ], [ -126.86108497937154, 60.944114416093527 ], [ -126.858410013314383, 60.939662456154643 ], [ -126.853586480731934, 60.931631368953404 ], [ -126.858351567479716, 60.917979318897018 ], [ -126.858791236230488, 60.916718988646622 ], [ -126.859114524575816, 60.915792228368282 ], [ -126.861781428914739, 60.908145168173526 ], [ -126.865464544313838, 60.897577852709929 ], [ -126.866038726514105, 60.89592982153146 ], [ -126.856369729128744, 60.870329911597565 ], [ -126.86823175768194, 60.857460381462253 ], [ -126.877041408376911, 60.847895002278499 ], [ -126.849878838556805, 60.832599325294723 ], [ -126.82802887388911, 60.831620533389902 ], [ -126.825246512446981, 60.831495626353608 ], [ -126.825970952688309, 60.829441443811149 ], [ -126.837436654155454, 60.79689317809531 ], [ -126.842847114947702, 60.78151038400221 ], [ -126.845142926524488, 60.77497850035023 ], [ -126.812747300261307, 60.758561542320372 ], [ -126.769834774621486, 60.748638968925931 ], [ -126.763492450717692, 60.763189115288007 ], [ -126.747856680123988, 60.764482223482332 ], [ -126.692653577962034, 60.769031798118881 ], [ -126.682600079172644, 60.753812748996047 ], [ -126.65983556912947, 60.751184309645168 ], [ -126.639041204056568, 60.730789379317343 ], [ -126.612745224714232, 60.738453866326076 ], [ -126.60823246535486, 60.739768291534872 ], [ -126.566694074498741, 60.764767319487859 ], [ -126.556733398301063, 60.770001680218186 ], [ -126.533428032479961, 60.782238932640084 ], [ -126.519262375852961, 60.787634151303955 ], [ -126.486370111841197, 60.800148663210699 ], [ -126.472755399043407, 60.795594432454301 ], [ -126.431654431916144, 60.78182929396295 ], [ -126.391817820135856, 60.767277998353237 ], [ -126.387089026201906, 60.765548975828978 ], [ -126.345977909769985, 60.762486141246811 ], [ -126.335858065623782, 60.761730104135097 ], [ -126.305312865117131, 60.760039942775947 ], [ -126.29926071498555, 60.759704172963623 ], [ -126.283499844004766, 60.758828434696774 ], [ -126.283477343646808, 60.758833232705236 ], [ -126.280868181355686, 60.759390427134811 ], [ -126.279472809404382, 60.759688352813804 ], [ -126.234642002326297, 60.769249926941804 ], [ -126.220493414746286, 60.774256459550315 ], [ -126.197926147769564, 60.782235473896421 ], [ -126.197032070063756, 60.783227742858976 ], [ -126.189154370863676, 60.791967517944123 ], [ -126.186811032051793, 60.794566278081682 ], [ -126.184681763175902, 60.796927227375932 ], [ -126.189745693144715, 60.81181264264093 ], [ -126.21065416178088, 60.83443328511752 ], [ -126.192232675326807, 60.83902306341858 ], [ -126.181239750192631, 60.841760111858918 ], [ -126.176916813596833, 60.841936723991445 ], [ -126.137156577803012, 60.843554125926467 ], [ -126.111283967095687, 60.847828790966346 ], [ -126.097418768320708, 60.850117007288368 ], [ -126.063350617643934, 60.851368033781647 ], [ -126.064375169808073, 60.848595598222971 ], [ -126.070489385421524, 60.832040052789189 ], [ -126.074379257434302, 60.826501109805434 ], [ -126.083305157299094, 60.813783563111144 ], [ -126.070185545063552, 60.804692809801423 ], [ -126.063475757662857, 60.800040994006622 ], [ -126.061848261735349, 60.798912396273344 ], [ -126.060365871832119, 60.79788432380613 ], [ -126.056561310073235, 60.795245446930345 ], [ -126.037093959748134, 60.793693252616656 ], [ -126.013077414422256, 60.791774095396811 ], [ -125.99999998468077, 60.791060412682491 ], [ -125.985352759056084, 60.790259457208201 ], [ -125.966803125289005, 60.789242672126889 ], [ -125.964971927361944, 60.79031325474066 ], [ -125.940492250394044, 60.804615138601896 ], [ -125.94015130431778, 60.809045448403452 ], [ -125.939352034881153, 60.819427491323189 ], [ -125.938536379793717, 60.830014470444965 ], [ -125.93431280846103, 60.834446465047591 ], [ -125.93159341257261, 60.837299293673489 ], [ -125.927798301538672, 60.841279756089726 ], [ -125.920818279553231, 60.848597624594532 ], [ -125.876665805364155, 60.865916199948245 ], [ -125.875094646698415, 60.866460152347514 ], [ -125.832224755926219, 60.881287566191688 ], [ -125.792497311693637, 60.868194860862339 ], [ -125.779234304910759, 60.860033191939131 ], [ -125.755358172319632, 60.845326373790463 ], [ -125.714101280966275, 60.830770060618278 ], [ -125.698649209892608, 60.821675548466509 ], [ -125.69278315720419, 60.818221119645507 ], [ -125.683972943853576, 60.812470558803746 ], [ -125.669639231253768, 60.803108985035081 ], [ -125.625349755709209, 60.809708597295369 ], [ -125.568914159822697, 60.801503986048552 ], [ -125.53379371957277, 60.812355198996705 ], [ -125.467009497133176, 60.788705199894899 ], [ -125.418478782178624, 60.777856675335947 ], [ -125.374912309016196, 60.766383928116397 ], [ -125.323118383267683, 60.767929463656991 ], [ -125.322173853015713, 60.767957438073402 ], [ -125.264067260159067, 60.768347962535287 ], [ -125.222780082285169, 60.796324235105942 ], [ -125.185832766942369, 60.805908303339386 ], [ -125.1713521863404, 60.809660102089708 ], [ -125.147881625409681, 60.832508587576626 ], [ -125.129413329259648, 60.832588557539239 ], [ -125.054124810351652, 60.832887535494962 ], [ -125.041008380562303, 60.834413366918206 ], [ -125.035494248559132, 60.835054373440443 ], [ -124.992454646058178, 60.840048830086545 ], [ -124.967497429400822, 60.849241409258518 ], [ -124.905946992372904, 60.839852197813372 ], [ -124.89683639929676, 60.839535827567239 ], [ -124.883863452873968, 60.839084233419058 ], [ -124.825797717794742, 60.837046969658587 ], [ -124.823592970309406, 60.845448895386696 ], [ -124.821898012759178, 60.8519049233348 ], [ -124.821439912387135, 60.853649399748662 ], [ -124.825587284896656, 60.865506013911045 ], [ -124.829915011635549, 60.877868611856911 ], [ -124.837430287714895, 60.899313223179533 ], [ -124.835479397214158, 60.901447027590507 ], [ -124.819195737853079, 60.919245474113474 ], [ -124.807983484814812, 60.925456657965121 ], [ -124.795248201364089, 60.932507419932108 ], [ -124.788376913574496, 60.954509047718759 ], [ -124.766154115643218, 60.958063531989716 ], [ -124.728159340571167, 60.938989630477842 ], [ -124.665379607220771, 60.938661122754553 ], [ -124.664475428872365, 60.938327769906884 ], [ -124.661286580409751, 60.937152000952509 ], [ -124.647534006936354, 60.932079335006286 ], [ -124.633227176813691, 60.92679898925207 ], [ -124.619032005932439, 60.933480225180453 ], [ -124.592754594171822, 60.94583669460151 ], [ -124.592246715771935, 60.945768010797487 ], [ -124.539382164578782, 60.938606894416594 ], [ -124.536690773771042, 60.914140226496279 ], [ -124.533563305937562, 60.908215785845314 ], [ -124.527470801592514, 60.896667776603202 ], [ -124.514368830168948, 60.871804106728639 ], [ -124.510779925139332, 60.864986337302085 ], [ -124.510887352607909, 60.861065571906686 ], [ -124.511479366538993, 60.839444775622539 ], [ -124.498447730893915, 60.826114169748529 ], [ -124.498063237849252, 60.821978134549646 ], [ -124.496253981406497, 60.802502617296817 ], [ -124.476256146520541, 60.791413943936774 ], [ -124.450519620824494, 60.786545894740527 ], [ -124.449216613871783, 60.764682616928084 ], [ -124.468964775042139, 60.747860745689707 ], [ -124.491783059677559, 60.728397590126782 ], [ -124.505882967315443, 60.725432449288299 ], [ -124.541463356802709, 60.717940747741686 ], [ -124.553650199729546, 60.705184880918416 ], [ -124.562746950244758, 60.695655907504346 ], [ -124.599452651031839, 60.687867622358169 ], [ -124.571065574803882, 60.641415429930696 ], [ -124.490534300267399, 60.591993177925346 ], [ -124.447194651742052, 60.572809315593794 ], [ -124.433155712547986, 60.542145738648017 ], [ -124.393773259784282, 60.518900785135145 ], [ -124.389145992152763, 60.458458808803101 ], [ -124.312446906691747, 60.459254513465012 ], [ -124.234966504486508, 60.453947138056648 ], [ -124.197862516522548, 60.445915704745282 ], [ -124.200635076773906, 60.397335063617575 ], [ -124.214467810826932, 60.36457205617382 ], [ -124.203678645986201, 60.350328696122162 ], [ -124.182371733793119, 60.306757141729996 ], [ -124.15932774366938, 60.291057348157203 ], [ -124.155883520260474, 60.266945220449053 ], [ -124.12026872683461, 60.238628815611357 ], [ -124.123828515056971, 60.206001410354567 ], [ -124.099629454046237, 60.191569180099663 ], [ -124.093992761699184, 60.187405098689496 ], [ -124.092925123908003, 60.186616205356849 ], [ -124.068691474209942, 60.168697467323035 ], [ -124.029960778253837, 60.148158305917271 ], [ -124.00297358669539, 60.110761339449731 ], [ -124.000526943356576, 60.109197587818038 ], [ -123.999999996458001, 60.108926536610262 ], [ -123.789324835561089, 60.000032620538491 ], [ -123.793241975913332, 60.000035210103604 ], [ -123.799999911177267, 60.000039358749277 ], [ -123.805372936086258, 60.000042445033039 ], [ -123.812499920634522, 60.000046143734458 ], [ -123.82499990956579, 60.000051675265119 ], [ -123.837499902355304, 60.000055976468119 ], [ -123.849999969580779, 60.000059057746071 ], [ -123.862499967194168, 60.00006089828527 ], [ -123.874999991173354, 60.000061531608196 ], [ -123.887500035895911, 60.000060898759273 ], [ -123.900000033501726, 60.000059048305033 ], [ -123.912500054603925, 60.00005599062721 ], [ -123.925000093510775, 60.000051666772102 ], [ -123.937500082419277, 60.000046125326371 ], [ -123.950000091954792, 60.000039376651145 ], [ -123.962500070243863, 60.000031374549692 ], [ -123.975000041770372, 60.000022142123029 ], [ -123.987500031054537, 60.000011702462182 ], [ -123.999999986168547, 60.000000009385978 ], [ -124.012499955103038, 60.000011684091554 ], [ -124.024999958229486, 60.000022151553971 ], [ -124.037499897483585, 60.000031378387028 ], [ -124.049999889572987, 60.000039362114201 ], [ -124.062499912985047, 60.000046138587393 ], [ -124.074999915683208, 60.000051661653416 ], [ -124.087499947791073, 60.000055977458942 ], [ -124.09999995723588, 60.000059039861178 ], [ -124.112499994177426, 60.000060894996984 ], [ -124.125000032092089, 60.000061519796255 ], [ -124.137499998377862, 60.000060904017836 ], [ -124.150000035338067, 60.000059068151046 ], [ -124.162500044762382, 60.00005597889318 ], [ -124.175000076901043, 60.000051682356663 ], [ -124.187500079554624, 60.000046132435017 ], [ -124.200000103009629, 60.000039375230834 ], [ -124.212500095030435, 60.000031364648031 ], [ -124.225000059932881, 60.000022159629857 ], [ -124.237500037463903, 60.000011688394281 ], [ -124.250000006294712, 59.99999998683311 ], [ -124.262499972324818, 60.00001168123628 ], [ -124.274999947049494, 60.000022145314411 ], [ -124.280458246580778, 60.000026331141335 ], [ -124.287499929503255, 60.000031379066243 ], [ -124.299999893008717, 60.000039359463727 ], [ -124.312499888015054, 60.000046132562353 ], [ -124.324999933820365, 60.000051662445188 ], [ -124.337499937521244, 60.000055974880311 ], [ -124.34999994412361, 60.00005905698508 ], [ -124.362499998613217, 60.000060895858965 ], [ -124.375000008116928, 60.000061517297574 ], [ -124.387500017625555, 60.000060908405189 ], [ -124.400000072109691, 60.000059056268093 ], [ -124.412500078726524, 60.000055986709548 ], [ -124.425000082451703, 60.00005168682064 ], [ -124.437500056508512, 60.000046133602822 ], [ -124.450000097460617, 60.000039360125626 ], [ -124.462500086703628, 60.000031369247388 ], [ -124.47500006919293, 60.000022148041758 ], [ -124.487500043962982, 60.000011696509851 ], [ -124.49999998419203, 59.99999999166652 ], [ -124.512499951339578, 60.000011698468889 ], [ -124.524999947202346, 60.000022139005807 ], [ -124.53749990489554, 60.000031362175747 ], [ -124.549999895236382, 60.000039377999329 ], [ -124.562499911353669, 60.000046127548217 ], [ -124.574999912330441, 60.000051682711899 ], [ -124.587499937124406, 60.000055971595444 ], [ -124.599999944875066, 60.000059066096533 ], [ -124.612499974483654, 60.000060894312711 ], [ -124.624999985146076, 60.00006152814975 ], [ -124.637500015707175, 60.000060895697651 ], [ -124.650000071253672, 60.000059055866238 ], [ -124.662500053070758, 60.000055975750243 ], [ -124.675000103794602, 60.000051675246347 ], [ -124.687500078850192, 60.00004613447291 ], [ -124.7000001208893, 60.000039373298556 ], [ -124.712500085321366, 60.000031371870278 ], [ -124.725000042991439, 60.000022140119498 ], [ -124.737500064760027, 60.000011687949502 ], [ -124.750000006013465, 59.99999999555007 ], [ -124.762499952074705, 60.000011684869655 ], [ -124.774999906826494, 60.000022143868151 ], [ -124.787499915081469, 60.000031359490578 ], [ -124.799999910385324, 60.000039380763766 ], [ -124.812499931187588, 60.000046135722258 ], [ -124.824999911045424, 60.000051673413694 ], [ -124.837499940523941, 60.000055967707539 ], [ -124.849999953245657, 60.000059067656949 ], [ -124.862499987547324, 60.000060901281529 ], [ -124.87499997706287, 60.000061517655332 ], [ -124.887500012316536, 60.000060890612346 ], [ -124.900000072739786, 60.000059056137822 ], [ -124.912500059360354, 60.00005598151921 ], [ -124.92500008880701, 60.000051663470963 ], [ -124.937500094837048, 60.000046151092299 ], [ -124.950000115589461, 60.000039372376847 ], [ -124.962500084833124, 60.000031376444703 ], [ -124.975000047319114, 60.000022150189118 ], [ -124.987500047777857, 60.000011680485429 ], [ -124.999999993846828, 59.999999993581881 ], [ -125.012499948366795, 60.000011681819366 ], [ -125.024999911576487, 60.000022139734085 ], [ -125.037499882510431, 60.00003136732478 ], [ -125.049999932125502, 60.000039374315698 ], [ -125.06249991561522, 60.000046141248113 ], [ -125.074999903932621, 60.000051677853634 ], [ -125.087499941766936, 60.000055970969917 ], [ -125.099999936838032, 60.000059046915318 ], [ -125.112500005781726, 60.000060902222209 ], [ -125.123028067409123, 60.000061491329795 ], [ -125.125000003753385, 60.00006151750344 ], [ -125.137500001725115, 60.000060902455921 ], [ -125.150000044360311, 60.000059043895597 ], [ -125.162500065763481, 60.000055991036739 ], [ -125.175000103564656, 60.000051671803838 ], [ -125.187500091880153, 60.000046135432022 ], [ -125.200000075368152, 60.000039368733319 ], [ -125.212500098666055, 60.000031358501936 ], [ -125.225000069597272, 60.000022131147531 ], [ -125.237500059191149, 60.000011696303787 ], [ -125.250000013717695, 60.000000008299985 ], [ -125.262499980233272, 60.000011689224571 ], [ -125.27499990985585, 60.000022153053045 ], [ -125.28749989277911, 60.0000313733306 ], [ -125.299999882455367, 60.000039363280649 ], [ -125.312499904359555, 60.000046145721363 ], [ -125.324999904654206, 60.000051675011136 ], [ -125.337499908805327, 60.000055973970987 ], [ -125.349999942314682, 60.000059065411698 ], [ -125.362499951291056, 60.00006090370772 ], [ -125.375000033247986, 60.00006152121388 ], [ -125.387500043182314, 60.000060898840722 ], [ -125.400000052145458, 60.000059046136542 ], [ -125.412500085683988, 60.000055985899785 ], [ -125.425000089817146, 60.000051672531789 ], [ -125.437500090082565, 60.000046128833866 ], [ -125.450000112053601, 60.000039377597091 ], [ -125.462500101695895, 60.000031373238883 ], [ -125.475000084573878, 60.000022138553213 ], [ -125.487500014233589, 60.000011686846371 ], [ -125.499999980691697, 59.999999991513668 ], [ -125.51249994368311, 60.000011695353727 ], [ -125.52499993425684, 60.000022132776017 ], [ -125.53749991367259, 60.000031375964085 ], [ -125.549999873248922, 60.000039366055901 ], [ -125.562499910689354, 60.000046135259986 ], [ -125.574999907507276, 60.000051687463085 ], [ -125.587499927009176, 60.000055973234332 ], [ -125.599999976037807, 60.000059051431123 ], [ -125.612499981563047, 60.000060912638808 ], [ -125.625000006833204, 60.000061507407992 ], [ -125.637500013334474, 60.000060907953092 ], [ -125.650000064303072, 60.000059064804454 ], [ -125.662500041236427, 60.00005598193875 ], [ -125.675000087377413, 60.000051678119455 ], [ -125.687500057544739, 60.000046134598186 ], [ -125.700000094995985, 60.000039370110294 ], [ -125.71250008126168, 60.000031388671431 ], [ -125.725000079434679, 60.000022140782846 ], [ -125.737500051228025, 60.000011698689626 ], [ -125.749999987590868, 60.000000003544507 ], [ -125.762499969499885, 60.000011688733153 ], [ -125.774999914728326, 60.000022157001737 ], [ -125.787499913051803, 60.000031381537283 ], [ -125.799999918131647, 60.000039375742332 ], [ -125.812499929002314, 60.000046139615918 ], [ -125.824999944698263, 60.000051673157188 ], [ -125.837499918912314, 60.000055989795918 ], [ -125.849999941367571, 60.000059062675263 ], [ -125.86249996575161, 60.000060905220792 ], [ -125.874999991098804, 60.00006151743225 ], [ -125.887500016443667, 60.000060899309602 ], [ -125.900000040820714, 60.000059050852897 ], [ -125.912500063264403, 60.000055972062349 ], [ -125.925000082809149, 60.000051662938361 ], [ -125.937500098489508, 60.000046123481432 ], [ -125.950000064045739, 60.000039367162749 ], [ -125.962500069105957, 60.00003136704651 ], [ -125.975000067405247, 60.000022136599767 ], [ -125.987500012699712, 60.000011689307534 ], [ -125.99999999458575, 59.999999998207691 ], [ -126.01249998020505, 60.000011695761224 ], [ -126.024999947572297, 60.000022140316553 ], [ -126.037499904354192, 60.000031390715399 ], [ -126.049999886197611, 60.000039374621771 ], [ -126.062499900799622, 60.000046150862573 ], [ -126.074999893251871, 60.00005167411166 ], [ -126.087499916549447, 60.000055989688413 ], [ -126.099999960979119, 60.000059038753619 ], [ -126.112499989104933, 60.000060893659828 ], [ -126.125000018203636, 60.000061518231242 ], [ -126.137500020280513, 60.0000608898224 ], [ -126.14077884781139, 60.000060533738697 ], [ -126.150000048419585, 60.000059053726794 ], [ -126.162500074634977, 60.000055987296662 ], [ -126.175000070905341, 60.000051667894887 ], [ -126.187500090367905, 60.000046140799519 ], [ -126.20000007793665, 60.000039360739031 ], [ -126.21250008678436, 60.000031372981084 ], [ -126.225000088880734, 60.000022154891873 ], [ -126.237500056160144, 60.000011683848413 ], [ -126.245170633185325, 60.000004643649689 ], [ -126.249999969572755, 59.999999996058769 ], [ -126.262499962481101, 60.00001170126432 ], [ -126.274999936965742, 60.000022153523474 ], [ -126.287499919170116, 60.000031375456381 ], [ -126.299999908128825, 60.000039367061945 ], [ -126.312499902876311, 60.000046128339207 ], [ -126.32499992960939, 60.000051681892778 ], [ -126.337499933046772, 60.000055982508478 ], [ -126.349999939376346, 60.000059052793901 ], [ -126.362499974821574, 60.000060915346047 ], [ -126.374999984047889, 60.000061524967265 ], [ -126.387500038377965, 60.000060890631303 ], [ -126.400000073840289, 60.00005906217558 ], [ -126.400532683878936, 60.000058949369269 ], [ -126.402419273580676, 60.000058560393121 ], [ -126.412500080160498, 60.000055980797214 ], [ -126.425000083579761, 60.000051669088535 ], [ -126.437500083132591, 60.000046127050105 ], [ -126.450000105104422, 60.000039377261196 ], [ -126.46250009403667, 60.000031374562667 ], [ -126.475000076205902, 60.000022141536824 ], [ -126.487500050646645, 60.000011678184741 ], [ -126.499999971333509, 59.999999998173877 ], [ -126.512499947707113, 60.000011684107314 ], [ -126.524999932768637, 60.000022139713685 ], [ -126.537499925552638, 60.000031364991742 ], [ -126.549999925093545, 60.000039359940352 ], [ -126.562499885392782, 60.000046138246958 ], [ -126.574999895556346, 60.000051672538433 ], [ -126.587499909580288, 60.000055976498054 ], [ -126.599999926499081, 60.000059050125316 ], [ -126.612499972713252, 60.000060915963516 ], [ -126.624999992534001, 60.000061528922373 ], [ -126.637500012353016, 60.000060911548196 ], [ -126.649113420820854, 60.000059248846888 ], [ -126.650000031204769, 60.000059063841057 ], [ -126.654357990376809, 60.000058118662558 ], [ -126.65438834592311, 60.000058128370043 ], [ -126.654418863845819, 60.000058119442137 ], [ -126.662500048123746, 60.000055985801175 ], [ -126.675000062144377, 60.000051677428928 ], [ -126.687500072301233, 60.000046138724827 ], [ -126.700000077628701, 60.000039369689546 ], [ -126.712500077161295, 60.000031370323867 ], [ -126.7250000699335, 60.000022140628765 ], [ -126.737500054979819, 60.000011680605347 ], [ -126.749999986382448, 60.000000004009628 ], [ -126.762499976711709, 60.000011689292535 ], [ -126.774999930786933, 60.000022158009266 ], [ -126.787499910041177, 60.000031360129832 ], [ -126.799999878602065, 60.000039368199275 ], [ -126.812499897889964, 60.000046132167554 ], [ -126.824999922003258, 60.000051665801891 ], [ -126.837499949976376, 60.000055969101638 ], [ -126.849999935934747, 60.000059055856404 ], [ -126.862499968736429, 60.000060898489949 ], [ -126.875000002501366, 60.000061510787788 ], [ -126.887500036264086, 60.000060892749858 ], [ -126.900000024171547, 60.000059058184036 ], [ -126.91250005503862, 60.000055979479313 ], [ -126.925000083006793, 60.000051670439483 ], [ -126.937500107110623, 60.000046131065062 ], [ -126.950000081518851, 60.000039375182183 ], [ -126.962500095002838, 60.000031375145106 ], [ -126.975000056871053, 60.000022158610186 ], [ -126.987500055873113, 60.000011697914282 ], [ -126.999999973699516, 59.999999998271974 ], [ -127.012499936421804, 60.000011693119248 ], [ -127.024999952672133, 60.000022143790176 ], [ -127.037499931813358, 60.000031377983028 ], [ -127.049999917718523, 60.00003938184912 ], [ -127.062499881738219, 60.000046132941385 ], [ -127.074999923077229, 60.000051662284392 ], [ -127.087499923466765, 60.000055975163434 ], [ -127.099999926758173, 60.000059057712789 ], [ -127.112499976780924, 60.000060896049227 ], [ -127.124999982974018, 60.000061517933837 ], [ -127.137500033956513, 60.00006089559642 ], [ -127.150000039189152, 60.000059056815978 ], [ -127.162500087269265, 60.000055973805004 ], [ -127.175000087679351, 60.000051674360407 ], [ -127.187500084232653, 60.000046144586641 ], [ -127.200000120720446, 60.000039370570633 ], [ -127.212500106658055, 60.000031380136249 ], [ -127.225000058044074, 60.000022136964461 ], [ -127.237500029500623, 60.000011685880423 ], [ -127.249999992272805, 60.000000004471971 ], [ -127.262499975538972, 60.000011691846545 ], [ -127.274999922770149, 60.000022162832828 ], [ -127.287499894612225, 60.000031367156723 ], [ -127.299999901045794, 60.000039363549561 ], [ -127.31249991327185, 60.000046129610645 ], [ -127.324999930324935, 60.000051665339186 ], [ -127.337499951239536, 60.000055970734486 ], [ -127.346757885720194, 60.000058369169622 ], [ -127.349999930358848, 60.00005905976262 ], [ -127.35394275711802, 60.000059761761257 ], [ -127.353964651284002, 60.000059791557376 ], [ -127.35398660694014, 60.000059771031466 ], [ -127.362499956105324, 60.000060904494525 ], [ -127.374999982816746, 60.000061518892082 ], [ -127.387500009527571, 60.00006090295529 ], [ -127.392078148146226, 60.000060374701917 ], [ -127.400000035272242, 60.000059056684137 ], [ -127.412500059085261, 60.000055980078926 ], [ -127.415678039800241, 60.00005498784089 ], [ -127.425000080001112, 60.000051673139964 ], [ -127.43750009705424, 60.000046135867784 ], [ -127.450000109279131, 60.000039368263067 ], [ -127.462500071068419, 60.000031384332701 ], [ -127.475000070745793, 60.000022156069846 ], [ -127.487500034715751, 60.00001167512432 ], [ -127.499999973344003, 60.000000000225405 ], [ -127.512499935656123, 60.000011691240928 ], [ -127.524999951274523, 60.000022137904097 ], [ -127.537499929999527, 60.000031368265375 ], [ -127.549999915485415, 60.000039368300001 ], [ -127.562499906766718, 60.000046138007015 ], [ -127.574999902877877, 60.000051677385599 ], [ -127.587499947440236, 60.000055972385077 ], [ -127.599999950309083, 60.000059051100557 ], [ -127.612499955111247, 60.00006089948608 ], [ -127.625000005451469, 60.00006150347825 ], [ -127.637500011218179, 60.00006089119892 ], [ -127.650000044118229, 60.000059070906509 ], [ -127.660333322894004, 60.000056607685735 ], [ -127.660409760310642, 60.000056572227273 ], [ -127.660486225831022, 60.000056559037596 ], [ -127.662500091555387, 60.000055983887911 ], [ -127.670419474612629, 60.000053380105875 ], [ -127.674166347948699, 60.000051989889357 ], [ -127.675000091538976, 60.000051680611648 ], [ -127.686746361187048, 60.000046509635489 ], [ -127.687500087662741, 60.000046147006294 ], [ -127.691318002738626, 60.000044219680788 ], [ -127.693577897205429, 60.000043006416263 ], [ -127.693634282868985, 60.000042958630921 ], [ -127.700000078961139, 60.000039383072519 ], [ -127.71250010900026, 60.000031374717246 ], [ -127.725000087745897, 60.000022150124785 ], [ -127.725068149429561, 60.000022105770626 ], [ -127.731883129723712, 60.000016567983792 ], [ -127.733496700632202, 60.000015186361054 ], [ -127.737500058769641, 60.000011695206787 ], [ -127.749999992939422, 59.999999987669504 ], [ -127.762499937576507, 60.000011679945345 ], [ -127.774999963594524, 60.00002215007401 ], [ -127.787499924655151, 60.000031381699806 ], [ -127.7999998924777, 60.000039383002417 ], [ -127.812499910583924, 60.000046139851968 ], [ -127.824999933509929, 60.000051666367824 ], [ -127.837499915813993, 60.000055976686966 ], [ -127.849999973725147, 60.000059064810706 ], [ -127.856470648929275, 60.000060161854002 ], [ -127.862500005331682, 60.00006090032366 ], [ -127.867676653418329, 60.000061310646593 ], [ -127.867843849047418, 60.000061308956838 ], [ -127.867945355020183, 60.000061329718633 ], [ -127.874999993436319, 60.000061519651929 ], [ -127.878330569044053, 60.00006146396538 ], [ -127.887500025998264, 60.000060894498233 ], [ -127.892854054871052, 60.000060258957468 ], [ -127.89308723098415, 60.000060220903357 ], [ -127.900000013138339, 60.000059053168634 ], [ -127.912500071073836, 60.000055989607446 ], [ -127.915952113984162, 60.000054918427125 ], [ -127.919643134389958, 60.000053662313711 ], [ -127.925000097833404, 60.000051673449754 ], [ -127.931215263125821, 60.000049078924839 ], [ -127.932635069223878, 60.000048434744095 ], [ -127.935473000524681, 60.000047103093117 ], [ -127.937500076291215, 60.000046141130355 ], [ -127.950000094350926, 60.000039364308975 ], [ -127.962500062188994, 60.000031371336121 ], [ -127.96930303880093, 60.000026503428266 ], [ -127.975000067686793, 60.000022133854287 ], [ -127.987500021043076, 60.000011680231793 ], [ -127.999999965712988, 59.999999996288494 ], [ -128.012499968660137, 60.000011695851015 ], [ -128.024999951947137, 60.000022142847499 ], [ -128.037499898562601, 60.00003137372363 ], [ -128.049999896321054, 60.000039360067412 ], [ -128.062499928249082, 60.000046138306573 ], [ -128.074999936620003, 60.000051663986696 ], [ -128.087499932882054, 60.00005599578023 ], [ -128.099999948008985, 60.000059060798414 ], [ -128.112499965058475, 60.000060895484197 ], [ -128.125000011493597, 60.000061522048796 ], [ -128.137500029500359, 60.000060896066501 ], [ -128.150000074979118, 60.000059061957408 ], [ -128.151115551834465, 60.00005884486874 ], [ -128.162500090081039, 60.000055975307333 ], [ -128.175000057952076, 60.000051672580916 ], [ -128.187500094756103, 60.000046147469092 ], [ -128.20000017105599, 60.000039377756437 ], [ -128.200104148968592, 60.000047745639826 ], [ -128.210228851281528, 60.000034453899808 ], [ -128.212500095963406, 60.000031361853324 ], [ -128.225000071093973, 60.000022160013508 ], [ -128.237500054311312, 60.000011691385147 ], [ -128.249999984538334, 60.000000006711936 ], [ -128.262499947769157, 60.000011681540414 ], [ -128.274999948212297, 60.000022148222186 ], [ -128.287499927844749, 60.000031362397642 ], [ -128.299999898506144, 60.000039382717681 ], [ -128.312499890683853, 60.000046136240051 ], [ -128.324999916246554, 60.000051681600382 ], [ -128.337499917101809, 60.000055974462065 ], [ -128.349999949428422, 60.000059059154907 ], [ -128.362499983693056, 60.000060913511945 ], [ -128.374999990327495, 60.000061515377737 ], [ -128.387500025562872, 60.000060909065532 ], [ -128.400000031219605, 60.000059050267687 ], [ -128.400562987297292, 60.000058949110795 ], [ -128.405710513585234, 60.000057809475663 ], [ -128.406318546992907, 60.000057651981258 ], [ -128.412500063563613, 60.000055983286558 ], [ -128.422166858299448, 60.000052753923043 ], [ -128.425000064380527, 60.000051663825964 ], [ -128.430657781516402, 60.00004931723609 ], [ -128.437500089971053, 60.000046136177332 ], [ -128.450000110740888, 60.000039378194451 ], [ -128.462500097061053, 60.000031367742622 ], [ -128.470179466081504, 60.000025844086103 ], [ -128.475000061093226, 60.000022163456919 ], [ -128.487500032924032, 60.00001169235405 ], [ -128.499999996054726, 59.999999990926739 ], [ -128.512499979753073, 60.000011684089543 ], [ -128.52499992797658, 60.000022161301445 ], [ -128.536583328577279, 60.000030733680262 ], [ -128.537499899386802, 60.000031371691712 ], [ -128.545243969558214, 60.000036455659696 ], [ -128.545724273636239, 60.000036763232004 ], [ -128.54572766347485, 60.000036760537938 ], [ -128.549999906266464, 60.000039373872546 ], [ -128.562499918943189, 60.000046145721555 ], [ -128.562719973881485, 60.000046254402655 ], [ -128.574999907709895, 60.000051665127778 ], [ -128.587499929075534, 60.000055976313675 ], [ -128.588125802733543, 60.00005614887516 ], [ -128.593641761751343, 60.000057638290627 ], [ -128.593642097457206, 60.000057654706858 ], [ -128.599999953341722, 60.00005905716575 ], [ -128.612499979542918, 60.000060907683618 ], [ -128.625000006713549, 60.000061527867103 ], [ -128.637500005103135, 60.000060895620116 ], [ -128.650000031307457, 60.000059055137548 ], [ -128.662500055584673, 60.000055984320767 ], [ -128.675000076969241, 60.000051683170177 ], [ -128.687500094495618, 60.000046151686291 ], [ -128.699634191908672, 60.000039591665725 ], [ -128.699808836110776, 60.000039486683612 ], [ -128.699816945215332, 60.000039479010006 ], [ -128.70000007837001, 60.000039367787956 ], [ -128.712500085274854, 60.000031375642429 ], [ -128.713726626531553, 60.000030514815585 ], [ -128.725000085424938, 60.000022153166015 ], [ -128.72827567146382, 60.000019529792695 ], [ -128.731704583589959, 60.000016692932633 ], [ -128.731742075009606, 60.000016668086715 ], [ -128.731779990354909, 60.000016630381886 ], [ -128.737500049000573, 60.000011678286555 ], [ -128.749999988669373, 60.000000009610474 ], [ -128.762499967442011, 60.000011697996847 ], [ -128.774999926024265, 60.00002213399091 ], [ -128.787499921202453, 60.000031361723778 ], [ -128.799999923139524, 60.00003935912676 ], [ -128.804728153451435, 60.000042090506945 ], [ -128.812499886831631, 60.000046140676325 ], [ -128.824999899395493, 60.000051677421119 ], [ -128.837499915821667, 60.000055983833569 ], [ -128.849999935144609, 60.000059059913191 ], [ -128.862499956398807, 60.000060905659588 ], [ -128.874999978618746, 60.00006152107256 ], [ -128.887500000838799, 60.000060906152015 ], [ -128.88894560353495, 60.000060749512713 ], [ -128.900000022093593, 60.000059060898039 ], [ -128.900927713102334, 60.000058871683578 ], [ -128.912500041417502, 60.000055985310851 ], [ -128.925000057845011, 60.000051679390808 ], [ -128.937500070410636, 60.000046143138455 ], [ -128.950000078148832, 60.000039376554426 ], [ -128.962500080094088, 60.000031379639545 ], [ -128.97500007528086, 60.00002215239477 ], [ -128.987500062743635, 60.000011694821175 ], [ -128.999999968528186, 59.999999999449031 ], [ -129.012499945462054, 60.000011682489735 ], [ -129.024999931081595, 60.00002213520326 ], [ -129.037499924421297, 60.000031357588341 ], [ -129.049999880585602, 60.000039364203623 ], [ -129.052517115451224, 60.00004083533522 ], [ -129.052529621835248, 60.000040834527795 ], [ -129.05276353108539, 60.00004097366719 ], [ -129.0624999155539, 60.000046147932153 ], [ -129.074999926275353, 60.000051679327377 ], [ -129.08749994085494, 60.000055980390634 ], [ -129.099999958327061, 60.000059051121411 ], [ -129.112499977726202, 60.000060891519354 ], [ -129.124999998086906, 60.000061501584192 ], [ -129.13750004757452, 60.000060903297886 ], [ -129.150000066970335, 60.000059052693665 ], [ -129.162500084431059, 60.000055971756602 ], [ -129.175000055118318, 60.000051675089964 ], [ -129.187500065818114, 60.000046133492781 ], [ -129.200000100860251, 60.000039383531906 ], [ -129.212500100939877, 60.000031381270063 ], [ -129.225000094256842, 60.000022148678688 ], [ -129.237500036001478, 60.000011700383382 ], [ -129.250000012902376, 60.000000007140734 ], [ -129.262499947259499, 60.000011699253697 ], [ -129.274999934136332, 60.00002214641043 ], [ -129.287499928729005, 60.00003136323847 ], [ -129.299999886256472, 60.000039364382829 ], [ -129.301853334057256, 60.000040460654439 ], [ -129.31249992264145, 60.000046142496409 ], [ -129.324999934602772, 60.000051668333818 ], [ -129.337499906619598, 60.000055978498025 ], [ -129.349999954606005, 60.000059065607921 ], [ -129.362499975246322, 60.000060900448737 ], [ -129.374999996843826, 60.000061504956243 ], [ -129.387500047736097, 60.000060901054823 ], [ -129.400000024590469, 60.000059059573303 ], [ -129.41250004328063, 60.000055973082446 ], [ -129.425000088394853, 60.000051678174657 ], [ -129.437500100318204, 60.000046131015992 ], [ -129.450000063659218, 60.000039368223575 ], [ -129.462500094305597, 60.000031382314077 ], [ -129.475000088838812, 60.000022144164795 ], [ -129.487500031910429, 60.000011690397535 ], [ -129.500000010018823, 59.999999991596489 ], [ -129.512499948823688, 60.000011678392212 ], [ -129.524999925714866, 60.000022156760934 ], [ -129.537499924645999, 60.000031368185262 ], [ -129.54999988662297, 60.000039364011158 ], [ -129.562499927509947, 60.000046136661553 ], [ -129.574999900108367, 60.000051671833468 ], [ -129.58749994969142, 60.000055983814008 ], [ -129.599999929049261, 60.000059058329285 ], [ -129.61249998346625, 60.000060909637902 ], [ -129.625000009386923, 60.000061508737069 ], [ -129.637500021110242, 60.000060914130906 ], [ -129.650000046054544, 60.000059052563053 ], [ -129.662500098547298, 60.000055982522063 ], [ -129.675000075005016, 60.000051675059012 ], [ -129.687500091236075, 60.000046122492002 ], [ -129.696811326216817, 60.000041209067277 ], [ -129.700000088514088, 60.000039376228472 ], [ -129.712500094113551, 60.000031362998897 ], [ -129.725000078857732, 60.000022156077343 ], [ -129.737500026350261, 60.000011696985695 ], [ -129.750000008759599, 59.999999992773404 ], [ -129.762499955111878, 60.00001167476595 ], [ -129.774999939718242, 60.00002214827196 ], [ -129.787499902483262, 60.000031369618014 ], [ -129.799999901588535, 60.000039382469353 ], [ -129.812499920482708, 60.000046128342113 ], [ -129.824999930218979, 60.000051680530675 ], [ -129.837499914217545, 60.000055980567396 ], [ -129.849999974289574, 60.000059057259527 ], [ -129.862499963108888, 60.000060896635773 ], [ -129.875000026076094, 60.000061512652408 ], [ -129.887500015854073, 60.000060891367269 ], [ -129.900000034316633, 60.000059061560549 ], [ -129.912500064728874, 60.00005596476192 ], [ -129.92500007837404, 60.000051674288898 ], [ -129.937500088169458, 60.000046153484064 ], [ -129.950000106974784, 60.000039365684771 ], [ -129.962500076461993, 60.000031362426284 ], [ -129.975000068891973, 60.000022150632233 ], [ -129.987500023895365, 60.00001168672491 ], [ -129.99999999992761, 60.000000014278534 ], [ -130.01249995694377, 60.000011692344444 ], [ -130.024999922641683, 60.00002214008709 ], [ -130.037499925804838, 60.000031379278553 ], [ -130.049999905978297, 60.000039366368156 ], [ -130.062499921703051, 60.000046144898654 ], [ -130.074999912490028, 60.000051671331349 ], [ -130.087499936914355, 60.000055989197655 ], [ -130.099999934452711, 60.000059054970833 ], [ -130.11249996371447, 60.000060912170859 ], [ -130.125000007574727, 60.000061502353567 ], [ -130.137500037805978, 60.000060898882147 ], [ -130.15000003725504, 60.000059043328761 ], [ -130.162500064599556, 60.000055979190471 ], [ -130.175000089056653, 60.000051684717747 ], [ -130.187500079809411, 60.000046138172976 ], [ -130.200000095586603, 60.000039383036039 ], [ -130.212500075711375, 60.000031375834411 ], [ -130.225000049069621, 60.00002213830718 ], [ -130.237500044581338, 60.000011692181815 ], [ -130.250000001518458, 59.999999994003886 ], [ -130.262499928946738, 60.000011684355933 ], [ -130.274999938339533, 60.000022151127354 ], [ -130.287499925543898, 60.000031365851065 ], [ -130.299999876146614, 60.000039365235715 ], [ -130.307502836466313, 60.000043586434437 ], [ -130.312499905825291, 60.000046141014799 ], [ -130.324999910393416, 60.000051664752142 ], [ -130.337499948767373, 60.000055979861528 ], [ -130.349999960082698, 60.000059042933884 ], [ -130.362499959968858, 60.000060912382111 ], [ -130.374999974175097, 60.0000615147923 ], [ -130.387500018359134, 60.000060908561551 ], [ -130.400000031588348, 60.000059050305012 ], [ -130.412500072881301, 60.000055983401936 ], [ -130.425000081271406, 60.000051664479528 ], [ -130.437500115811162, 60.000046136905574 ], [ -130.450000072220405, 60.000039372359822 ], [ -130.462500096150791, 60.000031384121904 ], [ -130.475000083282254, 60.000022143879434 ], [ -130.487500019417638, 60.000011688362946 ], [ -130.499999990121154, 59.999999987471597 ], [ -130.512499964690676, 60.000011698480051 ], [ -130.524999917886532, 60.000022157503302 ], [ -130.537499922045754, 60.000031371134284 ], [ -130.549999889720425, 60.000039369508087 ], [ -130.56249990641561, 60.000046122479041 ], [ -130.574999914822286, 60.000051681846202 ], [ -130.587499940199876, 60.000055974150918 ], [ -130.599999925254451, 60.000059051212531 ], [ -130.612499985584577, 60.000060904489679 ], [ -130.62500001673709, 60.000061505790924 ], [ -130.637500034845544, 60.000060913492952 ], [ -130.650000065025154, 60.000059054125011 ], [ -130.662500050083793, 60.000055979534871 ], [ -130.675000105603146, 60.000051681124503 ], [ -130.687500083907622, 60.000046145875451 ], [ -130.700000100546703, 60.000039365175965 ], [ -130.712500068226461, 60.000031369273621 ], [ -130.725000102515025, 60.000022149525158 ], [ -130.737500055716453, 60.000011692970403 ], [ -130.75000000022925, 60.00000000609483 ], [ -130.762499965011614, 60.000011696394481 ], [ -130.774999938485308, 60.000022156369354 ], [ -130.787499919684876, 60.000031386018172 ], [ -130.799999907644775, 60.000039385339861 ], [ -130.812499901399519, 60.00004615433344 ], [ -130.82499994308543, 60.000051677830136 ], [ -130.837499945527327, 60.000055986161001 ], [ -130.849999950867527, 60.000059064161746 ], [ -130.862500001224447, 60.00006089665137 ], [ -130.87500000945866, 60.000061513986751 ], [ -130.887500017694606, 60.000060900991365 ], [ -130.900000024966687, 60.00005905766529 ], [ -130.912500073369586, 60.000055968811125 ], [ -130.925000075811482, 60.000051664820283 ], [ -130.937500074393029, 60.000046130499847 ], [ -130.950000068148682, 60.000039365850498 ], [ -130.962500056112845, 60.000031370873046 ], [ -130.975000037320115, 60.000022145568444 ], [ -130.9859839734643, 60.000013028200165 ], [ -130.987500053829194, 60.00001167471477 ], [ -130.999999975601781, 60.000000003982393 ], [ -131.012499963918771, 60.000011697558989 ], [ -131.024999930509438, 60.000022139266775 ], [ -131.037499935240334, 60.000031372186271 ], [ -131.049999873302539, 60.000039368484813 ], [ -131.062499890591312, 60.000046140747024 ], [ -131.074999912711974, 60.000051682675704 ], [ -131.085439243257497, 60.000055354076224 ], [ -131.087499938698983, 60.000055994270156 ], [ -131.099999937115854, 60.000059054008489 ], [ -131.103628622954318, 60.00005972325858 ], [ -131.112499967930603, 60.000060904936113 ], [ -131.124999999715072, 60.000061525528452 ], [ -131.13750000100751, 60.000060894272963 ], [ -131.150000031826607, 60.000059054197557 ], [ -131.162500060718827, 60.000055983787085 ], [ -131.175000086718768, 60.00005168304186 ], [ -131.187500078330771, 60.000046130462053 ], [ -131.187902569949529, 60.000045928031085 ], [ -131.191176250118787, 60.000044282754317 ], [ -131.193469987124445, 60.000043068560572 ], [ -131.200000095641059, 60.000039369052082 ], [ -131.20314411159697, 60.00003747840465 ], [ -131.212500107162441, 60.000031377309369 ], [ -131.225000081374077, 60.000022133743478 ], [ -131.237500035508219, 60.00001169664894 ], [ -131.249999993295205, 59.999999992436216 ], [ -131.262499934985897, 60.000011685801084 ], [ -131.274999928256818, 60.00002213352542 ], [ -131.287499916961025, 60.000031387720647 ], [ -131.299999924713347, 60.000039374785224 ], [ -131.312499895382473, 60.000046146850735 ], [ -131.324999913745756, 60.000051673254717 ], [ -131.337499935963194, 60.000055969325231 ], [ -131.349999948858567, 60.000059071868613 ], [ -131.362499975902239, 60.000060907271994 ], [ -131.375000003903523, 60.000061512340793 ], [ -131.387500031896877, 60.000060887074945 ], [ -131.400000046763807, 60.000059068286205 ], [ -131.412500071859171, 60.000055982352627 ], [ -131.425000094050034, 60.000051666085085 ], [ -131.437500069562674, 60.000046134859183 ], [ -131.450000083054022, 60.00003935792958 ], [ -131.46250007866351, 60.000031387485635 ], [ -131.475000079601614, 60.000022149894207 ], [ -131.487500030023625, 60.000011697364805 ], [ -131.500000014538045, 59.999999999119005 ], [ -131.512499955669028, 60.000011680203158 ], [ -131.524999936241528, 60.000022152386144 ], [ -131.537499893783632, 60.000031372825767 ], [ -131.549999931606891, 60.000039368942772 ], [ -131.562499901692092, 60.000046128729224 ], [ -131.574999907390406, 60.000051679598272 ], [ -131.587499959697794, 60.000055984710677 ], [ -131.59999994136345, 60.00005905351226 ], [ -131.612499998494485, 60.000060897951734 ], [ -131.625000013872636, 60.000061527488974 ], [ -131.637499998429064, 60.000060905302362 ], [ -131.650000055561293, 60.000059058731715 ], [ -131.662500037212482, 60.000055975886056 ], [ -131.675000089513048, 60.00005166864247 ], [ -131.687500095263459, 60.000046146518741 ], [ -131.700000065322598, 60.000039372688221 ], [ -131.712500103141451, 60.000031374440027 ], [ -131.725000060640127, 60.000022139956336 ], [ -131.737500041309232, 60.000011696518655 ], [ -131.7499999823915, 60.000000001390404 ], [ -131.762499957002262, 60.000011695084652 ], [ -131.774999940307083, 60.000022158452147 ], [ -131.7874999004068, 60.000031370136483 ], [ -131.799999898194756, 60.000039372849969 ], [ -131.812499901780257, 60.000046145233426 ], [ -131.824999910197704, 60.000051687286032 ], [ -131.837499965095901, 60.000055983497489 ], [ -131.849999949299161, 60.000059043542379 ], [ -131.862499966404954, 60.000060894597901 ], [ -131.874999984480638, 60.000061515320802 ], [ -131.887500002560671, 60.000060905711024 ], [ -131.900000062263416, 60.000059050238008 ], [ -131.912500077449522, 60.000055979959008 ], [ -131.925000089743406, 60.000051679347962 ], [ -131.937500098179527, 60.000046148405431 ], [ -131.950000070749923, 60.00003936581647 ], [ -131.962500068565674, 60.000031374216093 ], [ -131.975000059627121, 60.000022152286618 ], [ -131.987500042968747, 60.000011700029155 ], [ -131.999999986549199, 59.999999996141653 ], [ -132.012499967097824, 60.000011684905317 ], [ -132.024999956336643, 60.000022143341091 ], [ -132.037499910783396, 60.0000313870244 ], [ -132.049999883402791, 60.000039363513871 ], [ -132.062499892916776, 60.000046130966297 ], [ -132.074999907258871, 60.000051668086698 ], [ -132.083228596803167, 60.000054646925769 ], [ -132.087499925463561, 60.000055974874435 ], [ -132.099999946565305, 60.000059051328947 ], [ -132.105869123996229, 60.000060065814345 ], [ -132.105934174434509, 60.000060061133141 ], [ -132.109007313343596, 60.000060490566376 ], [ -132.112499969598616, 60.00006089744992 ], [ -132.115741792343016, 60.000061176320635 ], [ -132.11712817948407, 60.000061284775676 ], [ -132.124999993597925, 60.0000615132371 ], [ -132.137500017597745, 60.000060898690421 ], [ -132.150000040632506, 60.000059053809963 ], [ -132.162500061736694, 60.000055978595938 ], [ -132.175000079944795, 60.000051673048709 ], [ -132.187500094291266, 60.000046137168809 ], [ -132.200000103810595, 60.000039370956891 ], [ -132.212500107537295, 60.000031374413759 ], [ -132.225000104505796, 60.000022147540392 ], [ -132.237500020097457, 60.000011684736364 ], [ -132.246826474342129, 60.000003087925968 ], [ -132.250000000650886, 59.999999997213209 ], [ -132.262499948038084, 60.000011700942828 ], [ -132.274999915267927, 60.000022137459176 ], [ -132.287499921473085, 60.000031364883476 ], [ -132.299999892048845, 60.000039377640114 ], [ -132.312499910811823, 60.000046144403491 ], [ -132.324999934402371, 60.000051680833025 ], [ -132.337499930553776, 60.000055965707631 ], [ -132.349999960894621, 60.000059041470728 ], [ -132.362499950809166, 60.000060902583726 ], [ -132.374999984052579, 60.000061517680024 ], [ -132.387500017295963, 60.00006090244063 ], [ -132.400000049573748, 60.000059056865631 ], [ -132.41250007992042, 60.00005598095526 ], [ -132.425000107370437, 60.000051674709852 ], [ -132.437500088638018, 60.000046153840238 ], [ -132.450000076028289, 60.000039365737997 ], [ -132.462500088993124, 60.000031368498497 ], [ -132.475000052897457, 60.000022156649706 ], [ -132.487500051385496, 60.000011698751337 ], [ -132.500000009774482, 59.999999989342939 ], [ -132.512499969934169, 60.000011697076346 ], [ -132.524999949650038, 60.000022137572316 ], [ -132.537499926239832, 60.000031384655635 ], [ -132.54999992042579, 60.000039364497063 ], [ -132.562499909583664, 60.000046150925883 ], [ -132.574999914377713, 60.000051670108881 ], [ -132.587499954487754, 60.00005598011974 ], [ -132.599999923781581, 60.000059054401923 ], [ -132.612499968723171, 60.000060903744654 ], [ -132.625000014633315, 60.000061522749284 ], [ -132.635675949629587, 60.000061062164995 ], [ -132.63750002904581, 60.000060890269495 ], [ -132.643407924191678, 60.000060181404152 ], [ -132.650000031772834, 60.000059064381958 ], [ -132.662500074793314, 60.000055992379707 ], [ -132.675000083394679, 60.000051668902984 ], [ -132.687500119654175, 60.000046136229336 ], [ -132.700000077356435, 60.00003936788621 ], [ -132.712500102999087, 60.000031374547973 ], [ -132.725000048149298, 60.000022145556542 ], [ -132.737500059312993, 60.000011691557525 ], [ -132.749999988049154, 60.00000000192221 ], [ -132.762499975085632, 60.000011681694339 ], [ -132.774999928651994, 60.00002214695985 ], [ -132.787499932095443, 60.000031366076541 ], [ -132.799999900150112, 60.000039370692562 ], [ -132.812499916138393, 60.000046129149396 ], [ -132.824999894819314, 60.00005167311209 ], [ -132.837499919490398, 60.000055970905841 ], [ -132.849999978693063, 60.000059059458565 ], [ -132.862499966077138, 60.000060912431451 ], [ -132.874999996536189, 60.000061519221873 ], [ -132.887500026988619, 60.00006089567718 ], [ -132.900000056468969, 60.000059041797414 ], [ -132.912500041926791, 60.000055973450941 ], [ -132.925000098263808, 60.000051679980778 ], [ -132.93750011904919, 60.000046135098792 ], [ -132.950000092934147, 60.000039375764082 ], [ -132.962500103091855, 60.000031370220476 ], [ -132.975000064430617, 60.000022150234209 ], [ -132.98750006009854, 60.000011684032827 ], [ -133.000000005029023, 60.0000000033994 ], [ -133.012499937929221, 60.000011692292802 ], [ -133.024999921548414, 60.0000221349623 ], [ -133.037499902622926, 60.000031384259927 ], [ -133.049999900715676, 60.000039366273256 ], [ -133.062499936371751, 60.000046138996879 ], [ -133.074999903065958, 60.000051676268015 ], [ -133.087499947418962, 60.000055988323915 ], [ -133.099999962866349, 60.000059049010474 ], [ -133.11249997006297, 60.000060916326767 ], [ -133.12499998839769, 60.00006151634922 ], [ -133.137500038552105, 60.000060907060508 ], [ -133.150000055905764, 60.000059046414407 ], [ -133.162500061204554, 60.000055992402046 ], [ -133.175000073721293, 60.000051671092429 ], [ -133.187500114228669, 60.000046140460292 ], [ -133.200000076098945, 60.000039374448328 ], [ -133.212500074111716, 60.000031362147155 ], [ -133.225000055314524, 60.000022156488015 ], [ -133.237500038835208, 60.000011683530694 ], [ -133.24999997173822, 59.999999996226357 ], [ -133.262499969922686, 60.000011689243401 ], [ -133.274999902974855, 60.000022146930014 ], [ -133.287499917578884, 60.000031379290363 ], [ -133.299999907006679, 60.000039360336167 ], [ -133.312499934161934, 60.000046132031258 ], [ -133.324999892314935, 60.000051668420838 ], [ -133.337499928165585, 60.00005597945156 ], [ -133.349999966916641, 60.000059060145588 ], [ -133.362499975622683, 60.000060889537522 ], [ -133.375000017269713, 60.000061509560425 ], [ -133.387500017073449, 60.000060915271064 ], [ -133.400000025764314, 60.000059053667869 ], [ -133.412500064524266, 60.000055982686398 ], [ -133.425000100391429, 60.000051681368248 ], [ -133.437500100371125, 60.000046128767785 ], [ -133.450000085732313, 60.000039382826827 ], [ -133.46250007508047, 60.000031369569747 ], [ -133.466712080230337, 60.000028402420305 ], [ -133.475000089711159, 60.000022146921978 ], [ -133.487500022762731, 60.000011689066056 ], [ -133.500000020985226, 60.000000005761542 ], [ -133.512499982177019, 60.000011682984017 ], [ -133.524999910272072, 60.000022145952762 ], [ -133.537499919961704, 60.000031383450846 ], [ -133.549999904314745, 60.000039369698428 ], [ -133.562499926563703, 60.000046146533201 ], [ -133.574999921528615, 60.000051672122019 ], [ -133.587499952474786, 60.000055988290256 ], [ -133.5999999541894, 60.000059053217676 ], [ -133.61206192653529, 60.000060854623229 ], [ -133.612499989970729, 60.000060908717302 ], [ -133.624999994573045, 60.000061512981837 ], [ -133.637500031327335, 60.000060907811964 ], [ -133.650000034955212, 60.000059051413324 ], [ -133.662500068820464, 60.000055985574235 ], [ -133.675000067611791, 60.000051668513329 ], [ -133.687500094725834, 60.000046142006497 ], [ -133.700000084818555, 60.000039364285378 ], [ -133.712500101319307, 60.000031377113473 ], [ -133.725000078851338, 60.000022138735368 ], [ -133.737500006980326, 60.000011686172115 ], [ -133.750000000322018, 60.000000008015832 ], [ -133.762499960159346, 60.000011696968699 ], [ -133.774999928687038, 60.000022155597769 ], [ -133.782907576851215, 60.000028132352618 ], [ -133.783325297184291, 60.000028446410589 ], [ -133.787499904939466, 60.000031383901742 ], [ -133.794696749181497, 60.000036130045984 ], [ -133.794851043312065, 60.000036232116685 ], [ -133.796106427376543, 60.00003702428144 ], [ -133.796200396421, 60.000037071453697 ], [ -133.799999929589916, 60.000039365718898 ], [ -133.812499918389108, 60.000046133365494 ], [ -133.824999912016551, 60.000051670684144 ], [ -133.826546509572751, 60.000052264062305 ], [ -133.837499909506761, 60.000055977674201 ], [ -133.849999983807294, 60.000059058999774 ], [ -133.862499986128199, 60.000060905323942 ], [ -133.874999989415329, 60.000061521318415 ], [ -133.887500034297432, 60.000060890793755 ], [ -133.90000003661396, 60.000059046124633 ], [ -133.912500069340723, 60.000055991951839 ], [ -133.925000108414366, 60.000051670419303 ], [ -133.937500102044936, 60.000046134755699 ], [ -133.95000009084859, 60.00003936876417 ], [ -133.962500073859729, 60.000031372445498 ], [ -133.975000050112897, 60.000022145800678 ], [ -133.987500018642578, 60.000011688830767 ], [ -133.999999978483231, 60.000000001537067 ], [ -134.012499982377108, 60.000011692876292 ], [ -134.024999921024829, 60.000022149320266 ], [ -134.037499908913503, 60.000031359206623 ], [ -134.049999894465941, 60.000039375797762 ], [ -134.062499927331913, 60.000046145814693 ], [ -134.074999932581306, 60.000051664710639 ], [ -134.087499932641407, 60.000055990311623 ], [ -134.09999994463638, 60.000059048546177 ], [ -134.112499991019774, 60.000060897223726 ], [ -134.124999996897884, 60.000061531829921 ], [ -134.137500011770697, 60.000060899066327 ], [ -134.150000058159804, 60.000059056735928 ], [ -134.158194053796535, 60.000057155675691 ], [ -134.16250007011655, 60.000055963305407 ], [ -134.175000070227071, 60.000051676585599 ], [ -134.186648481875238, 60.000046555262365 ], [ -134.187500107932152, 60.000046143249257 ], [ -134.200000066848872, 60.000039375115421 ], [ -134.206361639563568, 60.000035452496746 ], [ -134.212500093936399, 60.000031381113928 ], [ -134.225000081723181, 60.000022136031646 ], [ -134.237500052908928, 60.000011697668484 ], [ -134.249999982859492, 60.000000008241464 ], [ -134.262499928067768, 60.000011683884061 ], [ -134.274999914532941, 60.000022149938872 ], [ -134.287499908728762, 60.000031385665096 ], [ -134.299999877096354, 60.000039370334882 ], [ -134.312499925226149, 60.000046129075763 ], [ -134.32499993680625, 60.000051673809281 ], [ -134.337499952254916, 60.000055988210654 ], [ -134.341462157916908, 60.000057093851517 ], [ -134.349999937980755, 60.000059051565479 ], [ -134.36249995826185, 60.000060905304402 ], [ -134.375000020860256, 60.00006151236154 ], [ -134.387500042113373, 60.000060905429827 ], [ -134.400000029749094, 60.000059047463822 ], [ -134.412500048110445, 60.00005597986906 ], [ -134.425000063581678, 60.000051681941628 ], [ -134.437500116510506, 60.000046137313198 ], [ -134.450000090607688, 60.000039358029909 ], [ -134.46250009160093, 60.00003136910734 ], [ -134.47500008584197, 60.000022149855056 ], [ -134.487500039650143, 60.000011679595659 ], [ -134.500000017482137, 59.999999999690644 ], [ -134.512499940302177, 60.000011688163653 ], [ -134.524999945819872, 60.000022150591647 ], [ -134.537499926317707, 60.000031362021694 ], [ -134.549999905062009, 60.000039380192547 ], [ -134.562499898100981, 60.000046130968457 ], [ -134.574604198127446, 60.000051521853003 ], [ -134.574999928726925, 60.000051672071528 ], [ -134.578801721421399, 60.00005309795413 ], [ -134.58749996321859, 60.000055982838731 ], [ -134.599999926592687, 60.000059059041718 ], [ -134.612499965917578, 60.000060909143023 ], [ -134.625000006211565, 60.000061528907345 ], [ -134.637500013696695, 60.00006089769478 ], [ -134.638346842357436, 60.00006081502093 ], [ -134.650000053024286, 60.000059056788267 ], [ -134.651593950605843, 60.000058750835549 ], [ -134.658703701978681, 60.000057033498202 ], [ -134.66250009042443, 60.000055985544975 ], [ -134.663339276109241, 60.000055716527925 ], [ -134.663640981409316, 60.000055636896427 ], [ -134.665547986530129, 60.00005504507012 ], [ -134.665548661133272, 60.000055045701096 ], [ -134.675000092094848, 60.000051663335171 ], [ -134.687500081550951, 60.000046147872908 ], [ -134.700000074521029, 60.000039365005719 ], [ -134.712500094546357, 60.000031372431039 ], [ -134.725000074947559, 60.000022128905684 ], [ -134.737500039330598, 60.000011692134706 ], [ -134.750000003307321, 59.999999987959661 ], [ -134.762499948964773, 60.000011680880348 ], [ -134.77499990331566, 60.000022143480017 ], [ -134.787499939436714, 60.000031379875935 ], [ -134.799999908279545, 60.00003938182266 ], [ -134.812499924039059, 60.000046136954452 ], [ -134.824999903503681, 60.000051678247644 ], [ -134.837499927941053, 60.000055972716339 ], [ -134.849999988215785, 60.000059057435408 ], [ -134.86249997637654, 60.00006090773843 ], [ -134.875000006594064, 60.000061511203718 ], [ -134.887499995721413, 60.000060900848759 ], [ -134.896154447028692, 60.000059747839764 ], [ -134.896177490580044, 60.000059752270147 ], [ -134.900000057943828, 60.000059064219812 ], [ -134.912500085251764, 60.000055976681011 ], [ -134.915401585671702, 60.000055100239734 ], [ -134.925000068592425, 60.000051675334774 ], [ -134.937500089129827, 60.000046127131704 ], [ -134.950000096796373, 60.000039385689284 ], [ -134.962500106709172, 60.000031376821347 ], [ -134.975000068818559, 60.000022154165094 ], [ -134.986227549041729, 60.000012819869305 ], [ -134.987500064236627, 60.000011684639368 ], [ -135.000000009933302, 60.000000001335749 ], [ -135.001251570650936, 60.000001219649526 ], [ -135.009809514432931, 60.000009260352044 ], [ -135.012499949397636, 60.000011686441077 ], [ -135.024999930612125, 60.000022161765891 ], [ -135.03749992749664, 60.000031369663773 ], [ -135.04999989012785, 60.000039363798791 ], [ -135.062499932626991, 60.000046131568837 ], [ -135.074999905875814, 60.000051665049511 ], [ -135.087499916087495, 60.00005598872864 ], [ -135.099999970180136, 60.000059065492636 ], [ -135.112499993085237, 60.000060891400054 ], [ -135.125000009110266, 60.000061524078554 ], [ -135.137500032964709, 60.000060889319158 ], [ -135.150000048037157, 60.000059061332365 ], [ -135.162500068978801, 60.000055965906462 ], [ -135.175000079236526, 60.000051677255257 ], [ -135.187500093403315, 60.00004612116431 ], [ -135.200000094984262, 60.000039371850796 ], [ -135.212500057602171, 60.00003137171722 ], [ -135.225000087556168, 60.000022145124852 ], [ -135.230904714776273, 60.000017366575698 ], [ -135.230932661523781, 60.000017321866267 ], [ -135.236463025276834, 60.000012595087959 ], [ -135.237500035688129, 60.00001168434077 ], [ -135.249999975128105, 59.999999993236905 ], [ -135.262499945498206, 60.000011699776714 ], [ -135.274999932227871, 60.000022138876673 ], [ -135.287499919026175, 60.000031384762721 ], [ -135.299999920223883, 60.000039363205026 ], [ -135.30734789627607, 60.000043489543202 ], [ -135.312499919588305, 60.000046148432858 ], [ -135.324999931391915, 60.000051666213722 ], [ -135.337499939460372, 60.000055990780098 ], [ -135.349999958007913, 60.000059047896812 ], [ -135.362499970918265, 60.000060911799679 ], [ -135.374999992347568, 60.000061508250816 ], [ -135.387500047058268, 60.000060894813188 ], [ -135.400000026686769, 60.000059047274505 ], [ -135.41250007850212, 60.000055973164741 ], [ -135.425000086621424, 60.000051685403868 ], [ -135.437500098359152, 60.000046130188665 ], [ -135.450000097803041, 60.000039381766328 ], [ -135.462500098905196, 60.000031365889654 ], [ -135.475000052459393, 60.000022136387457 ], [ -135.487500031648096, 60.000011696983002 ], [ -135.500000009554839, 59.999999990125353 ], [ -135.512499948501926, 60.000011686263207 ], [ -135.524999936893352, 60.000022135361128 ], [ -135.537499892260286, 60.000031370854323 ], [ -135.549999895127428, 60.000039359297183 ], [ -135.562499937189159, 60.000046137807658 ], [ -135.574999909949213, 60.000051682320624 ], [ -135.587499927293237, 60.000055979768824 ], [ -135.598022451940039, 60.000058645591338 ], [ -135.59999994752701, 60.000059046883997 ], [ -135.612500003125319, 60.00006090405126 ], [ -135.624999985554098, 60.000061527248434 ], [ -135.630188360964183, 60.000061421044201 ], [ -135.632301529697429, 60.000061301570142 ], [ -135.637500008678501, 60.000060903363625 ], [ -135.650000030830512, 60.000059049145221 ], [ -135.662500084516978, 60.000055984965719 ], [ -135.675000101835707, 60.000051670077603 ], [ -135.687500074622449, 60.000046141629298 ], [ -135.700000083244333, 60.00003936608082 ], [ -135.712500086066228, 60.000031360201334 ], [ -135.725000041479404, 60.000022140776089 ], [ -135.737500063331566, 60.0000116945941 ], [ -135.75000000234499, 60.000000014520872 ], [ -135.762499954501465, 60.000011693076722 ], [ -135.774999915340061, 60.000022141310254 ], [ -135.787499917447491, 60.000031379559566 ], [ -135.799999892761861, 60.000039367141589 ], [ -135.812499907429981, 60.000046144730732 ], [ -135.824999893358068, 60.000051671657417 ], [ -135.837499916724795, 60.000055988583135 ], [ -135.849999983573895, 60.000059058350352 ], [ -135.862499978178505, 60.000060894283777 ], [ -135.875000007349172, 60.000061520205222 ], [ -135.887500002912304, 60.000060895478889 ], [ -135.900000031126325, 60.000059060733939 ], [ -135.912500097962067, 60.000055978810167 ], [ -135.925000087718814, 60.000051663089486 ], [ -135.937500107253868, 60.000046137341378 ], [ -135.950000088313914, 60.000039360963868 ], [ -135.962500097237097, 60.000031374553799 ], [ -135.975000065738357, 60.000022137522748 ], [ -135.987500060187614, 60.000011690454542 ], [ -136.000000012268032, 59.999999992774349 ], [ -136.012499941086247, 60.000011680430958 ], [ -136.024999952781997, 60.000022141166156 ], [ -136.03749989801463, 60.000031368178803 ], [ -136.049999924196413, 60.000039368253063 ], [ -136.06249988198141, 60.000046134617321 ], [ -136.074999918787256, 60.000051674026821 ], [ -136.087499959457517, 60.000055983099223 ], [ -136.099999928830329, 60.000059058481533 ], [ -136.112499974331428, 60.000060906885629 ], [ -136.124999987033192, 60.000061504701648 ], [ -136.137500033496423, 60.000060892432593 ], [ -136.150000038577957, 60.000059066745273 ], [ -136.162500048364819, 60.000055973564081 ], [ -136.175000089040424, 60.000051670288535 ], [ -136.187500085457657, 60.000046153607748 ], [ -136.200000083639878, 60.000039369432685 ], [ -136.212500109838089, 60.000031375155245 ], [ -136.225000055070694, 60.000022147263685 ], [ -136.226541849204949, 60.000020940932409 ], [ -136.22899056669425, 60.000018941832572 ], [ -136.237500066789295, 60.000011692325309 ], [ -136.249999995608732, 60.000000003789765 ], [ -136.262499945922002, 60.000011693917173 ], [ -136.27499994527841, 60.000022136762951 ], [ -136.287499912001948, 60.000031366241259 ], [ -136.299999885485704, 60.000039365395274 ], [ -136.312499938982342, 60.000046137452351 ], [ -136.319496543425373, 60.000049391793738 ], [ -136.32343640980389, 60.000051056010328 ], [ -136.324999923091269, 60.000051675947731 ], [ -136.337499911063873, 60.000055984116415 ], [ -136.349999942246598, 60.0000590449743 ], [ -136.362499968961174, 60.00006091267074 ], [ -136.375000003031602, 60.000061512857947 ], [ -136.387499996798198, 60.000060899704749 ], [ -136.400000063827889, 60.000059059400876 ], [ -136.412500054702349, 60.000055985584922 ], [ -136.425000082953829, 60.000051664434409 ], [ -136.437500067066111, 60.000046129960502 ], [ -136.450000120584292, 60.000039368308506 ], [ -136.462500094080241, 60.000031373175986 ], [ -136.475000060819127, 60.000022147719164 ], [ -136.487500019835494, 60.00001169193915 ], [ -136.50000001039561, 59.999999988806096 ], [ -136.512499986633799, 60.000011691919696 ], [ -136.524999937552678, 60.00002214456314 ], [ -136.537499896191662, 60.000031366884976 ], [ -136.549999895621795, 60.000039379020528 ], [ -136.562499907010789, 60.000046123641773 ], [ -136.574999917070613, 60.000051675115195 ], [ -136.587499931004231, 60.000055996256769 ], [ -136.599999953956456, 60.000059049880221 ], [ -136.612499972726681, 60.000060910356126 ], [ -136.624999998555211, 60.000061503312111 ], [ -136.637500018299818, 60.000060903121458 ], [ -136.650000077242339, 60.00005905551928 ], [ -136.662500059999559, 60.000055974552723 ], [ -136.675000073971688, 60.000051683363438 ], [ -136.687500090101622, 60.000046124652336 ], [ -136.700000095392909, 60.000039372799428 ], [ -136.712500060763745, 60.000031370523317 ], [ -136.725000093630229, 60.000022140911696 ], [ -136.737500044511364, 60.000011677983984 ], [ -136.744037432764003, 60.000005741370188 ], [ -136.750000020861592, 60.000000004818673 ], [ -136.762499959387327, 60.00001169163243 ], [ -136.774999906601636, 60.000022148126554 ], [ -136.787499935803311, 60.000031377250451 ], [ -136.799999897499532, 60.000039373094431 ], [ -136.812499939254423, 60.000046141551501 ], [ -136.824999911570501, 60.000051676741499 ], [ -136.837499962016523, 60.000055984528487 ], [ -136.83913487621453, 60.000056453400376 ], [ -136.843186048361787, 60.000057546137555 ], [ -136.847464534987807, 60.000058526040597 ], [ -136.847529019857006, 60.000058549938039 ], [ -136.849999941090374, 60.000059059061847 ], [ -136.85396458550008, 60.000059781200832 ], [ -136.862499996365415, 60.000060906176685 ], [ -136.874999978334955, 60.000061520051915 ], [ -136.887500034576931, 60.000060906493751 ], [ -136.90000005559736, 60.000059042553112 ], [ -136.912500068926846, 60.00005598547969 ], [ -136.925000085105268, 60.000051660873645 ], [ -136.937500091690907, 60.000046143136814 ], [ -136.950000099165266, 60.00003935786745 ], [ -136.962500095145003, 60.00003137946991 ], [ -136.975000050076403, 60.000022150721541 ], [ -136.987500037252744, 60.000011674467295 ], [ -137.000000010081692, 60.000000005089838 ], [ -137.012499989496035, 60.000011689919589 ], [ -137.024999903311766, 60.000022141609932 ], [ -137.037499899133621, 60.000031365790392 ], [ -137.049999901711573, 60.000039359640837 ], [ -137.062499910080049, 60.00004612316031 ], [ -137.074999923273509, 60.000051656347985 ], [ -137.087499934785512, 60.000055996411355 ], [ -137.099999954747091, 60.000059068934156 ], [ -137.112499976637139, 60.000060911123619 ], [ -137.115212752452408, 60.000061150454961 ], [ -137.115213872365899, 60.000061154630117 ], [ -137.124999999490086, 60.000061522979514 ], [ -137.137500022340447, 60.000060904501794 ], [ -137.150000044222708, 60.000059055690492 ], [ -137.162500064171297, 60.000055976545866 ], [ -137.17500008122073, 60.000051667068263 ], [ -137.187500094405436, 60.00004612725823 ], [ -137.191085713110454, 60.000044315734471 ], [ -137.20000010275993, 60.000039357116407 ], [ -137.212500065470181, 60.000031373899319 ], [ -137.225000061274471, 60.000022143100416 ], [ -137.237500049351951, 60.000011681972587 ], [ -137.249999988909025, 60.000000007784607 ], [ -137.262499979365913, 60.000011682242921 ], [ -137.274999938687102, 60.000022143646767 ], [ -137.287499905735274, 60.000031374727342 ], [ -137.299999919345964, 60.000039358200375 ], [ -137.312499898944822, 60.000046128627368 ], [ -137.324999917897969, 60.000051688655461 ], [ -137.33749994598071, 60.000055981131197 ], [ -137.349999937175312, 60.000059060570635 ], [ -137.362499970070985, 60.000060892379658 ], [ -137.374999998716248, 60.000061531073243 ], [ -137.387500032570557, 60.000060902211231 ], [ -137.400000025701786, 60.000059060328013 ], [ -137.412500056644831, 60.000055970798691 ], [ -137.425000079533731, 60.000051688156589 ], [ -137.437500103711159, 60.000046137958037 ], [ -137.450000083330679, 60.000039374755673 ], [ -137.462500096872645, 60.000031363893946 ], [ -137.475000063939262, 60.000022140037984 ], [ -137.487500023284554, 60.000011685858766 ], [ -137.499999973943062, 60.000000001357535 ], [ -137.512499940355497, 60.000011694837752 ], [ -137.524999955140544, 60.000022140639288 ], [ -137.537499937968391, 60.000031373464132 ], [ -137.549999927559128, 60.000039375961506 ], [ -137.562499922947183, 60.000046148130465 ], [ -137.574999888487014, 60.000051670111063 ], [ -137.587499932210051, 60.000055964251189 ], [ -137.599999939182339, 60.000059045430113 ], [ -137.612499948089891, 60.000060896278249 ], [ -137.62500003230258, 60.000061519256029 ], [ -137.637500042185025, 60.000060909434779 ], [ -137.650000051106161, 60.000059069282493 ], [ -137.66250009770414, 60.000055981402944 ], [ -137.675000101799213, 60.000051680585564 ], [ -137.687500102036353, 60.000046149438312 ], [ -137.700000062692226, 60.000039368136832 ], [ -137.712500091885659, 60.000031358923231 ], [ -137.725000074741416, 60.000022136790342 ], [ -137.737500049877184, 60.000011684331085 ], [ -137.750000016327476, 60.000000001546709 ], [ -137.762499968612673, 60.000011689360079 ], [ -137.774999929587295, 60.000022146851116 ], [ -137.78749989828583, 60.000031374018576 ], [ -137.799999873742706, 60.000039370861359 ], [ -137.805953407749598, 60.000042744110623 ], [ -137.808448626941669, 60.000044076982938 ], [ -137.812499929342067, 60.000046139729385 ], [ -137.824999915420165, 60.000051675912751 ], [ -137.837499905360119, 60.000055981768995 ], [ -137.849999972548744, 60.000059059626558 ], [ -137.862499967316722, 60.000060904819861 ], [ -137.875000002537519, 60.000061502222266 ], [ -137.887500033138167, 60.000060906528709 ], [ -137.900000027906373, 60.000059060729953 ], [ -137.912500060210192, 60.00005596712888 ], [ -137.925000085041148, 60.000051680433856 ], [ -137.937500071119842, 60.000046143645029 ], [ -137.950000091817003, 60.000039359043782 ], [ -137.962500102188557, 60.000031381351931 ], [ -137.975000070888029, 60.000022153579017 ], [ -137.987500031863163, 60.000011695482527 ], [ -137.999999984148388, 60.000000007063704 ], [ -138.012499966595499, 60.000011684596672 ], [ -138.024999918318855, 60.000022149310638 ], [ -138.037499917170067, 60.00003136618971 ], [ -138.049999883380195, 60.000039370255173 ], [ -138.062499894773396, 60.000046126475929 ], [ -138.074999945976515, 60.000051672086251 ], [ -138.087499926679726, 60.000055985166775 ], [ -138.09999994964889, 60.000059050388955 ], [ -138.112499974540782, 60.000060885277207 ], [ -138.124999996061291, 60.000061527079772 ], [ -138.137500021916651, 60.000060901300081 ], [ -138.150000046798141, 60.000059045186227 ], [ -138.162500065455532, 60.000055995988191 ], [ -138.175000085507349, 60.000051679207282 ], [ -138.187500101688727, 60.000046132093345 ], [ -138.200000073725363, 60.000039372210516 ], [ -138.212500079276225, 60.000031364436495 ], [ -138.225000038765103, 60.000022143903095 ], [ -138.237500029823366, 60.000011675472834 ], [ -138.250000008001223, 60.000000013966954 ], [ -138.26249995113551, 60.000011692206989 ], [ -138.274999938065861, 60.000022159793289 ], [ -138.287499897606125, 60.000031377387572 ], [ -138.299999899026943, 60.000039384318825 ], [ -138.312499910357872, 60.00004612366466 ], [ -138.324999922400195, 60.000051669933192 ], [ -138.337499938312249, 60.000055985869508 ], [ -138.349999957128574, 60.000059071473082 ], [ -138.362499981934462, 60.00006088948723 ], [ -138.375000003648097, 60.000061514423955 ], [ -138.387500025369349, 60.000060909027262 ], [ -138.400000046132789, 60.000059073297244 ], [ -138.412500068965159, 60.000055969976216 ], [ -138.425000084901683, 60.000051673579954 ], [ -138.437500096983769, 60.000046146851425 ], [ -138.45000006902373, 60.000039370173027 ], [ -138.462500070492666, 60.000031382785636 ], [ -138.47500010436741, 60.000022147419998 ], [ -138.487500056116716, 60.000011679762345 ], [ -138.500000034421532, 60.000000001388628 ], [ -138.512499943421489, 60.000011694059118 ], [ -138.524999935512, 60.000022158349452 ], [ -138.537499900055764, 60.000031372716037 ], [ -138.549999906631626, 60.000039376349321 ], [ -138.56249991900566, 60.000046149650835 ], [ -138.574999900913326, 60.000051673036168 ], [ -138.5874999219796, 60.000055985675317 ], [ -138.599999945947502, 60.000059067980729 ], [ -138.612500010932109, 60.000060902261218 ], [ -138.625000002469989, 60.000061504324599 ], [ -138.637500029335115, 60.000060895626746 ], [ -138.650000055239758, 60.000059056594523 ], [ -138.662500079218432, 60.000055987228194 ], [ -138.675000064945095, 60.000051667972301 ], [ -138.68750008216756, 60.000046137942427 ], [ -138.700000094567486, 60.000039377579967 ], [ -138.712500065795808, 60.000031367340405 ], [ -138.725000065646441, 60.000022146318855 ], [ -138.737500057777936, 60.000011694967583 ], [ -138.75000000581835, 59.999999993752979 ], [ -138.762499964190624, 60.000011679458346 ], [ -138.774999931250647, 60.000022134840222 ], [ -138.787499906032934, 60.000031359897299 ], [ -138.799999923009153, 60.000039374149431 ], [ -138.812499910347071, 60.000046138550317 ], [ -138.824999902510683, 60.00005167262352 ], [ -138.837499933994678, 60.000055995878917 ], [ -138.849999971869266, 60.000059051527749 ], [ -138.862499972717615, 60.000060894607316 ], [ -138.875000010012712, 60.000061526857451 ], [ -138.88750001183044, 60.000060909274609 ], [ -138.900000051601268, 60.000059043583271 ], [ -138.912500086017729, 60.000055984827497 ], [ -138.925000082037286, 60.000051676249889 ], [ -138.937500074192883, 60.000046137343972 ], [ -138.950000061518921, 60.0000393681104 ], [ -138.962500078586629, 60.00003138802554 ], [ -138.975000092243334, 60.000022140333684 ], [ -138.987500059288465, 60.0000116801153 ], [ -138.999999978777424, 60.000000007383107 ], [ -139.01249995624849, 60.000011680775962 ], [ -139.024999903547013, 60.000022141658881 ], [ -139.03749993299823, 60.000031373854256 ], [ -139.049999894785003, 60.000039374086981 ], [ -139.05220104118419, 60.000040648293037 ], [ -139.05679377115527, 60.000043199256091 ], [ -139.177019185991497, 60.082859842712452 ], [ -139.048517699306785, 60.32589428463902 ], [ -139.052068169388434, 60.353726372151741 ], [ -139.680062474420708, 60.335720822332831 ], [ -139.971679236086175, 60.183882282005257 ], [ -139.999999983832936, 60.191336557199527 ], [ -140.447975841434868, 60.307960170822327 ], [ -140.517084149097059, 60.220162704804444 ], [ -140.997970942026456, 60.308041435828066 ], [ -140.997206056390667, 60.774019095578566 ], [ -140.997584042388922, 61.000000092728953 ] ] ] } }
]
}
